"patch","champion","position","source_positions_not_exhaustive","mechanics_detail","lane_opponent","first_candidate","next_candidates","boots","keystone","primary_runes","secondary_tree","secondary_runes","shards","summoners","basis","optimality_verified"
"16.19.1","Aatrox","TOP","TOP","full","Garen","Randuin's Omen","Edge of Night|Unending Despair","Plated Steelcaps","Grasp of the Undying","Font of Life|Bone Plating|Overgrowth","Precision","Triumph|Legend: Bloodline","Adaptive Force|Health Scaling|Tenacity and Slow Resist","Flash|Teleport","mechanics_only","no"
"16.19.1","Aatrox","JUNGLE","TOP","full","LeeSin","Randuin's Omen","Edge of Night|Unending Despair","Plated Steelcaps","Grasp of the Undying","Font of Life|Bone Plating|Overgrowth","Precision","Triumph|Legend: Bloodline","Adaptive Force|Health Scaling|Tenacity and Slow Resist","Smite|Flash","mechanics_only","no"
"16.19.1","Aatrox","MIDDLE","TOP","full","Ahri","Randuin's Omen","Kaenic Rookern|Edge of Night","Plated Steelcaps","Grasp of the Undying","Font of Life|Bone Plating|Overgrowth","Precision","Triumph|Legend: Bloodline","Adaptive Force|Health Scaling|Tenacity and Slow Resist","Flash|Ignite","mechanics_only","no"
"16.19.1","Aatrox","BOTTOM","TOP","full","Jinx","Randuin's Omen","Edge of Night|Unending Despair","Plated Steelcaps","Grasp of the Undying","Font of Life|Bone Plating|Overgrowth","Precision","Triumph|Legend: Bloodline","Adaptive Force|Health Scaling|Tenacity and Slow Resist","Flash|Heal","mechanics_only","no"
"16.19.1","Aatrox","UTILITY","TOP","full","Thresh","Locket of the Iron Solari","Randuin's Omen|Mikael's Blessing","Plated Steelcaps","Grasp of the Undying","Font of Life|Bone Plating|Overgrowth","Precision","Triumph|Legend: Bloodline","Adaptive Force|Health Scaling|Tenacity and Slow Resist","Flash|Ignite","mechanics_only","no"
"16.19.1","Ahri","TOP","MIDDLE","full","Garen","Malignance","Banshee's Veil|Lich Bane","Ionian Boots of Lucidity","Arcane Comet","Manaflow Band|Transcendence|Scorch","Domination","Sudden Impact|Deep Ward","Adaptive Force|Adaptive Force|Tenacity and Slow Resist","Flash|Ignite","mechanics_only","no"
"16.19.1","Ahri","JUNGLE","MIDDLE","full","LeeSin","Malignance","Banshee's Veil|Lich Bane","Ionian Boots of Lucidity","Arcane Comet","Manaflow Band|Transcendence|Scorch","Domination","Sudden Impact|Sixth Sense","Adaptive Force|Adaptive Force|Tenacity and Slow Resist","Smite|Flash","mechanics_only","no"
"16.19.1","Ahri","MIDDLE","MIDDLE","full","Ahri","Malignance","Banshee's Veil|Lich Bane","Ionian Boots of Lucidity","Arcane Comet","Manaflow Band|Transcendence|Scorch","Domination","Sudden Impact|Relentless Hunter","Adaptive Force|Adaptive Force|Tenacity and Slow Resist","Flash|Ignite","mechanics_only","no"
"16.19.1","Ahri","BOTTOM","MIDDLE","full","Jinx","Malignance","Banshee's Veil|Lich Bane","Ionian Boots of Lucidity","Arcane Comet","Manaflow Band|Transcendence|Scorch","Domination","Sudden Impact|Deep Ward","Adaptive Force|Adaptive Force|Tenacity and Slow Resist","Flash|Heal","mechanics_only","no"
"16.19.1","Ahri","UTILITY","MIDDLE","full","Thresh","Malignance","Imperial Mandate|Banshee's Veil","Ionian Boots of Lucidity","Arcane Comet","Manaflow Band|Transcendence|Scorch","Domination","Sudden Impact|Sixth Sense","Adaptive Force|Adaptive Force|Tenacity and Slow Resist","Flash|Ignite","mechanics_only","no"
"16.19.1","Akali","TOP","MIDDLE|TOP","full","Garen","Eclipse","Serpent's Fang|Hextech Gunblade","Ionian Boots of Lucidity","Hail of Blades","Sudden Impact|Deep Ward|Relentless Hunter","Sorcery","Transcendence|Scorch","Adaptive Force|Adaptive Force|Tenacity and Slow Resist","Flash|Ignite","mechanics_only","no"
"16.19.1","Akali","JUNGLE","MIDDLE|TOP","full","LeeSin","Eclipse","Serpent's Fang|Hextech Gunblade","Ionian Boots of Lucidity","Hail of Blades","Sudden Impact|Sixth Sense|Relentless Hunter","Sorcery","Transcendence|Scorch","Adaptive Force|Adaptive Force|Tenacity and Slow Resist","Smite|Flash","mechanics_only","no"
"16.19.1","Akali","MIDDLE","MIDDLE|TOP","full","Ahri","Eclipse","Serpent's Fang|Hextech Gunblade","Ionian Boots of Lucidity","Hail of Blades","Sudden Impact|Sixth Sense|Relentless Hunter","Sorcery","Transcendence|Scorch","Adaptive Force|Adaptive Force|Tenacity and Slow Resist","Flash|Ignite","mechanics_only","no"
"16.19.1","Akali","BOTTOM","MIDDLE|TOP","full","Jinx","Eclipse","Serpent's Fang|Hextech Gunblade","Ionian Boots of Lucidity","Hail of Blades","Sudden Impact|Deep Ward|Relentless Hunter","Sorcery","Transcendence|Scorch","Adaptive Force|Adaptive Force|Tenacity and Slow Resist","Flash|Ignite","mechanics_only","no"
"16.19.1","Akali","UTILITY","MIDDLE|TOP","full","Thresh","Eclipse","Serpent's Fang|Hextech Gunblade","Ionian Boots of Lucidity","Hail of Blades","Sudden Impact|Sixth Sense|Relentless Hunter","Sorcery","Transcendence|Scorch","Adaptive Force|Adaptive Force|Tenacity and Slow Resist","Flash|Ignite","mechanics_only","no"
"16.19.1","Akshan","TOP","MIDDLE","full","Garen","Essence Reaver","Infinity Edge|Kraken Slayer","Berserker's Greaves","Lethal Tempo","Presence of Mind|Legend: Alacrity|Cut Down","Resolve","Bone Plating|Demolish","Attack Speed|Adaptive Force|Tenacity and Slow Resist","Flash|Ignite","mechanics_only","no"
"16.19.1","Akshan","JUNGLE","MIDDLE","full","LeeSin","Essence Reaver","Infinity Edge|Kraken Slayer","Berserker's Greaves","Lethal Tempo","Presence of Mind|Legend: Alacrity|Cut Down","Resolve","Bone Plating|Demolish","Attack Speed|Adaptive Force|Tenacity and Slow Resist","Smite|Flash","mechanics_only","no"
"16.19.1","Akshan","MIDDLE","MIDDLE","full","Ahri","Essence Reaver","Infinity Edge|Kraken Slayer","Berserker's Greaves","Lethal Tempo","Presence of Mind|Legend: Alacrity|Cut Down","Resolve","Bone Plating|Demolish","Attack Speed|Adaptive Force|Tenacity and Slow Resist","Flash|Ignite","mechanics_only","no"
"16.19.1","Akshan","BOTTOM","MIDDLE","full","Jinx","Essence Reaver","Infinity Edge|Kraken Slayer","Berserker's Greaves","Lethal Tempo","Presence of Mind|Legend: Alacrity|Cut Down","Resolve","Bone Plating|Shield Bash","Attack Speed|Adaptive Force|Tenacity and Slow Resist","Flash|Heal","mechanics_only","no"
"16.19.1","Akshan","UTILITY","MIDDLE","full","Thresh","Essence Reaver","Kraken Slayer|Serpent's Fang","Berserker's Greaves","Lethal Tempo","Presence of Mind|Legend: Alacrity|Cut Down","Resolve","Bone Plating|Font of Life","Attack Speed|Adaptive Force|Tenacity and Slow Resist","Flash|Ignite","mechanics_only","no"
"16.19.1","Alistar","TOP","SUPPORT","full","Garen","Randuin's Omen","Frozen Heart|Unending Despair","Plated Steelcaps","Grasp of the Undying","Font of Life|Second Wind|Overgrowth","Sorcery","Manaflow Band|Transcendence","Ability Haste|Health Scaling|Tenacity and Slow Resist","Flash|Teleport","mechanics_only","no"
"16.19.1","Alistar","JUNGLE","SUPPORT","full","LeeSin","Randuin's Omen","Frozen Heart|Unending Despair","Plated Steelcaps","Grasp of the Undying","Font of Life|Bone Plating|Overgrowth","Sorcery","Manaflow Band|Transcendence","Ability Haste|Health Scaling|Tenacity and Slow Resist","Smite|Flash","mechanics_only","no"
"16.19.1","Alistar","MIDDLE","SUPPORT","full","Ahri","Randuin's Omen","Kaenic Rookern|Frozen Heart","Plated Steelcaps","Grasp of the Undying","Font of Life|Bone Plating|Overgrowth","Sorcery","Manaflow Band|Transcendence","Ability Haste|Health Scaling|Tenacity and Slow Resist","Flash|Teleport","mechanics_only","no"
"16.19.1","Alistar","BOTTOM","SUPPORT","full","Jinx","Randuin's Omen","Frozen Heart|Unending Despair","Plated Steelcaps","Grasp of the Undying","Font of Life|Bone Plating|Overgrowth","Sorcery","Manaflow Band|Transcendence","Ability Haste|Health Scaling|Tenacity and Slow Resist","Flash|Heal","mechanics_only","no"
"16.19.1","Alistar","UTILITY","SUPPORT","full","Thresh","Locket of the Iron Solari","Randuin's Omen|Mikael's Blessing","Plated Steelcaps","Grasp of the Undying","Font of Life|Bone Plating|Overgrowth","Sorcery","Manaflow Band|Transcendence","Ability Haste|Health Scaling|Tenacity and Slow Resist","Flash|Ignite","mechanics_only","no"
"16.19.1","Ambessa","TOP","TOP","full","Garen","Eclipse","Edge of Night|Serpent's Fang","Ionian Boots of Lucidity","Grasp of the Undying","Font of Life|Second Wind|Overgrowth","Domination","Sudden Impact|Deep Ward","Adaptive Force|Adaptive Force|Tenacity and Slow Resist","Flash|Ignite","mechanics_only","no"
"16.19.1","Ambessa","JUNGLE","TOP","full","LeeSin","Eclipse","Edge of Night|Serpent's Fang","Ionian Boots of Lucidity","Grasp of the Undying","Font of Life|Bone Plating|Overgrowth","Domination","Sudden Impact|Sixth Sense","Adaptive Force|Adaptive Force|Tenacity and Slow Resist","Smite|Flash","mechanics_only","no"
"16.19.1","Ambessa","MIDDLE","TOP","full","Ahri","Eclipse","Edge of Night|Serpent's Fang","Ionian Boots of Lucidity","Grasp of the Undying","Font of Life|Bone Plating|Overgrowth","Sorcery","Transcendence|Scorch","Adaptive Force|Adaptive Force|Tenacity and Slow Resist","Flash|Ignite","mechanics_only","no"
"16.19.1","Ambessa","BOTTOM","TOP","full","Jinx","Eclipse","Edge of Night|Serpent's Fang","Ionian Boots of Lucidity","Grasp of the Undying","Font of Life|Bone Plating|Overgrowth","Domination","Sudden Impact|Deep Ward","Adaptive Force|Adaptive Force|Tenacity and Slow Resist","Flash|Ignite","mechanics_only","no"
"16.19.1","Ambessa","UTILITY","TOP","full","Thresh","Eclipse","Serpent's Fang|Edge of Night","Ionian Boots of Lucidity","Grasp of the Undying","Font of Life|Bone Plating|Overgrowth","Domination","Sudden Impact|Sixth Sense","Adaptive Force|Adaptive Force|Tenacity and Slow Resist","Flash|Ignite","mechanics_only","no"
"16.19.1","Amumu","TOP","JUNGLE|SUPPORT","full","Garen","Frozen Heart","Randuin's Omen|Zeke's Convergence","Plated Steelcaps","Grasp of the Undying","Demolish|Second Wind|Overgrowth","Sorcery","Manaflow Band|Transcendence","Ability Haste|Health Scaling|Tenacity and Slow Resist","Flash|Teleport","mechanics_only","no"
"16.19.1","Amumu","JUNGLE","JUNGLE|SUPPORT","full","LeeSin","Frozen Heart","Randuin's Omen|Zeke's Convergence","Plated Steelcaps","Deathfire Touch","Manaflow Band|Transcendence|Scorch","Resolve","Second Wind|Overgrowth","Ability Haste|Health Scaling|Tenacity and Slow Resist","Smite|Flash","mechanics_only","no"
"16.19.1","Amumu","MIDDLE","JUNGLE|SUPPORT","full","Ahri","Zeke's Convergence","Randuin's Omen|Frozen Heart","Plated Steelcaps","Deathfire Touch","Manaflow Band|Transcendence|Scorch","Resolve","Second Wind|Overgrowth","Ability Haste|Health Scaling|Tenacity and Slow Resist","Flash|Ignite","mechanics_only","no"
"16.19.1","Amumu","BOTTOM","JUNGLE|SUPPORT","full","Jinx","Randuin's Omen","Frozen Heart|Zeke's Convergence","Plated Steelcaps","Grasp of the Undying","Shield Bash|Second Wind|Overgrowth","Sorcery","Manaflow Band|Transcendence","Ability Haste|Health Scaling|Tenacity and Slow Resist","Flash|Heal","mechanics_only","no"
"16.19.1","Amumu","UTILITY","JUNGLE|SUPPORT","full","Thresh","Locket of the Iron Solari","Randuin's Omen|Mikael's Blessing","Plated Steelcaps","Deathfire Touch","Manaflow Band|Transcendence|Scorch","Resolve","Second Wind|Overgrowth","Ability Haste|Health Scaling|Tenacity and Slow Resist","Flash|Ignite","mechanics_only","no"
"16.19.1","Anivia","TOP","MIDDLE","full","Garen","Malignance","Banshee's Veil|Lich Bane","Ionian Boots of Lucidity","Arcane Comet","Manaflow Band|Transcendence|Scorch","Precision","Presence of Mind|Cut Down","Adaptive Force|Adaptive Force|Tenacity and Slow Resist","Flash|Ignite","mechanics_only","no"
"16.19.1","Anivia","JUNGLE","MIDDLE","full","LeeSin","Malignance","Banshee's Veil|Lich Bane","Ionian Boots of Lucidity","Arcane Comet","Manaflow Band|Transcendence|Scorch","Precision","Presence of Mind|Legend: Haste","Adaptive Force|Adaptive Force|Tenacity and Slow Resist","Smite|Flash","mechanics_only","no"
"16.19.1","Anivia","MIDDLE","MIDDLE","full","Ahri","Malignance","Banshee's Veil|Lich Bane","Ionian Boots of Lucidity","Arcane Comet","Manaflow Band|Transcendence|Scorch","Precision","Presence of Mind|Legend: Haste","Adaptive Force|Adaptive Force|Tenacity and Slow Resist","Flash|Ignite","mechanics_only","no"
"16.19.1","Anivia","BOTTOM","MIDDLE","full","Jinx","Malignance","Banshee's Veil|Lich Bane","Ionian Boots of Lucidity","Summon Aery","Manaflow Band|Transcendence|Scorch","Precision","Presence of Mind|Cut Down","Adaptive Force|Adaptive Force|Tenacity and Slow Resist","Flash|Heal","mechanics_only","no"
"16.19.1","Anivia","UTILITY","MIDDLE","full","Thresh","Malignance","Imperial Mandate|Banshee's Veil","Ionian Boots of Lucidity","Summon Aery","Manaflow Band|Transcendence|Scorch","Precision","Presence of Mind|Legend: Haste","Adaptive Force|Adaptive Force|Tenacity and Slow Resist","Flash|Ignite","mechanics_only","no"
"16.19.1","Annie","TOP","MIDDLE","full","Garen","Malignance","Banshee's Veil|Lich Bane","Ionian Boots of Lucidity","Summon Aery","Manaflow Band|Transcendence|Scorch","Precision","Presence of Mind|Cut Down","Adaptive Force|Adaptive Force|Tenacity and Slow Resist","Flash|Ignite","mechanics_only","no"
"16.19.1","Annie","JUNGLE","MIDDLE","full","LeeSin","Malignance","Banshee's Veil|Lich Bane","Ionian Boots of Lucidity","Summon Aery","Manaflow Band|Transcendence|Scorch","Precision","Presence of Mind|Legend: Haste","Adaptive Force|Adaptive Force|Tenacity and Slow Resist","Smite|Flash","mechanics_only","no"
"16.19.1","Annie","MIDDLE","MIDDLE","full","Ahri","Malignance","Banshee's Veil|Lich Bane","Ionian Boots of Lucidity","Summon Aery","Manaflow Band|Transcendence|Scorch","Precision","Presence of Mind|Legend: Haste","Adaptive Force|Adaptive Force|Tenacity and Slow Resist","Flash|Ignite","mechanics_only","no"
"16.19.1","Annie","BOTTOM","MIDDLE","full","Jinx","Malignance","Banshee's Veil|Lich Bane","Ionian Boots of Lucidity","Summon Aery","Manaflow Band|Transcendence|Scorch","Precision","Presence of Mind|Cut Down","Adaptive Force|Adaptive Force|Tenacity and Slow Resist","Flash|Heal","mechanics_only","no"
"16.19.1","Annie","UTILITY","MIDDLE","full","Thresh","Malignance","Imperial Mandate|Banshee's Veil","Ionian Boots of Lucidity","Summon Aery","Manaflow Band|Transcendence|Scorch","Precision","Presence of Mind|Legend: Haste","Adaptive Force|Adaptive Force|Tenacity and Slow Resist","Flash|Ignite","mechanics_only","no"
"16.19.1","Aphelios","TOP","BOTTOM","full","Garen","Kraken Slayer","Serpent's Fang|Mercurial Scimitar","Berserker's Greaves","Lethal Tempo","Triumph|Legend: Alacrity|Cut Down","Resolve","Bone Plating|Demolish","Adaptive Force|Adaptive Force|Tenacity and Slow Resist","Flash|Ignite","mechanics_only","no"
"16.19.1","Aphelios","JUNGLE","BOTTOM","full","LeeSin","Kraken Slayer","Serpent's Fang|Mercurial Scimitar","Berserker's Greaves","Lethal Tempo","Triumph|Legend: Alacrity|Cut Down","Resolve","Bone Plating|Demolish","Adaptive Force|Adaptive Force|Tenacity and Slow Resist","Smite|Flash","mechanics_only","no"
"16.19.1","Aphelios","MIDDLE","BOTTOM","full","Ahri","Kraken Slayer","Serpent's Fang|Mercurial Scimitar","Berserker's Greaves","Lethal Tempo","Triumph|Legend: Alacrity|Cut Down","Resolve","Bone Plating|Demolish","Adaptive Force|Adaptive Force|Tenacity and Slow Resist","Flash|Ignite","mechanics_only","no"
"16.19.1","Aphelios","BOTTOM","BOTTOM","full","Jinx","Kraken Slayer","Serpent's Fang|Mercurial Scimitar","Berserker's Greaves","Lethal Tempo","Triumph|Legend: Alacrity|Cut Down","Resolve","Bone Plating|Shield Bash","Adaptive Force|Adaptive Force|Tenacity and Slow Resist","Flash|Heal","mechanics_only","no"
"16.19.1","Aphelios","UTILITY","BOTTOM","full","Thresh","Eclipse","Serpent's Fang|Mercurial Scimitar","Berserker's Greaves","Lethal Tempo","Triumph|Legend: Alacrity|Cut Down","Resolve","Bone Plating|Demolish","Adaptive Force|Adaptive Force|Tenacity and Slow Resist","Flash|Ignite","mechanics_only","no"
"16.19.1","Ashe","TOP","BOTTOM|SUPPORT","full","Garen","Eclipse","Mercurial Scimitar|Essence Reaver","Berserker's Greaves","Lethal Tempo","Presence of Mind|Legend: Alacrity|Cut Down","Resolve","Bone Plating|Demolish","Attack Speed|Adaptive Force|Tenacity and Slow Resist","Flash|Ignite","mechanics_only","no"
"16.19.1","Ashe","JUNGLE","BOTTOM|SUPPORT","full","LeeSin","Eclipse","Mercurial Scimitar|Essence Reaver","Berserker's Greaves","Lethal Tempo","Presence of Mind|Legend: Alacrity|Cut Down","Resolve","Bone Plating|Demolish","Attack Speed|Adaptive Force|Tenacity and Slow Resist","Smite|Flash","mechanics_only","no"
"16.19.1","Ashe","MIDDLE","BOTTOM|SUPPORT","full","Ahri","Eclipse","Mercurial Scimitar|Essence Reaver","Berserker's Greaves","Lethal Tempo","Presence of Mind|Legend: Alacrity|Cut Down","Resolve","Bone Plating|Demolish","Attack Speed|Adaptive Force|Tenacity and Slow Resist","Flash|Ignite","mechanics_only","no"
"16.19.1","Ashe","BOTTOM","BOTTOM|SUPPORT","full","Jinx","Eclipse","Mercurial Scimitar|Essence Reaver","Berserker's Greaves","Lethal Tempo","Presence of Mind|Legend: Alacrity|Cut Down","Resolve","Bone Plating|Shield Bash","Attack Speed|Adaptive Force|Tenacity and Slow Resist","Flash|Heal","mechanics_only","no"
"16.19.1","Ashe","UTILITY","BOTTOM|SUPPORT","full","Thresh","Eclipse","Serpent's Fang|Edge of Night","Berserker's Greaves","Lethal Tempo","Presence of Mind|Legend: Alacrity|Cut Down","Resolve","Bone Plating|Demolish","Attack Speed|Adaptive Force|Tenacity and Slow Resist","Flash|Exhaust","mechanics_only","no"
"16.19.1","AurelionSol","TOP","MIDDLE","full","Garen","Malignance","Banshee's Veil|Lich Bane","Ionian Boots of Lucidity","Arcane Comet","Manaflow Band|Transcendence|Scorch","Precision","Cut Down|Legend: Haste","Adaptive Force|Adaptive Force|Tenacity and Slow Resist","Flash|Ignite","mechanics_only","no"
"16.19.1","AurelionSol","JUNGLE","MIDDLE","full","LeeSin","Malignance","Banshee's Veil|Lich Bane","Ionian Boots of Lucidity","Arcane Comet","Manaflow Band|Transcendence|Scorch","Domination","Sudden Impact|Sixth Sense","Adaptive Force|Adaptive Force|Tenacity and Slow Resist","Smite|Flash","mechanics_only","no"
"16.19.1","AurelionSol","MIDDLE","MIDDLE","full","Ahri","Malignance","Banshee's Veil|Lich Bane","Ionian Boots of Lucidity","Arcane Comet","Manaflow Band|Transcendence|Scorch","Precision","Legend: Haste|Cut Down","Adaptive Force|Adaptive Force|Tenacity and Slow Resist","Flash|Ignite","mechanics_only","no"
"16.19.1","AurelionSol","BOTTOM","MIDDLE","full","Jinx","Malignance","Banshee's Veil|Lich Bane","Ionian Boots of Lucidity","Arcane Comet","Manaflow Band|Transcendence|Scorch","Precision","Cut Down|Legend: Haste","Adaptive Force|Adaptive Force|Tenacity and Slow Resist","Flash|Heal","mechanics_only","no"
"16.19.1","AurelionSol","UTILITY","MIDDLE","full","Thresh","Malignance","Imperial Mandate|Banshee's Veil","Ionian Boots of Lucidity","Arcane Comet","Manaflow Band|Transcendence|Scorch","Domination","Sudden Impact|Sixth Sense","Adaptive Force|Adaptive Force|Tenacity and Slow Resist","Flash|Ignite","mechanics_only","no"
"16.19.1","Aurora","TOP","MIDDLE|TOP","full","Garen","Malignance","Banshee's Veil|Lich Bane","Ionian Boots of Lucidity","Arcane Comet","Manaflow Band|Transcendence|Scorch","Domination","Sudden Impact|Deep Ward","Adaptive Force|Adaptive Force|Tenacity and Slow Resist","Flash|Ignite","mechanics_only","no"
"16.19.1","Aurora","JUNGLE","MIDDLE|TOP","full","LeeSin","Malignance","Banshee's Veil|Lich Bane","Ionian Boots of Lucidity","Arcane Comet","Manaflow Band|Transcendence|Scorch","Domination","Sudden Impact|Sixth Sense","Adaptive Force|Adaptive Force|Tenacity and Slow Resist","Smite|Flash","mechanics_only","no"
"16.19.1","Aurora","MIDDLE","MIDDLE|TOP","full","Ahri","Malignance","Banshee's Veil|Lich Bane","Ionian Boots of Lucidity","Arcane Comet","Manaflow Band|Transcendence|Scorch","Precision","Presence of Mind|Legend: Haste","Adaptive Force|Adaptive Force|Tenacity and Slow Resist","Flash|Ignite","mechanics_only","no"
"16.19.1","Aurora","BOTTOM","MIDDLE|TOP","full","Jinx","Malignance","Banshee's Veil|Lich Bane","Ionian Boots of Lucidity","Arcane Comet","Manaflow Band|Transcendence|Scorch","Domination","Sudden Impact|Deep Ward","Adaptive Force|Adaptive Force|Tenacity and Slow Resist","Flash|Heal","mechanics_only","no"
"16.19.1","Aurora","UTILITY","MIDDLE|TOP","full","Thresh","Malignance","Imperial Mandate|Banshee's Veil","Ionian Boots of Lucidity","Arcane Comet","Manaflow Band|Transcendence|Scorch","Domination","Sudden Impact|Sixth Sense","Adaptive Force|Adaptive Force|Tenacity and Slow Resist","Flash|Ignite","mechanics_only","no"
"16.19.1","Azir","TOP","MIDDLE","full","Garen","Essence Reaver","Banshee's Veil|Malignance","Berserker's Greaves","Lethal Tempo","Presence of Mind|Legend: Alacrity|Cut Down","Sorcery","Manaflow Band|Transcendence","Adaptive Force|Adaptive Force|Tenacity and Slow Resist","Flash|Ignite","mechanics_only","no"
"16.19.1","Azir","JUNGLE","MIDDLE","full","LeeSin","Essence Reaver","Banshee's Veil|Malignance","Berserker's Greaves","Hail of Blades","Sudden Impact|Sixth Sense|Relentless Hunter","Sorcery","Manaflow Band|Transcendence","Adaptive Force|Adaptive Force|Tenacity and Slow Resist","Smite|Flash","mechanics_only","no"
"16.19.1","Azir","MIDDLE","MIDDLE","full","Ahri","Essence Reaver","Banshee's Veil|Malignance","Berserker's Greaves","Lethal Tempo","Presence of Mind|Legend: Alacrity|Cut Down","Sorcery","Manaflow Band|Transcendence","Adaptive Force|Adaptive Force|Tenacity and Slow Resist","Flash|Ignite","mechanics_only","no"
"16.19.1","Azir","BOTTOM","MIDDLE","full","Jinx","Essence Reaver","Banshee's Veil|Malignance","Berserker's Greaves","Lethal Tempo","Presence of Mind|Legend: Alacrity|Cut Down","Sorcery","Manaflow Band|Transcendence","Adaptive Force|Adaptive Force|Tenacity and Slow Resist","Flash|Heal","mechanics_only","no"
"16.19.1","Azir","UTILITY","MIDDLE","full","Thresh","Imperial Mandate","Banshee's Veil|Essence Reaver","Berserker's Greaves","Summon Aery","Manaflow Band|Transcendence|Scorch","Precision","Presence of Mind|Cut Down","Adaptive Force|Adaptive Force|Tenacity and Slow Resist","Flash|Ignite","mechanics_only","no"
"16.19.1","Bard","TOP","SUPPORT","full","Garen","Redemption","Mikael's Blessing|Essence Reaver","Ionian Boots of Lucidity","Summon Aery","Manaflow Band|Transcendence|Scorch","Resolve","Font of Life|Bone Plating","Ability Haste|Move Speed|Tenacity and Slow Resist","Flash|Teleport","mechanics_only","no"
"16.19.1","Bard","JUNGLE","SUPPORT","full","LeeSin","Redemption","Mikael's Blessing|Essence Reaver","Ionian Boots of Lucidity","Summon Aery","Manaflow Band|Transcendence|Scorch","Resolve","Font of Life|Bone Plating","Ability Haste|Move Speed|Tenacity and Slow Resist","Smite|Flash","mechanics_only","no"
"16.19.1","Bard","MIDDLE","SUPPORT","full","Ahri","Redemption","Mikael's Blessing|Essence Reaver","Ionian Boots of Lucidity","Summon Aery","Manaflow Band|Transcendence|Scorch","Resolve","Font of Life|Bone Plating","Ability Haste|Move Speed|Tenacity and Slow Resist","Flash|Exhaust","mechanics_only","no"
"16.19.1","Bard","BOTTOM","SUPPORT","full","Jinx","Redemption","Mikael's Blessing|Essence Reaver","Ionian Boots of Lucidity","Summon Aery","Manaflow Band|Transcendence|Scorch","Resolve","Font of Life|Bone Plating","Ability Haste|Move Speed|Tenacity and Slow Resist","Flash|Heal","mechanics_only","no"
"16.19.1","Bard","UTILITY","SUPPORT","full","Thresh","Redemption","Mikael's Blessing|Echoes of Helia","Ionian Boots of Lucidity","Summon Aery","Manaflow Band|Transcendence|Scorch","Resolve","Font of Life|Bone Plating","Ability Haste|Move Speed|Tenacity and Slow Resist","Flash|Exhaust","mechanics_only","no"
"16.19.1","Belveth","TOP","JUNGLE","full","Garen","Kraken Slayer","Phantom Dancer|Yun Tal Wildarrows","Berserker's Greaves","Lethal Tempo","Triumph|Legend: Alacrity|Cut Down","Resolve","Bone Plating|Demolish","Attack Speed|Adaptive Force|Tenacity and Slow Resist","Flash|Ignite","mechanics_only","no"
"16.19.1","Belveth","JUNGLE","JUNGLE","full","LeeSin","Kraken Slayer","Phantom Dancer|Mercurial Scimitar","Berserker's Greaves","Lethal Tempo","Triumph|Legend: Alacrity|Cut Down","Resolve","Bone Plating|Demolish","Attack Speed|Adaptive Force|Tenacity and Slow Resist","Smite|Flash","mechanics_only","no"
"16.19.1","Belveth","MIDDLE","JUNGLE","full","Ahri","Kraken Slayer","Phantom Dancer|Yun Tal Wildarrows","Berserker's Greaves","Lethal Tempo","Triumph|Legend: Alacrity|Cut Down","Resolve","Bone Plating|Demolish","Attack Speed|Adaptive Force|Tenacity and Slow Resist","Flash|Ignite","mechanics_only","no"
"16.19.1","Belveth","BOTTOM","JUNGLE","full","Jinx","Kraken Slayer","Phantom Dancer|Yun Tal Wildarrows","Berserker's Greaves","Lethal Tempo","Triumph|Legend: Alacrity|Cut Down","Resolve","Bone Plating|Shield Bash","Attack Speed|Adaptive Force|Tenacity and Slow Resist","Flash|Ignite","mechanics_only","no"
"16.19.1","Belveth","UTILITY","JUNGLE","full","Thresh","Kraken Slayer","Phantom Dancer|Serpent's Fang","Berserker's Greaves","Lethal Tempo","Triumph|Legend: Alacrity|Cut Down","Resolve","Bone Plating|Demolish","Attack Speed|Adaptive Force|Tenacity and Slow Resist","Flash|Ignite","mechanics_only","no"
"16.19.1","Blitzcrank","TOP","SUPPORT","full","Garen","Frozen Heart","Randuin's Omen|Mikael's Blessing","Ionian Boots of Lucidity","Deathfire Touch","Manaflow Band|Transcendence|Scorch","Resolve","Second Wind|Overgrowth","Ability Haste|Health Scaling|Tenacity and Slow Resist","Flash|Teleport","mechanics_only","no"
"16.19.1","Blitzcrank","JUNGLE","SUPPORT","full","LeeSin","Frozen Heart","Randuin's Omen|Mikael's Blessing","Ionian Boots of Lucidity","Deathfire Touch","Manaflow Band|Transcendence|Scorch","Precision","Presence of Mind|Legend: Haste","Ability Haste|Health Scaling|Tenacity and Slow Resist","Smite|Flash","mechanics_only","no"
"16.19.1","Blitzcrank","MIDDLE","SUPPORT","full","Ahri","Frozen Heart","Randuin's Omen|Mikael's Blessing","Ionian Boots of Lucidity","Deathfire Touch","Manaflow Band|Transcendence|Scorch","Precision","Presence of Mind|Legend: Haste","Ability Haste|Health Scaling|Tenacity and Slow Resist","Flash|Ignite","mechanics_only","no"
"16.19.1","Blitzcrank","BOTTOM","SUPPORT","full","Jinx","Frozen Heart","Randuin's Omen|Mikael's Blessing","Ionian Boots of Lucidity","Deathfire Touch","Manaflow Band|Transcendence|Scorch","Resolve","Second Wind|Overgrowth","Ability Haste|Health Scaling|Tenacity and Slow Resist","Flash|Heal","mechanics_only","no"
"16.19.1","Blitzcrank","UTILITY","SUPPORT","full","Thresh","Mikael's Blessing","Imperial Mandate|Randuin's Omen","Ionian Boots of Lucidity","Deathfire Touch","Manaflow Band|Transcendence|Scorch","Resolve","Font of Life|Second Wind","Ability Haste|Health Scaling|Tenacity and Slow Resist","Flash|Exhaust","mechanics_only","no"
"16.19.1","Brand","TOP","JUNGLE|MIDDLE|SUPPORT","full","Garen","Malignance","Banshee's Veil|Lich Bane","Ionian Boots of Lucidity","Arcane Comet","Manaflow Band|Transcendence|Scorch","Precision","Presence of Mind|Cut Down","Adaptive Force|Adaptive Force|Tenacity and Slow Resist","Flash|Ignite","mechanics_only","no"
"16.19.1","Brand","JUNGLE","JUNGLE|MIDDLE|SUPPORT","full","LeeSin","Malignance","Banshee's Veil|Lich Bane","Ionian Boots of Lucidity","Arcane Comet","Manaflow Band|Transcendence|Scorch","Precision","Presence of Mind|Legend: Haste","Adaptive Force|Adaptive Force|Tenacity and Slow Resist","Smite|Flash","mechanics_only","no"
"16.19.1","Brand","MIDDLE","JUNGLE|MIDDLE|SUPPORT","full","Ahri","Malignance","Banshee's Veil|Lich Bane","Ionian Boots of Lucidity","Arcane Comet","Manaflow Band|Transcendence|Scorch","Precision","Legend: Haste|Presence of Mind","Adaptive Force|Adaptive Force|Tenacity and Slow Resist","Flash|Ignite","mechanics_only","no"
"16.19.1","Brand","BOTTOM","JUNGLE|MIDDLE|SUPPORT","full","Jinx","Malignance","Banshee's Veil|Lich Bane","Ionian Boots of Lucidity","Arcane Comet","Manaflow Band|Transcendence|Scorch","Precision","Presence of Mind|Cut Down","Adaptive Force|Adaptive Force|Tenacity and Slow Resist","Flash|Heal","mechanics_only","no"
"16.19.1","Brand","UTILITY","JUNGLE|MIDDLE|SUPPORT","full","Thresh","Malignance","Imperial Mandate|Banshee's Veil","Ionian Boots of Lucidity","Arcane Comet","Manaflow Band|Transcendence|Scorch","Precision","Presence of Mind|Legend: Haste","Adaptive Force|Adaptive Force|Tenacity and Slow Resist","Flash|Ignite","mechanics_only","no"
"16.19.1","Braum","TOP","SUPPORT","full","Garen","Zeke's Convergence","Randuin's Omen|Frozen Heart","Plated Steelcaps","Deathfire Touch","Manaflow Band|Transcendence|Scorch","Resolve","Second Wind|Overgrowth","Ability Haste|Health Scaling|Tenacity and Slow Resist","Flash|Teleport","mechanics_only","no"
"16.19.1","Braum","JUNGLE","SUPPORT","full","LeeSin","Zeke's Convergence","Randuin's Omen|Frozen Heart","Plated Steelcaps","Deathfire Touch","Manaflow Band|Transcendence|Scorch","Resolve","Second Wind|Overgrowth","Ability Haste|Health Scaling|Tenacity and Slow Resist","Smite|Flash","mechanics_only","no"
"16.19.1","Braum","MIDDLE","SUPPORT","full","Ahri","Zeke's Convergence","Randuin's Omen|Kaenic Rookern","Ionian Boots of Lucidity","Deathfire Touch","Manaflow Band|Transcendence|Scorch","Resolve","Second Wind|Overgrowth","Ability Haste|Health Scaling|Tenacity and Slow Resist","Flash|Teleport","mechanics_only","no"
"16.19.1","Braum","BOTTOM","SUPPORT","full","Jinx","Randuin's Omen","Zeke's Convergence|Frozen Heart","Plated Steelcaps","Deathfire Touch","Manaflow Band|Transcendence|Scorch","Resolve","Second Wind|Overgrowth","Ability Haste|Health Scaling|Tenacity and Slow Resist","Flash|Heal","mechanics_only","no"
"16.19.1","Braum","UTILITY","SUPPORT","full","Thresh","Locket of the Iron Solari","Randuin's Omen|Mikael's Blessing","Plated Steelcaps","Summon Aery","Manaflow Band|Transcendence|Scorch","Resolve","Font of Life|Second Wind","Ability Haste|Health Scaling|Tenacity and Slow Resist","Flash|Exhaust","mechanics_only","no"
"16.19.1","Briar","TOP","JUNGLE","full","Garen","Randuin's Omen","Mikael's Blessing|Warmog's Armor","Plated Steelcaps","Grasp of the Undying","Font of Life|Bone Plating|Overgrowth","Domination","Sudden Impact|Deep Ward","Attack Speed|Health Scaling|Tenacity and Slow Resist","Flash|Teleport","mechanics_only","no"
"16.19.1","Briar","JUNGLE","JUNGLE","full","LeeSin","Randuin's Omen","Mikael's Blessing|Warmog's Armor","Plated Steelcaps","Grasp of the Undying","Font of Life|Bone Plating|Overgrowth","Domination","Sudden Impact|Sixth Sense","Attack Speed|Health Scaling|Tenacity and Slow Resist","Smite|Flash","mechanics_only","no"
"16.19.1","Briar","MIDDLE","JUNGLE","full","Ahri","Warmog's Armor","Randuin's Omen|Mikael's Blessing","Mercury's Treads","Grasp of the Undying","Font of Life|Bone Plating|Overgrowth","Domination","Sudden Impact|Relentless Hunter","Attack Speed|Health Scaling|Tenacity and Slow Resist","Flash|Ignite","mechanics_only","no"
"16.19.1","Briar","BOTTOM","JUNGLE","full","Jinx","Randuin's Omen","Mikael's Blessing|Edge of Night","Plated Steelcaps","Grasp of the Undying","Font of Life|Bone Plating|Overgrowth","Domination","Sudden Impact|Deep Ward","Attack Speed|Health Scaling|Tenacity and Slow Resist","Flash|Heal","mechanics_only","no"
"16.19.1","Briar","UTILITY","JUNGLE","full","Thresh","Mikael's Blessing","Randuin's Omen|Locket of the Iron Solari","Plated Steelcaps","Grasp of the Undying","Font of Life|Bone Plating|Overgrowth","Domination","Sudden Impact|Sixth Sense","Attack Speed|Health Scaling|Tenacity and Slow Resist","Flash|Ignite","mechanics_only","no"
"16.19.1","Caitlyn","TOP","BOTTOM","full","Garen","Essence Reaver","Infinity Edge|Kraken Slayer","Berserker's Greaves","Lethal Tempo","Presence of Mind|Legend: Alacrity|Cut Down","Resolve","Bone Plating|Demolish","Adaptive Force|Adaptive Force|Tenacity and Slow Resist","Flash|Ignite","mechanics_only","no"
"16.19.1","Caitlyn","JUNGLE","BOTTOM","full","LeeSin","Essence Reaver","Infinity Edge|Kraken Slayer","Berserker's Greaves","Lethal Tempo","Presence of Mind|Legend: Alacrity|Cut Down","Resolve","Bone Plating|Demolish","Adaptive Force|Adaptive Force|Tenacity and Slow Resist","Smite|Flash","mechanics_only","no"
"16.19.1","Caitlyn","MIDDLE","BOTTOM","full","Ahri","Essence Reaver","Infinity Edge|Kraken Slayer","Berserker's Greaves","Lethal Tempo","Presence of Mind|Legend: Alacrity|Cut Down","Resolve","Bone Plating|Demolish","Adaptive Force|Adaptive Force|Tenacity and Slow Resist","Flash|Ignite","mechanics_only","no"
"16.19.1","Caitlyn","BOTTOM","BOTTOM","full","Jinx","Essence Reaver","Infinity Edge|Kraken Slayer","Berserker's Greaves","Lethal Tempo","Presence of Mind|Legend: Alacrity|Cut Down","Resolve","Bone Plating|Shield Bash","Adaptive Force|Adaptive Force|Tenacity and Slow Resist","Flash|Heal","mechanics_only","no"
"16.19.1","Caitlyn","UTILITY","BOTTOM","full","Thresh","Essence Reaver","Kraken Slayer|Serpent's Fang","Berserker's Greaves","Lethal Tempo","Presence of Mind|Legend: Alacrity|Cut Down","Resolve","Bone Plating|Demolish","Adaptive Force|Adaptive Force|Tenacity and Slow Resist","Flash|Ignite","mechanics_only","no"
"16.19.1","Camille","TOP","SUPPORT|TOP","full","Garen","Eclipse","Edge of Night|Serpent's Fang","Berserker's Greaves","Grasp of the Undying","Demolish|Second Wind|Overgrowth","Sorcery","Manaflow Band|Transcendence","Adaptive Force|Adaptive Force|Tenacity and Slow Resist","Flash|Ignite","mechanics_only","no"
"16.19.1","Camille","JUNGLE","SUPPORT|TOP","full","LeeSin","Eclipse","Edge of Night|Serpent's Fang","Berserker's Greaves","Grasp of the Undying","Demolish|Bone Plating|Overgrowth","Sorcery","Manaflow Band|Transcendence","Adaptive Force|Adaptive Force|Tenacity and Slow Resist","Smite|Flash","mechanics_only","no"
"16.19.1","Camille","MIDDLE","SUPPORT|TOP","full","Ahri","Eclipse","Edge of Night|Essence Reaver","Berserker's Greaves","Grasp of the Undying","Demolish|Bone Plating|Overgrowth","Sorcery","Manaflow Band|Transcendence","Adaptive Force|Adaptive Force|Tenacity and Slow Resist","Flash|Ignite","mechanics_only","no"
"16.19.1","Camille","BOTTOM","SUPPORT|TOP","full","Jinx","Eclipse","Edge of Night|Essence Reaver","Berserker's Greaves","Grasp of the Undying","Shield Bash|Bone Plating|Overgrowth","Sorcery","Manaflow Band|Transcendence","Adaptive Force|Adaptive Force|Tenacity and Slow Resist","Flash|Ignite","mechanics_only","no"
"16.19.1","Camille","UTILITY","SUPPORT|TOP","full","Thresh","Eclipse","Serpent's Fang|Edge of Night","Berserker's Greaves","Grasp of the Undying","Demolish|Bone Plating|Overgrowth","Domination","Sudden Impact|Sixth Sense","Adaptive Force|Adaptive Force|Tenacity and Slow Resist","Flash|Ignite","mechanics_only","no"
"16.19.1","Cassiopeia","TOP","MIDDLE","full","Garen","Malignance","Banshee's Veil|Lich Bane","","Arcane Comet","Manaflow Band|Transcendence|Scorch","Precision","Presence of Mind|Cut Down","Adaptive Force|Adaptive Force|Tenacity and Slow Resist","Flash|Ignite","mechanics_only","no"
"16.19.1","Cassiopeia","JUNGLE","MIDDLE","full","LeeSin","Malignance","Banshee's Veil|Lich Bane","","Arcane Comet","Manaflow Band|Transcendence|Scorch","Precision","Presence of Mind|Legend: Haste","Adaptive Force|Adaptive Force|Tenacity and Slow Resist","Smite|Flash","mechanics_only","no"
"16.19.1","Cassiopeia","MIDDLE","MIDDLE","full","Ahri","Malignance","Banshee's Veil|Lich Bane","","Arcane Comet","Manaflow Band|Transcendence|Scorch","Precision","Presence of Mind|Legend: Haste","Adaptive Force|Adaptive Force|Tenacity and Slow Resist","Flash|Ignite","mechanics_only","no"
"16.19.1","Cassiopeia","BOTTOM","MIDDLE","full","Jinx","Malignance","Banshee's Veil|Lich Bane","","Arcane Comet","Manaflow Band|Transcendence|Scorch","Precision","Presence of Mind|Cut Down","Adaptive Force|Adaptive Force|Tenacity and Slow Resist","Flash|Heal","mechanics_only","no"
"16.19.1","Cassiopeia","UTILITY","MIDDLE","full","Thresh","Malignance","Imperial Mandate|Banshee's Veil","","Summon Aery","Manaflow Band|Transcendence|Scorch","Precision","Presence of Mind|Legend: Haste","Adaptive Force|Adaptive Force|Tenacity and Slow Resist","Flash|Ignite","mechanics_only","no"
"16.19.1","Chogath","TOP","TOP","full","Garen","Randuin's Omen","Zeke's Convergence|Warmog's Armor","Plated Steelcaps","Grasp of the Undying","Demolish|Second Wind|Overgrowth","Sorcery","Manaflow Band|Transcendence","Adaptive Force|Health Scaling|Tenacity and Slow Resist","Flash|Teleport","mechanics_only","no"
"16.19.1","Chogath","JUNGLE","TOP","full","LeeSin","Randuin's Omen","Zeke's Convergence|Warmog's Armor","Plated Steelcaps","Grasp of the Undying","Demolish|Bone Plating|Overgrowth","Sorcery","Manaflow Band|Transcendence","Adaptive Force|Health Scaling|Tenacity and Slow Resist","Smite|Flash","mechanics_only","no"
"16.19.1","Chogath","MIDDLE","TOP","full","Ahri","Zeke's Convergence","Randuin's Omen|Kaenic Rookern","Plated Steelcaps","Grasp of the Undying","Demolish|Bone Plating|Overgrowth","Sorcery","Manaflow Band|Transcendence","Adaptive Force|Health Scaling|Tenacity and Slow Resist","Flash|Ignite","mechanics_only","no"
"16.19.1","Chogath","BOTTOM","TOP","full","Jinx","Randuin's Omen","Zeke's Convergence|Warmog's Armor","Plated Steelcaps","Grasp of the Undying","Shield Bash|Bone Plating|Overgrowth","Sorcery","Manaflow Band|Transcendence","Adaptive Force|Health Scaling|Tenacity and Slow Resist","Flash|Heal","mechanics_only","no"
"16.19.1","Chogath","UTILITY","TOP","full","Thresh","Locket of the Iron Solari","Randuin's Omen|Mikael's Blessing","Plated Steelcaps","Grasp of the Undying","Demolish|Bone Plating|Overgrowth","Sorcery","Manaflow Band|Transcendence","Adaptive Force|Health Scaling|Tenacity and Slow Resist","Flash|Ignite","mechanics_only","no"
"16.19.1","Corki","TOP","MIDDLE","full","Garen","Essence Reaver","Eclipse|Infinity Edge","Berserker's Greaves","Lethal Tempo","Presence of Mind|Legend: Alacrity|Cut Down","Sorcery","Manaflow Band|Transcendence","Adaptive Force|Adaptive Force|Tenacity and Slow Resist","Flash|Ignite","mechanics_only","no"
"16.19.1","Corki","JUNGLE","MIDDLE","full","LeeSin","Essence Reaver","Eclipse|Infinity Edge","Berserker's Greaves","Hail of Blades","Sudden Impact|Sixth Sense|Relentless Hunter","Sorcery","Manaflow Band|Transcendence","Adaptive Force|Adaptive Force|Tenacity and Slow Resist","Smite|Flash","mechanics_only","no"
"16.19.1","Corki","MIDDLE","MIDDLE","full","Ahri","Essence Reaver","Eclipse|Infinity Edge","Berserker's Greaves","Lethal Tempo","Presence of Mind|Legend: Alacrity|Cut Down","Sorcery","Manaflow Band|Transcendence","Adaptive Force|Adaptive Force|Tenacity and Slow Resist","Flash|Ignite","mechanics_only","no"
"16.19.1","Corki","BOTTOM","MIDDLE","full","Jinx","Essence Reaver","Eclipse|Infinity Edge","Berserker's Greaves","Lethal Tempo","Presence of Mind|Legend: Alacrity|Cut Down","Sorcery","Manaflow Band|Transcendence","Adaptive Force|Adaptive Force|Tenacity and Slow Resist","Flash|Heal","mechanics_only","no"
"16.19.1","Corki","UTILITY","MIDDLE","full","Thresh","Essence Reaver","Eclipse|Serpent's Fang","Berserker's Greaves","Hail of Blades","Sudden Impact|Sixth Sense|Relentless Hunter","Sorcery","Manaflow Band|Transcendence","Adaptive Force|Adaptive Force|Tenacity and Slow Resist","Flash|Ignite","mechanics_only","no"
"16.19.1","Darius","TOP","TOP","full","Garen","Essence Reaver","Eclipse|Edge of Night","Ionian Boots of Lucidity","Grasp of the Undying","Font of Life|Second Wind|Overgrowth","Sorcery","Manaflow Band|Transcendence","Adaptive Force|Adaptive Force|Tenacity and Slow Resist","Flash|Ignite","mechanics_only","no"
"16.19.1","Darius","JUNGLE","TOP","full","LeeSin","Essence Reaver","Eclipse|Edge of Night","Ionian Boots of Lucidity","Aftershock","Font of Life|Bone Plating|Overgrowth","Sorcery","Manaflow Band|Transcendence","Adaptive Force|Adaptive Force|Tenacity and Slow Resist","Smite|Flash","mechanics_only","no"
"16.19.1","Darius","MIDDLE","TOP","full","Ahri","Essence Reaver","Eclipse|Edge of Night","Ionian Boots of Lucidity","Aftershock","Font of Life|Bone Plating|Overgrowth","Sorcery","Manaflow Band|Transcendence","Adaptive Force|Adaptive Force|Tenacity and Slow Resist","Flash|Ignite","mechanics_only","no"
"16.19.1","Darius","BOTTOM","TOP","full","Jinx","Essence Reaver","Eclipse|Edge of Night","Ionian Boots of Lucidity","Grasp of the Undying","Font of Life|Bone Plating|Overgrowth","Sorcery","Manaflow Band|Transcendence","Adaptive Force|Adaptive Force|Tenacity and Slow Resist","Flash|Ignite","mechanics_only","no"
"16.19.1","Darius","UTILITY","TOP","full","Thresh","Essence Reaver","Serpent's Fang|Eclipse","Ionian Boots of Lucidity","Aftershock","Font of Life|Bone Plating|Overgrowth","Sorcery","Manaflow Band|Transcendence","Adaptive Force|Adaptive Force|Tenacity and Slow Resist","Flash|Ignite","mechanics_only","no"
"16.19.1","Diana","TOP","JUNGLE|MIDDLE","full","Garen","Malignance","Zhonya's Hourglass|Banshee's Veil","Ionian Boots of Lucidity","Grasp of the Undying","Font of Life|Second Wind|Overgrowth","Sorcery","Manaflow Band|Transcendence","Adaptive Force|Adaptive Force|Tenacity and Slow Resist","Flash|Ignite","mechanics_only","no"
"16.19.1","Diana","JUNGLE","JUNGLE|MIDDLE","full","LeeSin","Malignance","Zhonya's Hourglass|Banshee's Veil","Ionian Boots of Lucidity","Grasp of the Undying","Font of Life|Bone Plating|Overgrowth","Sorcery","Manaflow Band|Transcendence","Adaptive Force|Adaptive Force|Tenacity and Slow Resist","Smite|Flash","mechanics_only","no"
"16.19.1","Diana","MIDDLE","JUNGLE|MIDDLE","full","Ahri","Malignance","Banshee's Veil|Randuin's Omen","Ionian Boots of Lucidity","Grasp of the Undying","Font of Life|Bone Plating|Overgrowth","Sorcery","Manaflow Band|Transcendence","Adaptive Force|Adaptive Force|Tenacity and Slow Resist","Flash|Ignite","mechanics_only","no"
"16.19.1","Diana","BOTTOM","JUNGLE|MIDDLE","full","Jinx","Malignance","Zhonya's Hourglass|Banshee's Veil","Ionian Boots of Lucidity","Grasp of the Undying","Font of Life|Bone Plating|Overgrowth","Sorcery","Manaflow Band|Transcendence","Adaptive Force|Adaptive Force|Tenacity and Slow Resist","Flash|Ignite","mechanics_only","no"
"16.19.1","Diana","UTILITY","JUNGLE|MIDDLE","full","Thresh","Imperial Mandate","Mikael's Blessing|Zhonya's Hourglass","Ionian Boots of Lucidity","Aftershock","Font of Life|Bone Plating|Overgrowth","Sorcery","Manaflow Band|Transcendence","Adaptive Force|Adaptive Force|Tenacity and Slow Resist","Flash|Ignite","mechanics_only","no"
"16.19.1","DrMundo","TOP","TOP","full","Garen","Warmog's Armor","Randuin's Omen|Heartsteel","Plated Steelcaps","Grasp of the Undying","Demolish|Second Wind|Overgrowth","Precision","Triumph|Legend: Bloodline","Adaptive Force|Health Scaling|Tenacity and Slow Resist","Flash|Teleport","mechanics_only","no"
"16.19.1","DrMundo","JUNGLE","TOP","full","LeeSin","Warmog's Armor","Randuin's Omen|Heartsteel","Plated Steelcaps","Grasp of the Undying","Demolish|Bone Plating|Overgrowth","Precision","Triumph|Legend: Bloodline","Adaptive Force|Health Scaling|Tenacity and Slow Resist","Smite|Flash","mechanics_only","no"
"16.19.1","DrMundo","MIDDLE","TOP","full","Ahri","Warmog's Armor","Randuin's Omen|Heartsteel","Plated Steelcaps","Grasp of the Undying","Demolish|Bone Plating|Overgrowth","Sorcery","Transcendence|Gathering Storm","Adaptive Force|Health Scaling|Tenacity and Slow Resist","Flash|Ignite","mechanics_only","no"
"16.19.1","DrMundo","BOTTOM","TOP","full","Jinx","Warmog's Armor","Randuin's Omen|Heartsteel","Plated Steelcaps","Grasp of the Undying","Shield Bash|Bone Plating|Overgrowth","Precision","Triumph|Legend: Bloodline","Adaptive Force|Health Scaling|Tenacity and Slow Resist","Flash|Heal","mechanics_only","no"
"16.19.1","DrMundo","UTILITY","TOP","full","Thresh","Warmog's Armor","Randuin's Omen|Mikael's Blessing","Plated Steelcaps","Grasp of the Undying","Demolish|Bone Plating|Overgrowth","Precision","Triumph|Legend: Bloodline","Adaptive Force|Health Scaling|Tenacity and Slow Resist","Flash|Ignite","mechanics_only","no"
"16.19.1","Draven","TOP","BOTTOM","full","Garen","Essence Reaver","Infinity Edge|Kraken Slayer","Berserker's Greaves","Lethal Tempo","Presence of Mind|Legend: Alacrity|Cut Down","Resolve","Bone Plating|Demolish","Adaptive Force|Adaptive Force|Tenacity and Slow Resist","Flash|Ignite","mechanics_only","no"
"16.19.1","Draven","JUNGLE","BOTTOM","full","LeeSin","Essence Reaver","Infinity Edge|Kraken Slayer","Berserker's Greaves","Lethal Tempo","Presence of Mind|Legend: Alacrity|Cut Down","Resolve","Bone Plating|Demolish","Adaptive Force|Adaptive Force|Tenacity and Slow Resist","Smite|Flash","mechanics_only","no"
"16.19.1","Draven","MIDDLE","BOTTOM","full","Ahri","Essence Reaver","Infinity Edge|Kraken Slayer","Berserker's Greaves","Lethal Tempo","Presence of Mind|Legend: Alacrity|Cut Down","Resolve","Bone Plating|Demolish","Adaptive Force|Adaptive Force|Tenacity and Slow Resist","Flash|Ignite","mechanics_only","no"
"16.19.1","Draven","BOTTOM","BOTTOM","full","Jinx","Essence Reaver","Infinity Edge|Kraken Slayer","Berserker's Greaves","Lethal Tempo","Presence of Mind|Legend: Alacrity|Cut Down","Resolve","Bone Plating|Shield Bash","Adaptive Force|Adaptive Force|Tenacity and Slow Resist","Flash|Heal","mechanics_only","no"
"16.19.1","Draven","UTILITY","BOTTOM","full","Thresh","Essence Reaver","Kraken Slayer|Serpent's Fang","Berserker's Greaves","Lethal Tempo","Presence of Mind|Legend: Alacrity|Cut Down","Resolve","Bone Plating|Demolish","Adaptive Force|Adaptive Force|Tenacity and Slow Resist","Flash|Ignite","mechanics_only","no"
"16.19.1","Ekko","TOP","JUNGLE|MIDDLE","full","Garen","Malignance","Zhonya's Hourglass|Banshee's Veil","Ionian Boots of Lucidity","Grasp of the Undying","Font of Life|Second Wind|Overgrowth","Sorcery","Manaflow Band|Transcendence","Adaptive Force|Adaptive Force|Tenacity and Slow Resist","Flash|Ignite","mechanics_only","no"
"16.19.1","Ekko","JUNGLE","JUNGLE|MIDDLE","full","LeeSin","Malignance","Banshee's Veil|Lich Bane","Ionian Boots of Lucidity","Deathfire Touch","Manaflow Band|Transcendence|Scorch","Resolve","Font of Life|Second Wind","Adaptive Force|Adaptive Force|Tenacity and Slow Resist","Smite|Flash","mechanics_only","no"
"16.19.1","Ekko","MIDDLE","JUNGLE|MIDDLE","full","Ahri","Malignance","Banshee's Veil|Lich Bane","Ionian Boots of Lucidity","Deathfire Touch","Manaflow Band|Transcendence|Scorch","Resolve","Font of Life|Second Wind","Adaptive Force|Adaptive Force|Tenacity and Slow Resist","Flash|Ignite","mechanics_only","no"
"16.19.1","Ekko","BOTTOM","JUNGLE|MIDDLE","full","Jinx","Malignance","Zhonya's Hourglass|Banshee's Veil","Ionian Boots of Lucidity","Grasp of the Undying","Font of Life|Second Wind|Overgrowth","Sorcery","Manaflow Band|Transcendence","Adaptive Force|Adaptive Force|Tenacity and Slow Resist","Flash|Ignite","mechanics_only","no"
"16.19.1","Ekko","UTILITY","JUNGLE|MIDDLE","full","Thresh","Imperial Mandate","Mikael's Blessing|Malignance","Ionian Boots of Lucidity","Summon Aery","Manaflow Band|Transcendence|Scorch","Resolve","Font of Life|Second Wind","Adaptive Force|Adaptive Force|Tenacity and Slow Resist","Flash|Ignite","mechanics_only","no"
"16.19.1","Elise","TOP","JUNGLE","full","Garen","Frozen Heart","Randuin's Omen|Mikael's Blessing","Ionian Boots of Lucidity","Deathfire Touch","Manaflow Band|Transcendence|Scorch","Precision","Presence of Mind|Cut Down","Adaptive Force|Health Scaling|Tenacity and Slow Resist","Flash|Teleport","mechanics_only","no"
"16.19.1","Elise","JUNGLE","JUNGLE","full","LeeSin","Frozen Heart","Randuin's Omen|Mikael's Blessing","Ionian Boots of Lucidity","Deathfire Touch","Manaflow Band|Transcendence|Scorch","Precision","Presence of Mind|Cut Down","Adaptive Force|Health Scaling|Tenacity and Slow Resist","Smite|Flash","mechanics_only","no"
"16.19.1","Elise","MIDDLE","JUNGLE","full","Ahri","Rod of Ages","Randuin's Omen|Mikael's Blessing","Ionian Boots of Lucidity","Deathfire Touch","Manaflow Band|Transcendence|Scorch","Precision","Presence of Mind|Legend: Haste","Adaptive Force|Health Scaling|Tenacity and Slow Resist","Flash|Ignite","mechanics_only","no"
"16.19.1","Elise","BOTTOM","JUNGLE","full","Jinx","Frozen Heart","Randuin's Omen|Mikael's Blessing","Ionian Boots of Lucidity","Deathfire Touch","Manaflow Band|Transcendence|Scorch","Resolve","Bone Plating|Overgrowth","Adaptive Force|Health Scaling|Tenacity and Slow Resist","Flash|Heal","mechanics_only","no"
"16.19.1","Elise","UTILITY","JUNGLE","full","Thresh","Imperial Mandate","Mikael's Blessing|Randuin's Omen","Ionian Boots of Lucidity","Deathfire Touch","Manaflow Band|Transcendence|Scorch","Precision","Presence of Mind|Cut Down","Adaptive Force|Health Scaling|Tenacity and Slow Resist","Flash|Ignite","mechanics_only","no"
"16.19.1","Evelynn","TOP","JUNGLE","full","Garen","Malignance","Zhonya's Hourglass|Banshee's Veil","Ionian Boots of Lucidity","Grasp of the Undying","Font of Life|Second Wind|Overgrowth","Sorcery","Manaflow Band|Transcendence","Ability Haste|Health Scaling|Tenacity and Slow Resist","Flash|Teleport","mechanics_only","no"
"16.19.1","Evelynn","JUNGLE","JUNGLE","full","LeeSin","Malignance","Zhonya's Hourglass|Banshee's Veil","Ionian Boots of Lucidity","Deathfire Touch","Manaflow Band|Transcendence|Scorch","Resolve","Second Wind|Font of Life","Ability Haste|Health Scaling|Tenacity and Slow Resist","Smite|Flash","mechanics_only","no"
"16.19.1","Evelynn","MIDDLE","JUNGLE","full","Ahri","Malignance","Banshee's Veil|Randuin's Omen","Ionian Boots of Lucidity","Deathfire Touch","Manaflow Band|Transcendence|Scorch","Resolve","Second Wind|Font of Life","Ability Haste|Health Scaling|Tenacity and Slow Resist","Flash|Ignite","mechanics_only","no"
"16.19.1","Evelynn","BOTTOM","JUNGLE","full","Jinx","Malignance","Zhonya's Hourglass|Randuin's Omen","Ionian Boots of Lucidity","Grasp of the Undying","Font of Life|Second Wind|Overgrowth","Sorcery","Manaflow Band|Transcendence","Ability Haste|Health Scaling|Tenacity and Slow Resist","Flash|Heal","mechanics_only","no"
"16.19.1","Evelynn","UTILITY","JUNGLE","full","Thresh","Imperial Mandate","Mikael's Blessing|Malignance","Ionian Boots of Lucidity","Summon Aery","Manaflow Band|Transcendence|Scorch","Resolve","Font of Life|Second Wind","Ability Haste|Health Scaling|Tenacity and Slow Resist","Flash|Ignite","mechanics_only","no"
"16.19.1","Ezreal","TOP","BOTTOM","full","Garen","Essence Reaver","Eclipse|Serpent's Fang","Ionian Boots of Lucidity","Deathfire Touch","Manaflow Band|Transcendence|Scorch","Domination","Sudden Impact|Deep Ward","Adaptive Force|Adaptive Force|Tenacity and Slow Resist","Flash|Ignite","mechanics_only","no"
"16.19.1","Ezreal","JUNGLE","BOTTOM","full","LeeSin","Essence Reaver","Eclipse|Serpent's Fang","Ionian Boots of Lucidity","Deathfire Touch","Manaflow Band|Transcendence|Scorch","Domination","Sudden Impact|Sixth Sense","Adaptive Force|Adaptive Force|Tenacity and Slow Resist","Smite|Flash","mechanics_only","no"
"16.19.1","Ezreal","MIDDLE","BOTTOM","full","Ahri","Essence Reaver","Eclipse|Serpent's Fang","Ionian Boots of Lucidity","Deathfire Touch","Manaflow Band|Transcendence|Scorch","Domination","Sudden Impact|Relentless Hunter","Adaptive Force|Adaptive Force|Tenacity and Slow Resist","Flash|Ignite","mechanics_only","no"
"16.19.1","Ezreal","BOTTOM","BOTTOM","full","Jinx","Essence Reaver","Eclipse|Serpent's Fang","Ionian Boots of Lucidity","Deathfire Touch","Manaflow Band|Transcendence|Scorch","Domination","Sudden Impact|Deep Ward","Adaptive Force|Adaptive Force|Tenacity and Slow Resist","Flash|Heal","mechanics_only","no"
"16.19.1","Ezreal","UTILITY","BOTTOM","full","Thresh","Essence Reaver","Serpent's Fang|Eclipse","Ionian Boots of Lucidity","Deathfire Touch","Manaflow Band|Transcendence|Scorch","Domination","Sudden Impact|Sixth Sense","Adaptive Force|Adaptive Force|Tenacity and Slow Resist","Flash|Ignite","mechanics_only","no"
"16.19.1","Fiddlesticks","TOP","JUNGLE","full","Garen","Malignance","Banshee's Veil|Lich Bane","Ionian Boots of Lucidity","Arcane Comet","Manaflow Band|Transcendence|Scorch","Precision","Cut Down|Legend: Haste","Adaptive Force|Adaptive Force|Tenacity and Slow Resist","Flash|Ignite","mechanics_only","no"
"16.19.1","Fiddlesticks","JUNGLE","JUNGLE","full","LeeSin","Malignance","Banshee's Veil|Lich Bane","Ionian Boots of Lucidity","Arcane Comet","Manaflow Band|Transcendence|Scorch","Precision","Legend: Haste|Presence of Mind","Adaptive Force|Adaptive Force|Tenacity and Slow Resist","Smite|Flash","mechanics_only","no"
"16.19.1","Fiddlesticks","MIDDLE","JUNGLE","full","Ahri","Malignance","Banshee's Veil|Lich Bane","Ionian Boots of Lucidity","Arcane Comet","Manaflow Band|Transcendence|Scorch","Precision","Legend: Haste|Presence of Mind","Adaptive Force|Adaptive Force|Tenacity and Slow Resist","Flash|Ignite","mechanics_only","no"
"16.19.1","Fiddlesticks","BOTTOM","JUNGLE","full","Jinx","Malignance","Banshee's Veil|Lich Bane","Ionian Boots of Lucidity","Arcane Comet","Manaflow Band|Transcendence|Scorch","Precision","Cut Down|Legend: Haste","Adaptive Force|Adaptive Force|Tenacity and Slow Resist","Flash|Heal","mechanics_only","no"
"16.19.1","Fiddlesticks","UTILITY","JUNGLE","full","Thresh","Malignance","Imperial Mandate|Banshee's Veil","Ionian Boots of Lucidity","Arcane Comet","Manaflow Band|Transcendence|Scorch","Precision","Legend: Haste|Presence of Mind","Adaptive Force|Adaptive Force|Tenacity and Slow Resist","Flash|Ignite","mechanics_only","no"
"16.19.1","Fiora","TOP","TOP","full","Garen","Kraken Slayer","Edge of Night|Serpent's Fang","Berserker's Greaves","Grasp of the Undying","Font of Life|Bone Plating|Overgrowth","Precision","Triumph|Legend: Bloodline","Adaptive Force|Adaptive Force|Tenacity and Slow Resist","Flash|Ignite","mechanics_only","no"
"16.19.1","Fiora","JUNGLE","TOP","full","LeeSin","Kraken Slayer","Edge of Night|Serpent's Fang","Berserker's Greaves","Grasp of the Undying","Font of Life|Bone Plating|Overgrowth","Sorcery","Manaflow Band|Gathering Storm","Adaptive Force|Adaptive Force|Tenacity and Slow Resist","Smite|Flash","mechanics_only","no"
"16.19.1","Fiora","MIDDLE","TOP","full","Ahri","Kraken Slayer","Edge of Night|Essence Reaver","Berserker's Greaves","Grasp of the Undying","Font of Life|Bone Plating|Overgrowth","Sorcery","Manaflow Band|Gathering Storm","Adaptive Force|Adaptive Force|Tenacity and Slow Resist","Flash|Ignite","mechanics_only","no"
"16.19.1","Fiora","BOTTOM","TOP","full","Jinx","Kraken Slayer","Edge of Night|Randuin's Omen","Berserker's Greaves","Grasp of the Undying","Font of Life|Bone Plating|Overgrowth","Precision","Triumph|Legend: Bloodline","Adaptive Force|Adaptive Force|Tenacity and Slow Resist","Flash|Ignite","mechanics_only","no"
"16.19.1","Fiora","UTILITY","TOP","full","Thresh","Eclipse","Mikael's Blessing|Serpent's Fang","Berserker's Greaves","Grasp of the Undying","Font of Life|Bone Plating|Overgrowth","Sorcery","Manaflow Band|Gathering Storm","Adaptive Force|Adaptive Force|Tenacity and Slow Resist","Flash|Ignite","mechanics_only","no"
"16.19.1","Fizz","TOP","MIDDLE","full","Garen","Malignance","Banshee's Veil|Lich Bane","Ionian Boots of Lucidity","Deathfire Touch","Manaflow Band|Transcendence|Scorch","Domination","Sudden Impact|Deep Ward","Adaptive Force|Adaptive Force|Tenacity and Slow Resist","Flash|Ignite","mechanics_only","no"
"16.19.1","Fizz","JUNGLE","MIDDLE","full","LeeSin","Malignance","Banshee's Veil|Lich Bane","Ionian Boots of Lucidity","Deathfire Touch","Manaflow Band|Transcendence|Scorch","Domination","Sudden Impact|Sixth Sense","Adaptive Force|Adaptive Force|Tenacity and Slow Resist","Smite|Flash","mechanics_only","no"
"16.19.1","Fizz","MIDDLE","MIDDLE","full","Ahri","Malignance","Banshee's Veil|Lich Bane","Ionian Boots of Lucidity","Deathfire Touch","Manaflow Band|Transcendence|Scorch","Precision","Presence of Mind|Legend: Haste","Adaptive Force|Adaptive Force|Tenacity and Slow Resist","Flash|Ignite","mechanics_only","no"
"16.19.1","Fizz","BOTTOM","MIDDLE","full","Jinx","Malignance","Banshee's Veil|Lich Bane","Ionian Boots of Lucidity","Deathfire Touch","Manaflow Band|Transcendence|Scorch","Domination","Sudden Impact|Deep Ward","Adaptive Force|Adaptive Force|Tenacity and Slow Resist","Flash|Ignite","mechanics_only","no"
"16.19.1","Fizz","UTILITY","MIDDLE","full","Thresh","Malignance","Banshee's Veil|Imperial Mandate","Ionian Boots of Lucidity","Deathfire Touch","Manaflow Band|Transcendence|Scorch","Domination","Sudden Impact|Sixth Sense","Adaptive Force|Adaptive Force|Tenacity and Slow Resist","Flash|Ignite","mechanics_only","no"
"16.19.1","Galio","TOP","MIDDLE|SUPPORT","full","Garen","Zeke's Convergence","Randuin's Omen|Frozen Heart","Plated Steelcaps","Deathfire Touch","Manaflow Band|Transcendence|Scorch","Resolve","Second Wind|Overgrowth","Ability Haste|Health Scaling|Tenacity and Slow Resist","Flash|Teleport","mechanics_only","no"
"16.19.1","Galio","JUNGLE","MIDDLE|SUPPORT","full","LeeSin","Zeke's Convergence","Randuin's Omen|Frozen Heart","Plated Steelcaps","Deathfire Touch","Manaflow Band|Transcendence|Scorch","Resolve","Second Wind|Overgrowth","Ability Haste|Health Scaling|Tenacity and Slow Resist","Smite|Flash","mechanics_only","no"
"16.19.1","Galio","MIDDLE","MIDDLE|SUPPORT","full","Ahri","Zeke's Convergence","Randuin's Omen|Kaenic Rookern","Plated Steelcaps","Deathfire Touch","Manaflow Band|Transcendence|Scorch","Resolve","Second Wind|Overgrowth","Ability Haste|Health Scaling|Tenacity and Slow Resist","Flash|Ignite","mechanics_only","no"
"16.19.1","Galio","BOTTOM","MIDDLE|SUPPORT","full","Jinx","Randuin's Omen","Zeke's Convergence|Frozen Heart","Plated Steelcaps","Deathfire Touch","Manaflow Band|Transcendence|Scorch","Resolve","Second Wind|Overgrowth","Ability Haste|Health Scaling|Tenacity and Slow Resist","Flash|Heal","mechanics_only","no"
"16.19.1","Galio","UTILITY","MIDDLE|SUPPORT","full","Thresh","Locket of the Iron Solari","Randuin's Omen|Mikael's Blessing","Plated Steelcaps","Deathfire Touch","Manaflow Band|Transcendence|Scorch","Resolve","Second Wind|Overgrowth","Ability Haste|Health Scaling|Tenacity and Slow Resist","Flash|Ignite","mechanics_only","no"
"16.19.1","Gangplank","TOP","TOP","full","Garen","Malignance","Lich Bane|Banshee's Veil","Ionian Boots of Lucidity","Summon Aery","Manaflow Band|Transcendence|Scorch","Precision","Cut Down|Presence of Mind","Adaptive Force|Adaptive Force|Tenacity and Slow Resist","Flash|Ignite","mechanics_only","no"
"16.19.1","Gangplank","JUNGLE","TOP","full","LeeSin","Malignance","Lich Bane|Banshee's Veil","Ionian Boots of Lucidity","Summon Aery","Manaflow Band|Transcendence|Scorch","Precision","Presence of Mind|Cut Down","Adaptive Force|Adaptive Force|Tenacity and Slow Resist","Smite|Flash","mechanics_only","no"
"16.19.1","Gangplank","MIDDLE","TOP","full","Ahri","Malignance","Lich Bane|Banshee's Veil","Ionian Boots of Lucidity","Summon Aery","Manaflow Band|Transcendence|Scorch","Precision","Presence of Mind|Legend: Haste","Adaptive Force|Adaptive Force|Tenacity and Slow Resist","Flash|Ignite","mechanics_only","no"
"16.19.1","Gangplank","BOTTOM","TOP","full","Jinx","Malignance","Lich Bane|Banshee's Veil","Ionian Boots of Lucidity","Summon Aery","Manaflow Band|Transcendence|Scorch","Precision","Cut Down|Presence of Mind","Adaptive Force|Adaptive Force|Tenacity and Slow Resist","Flash|Ignite","mechanics_only","no"
"16.19.1","Gangplank","UTILITY","TOP","full","Thresh","Imperial Mandate","Malignance|Lich Bane","Ionian Boots of Lucidity","Summon Aery","Manaflow Band|Transcendence|Scorch","Precision","Presence of Mind|Cut Down","Adaptive Force|Adaptive Force|Tenacity and Slow Resist","Flash|Ignite","mechanics_only","no"
"16.19.1","Garen","TOP","TOP","full","Garen","Randuin's Omen","Zeke's Convergence|Warmog's Armor","Plated Steelcaps","Grasp of the Undying","Demolish|Second Wind|Overgrowth","Sorcery","Transcendence|Scorch","Ability Haste|Health Scaling|Tenacity and Slow Resist","Flash|Teleport","mechanics_only","no"
"16.19.1","Garen","JUNGLE","TOP","full","LeeSin","Randuin's Omen","Zeke's Convergence|Warmog's Armor","Plated Steelcaps","Grasp of the Undying","Demolish|Bone Plating|Overgrowth","Sorcery","Transcendence|Scorch","Ability Haste|Health Scaling|Tenacity and Slow Resist","Smite|Flash","mechanics_only","no"
"16.19.1","Garen","MIDDLE","TOP","full","Ahri","Zeke's Convergence","Randuin's Omen|Kaenic Rookern","Plated Steelcaps","Grasp of the Undying","Demolish|Bone Plating|Overgrowth","Sorcery","Transcendence|Scorch","Ability Haste|Health Scaling|Tenacity and Slow Resist","Flash|Ignite","mechanics_only","no"
"16.19.1","Garen","BOTTOM","TOP","full","Jinx","Randuin's Omen","Zeke's Convergence|Warmog's Armor","Plated Steelcaps","Grasp of the Undying","Shield Bash|Bone Plating|Overgrowth","Sorcery","Transcendence|Scorch","Ability Haste|Health Scaling|Tenacity and Slow Resist","Flash|Heal","mechanics_only","no"
"16.19.1","Garen","UTILITY","TOP","full","Thresh","Locket of the Iron Solari","Randuin's Omen|Mikael's Blessing","Plated Steelcaps","Grasp of the Undying","Demolish|Bone Plating|Overgrowth","Sorcery","Transcendence|Scorch","Ability Haste|Health Scaling|Tenacity and Slow Resist","Flash|Ignite","mechanics_only","no"
"16.19.1","Gnar","TOP","TOP","full","Garen","Eclipse","Edge of Night|Serpent's Fang","Ionian Boots of Lucidity","Lethal Tempo","Triumph|Legend: Alacrity|Cut Down","Resolve","Bone Plating|Demolish","Adaptive Force|Adaptive Force|Tenacity and Slow Resist","Flash|Ignite","mechanics_only","no"
"16.19.1","Gnar","JUNGLE","TOP","full","LeeSin","Eclipse","Edge of Night|Serpent's Fang","Ionian Boots of Lucidity","Hail of Blades","Sudden Impact|Sixth Sense|Relentless Hunter","Resolve","Bone Plating|Demolish","Adaptive Force|Adaptive Force|Tenacity and Slow Resist","Smite|Flash","mechanics_only","no"
"16.19.1","Gnar","MIDDLE","TOP","full","Ahri","Eclipse","Edge of Night|Serpent's Fang","Ionian Boots of Lucidity","Hail of Blades","Sudden Impact|Sixth Sense|Relentless Hunter","Resolve","Bone Plating|Demolish","Adaptive Force|Adaptive Force|Tenacity and Slow Resist","Flash|Ignite","mechanics_only","no"
"16.19.1","Gnar","BOTTOM","TOP","full","Jinx","Eclipse","Edge of Night|Serpent's Fang","Ionian Boots of Lucidity","Grasp of the Undying","Shield Bash|Bone Plating|Overgrowth","Sorcery","Transcendence|Scorch","Adaptive Force|Adaptive Force|Tenacity and Slow Resist","Flash|Heal","mechanics_only","no"
"16.19.1","Gnar","UTILITY","TOP","full","Thresh","Eclipse","Edge of Night|Serpent's Fang","Ionian Boots of Lucidity","Hail of Blades","Sudden Impact|Sixth Sense|Relentless Hunter","Resolve","Bone Plating|Font of Life","Adaptive Force|Adaptive Force|Tenacity and Slow Resist","Flash|Exhaust","mechanics_only","no"
"16.19.1","Gragas","TOP","JUNGLE|MIDDLE|TOP","full","Garen","Frozen Heart","Randuin's Omen|Zeke's Convergence","Plated Steelcaps","Grasp of the Undying","Demolish|Second Wind|Overgrowth","Sorcery","Manaflow Band|Transcendence","Ability Haste|Health Scaling|Tenacity and Slow Resist","Flash|Teleport","mechanics_only","no"
"16.19.1","Gragas","JUNGLE","JUNGLE|MIDDLE|TOP","full","LeeSin","Frozen Heart","Randuin's Omen|Zeke's Convergence","Plated Steelcaps","Deathfire Touch","Manaflow Band|Transcendence|Scorch","Resolve","Second Wind|Overgrowth","Ability Haste|Health Scaling|Tenacity and Slow Resist","Smite|Flash","mechanics_only","no"
"16.19.1","Gragas","MIDDLE","JUNGLE|MIDDLE|TOP","full","Ahri","Zeke's Convergence","Randuin's Omen|Frozen Heart","Plated Steelcaps","Deathfire Touch","Manaflow Band|Transcendence|Scorch","Resolve","Second Wind|Overgrowth","Ability Haste|Health Scaling|Tenacity and Slow Resist","Flash|Ignite","mechanics_only","no"
"16.19.1","Gragas","BOTTOM","JUNGLE|MIDDLE|TOP","full","Jinx","Randuin's Omen","Frozen Heart|Zeke's Convergence","Plated Steelcaps","Grasp of the Undying","Shield Bash|Second Wind|Overgrowth","Sorcery","Manaflow Band|Transcendence","Ability Haste|Health Scaling|Tenacity and Slow Resist","Flash|Heal","mechanics_only","no"
"16.19.1","Gragas","UTILITY","JUNGLE|MIDDLE|TOP","full","Thresh","Locket of the Iron Solari","Mikael's Blessing|Randuin's Omen","Plated Steelcaps","Deathfire Touch","Manaflow Band|Transcendence|Scorch","Resolve","Second Wind|Overgrowth","Ability Haste|Health Scaling|Tenacity and Slow Resist","Flash|Ignite","mechanics_only","no"
"16.19.1","Graves","TOP","JUNGLE","full","Garen","Essence Reaver","Edge of Night|Kraken Slayer","Berserker's Greaves","Grasp of the Undying","Demolish|Bone Plating|Overgrowth","Precision","Presence of Mind|Cut Down","Adaptive Force|Adaptive Force|Tenacity and Slow Resist","Flash|Ignite","mechanics_only","no"
"16.19.1","Graves","JUNGLE","JUNGLE","full","LeeSin","Essence Reaver","Edge of Night|Kraken Slayer","Berserker's Greaves","Grasp of the Undying","Demolish|Bone Plating|Overgrowth","Sorcery","Manaflow Band|Celerity","Adaptive Force|Adaptive Force|Tenacity and Slow Resist","Smite|Flash","mechanics_only","no"
"16.19.1","Graves","MIDDLE","JUNGLE","full","Ahri","Essence Reaver","Mercurial Scimitar|Kraken Slayer","Berserker's Greaves","Grasp of the Undying","Demolish|Bone Plating|Overgrowth","Sorcery","Manaflow Band|Transcendence","Adaptive Force|Adaptive Force|Tenacity and Slow Resist","Flash|Ignite","mechanics_only","no"
"16.19.1","Graves","BOTTOM","JUNGLE","full","Jinx","Essence Reaver","Edge of Night|Kraken Slayer","Berserker's Greaves","Grasp of the Undying","Shield Bash|Bone Plating|Overgrowth","Precision","Presence of Mind|Cut Down","Adaptive Force|Adaptive Force|Tenacity and Slow Resist","Flash|Heal","mechanics_only","no"
"16.19.1","Graves","UTILITY","JUNGLE","full","Thresh","Essence Reaver","Edge of Night|Eclipse","Berserker's Greaves","Grasp of the Undying","Demolish|Bone Plating|Overgrowth","Sorcery","Manaflow Band|Transcendence","Adaptive Force|Adaptive Force|Tenacity and Slow Resist","Flash|Ignite","mechanics_only","no"
"16.19.1","Gwen","TOP","JUNGLE|TOP","full","Garen","Malignance","Zhonya's Hourglass|Banshee's Veil","Ionian Boots of Lucidity","Grasp of the Undying","Demolish|Second Wind|Overgrowth","Sorcery","Manaflow Band|Transcendence","Adaptive Force|Adaptive Force|Tenacity and Slow Resist","Flash|Ignite","mechanics_only","no"
"16.19.1","Gwen","JUNGLE","JUNGLE|TOP","full","LeeSin","Malignance","Zhonya's Hourglass|Banshee's Veil","Ionian Boots of Lucidity","Grasp of the Undying","Demolish|Bone Plating|Overgrowth","Sorcery","Manaflow Band|Transcendence","Adaptive Force|Adaptive Force|Tenacity and Slow Resist","Smite|Flash","mechanics_only","no"
"16.19.1","Gwen","MIDDLE","JUNGLE|TOP","full","Ahri","Malignance","Banshee's Veil|Randuin's Omen","Ionian Boots of Lucidity","Grasp of the Undying","Demolish|Bone Plating|Overgrowth","Sorcery","Manaflow Band|Transcendence","Adaptive Force|Adaptive Force|Tenacity and Slow Resist","Flash|Ignite","mechanics_only","no"
"16.19.1","Gwen","BOTTOM","JUNGLE|TOP","full","Jinx","Malignance","Zhonya's Hourglass|Banshee's Veil","Ionian Boots of Lucidity","Grasp of the Undying","Shield Bash|Bone Plating|Overgrowth","Sorcery","Manaflow Band|Transcendence","Adaptive Force|Adaptive Force|Tenacity and Slow Resist","Flash|Ignite","mechanics_only","no"
"16.19.1","Gwen","UTILITY","JUNGLE|TOP","full","Thresh","Imperial Mandate","Malignance|Banshee's Veil","Ionian Boots of Lucidity","Grasp of the Undying","Demolish|Bone Plating|Overgrowth","Sorcery","Manaflow Band|Transcendence","Adaptive Force|Adaptive Force|Tenacity and Slow Resist","Flash|Ignite","mechanics_only","no"
"16.19.1","Hecarim","TOP","JUNGLE","full","Garen","Essence Reaver","Randuin's Omen|Mikael's Blessing","Ionian Boots of Lucidity","Grasp of the Undying","Font of Life|Second Wind|Overgrowth","Sorcery","Manaflow Band|Transcendence","Adaptive Force|Health Scaling|Tenacity and Slow Resist","Flash|Teleport","mechanics_only","no"
"16.19.1","Hecarim","JUNGLE","JUNGLE","full","LeeSin","Essence Reaver","Randuin's Omen|Mikael's Blessing","Ionian Boots of Lucidity","Aftershock","Font of Life|Bone Plating|Overgrowth","Sorcery","Manaflow Band|Transcendence","Adaptive Force|Health Scaling|Tenacity and Slow Resist","Smite|Flash","mechanics_only","no"
"16.19.1","Hecarim","MIDDLE","JUNGLE","full","Ahri","Essence Reaver","Randuin's Omen|Mikael's Blessing","Ionian Boots of Lucidity","Aftershock","Font of Life|Bone Plating|Overgrowth","Sorcery","Manaflow Band|Transcendence","Adaptive Force|Health Scaling|Tenacity and Slow Resist","Flash|Ignite","mechanics_only","no"
"16.19.1","Hecarim","BOTTOM","JUNGLE","full","Jinx","Essence Reaver","Randuin's Omen|Zhonya's Hourglass","Ionian Boots of Lucidity","Grasp of the Undying","Font of Life|Bone Plating|Overgrowth","Sorcery","Manaflow Band|Transcendence","Adaptive Force|Health Scaling|Tenacity and Slow Resist","Flash|Heal","mechanics_only","no"
"16.19.1","Hecarim","UTILITY","JUNGLE","full","Thresh","Imperial Mandate","Mikael's Blessing|Randuin's Omen","Ionian Boots of Lucidity","Aftershock","Font of Life|Bone Plating|Overgrowth","Sorcery","Manaflow Band|Transcendence","Adaptive Force|Health Scaling|Tenacity and Slow Resist","Flash|Ignite","mechanics_only","no"
"16.19.1","Heimerdinger","TOP","MIDDLE|SUPPORT|TOP","full","Garen","Malignance","Banshee's Veil|Lich Bane","Ionian Boots of Lucidity","Arcane Comet","Manaflow Band|Transcendence|Scorch","Precision","Presence of Mind|Cut Down","Adaptive Force|Adaptive Force|Tenacity and Slow Resist","Flash|Ignite","mechanics_only","no"
"16.19.1","Heimerdinger","JUNGLE","MIDDLE|SUPPORT|TOP","full","LeeSin","Malignance","Banshee's Veil|Lich Bane","Ionian Boots of Lucidity","Arcane Comet","Manaflow Band|Transcendence|Scorch","Precision","Presence of Mind|Legend: Haste","Adaptive Force|Adaptive Force|Tenacity and Slow Resist","Smite|Flash","mechanics_only","no"
"16.19.1","Heimerdinger","MIDDLE","MIDDLE|SUPPORT|TOP","full","Ahri","Malignance","Banshee's Veil|Lich Bane","Ionian Boots of Lucidity","Arcane Comet","Manaflow Band|Transcendence|Scorch","Precision","Presence of Mind|Legend: Haste","Adaptive Force|Adaptive Force|Tenacity and Slow Resist","Flash|Ignite","mechanics_only","no"
"16.19.1","Heimerdinger","BOTTOM","MIDDLE|SUPPORT|TOP","full","Jinx","Malignance","Banshee's Veil|Lich Bane","Ionian Boots of Lucidity","Summon Aery","Manaflow Band|Transcendence|Scorch","Precision","Presence of Mind|Cut Down","Adaptive Force|Adaptive Force|Tenacity and Slow Resist","Flash|Heal","mechanics_only","no"
"16.19.1","Heimerdinger","UTILITY","MIDDLE|SUPPORT|TOP","full","Thresh","Malignance","Imperial Mandate|Banshee's Veil","Ionian Boots of Lucidity","Summon Aery","Manaflow Band|Transcendence|Scorch","Precision","Presence of Mind|Legend: Haste","Adaptive Force|Adaptive Force|Tenacity and Slow Resist","Flash|Ignite","mechanics_only","no"
"16.19.1","Hwei","TOP","MIDDLE|SUPPORT","full","Garen","Malignance","Banshee's Veil|Lich Bane","Ionian Boots of Lucidity","Deathfire Touch","Manaflow Band|Transcendence|Scorch","Precision","Presence of Mind|Cut Down","Adaptive Force|Adaptive Force|Tenacity and Slow Resist","Flash|Ignite","mechanics_only","no"
"16.19.1","Hwei","JUNGLE","MIDDLE|SUPPORT","full","LeeSin","Malignance","Banshee's Veil|Lich Bane","Ionian Boots of Lucidity","Deathfire Touch","Manaflow Band|Transcendence|Scorch","Precision","Presence of Mind|Legend: Haste","Adaptive Force|Adaptive Force|Tenacity and Slow Resist","Smite|Flash","mechanics_only","no"
"16.19.1","Hwei","MIDDLE","MIDDLE|SUPPORT","full","Ahri","Malignance","Banshee's Veil|Lich Bane","Ionian Boots of Lucidity","Deathfire Touch","Manaflow Band|Transcendence|Scorch","Precision","Presence of Mind|Legend: Haste","Adaptive Force|Adaptive Force|Tenacity and Slow Resist","Flash|Ignite","mechanics_only","no"
"16.19.1","Hwei","BOTTOM","MIDDLE|SUPPORT","full","Jinx","Malignance","Banshee's Veil|Lich Bane","Ionian Boots of Lucidity","Summon Aery","Manaflow Band|Transcendence|Scorch","Precision","Presence of Mind|Cut Down","Adaptive Force|Adaptive Force|Tenacity and Slow Resist","Flash|Heal","mechanics_only","no"
"16.19.1","Hwei","UTILITY","MIDDLE|SUPPORT","full","Thresh","Malignance","Banshee's Veil|Imperial Mandate","Ionian Boots of Lucidity","Summon Aery","Manaflow Band|Transcendence|Scorch","Resolve","Font of Life|Bone Plating","Adaptive Force|Adaptive Force|Tenacity and Slow Resist","Flash|Ignite","mechanics_only","no"
"16.19.1","Illaoi","TOP","TOP","full","Garen","Eclipse","Serpent's Fang|Edge of Night","Ionian Boots of Lucidity","Grasp of the Undying","Font of Life|Second Wind|Overgrowth","Sorcery","Manaflow Band|Transcendence","Adaptive Force|Adaptive Force|Tenacity and Slow Resist","Flash|Ignite","mechanics_only","no"
"16.19.1","Illaoi","JUNGLE","TOP","full","LeeSin","Eclipse","Edge of Night|Serpent's Fang","Ionian Boots of Lucidity","Deathfire Touch","Manaflow Band|Transcendence|Scorch","Resolve","Bone Plating|Overgrowth","Adaptive Force|Adaptive Force|Tenacity and Slow Resist","Smite|Flash","mechanics_only","no"
"16.19.1","Illaoi","MIDDLE","TOP","full","Ahri","Eclipse","Edge of Night|Serpent's Fang","Ionian Boots of Lucidity","Deathfire Touch","Manaflow Band|Transcendence|Scorch","Resolve","Bone Plating|Overgrowth","Adaptive Force|Adaptive Force|Tenacity and Slow Resist","Flash|Ignite","mechanics_only","no"
"16.19.1","Illaoi","BOTTOM","TOP","full","Jinx","Eclipse","Edge of Night|Serpent's Fang","Ionian Boots of Lucidity","Grasp of the Undying","Font of Life|Bone Plating|Overgrowth","Sorcery","Manaflow Band|Transcendence","Adaptive Force|Adaptive Force|Tenacity and Slow Resist","Flash|Ignite","mechanics_only","no"
"16.19.1","Illaoi","UTILITY","TOP","full","Thresh","Eclipse","Serpent's Fang|Edge of Night","Ionian Boots of Lucidity","Aftershock","Font of Life|Bone Plating|Overgrowth","Sorcery","Manaflow Band|Transcendence","Adaptive Force|Adaptive Force|Tenacity and Slow Resist","Flash|Ignite","mechanics_only","no"
"16.19.1","Irelia","TOP","MIDDLE|TOP","full","Garen","Eclipse","Randuin's Omen|Mikael's Blessing","Mercury's Treads","Grasp of the Undying","Font of Life|Second Wind|Overgrowth","Domination","Sudden Impact|Deep Ward","Attack Speed|Health Scaling|Tenacity and Slow Resist","Flash|Teleport","mechanics_only","no"
"16.19.1","Irelia","JUNGLE","MIDDLE|TOP","full","LeeSin","Mikael's Blessing","Randuin's Omen|Zhonya's Hourglass","Plated Steelcaps","Grasp of the Undying","Font of Life|Bone Plating|Overgrowth","Domination","Sudden Impact|Sixth Sense","Attack Speed|Health Scaling|Tenacity and Slow Resist","Smite|Flash","mechanics_only","no"
"16.19.1","Irelia","MIDDLE","MIDDLE|TOP","full","Ahri","Eclipse","Randuin's Omen|Mikael's Blessing","Mercury's Treads","Grasp of the Undying","Font of Life|Bone Plating|Overgrowth","Domination","Sudden Impact|Relentless Hunter","Attack Speed|Health Scaling|Tenacity and Slow Resist","Flash|Ignite","mechanics_only","no"
"16.19.1","Irelia","BOTTOM","MIDDLE|TOP","full","Jinx","Randuin's Omen","Zhonya's Hourglass|Mikael's Blessing","Mercury's Treads","Grasp of the Undying","Font of Life|Bone Plating|Overgrowth","Domination","Sudden Impact|Deep Ward","Attack Speed|Health Scaling|Tenacity and Slow Resist","Flash|Heal","mechanics_only","no"
"16.19.1","Irelia","UTILITY","MIDDLE|TOP","full","Thresh","Imperial Mandate","Mikael's Blessing|Randuin's Omen","Mercury's Treads","Grasp of the Undying","Font of Life|Bone Plating|Overgrowth","Domination","Sudden Impact|Sixth Sense","Attack Speed|Health Scaling|Tenacity and Slow Resist","Flash|Ignite","mechanics_only","no"
"16.19.1","Ivern","TOP","JUNGLE","full","Garen","Redemption","Mikael's Blessing|Essence Reaver","Ionian Boots of Lucidity","Lethal Tempo","Presence of Mind|Legend: Alacrity|Cut Down","Resolve","Font of Life|Bone Plating","Attack Speed|Move Speed|Tenacity and Slow Resist","Flash|Teleport","mechanics_only","no"
"16.19.1","Ivern","JUNGLE","JUNGLE","full","LeeSin","Redemption","Mikael's Blessing|Essence Reaver","Ionian Boots of Lucidity","Lethal Tempo","Presence of Mind|Legend: Alacrity|Cut Down","Resolve","Font of Life|Bone Plating","Attack Speed|Move Speed|Tenacity and Slow Resist","Smite|Flash","mechanics_only","no"
"16.19.1","Ivern","MIDDLE","JUNGLE","full","Ahri","Redemption","Mikael's Blessing|Essence Reaver","Ionian Boots of Lucidity","Lethal Tempo","Presence of Mind|Legend: Alacrity|Cut Down","Resolve","Font of Life|Bone Plating","Attack Speed|Move Speed|Tenacity and Slow Resist","Flash|Cleanse","mechanics_only","no"
"16.19.1","Ivern","BOTTOM","JUNGLE","full","Jinx","Redemption","Mikael's Blessing|Essence Reaver","Ionian Boots of Lucidity","Lethal Tempo","Presence of Mind|Legend: Alacrity|Cut Down","Resolve","Font of Life|Bone Plating","Attack Speed|Move Speed|Tenacity and Slow Resist","Flash|Heal","mechanics_only","no"
"16.19.1","Ivern","UTILITY","JUNGLE","full","Thresh","Redemption","Mikael's Blessing|Essence Reaver","Ionian Boots of Lucidity","Lethal Tempo","Presence of Mind|Legend: Alacrity|Cut Down","Resolve","Font of Life|Bone Plating","Attack Speed|Move Speed|Tenacity and Slow Resist","Flash|Exhaust","mechanics_only","no"
"16.19.1","Janna","TOP","SUPPORT","full","Garen","Redemption","Mikael's Blessing|Dawncore","Ionian Boots of Lucidity","Summon Aery","Manaflow Band|Transcendence|Scorch","Resolve","Font of Life|Overgrowth","Ability Haste|Move Speed|Tenacity and Slow Resist","Flash|Teleport","mechanics_only","no"
"16.19.1","Janna","JUNGLE","SUPPORT","full","LeeSin","Redemption","Mikael's Blessing|Dawncore","Ionian Boots of Lucidity","Summon Aery","Manaflow Band|Transcendence|Scorch","Resolve","Font of Life|Overgrowth","Ability Haste|Move Speed|Tenacity and Slow Resist","Smite|Flash","mechanics_only","no"
"16.19.1","Janna","MIDDLE","SUPPORT","full","Ahri","Redemption","Mikael's Blessing|Dawncore","Ionian Boots of Lucidity","Summon Aery","Manaflow Band|Transcendence|Scorch","Resolve","Font of Life|Overgrowth","Ability Haste|Move Speed|Tenacity and Slow Resist","Flash|Exhaust","mechanics_only","no"
"16.19.1","Janna","BOTTOM","SUPPORT","full","Jinx","Redemption","Mikael's Blessing|Dawncore","Ionian Boots of Lucidity","Summon Aery","Manaflow Band|Transcendence|Scorch","Resolve","Font of Life|Overgrowth","Ability Haste|Move Speed|Tenacity and Slow Resist","Flash|Heal","mechanics_only","no"
"16.19.1","Janna","UTILITY","SUPPORT","full","Thresh","Redemption","Mikael's Blessing|Echoes of Helia","Ionian Boots of Lucidity","Summon Aery","Manaflow Band|Transcendence|Scorch","Resolve","Font of Life|Overgrowth","Ability Haste|Move Speed|Tenacity and Slow Resist","Flash|Exhaust","mechanics_only","no"
"16.19.1","JarvanIV","TOP","JUNGLE","full","Garen","Essence Reaver","Randuin's Omen|Edge of Night","Ionian Boots of Lucidity","Grasp of the Undying","Font of Life|Second Wind|Overgrowth","Sorcery","Manaflow Band|Transcendence","Adaptive Force|Health Scaling|Tenacity and Slow Resist","Flash|Teleport","mechanics_only","no"
"16.19.1","JarvanIV","JUNGLE","JUNGLE","full","LeeSin","Essence Reaver","Edge of Night|Randuin's Omen","Ionian Boots of Lucidity","Grasp of the Undying","Font of Life|Bone Plating|Overgrowth","Sorcery","Manaflow Band|Transcendence","Adaptive Force|Health Scaling|Tenacity and Slow Resist","Smite|Flash","mechanics_only","no"
"16.19.1","JarvanIV","MIDDLE","JUNGLE","full","Ahri","Essence Reaver","Edge of Night|Eclipse","Ionian Boots of Lucidity","Grasp of the Undying","Font of Life|Bone Plating|Overgrowth","Sorcery","Manaflow Band|Transcendence","Adaptive Force|Health Scaling|Tenacity and Slow Resist","Flash|Ignite","mechanics_only","no"
"16.19.1","JarvanIV","BOTTOM","JUNGLE","full","Jinx","Essence Reaver","Randuin's Omen|Edge of Night","Ionian Boots of Lucidity","Grasp of the Undying","Font of Life|Bone Plating|Overgrowth","Sorcery","Manaflow Band|Transcendence","Adaptive Force|Health Scaling|Tenacity and Slow Resist","Flash|Heal","mechanics_only","no"
"16.19.1","JarvanIV","UTILITY","JUNGLE","full","Thresh","Mikael's Blessing","Randuin's Omen|Essence Reaver","Ionian Boots of Lucidity","Grasp of the Undying","Font of Life|Bone Plating|Overgrowth","Sorcery","Manaflow Band|Transcendence","Adaptive Force|Health Scaling|Tenacity and Slow Resist","Flash|Ignite","mechanics_only","no"
"16.19.1","Jax","TOP","JUNGLE|TOP","full","Garen","Kraken Slayer","Mercurial Scimitar|Essence Reaver","Berserker's Greaves","Grasp of the Undying","Demolish|Bone Plating|Overgrowth","Sorcery","Manaflow Band|Gathering Storm","Adaptive Force|Adaptive Force|Tenacity and Slow Resist","Flash|Ignite","mechanics_only","no"
"16.19.1","Jax","JUNGLE","JUNGLE|TOP","full","LeeSin","Kraken Slayer","Mercurial Scimitar|Essence Reaver","Berserker's Greaves","Grasp of the Undying","Demolish|Bone Plating|Overgrowth","Sorcery","Manaflow Band|Gathering Storm","Adaptive Force|Adaptive Force|Tenacity and Slow Resist","Smite|Flash","mechanics_only","no"
"16.19.1","Jax","MIDDLE","JUNGLE|TOP","full","Ahri","Kraken Slayer","Mercurial Scimitar|Essence Reaver","Berserker's Greaves","Grasp of the Undying","Demolish|Bone Plating|Overgrowth","Sorcery","Manaflow Band|Gathering Storm","Adaptive Force|Adaptive Force|Tenacity and Slow Resist","Flash|Ignite","mechanics_only","no"
"16.19.1","Jax","BOTTOM","JUNGLE|TOP","full","Jinx","Kraken Slayer","Mercurial Scimitar|Essence Reaver","Berserker's Greaves","Grasp of the Undying","Shield Bash|Bone Plating|Overgrowth","Sorcery","Manaflow Band|Gathering Storm","Adaptive Force|Adaptive Force|Tenacity and Slow Resist","Flash|Ignite","mechanics_only","no"
"16.19.1","Jax","UTILITY","JUNGLE|TOP","full","Thresh","Kraken Slayer","Edge of Night|Serpent's Fang","Berserker's Greaves","Grasp of the Undying","Demolish|Bone Plating|Overgrowth","Sorcery","Manaflow Band|Gathering Storm","Adaptive Force|Adaptive Force|Tenacity and Slow Resist","Flash|Ignite","mechanics_only","no"
"16.19.1","Jayce","TOP","MIDDLE|TOP","full","Garen","Essence Reaver","Eclipse|Serpent's Fang","Berserker's Greaves","Hail of Blades","Sudden Impact|Deep Ward|Relentless Hunter","Sorcery","Manaflow Band|Transcendence","Adaptive Force|Adaptive Force|Tenacity and Slow Resist","Flash|Ignite","mechanics_only","no"
"16.19.1","Jayce","JUNGLE","MIDDLE|TOP","full","LeeSin","Essence Reaver","Eclipse|Serpent's Fang","Berserker's Greaves","Hail of Blades","Sudden Impact|Sixth Sense|Relentless Hunter","Sorcery","Manaflow Band|Transcendence","Adaptive Force|Adaptive Force|Tenacity and Slow Resist","Smite|Flash","mechanics_only","no"
"16.19.1","Jayce","MIDDLE","MIDDLE|TOP","full","Ahri","Essence Reaver","Eclipse|Serpent's Fang","Berserker's Greaves","Hail of Blades","Sudden Impact|Sixth Sense|Relentless Hunter","Sorcery","Manaflow Band|Transcendence","Adaptive Force|Adaptive Force|Tenacity and Slow Resist","Flash|Ignite","mechanics_only","no"
"16.19.1","Jayce","BOTTOM","MIDDLE|TOP","full","Jinx","Essence Reaver","Eclipse|Serpent's Fang","Berserker's Greaves","Aftershock","Font of Life|Bone Plating|Overgrowth","Sorcery","Manaflow Band|Transcendence","Adaptive Force|Adaptive Force|Tenacity and Slow Resist","Flash|Heal","mechanics_only","no"
"16.19.1","Jayce","UTILITY","MIDDLE|TOP","full","Thresh","Eclipse","Serpent's Fang|Essence Reaver","Berserker's Greaves","Summon Aery","Manaflow Band|Transcendence|Scorch","Resolve","Font of Life|Bone Plating","Adaptive Force|Adaptive Force|Tenacity and Slow Resist","Flash|Ignite","mechanics_only","no"
"16.19.1","Jhin","TOP","BOTTOM","full","Garen","Essence Reaver","Kraken Slayer|Infinity Edge","Berserker's Greaves","Grasp of the Undying","Demolish|Bone Plating|Overgrowth","Precision","Presence of Mind|Cut Down","Adaptive Force|Adaptive Force|Tenacity and Slow Resist","Flash|Ignite","mechanics_only","no"
"16.19.1","Jhin","JUNGLE","BOTTOM","full","LeeSin","Essence Reaver","Kraken Slayer|Infinity Edge","Berserker's Greaves","Aftershock","Demolish|Bone Plating|Overgrowth","Sorcery","Manaflow Band|Celerity","Adaptive Force|Adaptive Force|Tenacity and Slow Resist","Smite|Flash","mechanics_only","no"
"16.19.1","Jhin","MIDDLE","BOTTOM","full","Ahri","Essence Reaver","Kraken Slayer|Infinity Edge","Berserker's Greaves","Aftershock","Demolish|Bone Plating|Overgrowth","Sorcery","Manaflow Band|Transcendence","Adaptive Force|Adaptive Force|Tenacity and Slow Resist","Flash|Ignite","mechanics_only","no"
"16.19.1","Jhin","BOTTOM","BOTTOM","full","Jinx","Essence Reaver","Kraken Slayer|Infinity Edge","Berserker's Greaves","Grasp of the Undying","Shield Bash|Bone Plating|Overgrowth","Precision","Presence of Mind|Cut Down","Adaptive Force|Adaptive Force|Tenacity and Slow Resist","Flash|Heal","mechanics_only","no"
"16.19.1","Jhin","UTILITY","BOTTOM","full","Thresh","Essence Reaver","Eclipse|Serpent's Fang","Berserker's Greaves","Aftershock","Demolish|Bone Plating|Overgrowth","Sorcery","Manaflow Band|Transcendence","Adaptive Force|Adaptive Force|Tenacity and Slow Resist","Flash|Ignite","mechanics_only","no"
"16.19.1","Jinx","TOP","BOTTOM","full","Garen","Essence Reaver","Infinity Edge|Kraken Slayer","Berserker's Greaves","Lethal Tempo","Presence of Mind|Legend: Alacrity|Cut Down","Resolve","Bone Plating|Demolish","Adaptive Force|Adaptive Force|Tenacity and Slow Resist","Flash|Ignite","mechanics_only","no"
"16.19.1","Jinx","JUNGLE","BOTTOM","full","LeeSin","Essence Reaver","Infinity Edge|Kraken Slayer","Berserker's Greaves","Lethal Tempo","Presence of Mind|Legend: Alacrity|Cut Down","Resolve","Bone Plating|Demolish","Adaptive Force|Adaptive Force|Tenacity and Slow Resist","Smite|Flash","mechanics_only","no"
"16.19.1","Jinx","MIDDLE","BOTTOM","full","Ahri","Essence Reaver","Infinity Edge|Kraken Slayer","Berserker's Greaves","Lethal Tempo","Presence of Mind|Legend: Alacrity|Cut Down","Resolve","Bone Plating|Demolish","Adaptive Force|Adaptive Force|Tenacity and Slow Resist","Flash|Ignite","mechanics_only","no"
"16.19.1","Jinx","BOTTOM","BOTTOM","full","Jinx","Essence Reaver","Infinity Edge|Kraken Slayer","Berserker's Greaves","Lethal Tempo","Presence of Mind|Legend: Alacrity|Cut Down","Resolve","Bone Plating|Shield Bash","Adaptive Force|Adaptive Force|Tenacity and Slow Resist","Flash|Heal","mechanics_only","no"
"16.19.1","Jinx","UTILITY","BOTTOM","full","Thresh","Essence Reaver","Kraken Slayer|Serpent's Fang","Berserker's Greaves","Lethal Tempo","Presence of Mind|Legend: Alacrity|Cut Down","Resolve","Bone Plating|Demolish","Adaptive Force|Adaptive Force|Tenacity and Slow Resist","Flash|Ignite","mechanics_only","no"
"16.19.1","KSante","TOP","TOP","full","Garen","Randuin's Omen","Warmog's Armor|Heartsteel","Plated Steelcaps","Grasp of the Undying","Font of Life|Bone Plating|Overgrowth","Precision","Triumph|Legend: Bloodline","Attack Speed|Health Scaling|Tenacity and Slow Resist","Flash|Teleport","mechanics_only","no"
"16.19.1","KSante","JUNGLE","TOP","full","LeeSin","Randuin's Omen","Warmog's Armor|Heartsteel","Plated Steelcaps","Grasp of the Undying","Font of Life|Bone Plating|Overgrowth","Precision","Triumph|Legend: Bloodline","Attack Speed|Health Scaling|Tenacity and Slow Resist","Smite|Flash","mechanics_only","no"
"16.19.1","KSante","MIDDLE","TOP","full","Ahri","Warmog's Armor","Randuin's Omen|Kaenic Rookern","Plated Steelcaps","Grasp of the Undying","Font of Life|Bone Plating|Overgrowth","Precision","Triumph|Legend: Bloodline","Attack Speed|Health Scaling|Tenacity and Slow Resist","Flash|Ignite","mechanics_only","no"
"16.19.1","KSante","BOTTOM","TOP","full","Jinx","Randuin's Omen","Warmog's Armor|Heartsteel","Plated Steelcaps","Grasp of the Undying","Font of Life|Bone Plating|Overgrowth","Precision","Triumph|Legend: Bloodline","Attack Speed|Health Scaling|Tenacity and Slow Resist","Flash|Heal","mechanics_only","no"
"16.19.1","KSante","UTILITY","TOP","full","Thresh","Locket of the Iron Solari","Randuin's Omen|Mikael's Blessing","Plated Steelcaps","Aftershock","Font of Life|Bone Plating|Overgrowth","Precision","Triumph|Legend: Bloodline","Attack Speed|Health Scaling|Tenacity and Slow Resist","Flash|Ignite","mechanics_only","no"
"16.19.1","Kaisa","TOP","BOTTOM","full","Garen","Kraken Slayer","Phantom Dancer|Infinity Edge","Berserker's Greaves","Lethal Tempo","Presence of Mind|Legend: Alacrity|Cut Down","Resolve","Bone Plating|Demolish","Attack Speed|Adaptive Force|Tenacity and Slow Resist","Flash|Ignite","mechanics_only","no"
"16.19.1","Kaisa","JUNGLE","BOTTOM","full","LeeSin","Kraken Slayer","Phantom Dancer|Infinity Edge","Berserker's Greaves","Lethal Tempo","Presence of Mind|Legend: Alacrity|Cut Down","Resolve","Bone Plating|Demolish","Attack Speed|Adaptive Force|Tenacity and Slow Resist","Smite|Flash","mechanics_only","no"
"16.19.1","Kaisa","MIDDLE","BOTTOM","full","Ahri","Kraken Slayer","Phantom Dancer|Infinity Edge","Berserker's Greaves","Lethal Tempo","Presence of Mind|Legend: Alacrity|Cut Down","Resolve","Bone Plating|Demolish","Attack Speed|Adaptive Force|Tenacity and Slow Resist","Flash|Ignite","mechanics_only","no"
"16.19.1","Kaisa","BOTTOM","BOTTOM","full","Jinx","Kraken Slayer","Phantom Dancer|Infinity Edge","Berserker's Greaves","Lethal Tempo","Presence of Mind|Legend: Alacrity|Cut Down","Resolve","Bone Plating|Shield Bash","Attack Speed|Adaptive Force|Tenacity and Slow Resist","Flash|Heal","mechanics_only","no"
"16.19.1","Kaisa","UTILITY","BOTTOM","full","Thresh","Kraken Slayer","Phantom Dancer|Essence Reaver","Berserker's Greaves","Lethal Tempo","Presence of Mind|Legend: Alacrity|Cut Down","Resolve","Bone Plating|Demolish","Attack Speed|Adaptive Force|Tenacity and Slow Resist","Flash|Ignite","mechanics_only","no"
"16.19.1","Kalista","TOP","BOTTOM","full","Garen","Kraken Slayer","Essence Reaver|Infinity Edge","Berserker's Greaves","Lethal Tempo","Presence of Mind|Legend: Alacrity|Cut Down","Resolve","Bone Plating|Demolish","Adaptive Force|Adaptive Force|Tenacity and Slow Resist","Flash|Ignite","mechanics_only","no"
"16.19.1","Kalista","JUNGLE","BOTTOM","full","LeeSin","Kraken Slayer","Essence Reaver|Infinity Edge","Berserker's Greaves","Lethal Tempo","Presence of Mind|Legend: Alacrity|Cut Down","Resolve","Bone Plating|Demolish","Adaptive Force|Adaptive Force|Tenacity and Slow Resist","Smite|Flash","mechanics_only","no"
"16.19.1","Kalista","MIDDLE","BOTTOM","full","Ahri","Kraken Slayer","Essence Reaver|Infinity Edge","Berserker's Greaves","Lethal Tempo","Presence of Mind|Legend: Alacrity|Cut Down","Resolve","Bone Plating|Demolish","Adaptive Force|Adaptive Force|Tenacity and Slow Resist","Flash|Ignite","mechanics_only","no"
"16.19.1","Kalista","BOTTOM","BOTTOM","full","Jinx","Kraken Slayer","Essence Reaver|Infinity Edge","Berserker's Greaves","Lethal Tempo","Presence of Mind|Legend: Alacrity|Cut Down","Resolve","Bone Plating|Shield Bash","Adaptive Force|Adaptive Force|Tenacity and Slow Resist","Flash|Heal","mechanics_only","no"
"16.19.1","Kalista","UTILITY","BOTTOM","full","Thresh","Kraken Slayer","Serpent's Fang|Essence Reaver","Berserker's Greaves","Lethal Tempo","Presence of Mind|Legend: Alacrity|Cut Down","Resolve","Font of Life|Bone Plating","Adaptive Force|Adaptive Force|Tenacity and Slow Resist","Flash|Ignite","mechanics_only","no"
"16.19.1","Karma","TOP","MIDDLE|SUPPORT|TOP","full","Garen","Redemption","Banshee's Veil|Lich Bane","Ionian Boots of Lucidity","Summon Aery","Manaflow Band|Transcendence|Scorch","Resolve","Font of Life|Overgrowth","Ability Haste|Adaptive Force|Tenacity and Slow Resist","Flash|Ignite","mechanics_only","no"
"16.19.1","Karma","JUNGLE","MIDDLE|SUPPORT|TOP","full","LeeSin","Redemption","Banshee's Veil|Lich Bane","Ionian Boots of Lucidity","Summon Aery","Manaflow Band|Transcendence|Scorch","Resolve","Font of Life|Overgrowth","Ability Haste|Adaptive Force|Tenacity and Slow Resist","Smite|Flash","mechanics_only","no"
"16.19.1","Karma","MIDDLE","MIDDLE|SUPPORT|TOP","full","Ahri","Redemption","Banshee's Veil|Lich Bane","Ionian Boots of Lucidity","Summon Aery","Manaflow Band|Transcendence|Scorch","Precision","Legend: Haste|Presence of Mind","Ability Haste|Adaptive Force|Tenacity and Slow Resist","Flash|Ignite","mechanics_only","no"
"16.19.1","Karma","BOTTOM","MIDDLE|SUPPORT|TOP","full","Jinx","Redemption","Banshee's Veil|Lich Bane","Ionian Boots of Lucidity","Summon Aery","Manaflow Band|Transcendence|Scorch","Resolve","Font of Life|Overgrowth","Ability Haste|Adaptive Force|Tenacity and Slow Resist","Flash|Heal","mechanics_only","no"
"16.19.1","Karma","UTILITY","MIDDLE|SUPPORT|TOP","full","Thresh","Imperial Mandate","Mikael's Blessing|Echoes of Helia","Ionian Boots of Lucidity","Summon Aery","Manaflow Band|Transcendence|Scorch","Resolve","Font of Life|Overgrowth","Ability Haste|Adaptive Force|Tenacity and Slow Resist","Flash|Exhaust","mechanics_only","no"
"16.19.1","Karthus","TOP","JUNGLE","full","Garen","Malignance","Banshee's Veil|Lich Bane","Ionian Boots of Lucidity","Arcane Comet","Manaflow Band|Transcendence|Scorch","Precision","Presence of Mind|Cut Down","Adaptive Force|Adaptive Force|Tenacity and Slow Resist","Flash|Ignite","mechanics_only","no"
"16.19.1","Karthus","JUNGLE","JUNGLE","full","LeeSin","Malignance","Banshee's Veil|Lich Bane","Ionian Boots of Lucidity","Arcane Comet","Manaflow Band|Transcendence|Scorch","Precision","Presence of Mind|Legend: Haste","Adaptive Force|Adaptive Force|Tenacity and Slow Resist","Smite|Flash","mechanics_only","no"
"16.19.1","Karthus","MIDDLE","JUNGLE","full","Ahri","Malignance","Banshee's Veil|Lich Bane","Ionian Boots of Lucidity","Arcane Comet","Manaflow Band|Transcendence|Scorch","Precision","Legend: Haste|Presence of Mind","Adaptive Force|Adaptive Force|Tenacity and Slow Resist","Flash|Ignite","mechanics_only","no"
"16.19.1","Karthus","BOTTOM","JUNGLE","full","Jinx","Malignance","Banshee's Veil|Lich Bane","Ionian Boots of Lucidity","Summon Aery","Manaflow Band|Transcendence|Scorch","Precision","Presence of Mind|Cut Down","Adaptive Force|Adaptive Force|Tenacity and Slow Resist","Flash|Heal","mechanics_only","no"
"16.19.1","Karthus","UTILITY","JUNGLE","full","Thresh","Malignance","Imperial Mandate|Banshee's Veil","Ionian Boots of Lucidity","Summon Aery","Manaflow Band|Transcendence|Scorch","Precision","Presence of Mind|Legend: Haste","Adaptive Force|Adaptive Force|Tenacity and Slow Resist","Flash|Ignite","mechanics_only","no"
"16.19.1","Kassadin","TOP","MIDDLE","full","Garen","Malignance","Zhonya's Hourglass|Banshee's Veil","Ionian Boots of Lucidity","Deathfire Touch","Manaflow Band|Transcendence|Scorch","Resolve","Second Wind|Overgrowth","Adaptive Force|Adaptive Force|Tenacity and Slow Resist","Flash|Ignite","mechanics_only","no"
"16.19.1","Kassadin","JUNGLE","MIDDLE","full","LeeSin","Malignance","Banshee's Veil|Lich Bane","Ionian Boots of Lucidity","Deathfire Touch","Manaflow Band|Transcendence|Scorch","Domination","Sudden Impact|Sixth Sense","Adaptive Force|Adaptive Force|Tenacity and Slow Resist","Smite|Flash","mechanics_only","no"
"16.19.1","Kassadin","MIDDLE","MIDDLE","full","Ahri","Malignance","Banshee's Veil|Lich Bane","Ionian Boots of Lucidity","Deathfire Touch","Manaflow Band|Transcendence|Scorch","Domination","Sudden Impact|Relentless Hunter","Adaptive Force|Adaptive Force|Tenacity and Slow Resist","Flash|Ignite","mechanics_only","no"
"16.19.1","Kassadin","BOTTOM","MIDDLE","full","Jinx","Malignance","Zhonya's Hourglass|Banshee's Veil","Ionian Boots of Lucidity","Deathfire Touch","Manaflow Band|Transcendence|Scorch","Resolve","Second Wind|Overgrowth","Adaptive Force|Adaptive Force|Tenacity and Slow Resist","Flash|Ignite","mechanics_only","no"
"16.19.1","Kassadin","UTILITY","MIDDLE","full","Thresh","Imperial Mandate","Malignance|Banshee's Veil","Ionian Boots of Lucidity","Deathfire Touch","Manaflow Band|Transcendence|Scorch","Domination","Sudden Impact|Sixth Sense","Adaptive Force|Adaptive Force|Tenacity and Slow Resist","Flash|Ignite","mechanics_only","no"
"16.19.1","Katarina","TOP","MIDDLE","full","Garen","Eclipse","Serpent's Fang|Axiom Arc","Ionian Boots of Lucidity","Arcane Comet","Nimbus Cloak|Transcendence|Scorch","Domination","Sudden Impact|Deep Ward","Adaptive Force|Adaptive Force|Tenacity and Slow Resist","Flash|Ignite","mechanics_only","no"
"16.19.1","Katarina","JUNGLE","MIDDLE","full","LeeSin","Eclipse","Serpent's Fang|Axiom Arc","Ionian Boots of Lucidity","Arcane Comet","Nimbus Cloak|Transcendence|Scorch","Domination","Sudden Impact|Sixth Sense","Adaptive Force|Adaptive Force|Tenacity and Slow Resist","Smite|Flash","mechanics_only","no"
"16.19.1","Katarina","MIDDLE","MIDDLE","full","Ahri","Eclipse","Serpent's Fang|Axiom Arc","Ionian Boots of Lucidity","Arcane Comet","Nimbus Cloak|Transcendence|Scorch","Domination","Sudden Impact|Relentless Hunter","Adaptive Force|Adaptive Force|Tenacity and Slow Resist","Flash|Ignite","mechanics_only","no"
"16.19.1","Katarina","BOTTOM","MIDDLE","full","Jinx","Eclipse","Serpent's Fang|Axiom Arc","Ionian Boots of Lucidity","Arcane Comet","Nimbus Cloak|Transcendence|Scorch","Domination","Sudden Impact|Deep Ward","Adaptive Force|Adaptive Force|Tenacity and Slow Resist","Flash|Ignite","mechanics_only","no"
"16.19.1","Katarina","UTILITY","MIDDLE","full","Thresh","Eclipse","Serpent's Fang|Axiom Arc","Ionian Boots of Lucidity","Electrocute","Sudden Impact|Sixth Sense|Relentless Hunter","Sorcery","Transcendence|Scorch","Adaptive Force|Adaptive Force|Tenacity and Slow Resist","Flash|Ignite","mechanics_only","no"
"16.19.1","Kayle","TOP","TOP","full","Garen","Kraken Slayer","Essence Reaver|Serpent's Fang","Berserker's Greaves","Fleet Footwork","Presence of Mind|Legend: Alacrity|Cut Down","Resolve","Second Wind|Demolish","Adaptive Force|Adaptive Force|Tenacity and Slow Resist","Flash|Ignite","mechanics_only","no"
"16.19.1","Kayle","JUNGLE","TOP","full","LeeSin","Kraken Slayer","Essence Reaver|Serpent's Fang","Berserker's Greaves","Lethal Tempo","Presence of Mind|Legend: Alacrity|Cut Down","Resolve","Bone Plating|Demolish","Adaptive Force|Adaptive Force|Tenacity and Slow Resist","Smite|Flash","mechanics_only","no"
"16.19.1","Kayle","MIDDLE","TOP","full","Ahri","Kraken Slayer","Essence Reaver|Serpent's Fang","Berserker's Greaves","Lethal Tempo","Presence of Mind|Legend: Alacrity|Cut Down","Resolve","Bone Plating|Demolish","Adaptive Force|Adaptive Force|Tenacity and Slow Resist","Flash|Ignite","mechanics_only","no"
"16.19.1","Kayle","BOTTOM","TOP","full","Jinx","Kraken Slayer","Essence Reaver|Serpent's Fang","Berserker's Greaves","Fleet Footwork","Presence of Mind|Legend: Alacrity|Cut Down","Resolve","Bone Plating|Shield Bash","Adaptive Force|Adaptive Force|Tenacity and Slow Resist","Flash|Ignite","mechanics_only","no"
"16.19.1","Kayle","UTILITY","TOP","full","Thresh","Eclipse","Serpent's Fang|Essence Reaver","Berserker's Greaves","Lethal Tempo","Presence of Mind|Legend: Alacrity|Cut Down","Resolve","Bone Plating|Demolish","Adaptive Force|Adaptive Force|Tenacity and Slow Resist","Flash|Ignite","mechanics_only","no"
"16.19.1","Kayn","TOP","JUNGLE","full","Garen","Kraken Slayer","Essence Reaver|Serpent's Fang","Berserker's Greaves","Lethal Tempo","Presence of Mind|Legend: Alacrity|Cut Down","Resolve","Font of Life|Bone Plating","Attack Speed|Adaptive Force|Tenacity and Slow Resist","Flash|Ignite","mechanics_only","no"
"16.19.1","Kayn","JUNGLE","JUNGLE","full","LeeSin","Kraken Slayer","Essence Reaver|Mercurial Scimitar","Berserker's Greaves","Lethal Tempo","Presence of Mind|Legend: Alacrity|Cut Down","Resolve","Bone Plating|Demolish","Attack Speed|Adaptive Force|Tenacity and Slow Resist","Smite|Flash","mechanics_only","no"
"16.19.1","Kayn","MIDDLE","JUNGLE","full","Ahri","Kraken Slayer","Essence Reaver|Mercurial Scimitar","Berserker's Greaves","Lethal Tempo","Presence of Mind|Legend: Alacrity|Cut Down","Resolve","Bone Plating|Demolish","Attack Speed|Adaptive Force|Tenacity and Slow Resist","Flash|Ignite","mechanics_only","no"
"16.19.1","Kayn","BOTTOM","JUNGLE","full","Jinx","Kraken Slayer","Essence Reaver|Infinity Edge","Berserker's Greaves","Lethal Tempo","Presence of Mind|Legend: Alacrity|Cut Down","Resolve","Bone Plating|Font of Life","Attack Speed|Adaptive Force|Tenacity and Slow Resist","Flash|Ignite","mechanics_only","no"
"16.19.1","Kayn","UTILITY","JUNGLE","full","Thresh","Kraken Slayer","Serpent's Fang|Essence Reaver","Berserker's Greaves","Lethal Tempo","Presence of Mind|Legend: Alacrity|Cut Down","Resolve","Font of Life|Bone Plating","Attack Speed|Adaptive Force|Tenacity and Slow Resist","Flash|Ignite","mechanics_only","no"
"16.19.1","Kennen","TOP","TOP","full","Garen","Malignance","Banshee's Veil|Lich Bane","Ionian Boots of Lucidity","Deathfire Touch","Nimbus Cloak|Transcendence|Scorch","Precision","Cut Down|Legend: Haste","Adaptive Force|Adaptive Force|Tenacity and Slow Resist","Flash|Ignite","mechanics_only","no"
"16.19.1","Kennen","JUNGLE","TOP","full","LeeSin","Malignance","Banshee's Veil|Lich Bane","Ionian Boots of Lucidity","Deathfire Touch","Nimbus Cloak|Transcendence|Scorch","Resolve","Bone Plating|Demolish","Adaptive Force|Adaptive Force|Tenacity and Slow Resist","Smite|Flash","mechanics_only","no"
"16.19.1","Kennen","MIDDLE","TOP","full","Ahri","Malignance","Banshee's Veil|Lich Bane","Ionian Boots of Lucidity","Deathfire Touch","Nimbus Cloak|Transcendence|Scorch","Precision","Legend: Haste|Cut Down","Adaptive Force|Adaptive Force|Tenacity and Slow Resist","Flash|Ignite","mechanics_only","no"
"16.19.1","Kennen","BOTTOM","TOP","full","Jinx","Malignance","Banshee's Veil|Lich Bane","Ionian Boots of Lucidity","Deathfire Touch","Nimbus Cloak|Transcendence|Scorch","Resolve","Bone Plating|Shield Bash","Adaptive Force|Adaptive Force|Tenacity and Slow Resist","Flash|Heal","mechanics_only","no"
"16.19.1","Kennen","UTILITY","TOP","full","Thresh","Malignance","Banshee's Veil|Imperial Mandate","Ionian Boots of Lucidity","Hail of Blades","Sudden Impact|Sixth Sense|Relentless Hunter","Sorcery","Transcendence|Scorch","Adaptive Force|Adaptive Force|Tenacity and Slow Resist","Flash|Ignite","mechanics_only","no"
"16.19.1","Khazix","TOP","JUNGLE","full","Garen","Eclipse","Serpent's Fang|Essence Reaver","Ionian Boots of Lucidity","Aftershock","Font of Life|Second Wind|Overgrowth","Sorcery","Manaflow Band|Transcendence","Adaptive Force|Adaptive Force|Tenacity and Slow Resist","Flash|Ignite","mechanics_only","no"
"16.19.1","Khazix","JUNGLE","JUNGLE","full","LeeSin","Eclipse","Serpent's Fang|Essence Reaver","Ionian Boots of Lucidity","Aftershock","Font of Life|Bone Plating|Overgrowth","Sorcery","Manaflow Band|Transcendence","Adaptive Force|Adaptive Force|Tenacity and Slow Resist","Smite|Flash","mechanics_only","no"
"16.19.1","Khazix","MIDDLE","JUNGLE","full","Ahri","Eclipse","Serpent's Fang|Essence Reaver","Ionian Boots of Lucidity","Aftershock","Font of Life|Bone Plating|Overgrowth","Sorcery","Manaflow Band|Transcendence","Adaptive Force|Adaptive Force|Tenacity and Slow Resist","Flash|Ignite","mechanics_only","no"
"16.19.1","Khazix","BOTTOM","JUNGLE","full","Jinx","Eclipse","Serpent's Fang|Essence Reaver","Ionian Boots of Lucidity","Aftershock","Font of Life|Bone Plating|Overgrowth","Sorcery","Manaflow Band|Transcendence","Adaptive Force|Adaptive Force|Tenacity and Slow Resist","Flash|Ignite","mechanics_only","no"
"16.19.1","Khazix","UTILITY","JUNGLE","full","Thresh","Eclipse","Serpent's Fang|Essence Reaver","Ionian Boots of Lucidity","Aftershock","Font of Life|Bone Plating|Overgrowth","Sorcery","Manaflow Band|Transcendence","Adaptive Force|Adaptive Force|Tenacity and Slow Resist","Flash|Ignite","mechanics_only","no"
"16.19.1","Kindred","TOP","JUNGLE","full","Garen","Essence Reaver","Infinity Edge|Kraken Slayer","Berserker's Greaves","Lethal Tempo","Presence of Mind|Legend: Alacrity|Cut Down","Resolve","Bone Plating|Demolish","Adaptive Force|Adaptive Force|Tenacity and Slow Resist","Flash|Ignite","mechanics_only","no"
"16.19.1","Kindred","JUNGLE","JUNGLE","full","LeeSin","Essence Reaver","Infinity Edge|Kraken Slayer","Berserker's Greaves","Lethal Tempo","Presence of Mind|Legend: Alacrity|Cut Down","Resolve","Bone Plating|Demolish","Adaptive Force|Adaptive Force|Tenacity and Slow Resist","Smite|Flash","mechanics_only","no"
"16.19.1","Kindred","MIDDLE","JUNGLE","full","Ahri","Essence Reaver","Infinity Edge|Kraken Slayer","Berserker's Greaves","Lethal Tempo","Presence of Mind|Legend: Alacrity|Cut Down","Resolve","Bone Plating|Demolish","Adaptive Force|Adaptive Force|Tenacity and Slow Resist","Flash|Ignite","mechanics_only","no"
"16.19.1","Kindred","BOTTOM","JUNGLE","full","Jinx","Essence Reaver","Infinity Edge|Kraken Slayer","Berserker's Greaves","Lethal Tempo","Presence of Mind|Legend: Alacrity|Cut Down","Resolve","Bone Plating|Shield Bash","Adaptive Force|Adaptive Force|Tenacity and Slow Resist","Flash|Heal","mechanics_only","no"
"16.19.1","Kindred","UTILITY","JUNGLE","full","Thresh","Essence Reaver","Eclipse|Serpent's Fang","Berserker's Greaves","Hail of Blades","Sudden Impact|Sixth Sense|Relentless Hunter","Resolve","Bone Plating|Demolish","Adaptive Force|Adaptive Force|Tenacity and Slow Resist","Flash|Ignite","mechanics_only","no"
"16.19.1","Kled","TOP","TOP","full","Garen","Eclipse","Edge of Night|Serpent's Fang","Berserker's Greaves","Grasp of the Undying","Demolish|Second Wind|Overgrowth","Precision","Triumph|Legend: Bloodline","Adaptive Force|Adaptive Force|Tenacity and Slow Resist","Flash|Ignite","mechanics_only","no"
"16.19.1","Kled","JUNGLE","TOP","full","LeeSin","Eclipse","Edge of Night|Serpent's Fang","Berserker's Greaves","Grasp of the Undying","Demolish|Bone Plating|Overgrowth","Domination","Sudden Impact|Sixth Sense","Adaptive Force|Adaptive Force|Tenacity and Slow Resist","Smite|Flash","mechanics_only","no"
"16.19.1","Kled","MIDDLE","TOP","full","Ahri","Eclipse","Edge of Night|Serpent's Fang","Berserker's Greaves","Grasp of the Undying","Demolish|Bone Plating|Overgrowth","Sorcery","Transcendence|Gathering Storm","Adaptive Force|Adaptive Force|Tenacity and Slow Resist","Flash|Ignite","mechanics_only","no"
"16.19.1","Kled","BOTTOM","TOP","full","Jinx","Eclipse","Edge of Night|Randuin's Omen","Berserker's Greaves","Grasp of the Undying","Shield Bash|Bone Plating|Overgrowth","Precision","Triumph|Legend: Bloodline","Adaptive Force|Adaptive Force|Tenacity and Slow Resist","Flash|Ignite","mechanics_only","no"
"16.19.1","Kled","UTILITY","TOP","full","Thresh","Eclipse","Edge of Night|Serpent's Fang","Berserker's Greaves","Grasp of the Undying","Demolish|Bone Plating|Overgrowth","Domination","Sudden Impact|Sixth Sense","Adaptive Force|Adaptive Force|Tenacity and Slow Resist","Flash|Ignite","mechanics_only","no"
"16.19.1","KogMaw","TOP","BOTTOM","full","Garen","Essence Reaver","Infinity Edge|Kraken Slayer","Berserker's Greaves","Lethal Tempo","Presence of Mind|Legend: Alacrity|Cut Down","Resolve","Bone Plating|Demolish","Adaptive Force|Adaptive Force|Tenacity and Slow Resist","Flash|Ignite","mechanics_only","no"
"16.19.1","KogMaw","JUNGLE","BOTTOM","full","LeeSin","Essence Reaver","Infinity Edge|Kraken Slayer","Berserker's Greaves","Lethal Tempo","Presence of Mind|Legend: Alacrity|Cut Down","Resolve","Bone Plating|Demolish","Adaptive Force|Adaptive Force|Tenacity and Slow Resist","Smite|Flash","mechanics_only","no"
"16.19.1","KogMaw","MIDDLE","BOTTOM","full","Ahri","Essence Reaver","Infinity Edge|Kraken Slayer","Berserker's Greaves","Lethal Tempo","Presence of Mind|Legend: Alacrity|Cut Down","Resolve","Bone Plating|Demolish","Adaptive Force|Adaptive Force|Tenacity and Slow Resist","Flash|Ignite","mechanics_only","no"
"16.19.1","KogMaw","BOTTOM","BOTTOM","full","Jinx","Essence Reaver","Infinity Edge|Kraken Slayer","Berserker's Greaves","Lethal Tempo","Presence of Mind|Legend: Alacrity|Cut Down","Resolve","Bone Plating|Shield Bash","Adaptive Force|Adaptive Force|Tenacity and Slow Resist","Flash|Heal","mechanics_only","no"
"16.19.1","KogMaw","UTILITY","BOTTOM","full","Thresh","Essence Reaver","Kraken Slayer|Serpent's Fang","Berserker's Greaves","Lethal Tempo","Presence of Mind|Legend: Alacrity|Cut Down","Resolve","Bone Plating|Demolish","Adaptive Force|Adaptive Force|Tenacity and Slow Resist","Flash|Ignite","mechanics_only","no"
"16.19.1","Leblanc","TOP","MIDDLE","full","Garen","Malignance","Banshee's Veil|Lich Bane","Ionian Boots of Lucidity","Arcane Comet","Manaflow Band|Transcendence|Scorch","Domination","Sudden Impact|Deep Ward","Adaptive Force|Adaptive Force|Tenacity and Slow Resist","Flash|Ignite","mechanics_only","no"
"16.19.1","Leblanc","JUNGLE","MIDDLE","full","LeeSin","Malignance","Banshee's Veil|Lich Bane","Ionian Boots of Lucidity","Arcane Comet","Manaflow Band|Transcendence|Scorch","Domination","Sudden Impact|Sixth Sense","Adaptive Force|Adaptive Force|Tenacity and Slow Resist","Smite|Flash","mechanics_only","no"
"16.19.1","Leblanc","MIDDLE","MIDDLE","full","Ahri","Malignance","Banshee's Veil|Lich Bane","Ionian Boots of Lucidity","Arcane Comet","Manaflow Band|Transcendence|Scorch","Domination","Sudden Impact|Relentless Hunter","Adaptive Force|Adaptive Force|Tenacity and Slow Resist","Flash|Ignite","mechanics_only","no"
"16.19.1","Leblanc","BOTTOM","MIDDLE","full","Jinx","Malignance","Banshee's Veil|Lich Bane","Ionian Boots of Lucidity","Arcane Comet","Manaflow Band|Transcendence|Scorch","Domination","Sudden Impact|Deep Ward","Adaptive Force|Adaptive Force|Tenacity and Slow Resist","Flash|Heal","mechanics_only","no"
"16.19.1","Leblanc","UTILITY","MIDDLE","full","Thresh","Malignance","Imperial Mandate|Banshee's Veil","Ionian Boots of Lucidity","Arcane Comet","Manaflow Band|Transcendence|Scorch","Domination","Sudden Impact|Sixth Sense","Adaptive Force|Adaptive Force|Tenacity and Slow Resist","Flash|Ignite","mechanics_only","no"
"16.19.1","LeeSin","TOP","JUNGLE","full","Garen","Eclipse","Edge of Night|Serpent's Fang","Ionian Boots of Lucidity","Grasp of the Undying","Font of Life|Second Wind|Overgrowth","Domination","Sudden Impact|Deep Ward","Adaptive Force|Adaptive Force|Tenacity and Slow Resist","Flash|Ignite","mechanics_only","no"
"16.19.1","LeeSin","JUNGLE","JUNGLE","full","LeeSin","Eclipse","Edge of Night|Serpent's Fang","Ionian Boots of Lucidity","Grasp of the Undying","Font of Life|Bone Plating|Overgrowth","Domination","Sudden Impact|Sixth Sense","Adaptive Force|Adaptive Force|Tenacity and Slow Resist","Smite|Flash","mechanics_only","no"
"16.19.1","LeeSin","MIDDLE","JUNGLE","full","Ahri","Eclipse","Edge of Night|Serpent's Fang","Ionian Boots of Lucidity","Grasp of the Undying","Font of Life|Bone Plating|Overgrowth","Sorcery","Transcendence|Scorch","Adaptive Force|Adaptive Force|Tenacity and Slow Resist","Flash|Ignite","mechanics_only","no"
"16.19.1","LeeSin","BOTTOM","JUNGLE","full","Jinx","Eclipse","Edge of Night|Serpent's Fang","Ionian Boots of Lucidity","Grasp of the Undying","Font of Life|Bone Plating|Overgrowth","Domination","Sudden Impact|Deep Ward","Adaptive Force|Adaptive Force|Tenacity and Slow Resist","Flash|Ignite","mechanics_only","no"
"16.19.1","LeeSin","UTILITY","JUNGLE","full","Thresh","Eclipse","Serpent's Fang|Edge of Night","Ionian Boots of Lucidity","Grasp of the Undying","Font of Life|Bone Plating|Overgrowth","Domination","Sudden Impact|Sixth Sense","Adaptive Force|Adaptive Force|Tenacity and Slow Resist","Flash|Ignite","mechanics_only","no"
"16.19.1","Leona","TOP","SUPPORT","full","Garen","Frozen Heart","Randuin's Omen|Unending Despair","Plated Steelcaps","Grasp of the Undying","Font of Life|Second Wind|Overgrowth","Sorcery","Manaflow Band|Transcendence","Ability Haste|Health Scaling|Tenacity and Slow Resist","Flash|Teleport","mechanics_only","no"
"16.19.1","Leona","JUNGLE","SUPPORT","full","LeeSin","Frozen Heart","Randuin's Omen|Unending Despair","Plated Steelcaps","Deathfire Touch","Manaflow Band|Transcendence|Scorch","Resolve","Second Wind|Overgrowth","Ability Haste|Health Scaling|Tenacity and Slow Resist","Smite|Flash","mechanics_only","no"
"16.19.1","Leona","MIDDLE","SUPPORT","full","Ahri","Frozen Heart","Randuin's Omen|Kaenic Rookern","Plated Steelcaps","Deathfire Touch","Manaflow Band|Transcendence|Scorch","Resolve","Second Wind|Overgrowth","Ability Haste|Health Scaling|Tenacity and Slow Resist","Flash|Teleport","mechanics_only","no"
"16.19.1","Leona","BOTTOM","SUPPORT","full","Jinx","Randuin's Omen","Frozen Heart|Unending Despair","Plated Steelcaps","Grasp of the Undying","Font of Life|Second Wind|Overgrowth","Sorcery","Manaflow Band|Transcendence","Ability Haste|Health Scaling|Tenacity and Slow Resist","Flash|Heal","mechanics_only","no"
"16.19.1","Leona","UTILITY","SUPPORT","full","Thresh","Locket of the Iron Solari","Randuin's Omen|Mikael's Blessing","Plated Steelcaps","Aftershock","Font of Life|Second Wind|Overgrowth","Sorcery","Manaflow Band|Transcendence","Ability Haste|Health Scaling|Tenacity and Slow Resist","Flash|Ignite","mechanics_only","no"
"16.19.1","Lillia","TOP","JUNGLE","full","Garen","Malignance","Banshee's Veil|Lich Bane","Ionian Boots of Lucidity","Deathfire Touch","Manaflow Band|Transcendence|Scorch","Precision","Presence of Mind|Cut Down","Adaptive Force|Adaptive Force|Tenacity and Slow Resist","Flash|Ignite","mechanics_only","no"
"16.19.1","Lillia","JUNGLE","JUNGLE","full","LeeSin","Malignance","Banshee's Veil|Lich Bane","Ionian Boots of Lucidity","Deathfire Touch","Manaflow Band|Transcendence|Scorch","Precision","Presence of Mind|Cut Down","Adaptive Force|Adaptive Force|Tenacity and Slow Resist","Smite|Flash","mechanics_only","no"
"16.19.1","Lillia","MIDDLE","JUNGLE","full","Ahri","Malignance","Banshee's Veil|Lich Bane","Ionian Boots of Lucidity","Deathfire Touch","Manaflow Band|Transcendence|Scorch","Precision","Presence of Mind|Legend: Haste","Adaptive Force|Adaptive Force|Tenacity and Slow Resist","Flash|Ignite","mechanics_only","no"
"16.19.1","Lillia","BOTTOM","JUNGLE","full","Jinx","Malignance","Banshee's Veil|Lich Bane","Ionian Boots of Lucidity","Summon Aery","Manaflow Band|Transcendence|Scorch","Precision","Presence of Mind|Cut Down","Adaptive Force|Adaptive Force|Tenacity and Slow Resist","Flash|Ignite","mechanics_only","no"
"16.19.1","Lillia","UTILITY","JUNGLE","full","Thresh","Malignance","Banshee's Veil|Imperial Mandate","Ionian Boots of Lucidity","Summon Aery","Manaflow Band|Transcendence|Scorch","Domination","Sudden Impact|Sixth Sense","Adaptive Force|Adaptive Force|Tenacity and Slow Resist","Flash|Ignite","mechanics_only","no"
"16.19.1","Lissandra","TOP","MIDDLE","full","Garen","Malignance","Banshee's Veil|Lich Bane","Ionian Boots of Lucidity","Arcane Comet","Manaflow Band|Transcendence|Scorch","Precision","Cut Down|Presence of Mind","Adaptive Force|Adaptive Force|Tenacity and Slow Resist","Flash|Ignite","mechanics_only","no"
"16.19.1","Lissandra","JUNGLE","MIDDLE","full","LeeSin","Malignance","Banshee's Veil|Lich Bane","Ionian Boots of Lucidity","Arcane Comet","Manaflow Band|Transcendence|Scorch","Precision","Presence of Mind|Legend: Haste","Adaptive Force|Adaptive Force|Tenacity and Slow Resist","Smite|Flash","mechanics_only","no"
"16.19.1","Lissandra","MIDDLE","MIDDLE","full","Ahri","Malignance","Banshee's Veil|Lich Bane","Ionian Boots of Lucidity","Arcane Comet","Manaflow Band|Transcendence|Scorch","Precision","Legend: Haste|Presence of Mind","Adaptive Force|Adaptive Force|Tenacity and Slow Resist","Flash|Ignite","mechanics_only","no"
"16.19.1","Lissandra","BOTTOM","MIDDLE","full","Jinx","Malignance","Banshee's Veil|Lich Bane","Ionian Boots of Lucidity","Arcane Comet","Manaflow Band|Transcendence|Scorch","Precision","Cut Down|Presence of Mind","Adaptive Force|Adaptive Force|Tenacity and Slow Resist","Flash|Heal","mechanics_only","no"
"16.19.1","Lissandra","UTILITY","MIDDLE","full","Thresh","Imperial Mandate","Malignance|Banshee's Veil","Ionian Boots of Lucidity","Summon Aery","Manaflow Band|Transcendence|Scorch","Domination","Sudden Impact|Sixth Sense","Adaptive Force|Adaptive Force|Tenacity and Slow Resist","Flash|Ignite","mechanics_only","no"
"16.19.1","Locke","TOP","","ddragon","Garen","","","","","","","","","","withheld_incomplete_mechanics","no"
"16.19.1","Locke","JUNGLE","","ddragon","LeeSin","","","","","","","","","","withheld_incomplete_mechanics","no"
"16.19.1","Locke","MIDDLE","","ddragon","Ahri","","","","","","","","","","withheld_incomplete_mechanics","no"
"16.19.1","Locke","BOTTOM","","ddragon","Jinx","","","","","","","","","","withheld_incomplete_mechanics","no"
"16.19.1","Locke","UTILITY","","ddragon","Thresh","","","","","","","","","","withheld_incomplete_mechanics","no"
"16.19.1","Lucian","TOP","BOTTOM","full","Garen","Essence Reaver","Infinity Edge|Eclipse","Berserker's Greaves","Lethal Tempo","Presence of Mind|Legend: Alacrity|Cut Down","Resolve","Bone Plating|Demolish","Adaptive Force|Adaptive Force|Tenacity and Slow Resist","Flash|Ignite","mechanics_only","no"
"16.19.1","Lucian","JUNGLE","BOTTOM","full","LeeSin","Essence Reaver","Infinity Edge|Eclipse","Berserker's Greaves","Hail of Blades","Sudden Impact|Sixth Sense|Relentless Hunter","Resolve","Bone Plating|Demolish","Adaptive Force|Adaptive Force|Tenacity and Slow Resist","Smite|Flash","mechanics_only","no"
"16.19.1","Lucian","MIDDLE","BOTTOM","full","Ahri","Essence Reaver","Infinity Edge|Eclipse","Berserker's Greaves","Lethal Tempo","Presence of Mind|Legend: Alacrity|Cut Down","Sorcery","Manaflow Band|Transcendence","Adaptive Force|Adaptive Force|Tenacity and Slow Resist","Flash|Ignite","mechanics_only","no"
"16.19.1","Lucian","BOTTOM","BOTTOM","full","Jinx","Essence Reaver","Infinity Edge|Eclipse","Berserker's Greaves","Lethal Tempo","Presence of Mind|Legend: Alacrity|Cut Down","Resolve","Bone Plating|Shield Bash","Adaptive Force|Adaptive Force|Tenacity and Slow Resist","Flash|Heal","mechanics_only","no"
"16.19.1","Lucian","UTILITY","BOTTOM","full","Thresh","Essence Reaver","Eclipse|Serpent's Fang","Berserker's Greaves","Hail of Blades","Sudden Impact|Sixth Sense|Relentless Hunter","Resolve","Bone Plating|Demolish","Adaptive Force|Adaptive Force|Tenacity and Slow Resist","Flash|Ignite","mechanics_only","no"
"16.19.1","Lulu","TOP","SUPPORT","full","Garen","Redemption","Banshee's Veil|Malignance","Ionian Boots of Lucidity","Summon Aery","Manaflow Band|Transcendence|Scorch","Resolve","Font of Life|Overgrowth","Ability Haste|Adaptive Force|Tenacity and Slow Resist","Flash|Ignite","mechanics_only","no"
"16.19.1","Lulu","JUNGLE","SUPPORT","full","LeeSin","Redemption","Banshee's Veil|Malignance","Ionian Boots of Lucidity","Summon Aery","Manaflow Band|Transcendence|Scorch","Resolve","Font of Life|Bone Plating","Ability Haste|Adaptive Force|Tenacity and Slow Resist","Smite|Flash","mechanics_only","no"
"16.19.1","Lulu","MIDDLE","SUPPORT","full","Ahri","Redemption","Banshee's Veil|Malignance","Ionian Boots of Lucidity","Summon Aery","Manaflow Band|Transcendence|Scorch","Resolve","Font of Life|Bone Plating","Ability Haste|Adaptive Force|Tenacity and Slow Resist","Flash|Ignite","mechanics_only","no"
"16.19.1","Lulu","BOTTOM","SUPPORT","full","Jinx","Redemption","Banshee's Veil|Malignance","Ionian Boots of Lucidity","Summon Aery","Manaflow Band|Transcendence|Scorch","Resolve","Font of Life|Bone Plating","Ability Haste|Adaptive Force|Tenacity and Slow Resist","Flash|Heal","mechanics_only","no"
"16.19.1","Lulu","UTILITY","SUPPORT","full","Thresh","Imperial Mandate","Mikael's Blessing|Echoes of Helia","Ionian Boots of Lucidity","Summon Aery","Manaflow Band|Transcendence|Scorch","Resolve","Font of Life|Bone Plating","Ability Haste|Adaptive Force|Tenacity and Slow Resist","Flash|Exhaust","mechanics_only","no"
"16.19.1","Lux","TOP","MIDDLE|SUPPORT","full","Garen","Malignance","Banshee's Veil|Lich Bane","Ionian Boots of Lucidity","Summon Aery","Manaflow Band|Transcendence|Scorch","Resolve","Font of Life|Overgrowth","Adaptive Force|Adaptive Force|Tenacity and Slow Resist","Flash|Ignite","mechanics_only","no"
"16.19.1","Lux","JUNGLE","MIDDLE|SUPPORT","full","LeeSin","Malignance","Banshee's Veil|Lich Bane","Ionian Boots of Lucidity","Summon Aery","Manaflow Band|Transcendence|Scorch","Resolve","Font of Life|Bone Plating","Adaptive Force|Adaptive Force|Tenacity and Slow Resist","Smite|Flash","mechanics_only","no"
"16.19.1","Lux","MIDDLE","MIDDLE|SUPPORT","full","Ahri","Malignance","Banshee's Veil|Lich Bane","Ionian Boots of Lucidity","Summon Aery","Manaflow Band|Transcendence|Scorch","Precision","Presence of Mind|Legend: Haste","Adaptive Force|Adaptive Force|Tenacity and Slow Resist","Flash|Ignite","mechanics_only","no"
"16.19.1","Lux","BOTTOM","MIDDLE|SUPPORT","full","Jinx","Malignance","Banshee's Veil|Lich Bane","Ionian Boots of Lucidity","Summon Aery","Manaflow Band|Transcendence|Scorch","Resolve","Font of Life|Bone Plating","Adaptive Force|Adaptive Force|Tenacity and Slow Resist","Flash|Heal","mechanics_only","no"
"16.19.1","Lux","UTILITY","MIDDLE|SUPPORT","full","Thresh","Imperial Mandate","Malignance|Banshee's Veil","Ionian Boots of Lucidity","Summon Aery","Manaflow Band|Transcendence|Scorch","Resolve","Font of Life|Bone Plating","Adaptive Force|Adaptive Force|Tenacity and Slow Resist","Flash|Ignite","mechanics_only","no"
"16.19.1","Malphite","TOP","MIDDLE|SUPPORT|TOP","full","Garen","Frozen Heart","Randuin's Omen|Zeke's Convergence","Plated Steelcaps","Grasp of the Undying","Demolish|Second Wind|Overgrowth","Sorcery","Manaflow Band|Transcendence","Ability Haste|Health Scaling|Tenacity and Slow Resist","Flash|Teleport","mechanics_only","no"
"16.19.1","Malphite","JUNGLE","MIDDLE|SUPPORT|TOP","full","LeeSin","Frozen Heart","Randuin's Omen|Zeke's Convergence","Plated Steelcaps","Grasp of the Undying","Demolish|Bone Plating|Overgrowth","Sorcery","Manaflow Band|Transcendence","Ability Haste|Health Scaling|Tenacity and Slow Resist","Smite|Flash","mechanics_only","no"
"16.19.1","Malphite","MIDDLE","MIDDLE|SUPPORT|TOP","full","Ahri","Frozen Heart","Randuin's Omen|Zeke's Convergence","Plated Steelcaps","Grasp of the Undying","Demolish|Bone Plating|Overgrowth","Sorcery","Manaflow Band|Transcendence","Ability Haste|Health Scaling|Tenacity and Slow Resist","Flash|Teleport","mechanics_only","no"
"16.19.1","Malphite","BOTTOM","MIDDLE|SUPPORT|TOP","full","Jinx","Randuin's Omen","Frozen Heart|Zeke's Convergence","Plated Steelcaps","Grasp of the Undying","Shield Bash|Bone Plating|Overgrowth","Sorcery","Manaflow Band|Transcendence","Ability Haste|Health Scaling|Tenacity and Slow Resist","Flash|Heal","mechanics_only","no"
"16.19.1","Malphite","UTILITY","MIDDLE|SUPPORT|TOP","full","Thresh","Locket of the Iron Solari","Randuin's Omen|Frozen Heart","Plated Steelcaps","Grasp of the Undying","Demolish|Bone Plating|Overgrowth","Sorcery","Manaflow Band|Transcendence","Ability Haste|Health Scaling|Tenacity and Slow Resist","Flash|Ignite","mechanics_only","no"
"16.19.1","Malzahar","TOP","MIDDLE","full","Garen","Malignance","Banshee's Veil|Lich Bane","Ionian Boots of Lucidity","Arcane Comet","Manaflow Band|Transcendence|Scorch","Precision","Presence of Mind|Cut Down","Adaptive Force|Adaptive Force|Tenacity and Slow Resist","Flash|Ignite","mechanics_only","no"
"16.19.1","Malzahar","JUNGLE","MIDDLE","full","LeeSin","Malignance","Banshee's Veil|Lich Bane","Ionian Boots of Lucidity","Arcane Comet","Manaflow Band|Transcendence|Scorch","Precision","Presence of Mind|Legend: Haste","Adaptive Force|Adaptive Force|Tenacity and Slow Resist","Smite|Flash","mechanics_only","no"
"16.19.1","Malzahar","MIDDLE","MIDDLE","full","Ahri","Malignance","Banshee's Veil|Lich Bane","Ionian Boots of Lucidity","Arcane Comet","Manaflow Band|Transcendence|Scorch","Precision","Presence of Mind|Legend: Haste","Adaptive Force|Adaptive Force|Tenacity and Slow Resist","Flash|Ignite","mechanics_only","no"
"16.19.1","Malzahar","BOTTOM","MIDDLE","full","Jinx","Malignance","Banshee's Veil|Lich Bane","Ionian Boots of Lucidity","Summon Aery","Manaflow Band|Transcendence|Scorch","Precision","Presence of Mind|Cut Down","Adaptive Force|Adaptive Force|Tenacity and Slow Resist","Flash|Heal","mechanics_only","no"
"16.19.1","Malzahar","UTILITY","MIDDLE","full","Thresh","Malignance","Imperial Mandate|Banshee's Veil","Ionian Boots of Lucidity","Summon Aery","Manaflow Band|Transcendence|Scorch","Precision","Presence of Mind|Legend: Haste","Adaptive Force|Adaptive Force|Tenacity and Slow Resist","Flash|Ignite","mechanics_only","no"
"16.19.1","Maokai","TOP","JUNGLE|SUPPORT","full","Garen","Randuin's Omen","Zeke's Convergence|Warmog's Armor","Plated Steelcaps","Grasp of the Undying","Font of Life|Second Wind|Overgrowth","Sorcery","Manaflow Band|Transcendence","Ability Haste|Health Scaling|Tenacity and Slow Resist","Flash|Teleport","mechanics_only","no"
"16.19.1","Maokai","JUNGLE","JUNGLE|SUPPORT","full","LeeSin","Randuin's Omen","Zeke's Convergence|Warmog's Armor","Plated Steelcaps","Grasp of the Undying","Font of Life|Bone Plating|Overgrowth","Sorcery","Manaflow Band|Transcendence","Ability Haste|Health Scaling|Tenacity and Slow Resist","Smite|Flash","mechanics_only","no"
"16.19.1","Maokai","MIDDLE","JUNGLE|SUPPORT","full","Ahri","Zeke's Convergence","Randuin's Omen|Kaenic Rookern","Plated Steelcaps","Grasp of the Undying","Font of Life|Bone Plating|Overgrowth","Sorcery","Manaflow Band|Transcendence","Ability Haste|Health Scaling|Tenacity and Slow Resist","Flash|Teleport","mechanics_only","no"
"16.19.1","Maokai","BOTTOM","JUNGLE|SUPPORT","full","Jinx","Randuin's Omen","Zeke's Convergence|Warmog's Armor","Plated Steelcaps","Grasp of the Undying","Font of Life|Bone Plating|Overgrowth","Sorcery","Manaflow Band|Transcendence","Ability Haste|Health Scaling|Tenacity and Slow Resist","Flash|Heal","mechanics_only","no"
"16.19.1","Maokai","UTILITY","JUNGLE|SUPPORT","full","Thresh","Locket of the Iron Solari","Randuin's Omen|Mikael's Blessing","Plated Steelcaps","Aftershock","Font of Life|Bone Plating|Overgrowth","Sorcery","Manaflow Band|Transcendence","Ability Haste|Health Scaling|Tenacity and Slow Resist","Flash|Ignite","mechanics_only","no"
"16.19.1","MasterYi","TOP","JUNGLE","full","Garen","Kraken Slayer","Serpent's Fang|Mercurial Scimitar","Berserker's Greaves","Fleet Footwork","Triumph|Legend: Alacrity|Cut Down","Resolve","Bone Plating|Demolish","Adaptive Force|Adaptive Force|Tenacity and Slow Resist","Flash|Ignite","mechanics_only","no"
"16.19.1","MasterYi","JUNGLE","JUNGLE","full","LeeSin","Kraken Slayer","Serpent's Fang|Mercurial Scimitar","Berserker's Greaves","Lethal Tempo","Triumph|Legend: Alacrity|Cut Down","Resolve","Bone Plating|Demolish","Adaptive Force|Adaptive Force|Tenacity and Slow Resist","Smite|Flash","mechanics_only","no"
"16.19.1","MasterYi","MIDDLE","JUNGLE","full","Ahri","Kraken Slayer","Mercurial Scimitar|Serpent's Fang","Berserker's Greaves","Lethal Tempo","Triumph|Legend: Alacrity|Cut Down","Resolve","Bone Plating|Demolish","Adaptive Force|Adaptive Force|Tenacity and Slow Resist","Flash|Ignite","mechanics_only","no"
"16.19.1","MasterYi","BOTTOM","JUNGLE","full","Jinx","Kraken Slayer","Serpent's Fang|Mercurial Scimitar","Berserker's Greaves","Fleet Footwork","Triumph|Legend: Alacrity|Cut Down","Resolve","Bone Plating|Shield Bash","Adaptive Force|Adaptive Force|Tenacity and Slow Resist","Flash|Ignite","mechanics_only","no"
"16.19.1","MasterYi","UTILITY","JUNGLE","full","Thresh","Kraken Slayer","Serpent's Fang|Mercurial Scimitar","Berserker's Greaves","Lethal Tempo","Triumph|Legend: Alacrity|Cut Down","Resolve","Bone Plating|Demolish","Adaptive Force|Adaptive Force|Tenacity and Slow Resist","Flash|Ignite","mechanics_only","no"
"16.19.1","Mel","TOP","MIDDLE|SUPPORT","full","Garen","Malignance","Banshee's Veil|Lich Bane","Ionian Boots of Lucidity","Arcane Comet","Manaflow Band|Transcendence|Scorch","Precision","Cut Down|Presence of Mind","Adaptive Force|Adaptive Force|Tenacity and Slow Resist","Flash|Ignite","mechanics_only","no"
"16.19.1","Mel","JUNGLE","MIDDLE|SUPPORT","full","LeeSin","Malignance","Banshee's Veil|Lich Bane","Ionian Boots of Lucidity","Arcane Comet","Manaflow Band|Transcendence|Scorch","Precision","Presence of Mind|Legend: Haste","Adaptive Force|Adaptive Force|Tenacity and Slow Resist","Smite|Flash","mechanics_only","no"
"16.19.1","Mel","MIDDLE","MIDDLE|SUPPORT","full","Ahri","Malignance","Banshee's Veil|Lich Bane","Ionian Boots of Lucidity","Arcane Comet","Manaflow Band|Transcendence|Scorch","Precision","Legend: Haste|Presence of Mind","Adaptive Force|Adaptive Force|Tenacity and Slow Resist","Flash|Ignite","mechanics_only","no"
"16.19.1","Mel","BOTTOM","MIDDLE|SUPPORT","full","Jinx","Malignance","Banshee's Veil|Lich Bane","Ionian Boots of Lucidity","Arcane Comet","Manaflow Band|Transcendence|Scorch","Precision","Cut Down|Presence of Mind","Adaptive Force|Adaptive Force|Tenacity and Slow Resist","Flash|Heal","mechanics_only","no"
"16.19.1","Mel","UTILITY","MIDDLE|SUPPORT","full","Thresh","Malignance","Imperial Mandate|Banshee's Veil","Ionian Boots of Lucidity","Arcane Comet","Manaflow Band|Transcendence|Scorch","Precision","Presence of Mind|Legend: Haste","Adaptive Force|Adaptive Force|Tenacity and Slow Resist","Flash|Ignite","mechanics_only","no"
"16.19.1","Milio","TOP","SUPPORT","full","Garen","Redemption","Mikael's Blessing|Dawncore","Ionian Boots of Lucidity","Summon Aery","Manaflow Band|Transcendence|Scorch","Resolve","Font of Life|Overgrowth","Ability Haste|Move Speed|Tenacity and Slow Resist","Flash|Teleport","mechanics_only","no"
"16.19.1","Milio","JUNGLE","SUPPORT","full","LeeSin","Redemption","Mikael's Blessing|Dawncore","Ionian Boots of Lucidity","Summon Aery","Manaflow Band|Transcendence|Scorch","Resolve","Font of Life|Bone Plating","Ability Haste|Move Speed|Tenacity and Slow Resist","Smite|Flash","mechanics_only","no"
"16.19.1","Milio","MIDDLE","SUPPORT","full","Ahri","Redemption","Mikael's Blessing|Dawncore","Ionian Boots of Lucidity","Summon Aery","Manaflow Band|Transcendence|Scorch","Resolve","Font of Life|Bone Plating","Ability Haste|Move Speed|Tenacity and Slow Resist","Flash|Exhaust","mechanics_only","no"
"16.19.1","Milio","BOTTOM","SUPPORT","full","Jinx","Redemption","Mikael's Blessing|Dawncore","Ionian Boots of Lucidity","Summon Aery","Manaflow Band|Transcendence|Scorch","Resolve","Font of Life|Bone Plating","Ability Haste|Move Speed|Tenacity and Slow Resist","Flash|Heal","mechanics_only","no"
"16.19.1","Milio","UTILITY","SUPPORT","full","Thresh","Redemption","Mikael's Blessing|Staff of Flowing Water","Ionian Boots of Lucidity","Summon Aery","Manaflow Band|Transcendence|Scorch","Resolve","Font of Life|Bone Plating","Ability Haste|Move Speed|Tenacity and Slow Resist","Flash|Exhaust","mechanics_only","no"
"16.19.1","MissFortune","TOP","BOTTOM","full","Garen","Essence Reaver","Eclipse|Banshee's Veil","Berserker's Greaves","Lethal Tempo","Presence of Mind|Legend: Alacrity|Cut Down","Sorcery","Manaflow Band|Transcendence","Adaptive Force|Adaptive Force|Tenacity and Slow Resist","Flash|Ignite","mechanics_only","no"
"16.19.1","MissFortune","JUNGLE","BOTTOM","full","LeeSin","Essence Reaver","Banshee's Veil|Eclipse","Berserker's Greaves","Lethal Tempo","Presence of Mind|Legend: Alacrity|Cut Down","Sorcery","Manaflow Band|Transcendence","Adaptive Force|Adaptive Force|Tenacity and Slow Resist","Smite|Flash","mechanics_only","no"
"16.19.1","MissFortune","MIDDLE","BOTTOM","full","Ahri","Essence Reaver","Banshee's Veil|Eclipse","Berserker's Greaves","Lethal Tempo","Presence of Mind|Legend: Alacrity|Cut Down","Sorcery","Manaflow Band|Transcendence","Adaptive Force|Adaptive Force|Tenacity and Slow Resist","Flash|Ignite","mechanics_only","no"
"16.19.1","MissFortune","BOTTOM","BOTTOM","full","Jinx","Essence Reaver","Eclipse|Banshee's Veil","Berserker's Greaves","Lethal Tempo","Presence of Mind|Legend: Alacrity|Cut Down","Resolve","Bone Plating|Shield Bash","Adaptive Force|Adaptive Force|Tenacity and Slow Resist","Flash|Heal","mechanics_only","no"
"16.19.1","MissFortune","UTILITY","BOTTOM","full","Thresh","Essence Reaver","Imperial Mandate|Malignance","Berserker's Greaves","Lethal Tempo","Presence of Mind|Legend: Alacrity|Cut Down","Sorcery","Manaflow Band|Transcendence","Adaptive Force|Adaptive Force|Tenacity and Slow Resist","Flash|Ignite","mechanics_only","no"
"16.19.1","Mordekaiser","TOP","TOP","full","Garen","Cosmic Drive","Zhonya's Hourglass|Banshee's Veil","Ionian Boots of Lucidity","Grasp of the Undying","Font of Life|Second Wind|Overgrowth","Sorcery","Transcendence|Scorch","Adaptive Force|Adaptive Force|Tenacity and Slow Resist","Flash|Ignite","mechanics_only","no"
"16.19.1","Mordekaiser","JUNGLE","TOP","full","LeeSin","Banshee's Veil","Randuin's Omen|Cosmic Drive","Ionian Boots of Lucidity","Aftershock","Font of Life|Second Wind|Overgrowth","Sorcery","Transcendence|Scorch","Adaptive Force|Adaptive Force|Tenacity and Slow Resist","Smite|Flash","mechanics_only","no"
"16.19.1","Mordekaiser","MIDDLE","TOP","full","Ahri","Banshee's Veil","Cosmic Drive|Randuin's Omen","Ionian Boots of Lucidity","Aftershock","Font of Life|Second Wind|Overgrowth","Sorcery","Transcendence|Scorch","Adaptive Force|Adaptive Force|Tenacity and Slow Resist","Flash|Ignite","mechanics_only","no"
"16.19.1","Mordekaiser","BOTTOM","TOP","full","Jinx","Cosmic Drive","Zhonya's Hourglass|Banshee's Veil","Ionian Boots of Lucidity","Grasp of the Undying","Font of Life|Second Wind|Overgrowth","Sorcery","Transcendence|Scorch","Adaptive Force|Adaptive Force|Tenacity and Slow Resist","Flash|Ignite","mechanics_only","no"
"16.19.1","Mordekaiser","UTILITY","TOP","full","Thresh","Imperial Mandate","Banshee's Veil|Echoes of Helia","Ionian Boots of Lucidity","Aftershock","Font of Life|Second Wind|Overgrowth","Sorcery","Transcendence|Scorch","Adaptive Force|Adaptive Force|Tenacity and Slow Resist","Flash|Ignite","mechanics_only","no"
"16.19.1","Morgana","TOP","SUPPORT","full","Garen","Malignance","Banshee's Veil|Lich Bane","Ionian Boots of Lucidity","Arcane Comet","Manaflow Band|Transcendence|Scorch","Resolve","Font of Life|Overgrowth","Ability Haste|Adaptive Force|Tenacity and Slow Resist","Flash|Ignite","mechanics_only","no"
"16.19.1","Morgana","JUNGLE","SUPPORT","full","LeeSin","Malignance","Banshee's Veil|Lich Bane","Ionian Boots of Lucidity","Arcane Comet","Manaflow Band|Transcendence|Scorch","Precision","Presence of Mind|Legend: Haste","Ability Haste|Adaptive Force|Tenacity and Slow Resist","Smite|Flash","mechanics_only","no"
"16.19.1","Morgana","MIDDLE","SUPPORT","full","Ahri","Malignance","Banshee's Veil|Lich Bane","Ionian Boots of Lucidity","Arcane Comet","Manaflow Band|Transcendence|Scorch","Precision","Presence of Mind|Legend: Haste","Ability Haste|Adaptive Force|Tenacity and Slow Resist","Flash|Ignite","mechanics_only","no"
"16.19.1","Morgana","BOTTOM","SUPPORT","full","Jinx","Malignance","Banshee's Veil|Lich Bane","Ionian Boots of Lucidity","Summon Aery","Manaflow Band|Transcendence|Scorch","Resolve","Font of Life|Overgrowth","Ability Haste|Adaptive Force|Tenacity and Slow Resist","Flash|Heal","mechanics_only","no"
"16.19.1","Morgana","UTILITY","SUPPORT","full","Thresh","Malignance","Imperial Mandate|Banshee's Veil","Ionian Boots of Lucidity","Summon Aery","Manaflow Band|Transcendence|Scorch","Resolve","Font of Life|Overgrowth","Ability Haste|Adaptive Force|Tenacity and Slow Resist","Flash|Exhaust","mechanics_only","no"
"16.19.1","Naafiri","TOP","MIDDLE","full","Garen","Eclipse","Serpent's Fang|Essence Reaver","Ionian Boots of Lucidity","Deathfire Touch","Manaflow Band|Transcendence|Scorch","Domination","Sudden Impact|Deep Ward","Adaptive Force|Adaptive Force|Tenacity and Slow Resist","Flash|Ignite","mechanics_only","no"
"16.19.1","Naafiri","JUNGLE","MIDDLE","full","LeeSin","Eclipse","Serpent's Fang|Essence Reaver","Ionian Boots of Lucidity","Deathfire Touch","Manaflow Band|Transcendence|Scorch","Domination","Sudden Impact|Sixth Sense","Adaptive Force|Adaptive Force|Tenacity and Slow Resist","Smite|Flash","mechanics_only","no"
"16.19.1","Naafiri","MIDDLE","MIDDLE","full","Ahri","Eclipse","Serpent's Fang|Essence Reaver","Ionian Boots of Lucidity","Deathfire Touch","Manaflow Band|Transcendence|Scorch","Domination","Sudden Impact|Relentless Hunter","Adaptive Force|Adaptive Force|Tenacity and Slow Resist","Flash|Ignite","mechanics_only","no"
"16.19.1","Naafiri","BOTTOM","MIDDLE","full","Jinx","Eclipse","Serpent's Fang|Essence Reaver","Ionian Boots of Lucidity","Summon Aery","Manaflow Band|Transcendence|Scorch","Domination","Sudden Impact|Deep Ward","Adaptive Force|Adaptive Force|Tenacity and Slow Resist","Flash|Ignite","mechanics_only","no"
"16.19.1","Naafiri","UTILITY","MIDDLE","full","Thresh","Eclipse","Serpent's Fang|Essence Reaver","Ionian Boots of Lucidity","Summon Aery","Manaflow Band|Transcendence|Scorch","Domination","Sudden Impact|Sixth Sense","Adaptive Force|Adaptive Force|Tenacity and Slow Resist","Flash|Ignite","mechanics_only","no"
"16.19.1","Nami","TOP","SUPPORT","full","Garen","Redemption","Mikael's Blessing|Malignance","Ionian Boots of Lucidity","Summon Aery","Manaflow Band|Transcendence|Scorch","Precision","Presence of Mind|Cut Down","Ability Haste|Move Speed|Tenacity and Slow Resist","Flash|Teleport","mechanics_only","no"
"16.19.1","Nami","JUNGLE","SUPPORT","full","LeeSin","Redemption","Mikael's Blessing|Malignance","Ionian Boots of Lucidity","Summon Aery","Manaflow Band|Transcendence|Scorch","Precision","Presence of Mind|Legend: Haste","Ability Haste|Move Speed|Tenacity and Slow Resist","Smite|Flash","mechanics_only","no"
"16.19.1","Nami","MIDDLE","SUPPORT","full","Ahri","Redemption","Mikael's Blessing|Malignance","Ionian Boots of Lucidity","Summon Aery","Manaflow Band|Transcendence|Scorch","Precision","Presence of Mind|Legend: Haste","Ability Haste|Move Speed|Tenacity and Slow Resist","Flash|Exhaust","mechanics_only","no"
"16.19.1","Nami","BOTTOM","SUPPORT","full","Jinx","Redemption","Mikael's Blessing|Malignance","Ionian Boots of Lucidity","Summon Aery","Manaflow Band|Transcendence|Scorch","Precision","Presence of Mind|Cut Down","Ability Haste|Move Speed|Tenacity and Slow Resist","Flash|Heal","mechanics_only","no"
"16.19.1","Nami","UTILITY","SUPPORT","full","Thresh","Redemption","Mikael's Blessing|Malignance","Ionian Boots of Lucidity","Summon Aery","Manaflow Band|Transcendence|Scorch","Precision","Presence of Mind|Legend: Haste","Ability Haste|Move Speed|Tenacity and Slow Resist","Flash|Exhaust","mechanics_only","no"
"16.19.1","Nasus","TOP","TOP","full","Garen","Randuin's Omen","Frozen Heart|Kaenic Rookern","Plated Steelcaps","Grasp of the Undying","Demolish|Bone Plating|Overgrowth","Precision","Triumph|Legend: Bloodline","Attack Speed|Health Scaling|Tenacity and Slow Resist","Flash|Teleport","mechanics_only","no"
"16.19.1","Nasus","JUNGLE","TOP","full","LeeSin","Randuin's Omen","Frozen Heart|Kaenic Rookern","Plated Steelcaps","Grasp of the Undying","Demolish|Bone Plating|Overgrowth","Sorcery","Manaflow Band|Gathering Storm","Attack Speed|Health Scaling|Tenacity and Slow Resist","Smite|Flash","mechanics_only","no"
"16.19.1","Nasus","MIDDLE","TOP","full","Ahri","Randuin's Omen","Kaenic Rookern|Frozen Heart","Plated Steelcaps","Grasp of the Undying","Demolish|Bone Plating|Overgrowth","Sorcery","Manaflow Band|Gathering Storm","Attack Speed|Health Scaling|Tenacity and Slow Resist","Flash|Ignite","mechanics_only","no"
"16.19.1","Nasus","BOTTOM","TOP","full","Jinx","Randuin's Omen","Frozen Heart|Kaenic Rookern","Plated Steelcaps","Grasp of the Undying","Shield Bash|Bone Plating|Overgrowth","Precision","Triumph|Legend: Bloodline","Attack Speed|Health Scaling|Tenacity and Slow Resist","Flash|Heal","mechanics_only","no"
"16.19.1","Nasus","UTILITY","TOP","full","Thresh","Locket of the Iron Solari","Randuin's Omen|Mikael's Blessing","Plated Steelcaps","Grasp of the Undying","Demolish|Bone Plating|Overgrowth","Sorcery","Manaflow Band|Gathering Storm","Attack Speed|Health Scaling|Tenacity and Slow Resist","Flash|Ignite","mechanics_only","no"
"16.19.1","Nautilus","TOP","SUPPORT","full","Garen","Randuin's Omen","Warmog's Armor|Winter's Approach","Plated Steelcaps","Grasp of the Undying","Font of Life|Second Wind|Overgrowth","Sorcery","Manaflow Band|Transcendence","Ability Haste|Health Scaling|Tenacity and Slow Resist","Flash|Teleport","mechanics_only","no"
"16.19.1","Nautilus","JUNGLE","SUPPORT","full","LeeSin","Randuin's Omen","Warmog's Armor|Winter's Approach","Plated Steelcaps","Grasp of the Undying","Font of Life|Bone Plating|Overgrowth","Sorcery","Manaflow Band|Transcendence","Ability Haste|Health Scaling|Tenacity and Slow Resist","Smite|Flash","mechanics_only","no"
"16.19.1","Nautilus","MIDDLE","SUPPORT","full","Ahri","Randuin's Omen","Kaenic Rookern|Warmog's Armor","Plated Steelcaps","Grasp of the Undying","Font of Life|Bone Plating|Overgrowth","Sorcery","Manaflow Band|Transcendence","Ability Haste|Health Scaling|Tenacity and Slow Resist","Flash|Teleport","mechanics_only","no"
"16.19.1","Nautilus","BOTTOM","SUPPORT","full","Jinx","Randuin's Omen","Warmog's Armor|Frozen Heart","Plated Steelcaps","Grasp of the Undying","Font of Life|Bone Plating|Overgrowth","Sorcery","Manaflow Band|Transcendence","Ability Haste|Health Scaling|Tenacity and Slow Resist","Flash|Heal","mechanics_only","no"
"16.19.1","Nautilus","UTILITY","SUPPORT","full","Thresh","Locket of the Iron Solari","Mikael's Blessing|Randuin's Omen","Plated Steelcaps","Aftershock","Font of Life|Bone Plating|Overgrowth","Sorcery","Manaflow Band|Transcendence","Ability Haste|Health Scaling|Tenacity and Slow Resist","Flash|Ignite","mechanics_only","no"
"16.19.1","Neeko","TOP","MIDDLE|SUPPORT","full","Garen","Malignance","Banshee's Veil|Lich Bane","Ionian Boots of Lucidity","Aftershock","Font of Life|Bone Plating|Overgrowth","Sorcery","Transcendence|Manaflow Band","Adaptive Force|Adaptive Force|Tenacity and Slow Resist","Flash|Ignite","mechanics_only","no"
"16.19.1","Neeko","JUNGLE","MIDDLE|SUPPORT","full","LeeSin","Malignance","Banshee's Veil|Lich Bane","Ionian Boots of Lucidity","Deathfire Touch","Manaflow Band|Transcendence|Scorch","Inspiration","Approach Velocity|Magical Footwear","Adaptive Force|Adaptive Force|Tenacity and Slow Resist","Smite|Flash","mechanics_only","no"
"16.19.1","Neeko","MIDDLE","MIDDLE|SUPPORT","full","Ahri","Malignance","Banshee's Veil|Lich Bane","Ionian Boots of Lucidity","Deathfire Touch","Manaflow Band|Transcendence|Scorch","Resolve","Font of Life|Bone Plating","Adaptive Force|Adaptive Force|Tenacity and Slow Resist","Flash|Ignite","mechanics_only","no"
"16.19.1","Neeko","BOTTOM","MIDDLE|SUPPORT","full","Jinx","Malignance","Banshee's Veil|Lich Bane","Ionian Boots of Lucidity","Aftershock","Font of Life|Bone Plating|Overgrowth","Sorcery","Transcendence|Manaflow Band","Adaptive Force|Adaptive Force|Tenacity and Slow Resist","Flash|Heal","mechanics_only","no"
"16.19.1","Neeko","UTILITY","MIDDLE|SUPPORT","full","Thresh","Malignance","Banshee's Veil|Imperial Mandate","Ionian Boots of Lucidity","Aftershock","Font of Life|Bone Plating|Overgrowth","Sorcery","Transcendence|Manaflow Band","Adaptive Force|Adaptive Force|Tenacity and Slow Resist","Flash|Ignite","mechanics_only","no"
"16.19.1","Nidalee","TOP","JUNGLE","full","Garen","Essence Reaver","Eclipse|Serpent's Fang","Ionian Boots of Lucidity","Summon Aery","Manaflow Band|Transcendence|Scorch","Domination","Sudden Impact|Deep Ward","Adaptive Force|Adaptive Force|Tenacity and Slow Resist","Flash|Ignite","mechanics_only","no"
"16.19.1","Nidalee","JUNGLE","JUNGLE","full","LeeSin","Essence Reaver","Eclipse|Serpent's Fang","Ionian Boots of Lucidity","Summon Aery","Manaflow Band|Transcendence|Scorch","Domination","Sudden Impact|Sixth Sense","Adaptive Force|Adaptive Force|Tenacity and Slow Resist","Smite|Flash","mechanics_only","no"
"16.19.1","Nidalee","MIDDLE","JUNGLE","full","Ahri","Essence Reaver","Eclipse|Serpent's Fang","Ionian Boots of Lucidity","Summon Aery","Manaflow Band|Transcendence|Scorch","Domination","Sudden Impact|Relentless Hunter","Adaptive Force|Adaptive Force|Tenacity and Slow Resist","Flash|Ignite","mechanics_only","no"
"16.19.1","Nidalee","BOTTOM","JUNGLE","full","Jinx","Essence Reaver","Eclipse|Serpent's Fang","Ionian Boots of Lucidity","Summon Aery","Manaflow Band|Transcendence|Scorch","Domination","Sudden Impact|Deep Ward","Adaptive Force|Adaptive Force|Tenacity and Slow Resist","Flash|Heal","mechanics_only","no"
"16.19.1","Nidalee","UTILITY","JUNGLE","full","Thresh","Imperial Mandate","Serpent's Fang|Essence Reaver","Ionian Boots of Lucidity","Summon Aery","Manaflow Band|Transcendence|Scorch","Domination","Sudden Impact|Sixth Sense","Adaptive Force|Adaptive Force|Tenacity and Slow Resist","Flash|Ignite","mechanics_only","no"
"16.19.1","Nilah","TOP","BOTTOM","full","Garen","Essence Reaver","Infinity Edge|Eclipse","Berserker's Greaves","Fleet Footwork","Presence of Mind|Legend: Alacrity|Cut Down","Resolve","Second Wind|Font of Life","Adaptive Force|Adaptive Force|Tenacity and Slow Resist","Flash|Ignite","mechanics_only","no"
"16.19.1","Nilah","JUNGLE","BOTTOM","full","LeeSin","Essence Reaver","Infinity Edge|Eclipse","Berserker's Greaves","Lethal Tempo","Presence of Mind|Legend: Alacrity|Cut Down","Resolve","Bone Plating|Demolish","Adaptive Force|Adaptive Force|Tenacity and Slow Resist","Smite|Flash","mechanics_only","no"
"16.19.1","Nilah","MIDDLE","BOTTOM","full","Ahri","Essence Reaver","Infinity Edge|Eclipse","Berserker's Greaves","Lethal Tempo","Presence of Mind|Legend: Alacrity|Cut Down","Resolve","Bone Plating|Demolish","Adaptive Force|Adaptive Force|Tenacity and Slow Resist","Flash|Ignite","mechanics_only","no"
"16.19.1","Nilah","BOTTOM","BOTTOM","full","Jinx","Essence Reaver","Infinity Edge|Eclipse","Berserker's Greaves","Fleet Footwork","Presence of Mind|Legend: Alacrity|Cut Down","Resolve","Bone Plating|Font of Life","Adaptive Force|Adaptive Force|Tenacity and Slow Resist","Flash|Ignite","mechanics_only","no"
"16.19.1","Nilah","UTILITY","BOTTOM","full","Thresh","Essence Reaver","Infinity Edge|Eclipse","Berserker's Greaves","Hail of Blades","Sudden Impact|Sixth Sense|Relentless Hunter","Resolve","Font of Life|Bone Plating","Adaptive Force|Adaptive Force|Tenacity and Slow Resist","Flash|Ignite","mechanics_only","no"
"16.19.1","Nocturne","TOP","JUNGLE","full","Garen","Essence Reaver","Eclipse|Serpent's Fang","Berserker's Greaves","Fleet Footwork","Presence of Mind|Legend: Alacrity|Cut Down","Resolve","Font of Life|Second Wind","Adaptive Force|Adaptive Force|Tenacity and Slow Resist","Flash|Ignite","mechanics_only","no"
"16.19.1","Nocturne","JUNGLE","JUNGLE","full","LeeSin","Essence Reaver","Eclipse|Serpent's Fang","Berserker's Greaves","Lethal Tempo","Presence of Mind|Legend: Alacrity|Cut Down","Sorcery","Manaflow Band|Transcendence","Adaptive Force|Adaptive Force|Tenacity and Slow Resist","Smite|Flash","mechanics_only","no"
"16.19.1","Nocturne","MIDDLE","JUNGLE","full","Ahri","Essence Reaver","Eclipse|Serpent's Fang","Berserker's Greaves","Lethal Tempo","Presence of Mind|Legend: Alacrity|Cut Down","Sorcery","Manaflow Band|Transcendence","Adaptive Force|Adaptive Force|Tenacity and Slow Resist","Flash|Ignite","mechanics_only","no"
"16.19.1","Nocturne","BOTTOM","JUNGLE","full","Jinx","Essence Reaver","Eclipse|Serpent's Fang","Berserker's Greaves","Fleet Footwork","Presence of Mind|Legend: Alacrity|Cut Down","Resolve","Bone Plating|Font of Life","Adaptive Force|Adaptive Force|Tenacity and Slow Resist","Flash|Ignite","mechanics_only","no"
"16.19.1","Nocturne","UTILITY","JUNGLE","full","Thresh","Essence Reaver","Eclipse|Serpent's Fang","Berserker's Greaves","Lethal Tempo","Presence of Mind|Legend: Alacrity|Cut Down","Resolve","Font of Life|Bone Plating","Adaptive Force|Adaptive Force|Tenacity and Slow Resist","Flash|Ignite","mechanics_only","no"
"16.19.1","Nunu","TOP","JUNGLE","full","Garen","Warmog's Armor","Randuin's Omen|Winter's Approach","Plated Steelcaps","Grasp of the Undying","Font of Life|Second Wind|Overgrowth","Sorcery","Manaflow Band|Transcendence","Ability Haste|Health Scaling|Tenacity and Slow Resist","Flash|Teleport","mechanics_only","no"
"16.19.1","Nunu","JUNGLE","JUNGLE","full","LeeSin","Warmog's Armor","Randuin's Omen|Winter's Approach","Plated Steelcaps","Grasp of the Undying","Font of Life|Bone Plating|Overgrowth","Sorcery","Manaflow Band|Transcendence","Ability Haste|Health Scaling|Tenacity and Slow Resist","Smite|Flash","mechanics_only","no"
"16.19.1","Nunu","MIDDLE","JUNGLE","full","Ahri","Warmog's Armor","Randuin's Omen|Winter's Approach","Plated Steelcaps","Grasp of the Undying","Font of Life|Bone Plating|Overgrowth","Sorcery","Manaflow Band|Transcendence","Ability Haste|Health Scaling|Tenacity and Slow Resist","Flash|Teleport","mechanics_only","no"
"16.19.1","Nunu","BOTTOM","JUNGLE","full","Jinx","Randuin's Omen","Warmog's Armor|Winter's Approach","Plated Steelcaps","Grasp of the Undying","Font of Life|Bone Plating|Overgrowth","Sorcery","Manaflow Band|Transcendence","Ability Haste|Health Scaling|Tenacity and Slow Resist","Flash|Heal","mechanics_only","no"
"16.19.1","Nunu","UTILITY","JUNGLE","full","Thresh","Locket of the Iron Solari","Mikael's Blessing|Randuin's Omen","Plated Steelcaps","Grasp of the Undying","Font of Life|Bone Plating|Overgrowth","Sorcery","Manaflow Band|Transcendence","Ability Haste|Health Scaling|Tenacity and Slow Resist","Flash|Ignite","mechanics_only","no"
"16.19.1","Olaf","TOP","TOP","full","Garen","Eclipse","Randuin's Omen|Mikael's Blessing","Mercury's Treads","Grasp of the Undying","Demolish|Second Wind|Overgrowth","Precision","Triumph|Legend: Bloodline","Attack Speed|Health Scaling|Tenacity and Slow Resist","Flash|Teleport","mechanics_only","no"
"16.19.1","Olaf","JUNGLE","TOP","full","LeeSin","Eclipse","Randuin's Omen|Mikael's Blessing","Mercury's Treads","Grasp of the Undying","Demolish|Bone Plating|Overgrowth","Sorcery","Manaflow Band|Gathering Storm","Attack Speed|Health Scaling|Tenacity and Slow Resist","Smite|Flash","mechanics_only","no"
"16.19.1","Olaf","MIDDLE","TOP","full","Ahri","Eclipse","Randuin's Omen|Mikael's Blessing","Mercury's Treads","Grasp of the Undying","Demolish|Bone Plating|Overgrowth","Sorcery","Manaflow Band|Transcendence","Attack Speed|Health Scaling|Tenacity and Slow Resist","Flash|Ignite","mechanics_only","no"
"16.19.1","Olaf","BOTTOM","TOP","full","Jinx","Randuin's Omen","Mikael's Blessing|Edge of Night","Mercury's Treads","Grasp of the Undying","Shield Bash|Bone Plating|Overgrowth","Precision","Triumph|Legend: Bloodline","Attack Speed|Health Scaling|Tenacity and Slow Resist","Flash|Heal","mechanics_only","no"
"16.19.1","Olaf","UTILITY","TOP","full","Thresh","Mikael's Blessing","Randuin's Omen|Redemption","Plated Steelcaps","Grasp of the Undying","Demolish|Bone Plating|Overgrowth","Sorcery","Manaflow Band|Gathering Storm","Attack Speed|Health Scaling|Tenacity and Slow Resist","Flash|Ignite","mechanics_only","no"
"16.19.1","Orianna","TOP","MIDDLE","full","Garen","Malignance","Banshee's Veil|Redemption","Ionian Boots of Lucidity","Summon Aery","Manaflow Band|Transcendence|Scorch","Resolve","Font of Life|Overgrowth","Ability Haste|Adaptive Force|Tenacity and Slow Resist","Flash|Ignite","mechanics_only","no"
"16.19.1","Orianna","JUNGLE","MIDDLE","full","LeeSin","Malignance","Banshee's Veil|Redemption","Ionian Boots of Lucidity","Summon Aery","Manaflow Band|Transcendence|Scorch","Resolve","Font of Life|Bone Plating","Ability Haste|Adaptive Force|Tenacity and Slow Resist","Smite|Flash","mechanics_only","no"
"16.19.1","Orianna","MIDDLE","MIDDLE","full","Ahri","Malignance","Banshee's Veil|Redemption","Ionian Boots of Lucidity","Summon Aery","Manaflow Band|Transcendence|Scorch","Precision","Presence of Mind|Legend: Haste","Ability Haste|Adaptive Force|Tenacity and Slow Resist","Flash|Ignite","mechanics_only","no"
"16.19.1","Orianna","BOTTOM","MIDDLE","full","Jinx","Malignance","Banshee's Veil|Redemption","Ionian Boots of Lucidity","Summon Aery","Manaflow Band|Transcendence|Scorch","Resolve","Font of Life|Bone Plating","Ability Haste|Adaptive Force|Tenacity and Slow Resist","Flash|Heal","mechanics_only","no"
"16.19.1","Orianna","UTILITY","MIDDLE","full","Thresh","Imperial Mandate","Malignance|Mikael's Blessing","Ionian Boots of Lucidity","Summon Aery","Manaflow Band|Transcendence|Scorch","Resolve","Font of Life|Bone Plating","Ability Haste|Adaptive Force|Tenacity and Slow Resist","Flash|Exhaust","mechanics_only","no"
"16.19.1","Ornn","TOP","TOP","full","Garen","Randuin's Omen","Frozen Heart|Zeke's Convergence","Plated Steelcaps","Grasp of the Undying","Font of Life|Second Wind|Overgrowth","Sorcery","Manaflow Band|Transcendence","Ability Haste|Health Scaling|Tenacity and Slow Resist","Flash|Teleport","mechanics_only","no"
"16.19.1","Ornn","JUNGLE","TOP","full","LeeSin","Randuin's Omen","Frozen Heart|Zeke's Convergence","Plated Steelcaps","Grasp of the Undying","Font of Life|Bone Plating|Overgrowth","Sorcery","Manaflow Band|Transcendence","Ability Haste|Health Scaling|Tenacity and Slow Resist","Smite|Flash","mechanics_only","no"
"16.19.1","Ornn","MIDDLE","TOP","full","Ahri","Randuin's Omen","Kaenic Rookern|Zeke's Convergence","Plated Steelcaps","Grasp of the Undying","Font of Life|Bone Plating|Overgrowth","Sorcery","Manaflow Band|Transcendence","Ability Haste|Health Scaling|Tenacity and Slow Resist","Flash|Teleport","mechanics_only","no"
"16.19.1","Ornn","BOTTOM","TOP","full","Jinx","Randuin's Omen","Frozen Heart|Zeke's Convergence","Plated Steelcaps","Grasp of the Undying","Font of Life|Bone Plating|Overgrowth","Sorcery","Manaflow Band|Transcendence","Ability Haste|Health Scaling|Tenacity and Slow Resist","Flash|Heal","mechanics_only","no"
"16.19.1","Ornn","UTILITY","TOP","full","Thresh","Locket of the Iron Solari","Randuin's Omen|Mikael's Blessing","Plated Steelcaps","Aftershock","Font of Life|Bone Plating|Overgrowth","Sorcery","Manaflow Band|Transcendence","Ability Haste|Health Scaling|Tenacity and Slow Resist","Flash|Ignite","mechanics_only","no"
"16.19.1","Pantheon","TOP","JUNGLE|MIDDLE|SUPPORT|TOP","full","Garen","Malignance","Zhonya's Hourglass|Banshee's Veil","Ionian Boots of Lucidity","Grasp of the Undying","Font of Life|Second Wind|Overgrowth","Sorcery","Manaflow Band|Transcendence","Adaptive Force|Adaptive Force|Tenacity and Slow Resist","Flash|Ignite","mechanics_only","no"
"16.19.1","Pantheon","JUNGLE","JUNGLE|MIDDLE|SUPPORT|TOP","full","LeeSin","Malignance","Zhonya's Hourglass|Banshee's Veil","Ionian Boots of Lucidity","Deathfire Touch","Manaflow Band|Transcendence|Scorch","Resolve","Second Wind|Overgrowth","Adaptive Force|Adaptive Force|Tenacity and Slow Resist","Smite|Flash","mechanics_only","no"
"16.19.1","Pantheon","MIDDLE","JUNGLE|MIDDLE|SUPPORT|TOP","full","Ahri","Malignance","Banshee's Veil|Hextech Gunblade","Ionian Boots of Lucidity","Deathfire Touch","Manaflow Band|Transcendence|Scorch","Resolve","Second Wind|Overgrowth","Adaptive Force|Adaptive Force|Tenacity and Slow Resist","Flash|Ignite","mechanics_only","no"
"16.19.1","Pantheon","BOTTOM","JUNGLE|MIDDLE|SUPPORT|TOP","full","Jinx","Malignance","Zhonya's Hourglass|Banshee's Veil","Ionian Boots of Lucidity","Grasp of the Undying","Font of Life|Second Wind|Overgrowth","Sorcery","Manaflow Band|Transcendence","Adaptive Force|Adaptive Force|Tenacity and Slow Resist","Flash|Ignite","mechanics_only","no"
"16.19.1","Pantheon","UTILITY","JUNGLE|MIDDLE|SUPPORT|TOP","full","Thresh","Imperial Mandate","Malignance|Banshee's Veil","Ionian Boots of Lucidity","Deathfire Touch","Manaflow Band|Transcendence|Scorch","Resolve","Second Wind|Font of Life","Adaptive Force|Adaptive Force|Tenacity and Slow Resist","Flash|Ignite","mechanics_only","no"
"16.19.1","Poppy","TOP","JUNGLE|TOP","full","Garen","Randuin's Omen","Frozen Heart|Zeke's Convergence","Plated Steelcaps","Grasp of the Undying","Font of Life|Second Wind|Overgrowth","Sorcery","Manaflow Band|Transcendence","Ability Haste|Health Scaling|Tenacity and Slow Resist","Flash|Teleport","mechanics_only","no"
"16.19.1","Poppy","JUNGLE","JUNGLE|TOP","full","LeeSin","Randuin's Omen","Frozen Heart|Zeke's Convergence","Plated Steelcaps","Grasp of the Undying","Font of Life|Bone Plating|Overgrowth","Sorcery","Manaflow Band|Transcendence","Ability Haste|Health Scaling|Tenacity and Slow Resist","Smite|Flash","mechanics_only","no"
"16.19.1","Poppy","MIDDLE","JUNGLE|TOP","full","Ahri","Zeke's Convergence","Randuin's Omen|Frozen Heart","Plated Steelcaps","Grasp of the Undying","Font of Life|Bone Plating|Overgrowth","Sorcery","Manaflow Band|Transcendence","Ability Haste|Health Scaling|Tenacity and Slow Resist","Flash|Ignite","mechanics_only","no"
"16.19.1","Poppy","BOTTOM","JUNGLE|TOP","full","Jinx","Randuin's Omen","Frozen Heart|Zeke's Convergence","Plated Steelcaps","Grasp of the Undying","Font of Life|Bone Plating|Overgrowth","Sorcery","Manaflow Band|Transcendence","Ability Haste|Health Scaling|Tenacity and Slow Resist","Flash|Heal","mechanics_only","no"
"16.19.1","Poppy","UTILITY","JUNGLE|TOP","full","Thresh","Locket of the Iron Solari","Randuin's Omen|Mikael's Blessing","Plated Steelcaps","Aftershock","Font of Life|Bone Plating|Overgrowth","Sorcery","Manaflow Band|Transcendence","Ability Haste|Health Scaling|Tenacity and Slow Resist","Flash|Ignite","mechanics_only","no"
"16.19.1","Pyke","TOP","SUPPORT","full","Garen","Essence Reaver","Eclipse|Edge of Night","Ionian Boots of Lucidity","Fleet Footwork","Presence of Mind|Legend: Bloodline|Cut Down","Sorcery","Manaflow Band|Transcendence","Adaptive Force|Adaptive Force|Tenacity and Slow Resist","Flash|Ignite","mechanics_only","no"
"16.19.1","Pyke","JUNGLE","SUPPORT","full","LeeSin","Essence Reaver","Eclipse|Edge of Night","Ionian Boots of Lucidity","Hail of Blades","Sudden Impact|Sixth Sense|Relentless Hunter","Sorcery","Manaflow Band|Transcendence","Adaptive Force|Adaptive Force|Tenacity and Slow Resist","Smite|Flash","mechanics_only","no"
"16.19.1","Pyke","MIDDLE","SUPPORT","full","Ahri","Essence Reaver","Eclipse|Edge of Night","Ionian Boots of Lucidity","Deathfire Touch","Manaflow Band|Transcendence|Scorch","Domination","Sudden Impact|Relentless Hunter","Adaptive Force|Adaptive Force|Tenacity and Slow Resist","Flash|Ignite","mechanics_only","no"
"16.19.1","Pyke","BOTTOM","SUPPORT","full","Jinx","Essence Reaver","Eclipse|Edge of Night","Ionian Boots of Lucidity","Fleet Footwork","Presence of Mind|Legend: Bloodline|Cut Down","Sorcery","Manaflow Band|Transcendence","Adaptive Force|Adaptive Force|Tenacity and Slow Resist","Flash|Heal","mechanics_only","no"
"16.19.1","Pyke","UTILITY","SUPPORT","full","Thresh","Essence Reaver","Eclipse|Mikael's Blessing","Ionian Boots of Lucidity","Hail of Blades","Sudden Impact|Sixth Sense|Relentless Hunter","Sorcery","Manaflow Band|Transcendence","Adaptive Force|Adaptive Force|Tenacity and Slow Resist","Flash|Exhaust","mechanics_only","no"
"16.19.1","Qiyana","TOP","MIDDLE","full","Garen","Eclipse","Serpent's Fang|Essence Reaver","Ionian Boots of Lucidity","Aftershock","Font of Life|Second Wind|Overgrowth","Sorcery","Manaflow Band|Transcendence","Adaptive Force|Adaptive Force|Tenacity and Slow Resist","Flash|Ignite","mechanics_only","no"
"16.19.1","Qiyana","JUNGLE","MIDDLE","full","LeeSin","Eclipse","Serpent's Fang|Essence Reaver","Ionian Boots of Lucidity","Aftershock","Font of Life|Second Wind|Overgrowth","Sorcery","Manaflow Band|Transcendence","Adaptive Force|Adaptive Force|Tenacity and Slow Resist","Smite|Flash","mechanics_only","no"
"16.19.1","Qiyana","MIDDLE","MIDDLE","full","Ahri","Eclipse","Serpent's Fang|Essence Reaver","Ionian Boots of Lucidity","Aftershock","Font of Life|Second Wind|Overgrowth","Sorcery","Transcendence|Manaflow Band","Adaptive Force|Adaptive Force|Tenacity and Slow Resist","Flash|Ignite","mechanics_only","no"
"16.19.1","Qiyana","BOTTOM","MIDDLE","full","Jinx","Eclipse","Serpent's Fang|Essence Reaver","Ionian Boots of Lucidity","Aftershock","Font of Life|Second Wind|Overgrowth","Sorcery","Manaflow Band|Transcendence","Adaptive Force|Adaptive Force|Tenacity and Slow Resist","Flash|Ignite","mechanics_only","no"
"16.19.1","Qiyana","UTILITY","MIDDLE","full","Thresh","Eclipse","Serpent's Fang|Essence Reaver","Ionian Boots of Lucidity","Aftershock","Font of Life|Second Wind|Overgrowth","Sorcery","Manaflow Band|Transcendence","Adaptive Force|Adaptive Force|Tenacity and Slow Resist","Flash|Ignite","mechanics_only","no"
"16.19.1","Quinn","TOP","TOP","full","Garen","Essence Reaver","Kraken Slayer|Infinity Edge","Berserker's Greaves","Lethal Tempo","Presence of Mind|Legend: Alacrity|Cut Down","Resolve","Bone Plating|Demolish","Adaptive Force|Adaptive Force|Tenacity and Slow Resist","Flash|Ignite","mechanics_only","no"
"16.19.1","Quinn","JUNGLE","TOP","full","LeeSin","Essence Reaver","Kraken Slayer|Infinity Edge","Berserker's Greaves","Hail of Blades","Sudden Impact|Sixth Sense|Relentless Hunter","Resolve","Bone Plating|Demolish","Adaptive Force|Adaptive Force|Tenacity and Slow Resist","Smite|Flash","mechanics_only","no"
"16.19.1","Quinn","MIDDLE","TOP","full","Ahri","Essence Reaver","Kraken Slayer|Infinity Edge","Berserker's Greaves","Lethal Tempo","Presence of Mind|Legend: Alacrity|Cut Down","Resolve","Bone Plating|Demolish","Adaptive Force|Adaptive Force|Tenacity and Slow Resist","Flash|Ignite","mechanics_only","no"
"16.19.1","Quinn","BOTTOM","TOP","full","Jinx","Essence Reaver","Kraken Slayer|Infinity Edge","Berserker's Greaves","Lethal Tempo","Presence of Mind|Legend: Alacrity|Cut Down","Resolve","Bone Plating|Shield Bash","Adaptive Force|Adaptive Force|Tenacity and Slow Resist","Flash|Heal","mechanics_only","no"
"16.19.1","Quinn","UTILITY","TOP","full","Thresh","Essence Reaver","Eclipse|Serpent's Fang","Berserker's Greaves","Hail of Blades","Sudden Impact|Sixth Sense|Relentless Hunter","Resolve","Bone Plating|Demolish","Adaptive Force|Adaptive Force|Tenacity and Slow Resist","Flash|Ignite","mechanics_only","no"
"16.19.1","Rakan","TOP","SUPPORT","full","Garen","Frozen Heart","Mikael's Blessing|Randuin's Omen","Ionian Boots of Lucidity","Summon Aery","Manaflow Band|Transcendence|Scorch","Resolve","Font of Life|Second Wind","Ability Haste|Health Scaling|Tenacity and Slow Resist","Flash|Teleport","mechanics_only","no"
"16.19.1","Rakan","JUNGLE","SUPPORT","full","LeeSin","Frozen Heart","Mikael's Blessing|Randuin's Omen","Ionian Boots of Lucidity","Summon Aery","Manaflow Band|Transcendence|Scorch","Resolve","Font of Life|Second Wind","Ability Haste|Health Scaling|Tenacity and Slow Resist","Smite|Flash","mechanics_only","no"
"16.19.1","Rakan","MIDDLE","SUPPORT","full","Ahri","Zeke's Convergence","Mikael's Blessing|Randuin's Omen","Ionian Boots of Lucidity","Summon Aery","Manaflow Band|Transcendence|Scorch","Resolve","Font of Life|Second Wind","Ability Haste|Health Scaling|Tenacity and Slow Resist","Flash|Ignite","mechanics_only","no"
"16.19.1","Rakan","BOTTOM","SUPPORT","full","Jinx","Frozen Heart","Randuin's Omen|Mikael's Blessing","Ionian Boots of Lucidity","Summon Aery","Manaflow Band|Transcendence|Scorch","Resolve","Font of Life|Second Wind","Ability Haste|Health Scaling|Tenacity and Slow Resist","Flash|Heal","mechanics_only","no"
"16.19.1","Rakan","UTILITY","SUPPORT","full","Thresh","Mikael's Blessing","Redemption|Randuin's Omen","Ionian Boots of Lucidity","Summon Aery","Manaflow Band|Transcendence|Scorch","Resolve","Font of Life|Second Wind","Ability Haste|Health Scaling|Tenacity and Slow Resist","Flash|Exhaust","mechanics_only","no"
"16.19.1","Rammus","TOP","JUNGLE","full","Garen","Randuin's Omen","Frozen Heart|Zeke's Convergence","Plated Steelcaps","Grasp of the Undying","Font of Life|Second Wind|Overgrowth","Sorcery","Manaflow Band|Transcendence","Adaptive Force|Health Scaling|Tenacity and Slow Resist","Flash|Teleport","mechanics_only","no"
"16.19.1","Rammus","JUNGLE","JUNGLE","full","LeeSin","Randuin's Omen","Frozen Heart|Zeke's Convergence","Plated Steelcaps","Grasp of the Undying","Font of Life|Bone Plating|Overgrowth","Sorcery","Manaflow Band|Transcendence","Adaptive Force|Health Scaling|Tenacity and Slow Resist","Smite|Flash","mechanics_only","no"
"16.19.1","Rammus","MIDDLE","JUNGLE","full","Ahri","Randuin's Omen","Kaenic Rookern|Zeke's Convergence","Plated Steelcaps","Grasp of the Undying","Font of Life|Bone Plating|Overgrowth","Sorcery","Manaflow Band|Transcendence","Adaptive Force|Health Scaling|Tenacity and Slow Resist","Flash|Ignite","mechanics_only","no"
"16.19.1","Rammus","BOTTOM","JUNGLE","full","Jinx","Randuin's Omen","Frozen Heart|Zhonya's Hourglass","Plated Steelcaps","Grasp of the Undying","Font of Life|Bone Plating|Overgrowth","Sorcery","Manaflow Band|Transcendence","Adaptive Force|Health Scaling|Tenacity and Slow Resist","Flash|Heal","mechanics_only","no"
"16.19.1","Rammus","UTILITY","JUNGLE","full","Thresh","Locket of the Iron Solari","Randuin's Omen|Mikael's Blessing","Plated Steelcaps","Aftershock","Font of Life|Bone Plating|Overgrowth","Sorcery","Manaflow Band|Transcendence","Adaptive Force|Health Scaling|Tenacity and Slow Resist","Flash|Ignite","mechanics_only","no"
"16.19.1","RekSai","TOP","JUNGLE","full","Garen","Eclipse","Randuin's Omen|Edge of Night","Mercury's Treads","Grasp of the Undying","Font of Life|Second Wind|Overgrowth","Precision","Triumph|Legend: Bloodline","Attack Speed|Health Scaling|Tenacity and Slow Resist","Flash|Teleport","mechanics_only","no"
"16.19.1","RekSai","JUNGLE","JUNGLE","full","LeeSin","Eclipse","Randuin's Omen|Edge of Night","Mercury's Treads","Grasp of the Undying","Font of Life|Bone Plating|Overgrowth","Domination","Sudden Impact|Sixth Sense","Attack Speed|Health Scaling|Tenacity and Slow Resist","Smite|Flash","mechanics_only","no"
"16.19.1","RekSai","MIDDLE","JUNGLE","full","Ahri","Eclipse","Randuin's Omen|Edge of Night","Mercury's Treads","Grasp of the Undying","Font of Life|Bone Plating|Overgrowth","Sorcery","Transcendence|Gathering Storm","Attack Speed|Health Scaling|Tenacity and Slow Resist","Flash|Ignite","mechanics_only","no"
"16.19.1","RekSai","BOTTOM","JUNGLE","full","Jinx","Randuin's Omen","Edge of Night|Eclipse","Mercury's Treads","Grasp of the Undying","Font of Life|Bone Plating|Overgrowth","Precision","Triumph|Legend: Bloodline","Attack Speed|Health Scaling|Tenacity and Slow Resist","Flash|Heal","mechanics_only","no"
"16.19.1","RekSai","UTILITY","JUNGLE","full","Thresh","Imperial Mandate","Randuin's Omen|Mikael's Blessing","Mercury's Treads","Grasp of the Undying","Font of Life|Bone Plating|Overgrowth","Domination","Sudden Impact|Sixth Sense","Attack Speed|Health Scaling|Tenacity and Slow Resist","Flash|Ignite","mechanics_only","no"
"16.19.1","Rell","TOP","SUPPORT","full","Garen","Randuin's Omen","Zeke's Convergence|Warmog's Armor","Plated Steelcaps","Grasp of the Undying","Font of Life|Second Wind|Overgrowth","Sorcery","Manaflow Band|Transcendence","Ability Haste|Health Scaling|Tenacity and Slow Resist","Flash|Teleport","mechanics_only","no"
"16.19.1","Rell","JUNGLE","SUPPORT","full","LeeSin","Randuin's Omen","Zeke's Convergence|Warmog's Armor","Plated Steelcaps","Grasp of the Undying","Font of Life|Second Wind|Overgrowth","Sorcery","Manaflow Band|Transcendence","Ability Haste|Health Scaling|Tenacity and Slow Resist","Smite|Flash","mechanics_only","no"
"16.19.1","Rell","MIDDLE","SUPPORT","full","Ahri","Zeke's Convergence","Randuin's Omen|Kaenic Rookern","Plated Steelcaps","Grasp of the Undying","Font of Life|Second Wind|Overgrowth","Sorcery","Manaflow Band|Transcendence","Ability Haste|Health Scaling|Tenacity and Slow Resist","Flash|Teleport","mechanics_only","no"
"16.19.1","Rell","BOTTOM","SUPPORT","full","Jinx","Randuin's Omen","Zeke's Convergence|Warmog's Armor","Plated Steelcaps","Grasp of the Undying","Font of Life|Second Wind|Overgrowth","Sorcery","Manaflow Band|Transcendence","Ability Haste|Health Scaling|Tenacity and Slow Resist","Flash|Heal","mechanics_only","no"
"16.19.1","Rell","UTILITY","SUPPORT","full","Thresh","Locket of the Iron Solari","Mikael's Blessing|Randuin's Omen","Plated Steelcaps","Grasp of the Undying","Font of Life|Second Wind|Overgrowth","Sorcery","Manaflow Band|Transcendence","Ability Haste|Health Scaling|Tenacity and Slow Resist","Flash|Ignite","mechanics_only","no"
"16.19.1","Renata","TOP","SUPPORT","full","Garen","Redemption","Banshee's Veil|Malignance","Ionian Boots of Lucidity","Summon Aery","Manaflow Band|Transcendence|Scorch","Resolve","Font of Life|Overgrowth","Ability Haste|Adaptive Force|Tenacity and Slow Resist","Flash|Ignite","mechanics_only","no"
"16.19.1","Renata","JUNGLE","SUPPORT","full","LeeSin","Redemption","Banshee's Veil|Malignance","Ionian Boots of Lucidity","Summon Aery","Manaflow Band|Transcendence|Scorch","Precision","Presence of Mind|Cut Down","Ability Haste|Adaptive Force|Tenacity and Slow Resist","Smite|Flash","mechanics_only","no"
"16.19.1","Renata","MIDDLE","SUPPORT","full","Ahri","Redemption","Banshee's Veil|Malignance","Ionian Boots of Lucidity","Summon Aery","Manaflow Band|Transcendence|Scorch","Precision","Presence of Mind|Legend: Haste","Ability Haste|Adaptive Force|Tenacity and Slow Resist","Flash|Ignite","mechanics_only","no"
"16.19.1","Renata","BOTTOM","SUPPORT","full","Jinx","Redemption","Banshee's Veil|Malignance","Ionian Boots of Lucidity","Summon Aery","Manaflow Band|Transcendence|Scorch","Resolve","Font of Life|Bone Plating","Ability Haste|Adaptive Force|Tenacity and Slow Resist","Flash|Heal","mechanics_only","no"
"16.19.1","Renata","UTILITY","SUPPORT","full","Thresh","Imperial Mandate","Mikael's Blessing|Echoes of Helia","Ionian Boots of Lucidity","Summon Aery","Manaflow Band|Transcendence|Scorch","Resolve","Font of Life|Bone Plating","Ability Haste|Adaptive Force|Tenacity and Slow Resist","Flash|Exhaust","mechanics_only","no"
"16.19.1","Renekton","TOP","TOP","full","Garen","Eclipse","Randuin's Omen|Edge of Night","Ionian Boots of Lucidity","Grasp of the Undying","Font of Life|Second Wind|Overgrowth","Precision","Triumph|Legend: Bloodline","Adaptive Force|Health Scaling|Tenacity and Slow Resist","Flash|Teleport","mechanics_only","no"
"16.19.1","Renekton","JUNGLE","TOP","full","LeeSin","Eclipse","Randuin's Omen|Edge of Night","Ionian Boots of Lucidity","Grasp of the Undying","Font of Life|Bone Plating|Overgrowth","Domination","Sudden Impact|Sixth Sense","Adaptive Force|Health Scaling|Tenacity and Slow Resist","Smite|Flash","mechanics_only","no"
"16.19.1","Renekton","MIDDLE","TOP","full","Ahri","Eclipse","Edge of Night|Randuin's Omen","Mercury's Treads","Grasp of the Undying","Font of Life|Bone Plating|Overgrowth","Sorcery","Transcendence|Gathering Storm","Adaptive Force|Health Scaling|Tenacity and Slow Resist","Flash|Ignite","mechanics_only","no"
"16.19.1","Renekton","BOTTOM","TOP","full","Jinx","Eclipse","Randuin's Omen|Edge of Night","Ionian Boots of Lucidity","Grasp of the Undying","Font of Life|Bone Plating|Overgrowth","Precision","Triumph|Legend: Bloodline","Adaptive Force|Health Scaling|Tenacity and Slow Resist","Flash|Heal","mechanics_only","no"
"16.19.1","Renekton","UTILITY","TOP","full","Thresh","Mikael's Blessing","Randuin's Omen|Eclipse","Ionian Boots of Lucidity","Grasp of the Undying","Font of Life|Bone Plating|Overgrowth","Domination","Sudden Impact|Sixth Sense","Adaptive Force|Health Scaling|Tenacity and Slow Resist","Flash|Ignite","mechanics_only","no"
"16.19.1","Rengar","TOP","JUNGLE|TOP","full","Garen","Eclipse","Serpent's Fang|Edge of Night","Berserker's Greaves","Fleet Footwork","Triumph|Legend: Alacrity|Cut Down","Resolve","Second Wind|Demolish","Adaptive Force|Adaptive Force|Tenacity and Slow Resist","Flash|Ignite","mechanics_only","no"
"16.19.1","Rengar","JUNGLE","JUNGLE|TOP","full","LeeSin","Eclipse","Serpent's Fang|Edge of Night","Berserker's Greaves","Hail of Blades","Sudden Impact|Sixth Sense|Relentless Hunter","Resolve","Bone Plating|Demolish","Adaptive Force|Adaptive Force|Tenacity and Slow Resist","Smite|Flash","mechanics_only","no"
"16.19.1","Rengar","MIDDLE","JUNGLE|TOP","full","Ahri","Eclipse","Serpent's Fang|Edge of Night","Berserker's Greaves","Lethal Tempo","Triumph|Legend: Alacrity|Cut Down","Resolve","Bone Plating|Demolish","Adaptive Force|Adaptive Force|Tenacity and Slow Resist","Flash|Ignite","mechanics_only","no"
"16.19.1","Rengar","BOTTOM","JUNGLE|TOP","full","Jinx","Eclipse","Serpent's Fang|Edge of Night","Berserker's Greaves","Fleet Footwork","Triumph|Legend: Alacrity|Cut Down","Resolve","Bone Plating|Shield Bash","Adaptive Force|Adaptive Force|Tenacity and Slow Resist","Flash|Ignite","mechanics_only","no"
"16.19.1","Rengar","UTILITY","JUNGLE|TOP","full","Thresh","Eclipse","Serpent's Fang|Edge of Night","Berserker's Greaves","Hail of Blades","Sudden Impact|Sixth Sense|Relentless Hunter","Resolve","Bone Plating|Demolish","Adaptive Force|Adaptive Force|Tenacity and Slow Resist","Flash|Ignite","mechanics_only","no"
"16.19.1","Riven","TOP","TOP","full","Garen","Eclipse","Serpent's Fang|Edge of Night","Ionian Boots of Lucidity","Grasp of the Undying","Demolish|Second Wind|Overgrowth","Sorcery","Transcendence|Scorch","Adaptive Force|Adaptive Force|Tenacity and Slow Resist","Flash|Ignite","mechanics_only","no"
"16.19.1","Riven","JUNGLE","TOP","full","LeeSin","Eclipse","Edge of Night|Serpent's Fang","Ionian Boots of Lucidity","Deathfire Touch","Nimbus Cloak|Transcendence|Scorch","Domination","Sudden Impact|Sixth Sense","Adaptive Force|Adaptive Force|Tenacity and Slow Resist","Smite|Flash","mechanics_only","no"
"16.19.1","Riven","MIDDLE","TOP","full","Ahri","Eclipse","Edge of Night|Serpent's Fang","Ionian Boots of Lucidity","Deathfire Touch","Nimbus Cloak|Transcendence|Scorch","Domination","Sudden Impact|Relentless Hunter","Adaptive Force|Adaptive Force|Tenacity and Slow Resist","Flash|Ignite","mechanics_only","no"
"16.19.1","Riven","BOTTOM","TOP","full","Jinx","Eclipse","Edge of Night|Serpent's Fang","Ionian Boots of Lucidity","Grasp of the Undying","Shield Bash|Second Wind|Overgrowth","Sorcery","Transcendence|Scorch","Adaptive Force|Adaptive Force|Tenacity and Slow Resist","Flash|Ignite","mechanics_only","no"
"16.19.1","Riven","UTILITY","TOP","full","Thresh","Eclipse","Serpent's Fang|Edge of Night","Ionian Boots of Lucidity","Grasp of the Undying","Demolish|Second Wind|Overgrowth","Sorcery","Transcendence|Scorch","Adaptive Force|Adaptive Force|Tenacity and Slow Resist","Flash|Ignite","mechanics_only","no"
"16.19.1","Rumble","TOP","MIDDLE|TOP","full","Garen","Malignance","Zhonya's Hourglass|Banshee's Veil","Ionian Boots of Lucidity","Grasp of the Undying","Demolish|Second Wind|Overgrowth","Sorcery","Transcendence|Scorch","Adaptive Force|Adaptive Force|Tenacity and Slow Resist","Flash|Ignite","mechanics_only","no"
"16.19.1","Rumble","JUNGLE","MIDDLE|TOP","full","LeeSin","Malignance","Zhonya's Hourglass|Banshee's Veil","Ionian Boots of Lucidity","Deathfire Touch","Nimbus Cloak|Transcendence|Scorch","Resolve","Second Wind|Overgrowth","Adaptive Force|Adaptive Force|Tenacity and Slow Resist","Smite|Flash","mechanics_only","no"
"16.19.1","Rumble","MIDDLE","MIDDLE|TOP","full","Ahri","Malignance","Banshee's Veil|Cosmic Drive","Ionian Boots of Lucidity","Deathfire Touch","Nimbus Cloak|Transcendence|Scorch","Resolve","Second Wind|Overgrowth","Adaptive Force|Adaptive Force|Tenacity and Slow Resist","Flash|Ignite","mechanics_only","no"
"16.19.1","Rumble","BOTTOM","MIDDLE|TOP","full","Jinx","Malignance","Zhonya's Hourglass|Banshee's Veil","Ionian Boots of Lucidity","Grasp of the Undying","Shield Bash|Second Wind|Overgrowth","Sorcery","Transcendence|Scorch","Adaptive Force|Adaptive Force|Tenacity and Slow Resist","Flash|Ignite","mechanics_only","no"
"16.19.1","Rumble","UTILITY","MIDDLE|TOP","full","Thresh","Imperial Mandate","Mikael's Blessing|Malignance","Ionian Boots of Lucidity","Deathfire Touch","Nimbus Cloak|Transcendence|Scorch","Resolve","Second Wind|Overgrowth","Adaptive Force|Adaptive Force|Tenacity and Slow Resist","Flash|Ignite","mechanics_only","no"
"16.19.1","Ryze","TOP","MIDDLE","full","Garen","Lich Bane","Banshee's Veil|Malignance","Ionian Boots of Lucidity","Arcane Comet","Manaflow Band|Transcendence|Scorch","Resolve","Font of Life|Overgrowth","Adaptive Force|Adaptive Force|Tenacity and Slow Resist","Flash|Ignite","mechanics_only","no"
"16.19.1","Ryze","JUNGLE","MIDDLE","full","LeeSin","Lich Bane","Banshee's Veil|Malignance","Ionian Boots of Lucidity","Arcane Comet","Manaflow Band|Transcendence|Scorch","Resolve","Font of Life|Overgrowth","Adaptive Force|Adaptive Force|Tenacity and Slow Resist","Smite|Flash","mechanics_only","no"
"16.19.1","Ryze","MIDDLE","MIDDLE","full","Ahri","Lich Bane","Banshee's Veil|Malignance","Ionian Boots of Lucidity","Arcane Comet","Manaflow Band|Transcendence|Scorch","Precision","Presence of Mind|Legend: Haste","Adaptive Force|Adaptive Force|Tenacity and Slow Resist","Flash|Ignite","mechanics_only","no"
"16.19.1","Ryze","BOTTOM","MIDDLE","full","Jinx","Lich Bane","Banshee's Veil|Malignance","Ionian Boots of Lucidity","Summon Aery","Manaflow Band|Transcendence|Scorch","Resolve","Font of Life|Overgrowth","Adaptive Force|Adaptive Force|Tenacity and Slow Resist","Flash|Heal","mechanics_only","no"
"16.19.1","Ryze","UTILITY","MIDDLE","full","Thresh","Imperial Mandate","Banshee's Veil|Lich Bane","Ionian Boots of Lucidity","Summon Aery","Manaflow Band|Transcendence|Scorch","Resolve","Font of Life|Overgrowth","Adaptive Force|Adaptive Force|Tenacity and Slow Resist","Flash|Ignite","mechanics_only","no"
"16.19.1","Samira","TOP","BOTTOM","full","Garen","Kraken Slayer","Mercurial Scimitar|Essence Reaver","Berserker's Greaves","Grasp of the Undying","Demolish|Bone Plating|Overgrowth","Domination","Sudden Impact|Deep Ward","Attack Speed|Adaptive Force|Tenacity and Slow Resist","Flash|Ignite","mechanics_only","no"
"16.19.1","Samira","JUNGLE","BOTTOM","full","LeeSin","Kraken Slayer","Mercurial Scimitar|Essence Reaver","Berserker's Greaves","Grasp of the Undying","Demolish|Bone Plating|Overgrowth","Domination","Sudden Impact|Sixth Sense","Attack Speed|Adaptive Force|Tenacity and Slow Resist","Smite|Flash","mechanics_only","no"
"16.19.1","Samira","MIDDLE","BOTTOM","full","Ahri","Kraken Slayer","Mercurial Scimitar|Essence Reaver","Berserker's Greaves","Grasp of the Undying","Demolish|Bone Plating|Overgrowth","Domination","Sudden Impact|Relentless Hunter","Attack Speed|Adaptive Force|Tenacity and Slow Resist","Flash|Ignite","mechanics_only","no"
"16.19.1","Samira","BOTTOM","BOTTOM","full","Jinx","Kraken Slayer","Mercurial Scimitar|Essence Reaver","Berserker's Greaves","Grasp of the Undying","Shield Bash|Bone Plating|Overgrowth","Domination","Sudden Impact|Deep Ward","Attack Speed|Adaptive Force|Tenacity and Slow Resist","Flash|Heal","mechanics_only","no"
"16.19.1","Samira","UTILITY","BOTTOM","full","Thresh","Kraken Slayer","Mercurial Scimitar|Serpent's Fang","Berserker's Greaves","Grasp of the Undying","Demolish|Bone Plating|Overgrowth","Domination","Sudden Impact|Sixth Sense","Attack Speed|Adaptive Force|Tenacity and Slow Resist","Flash|Ignite","mechanics_only","no"
"16.19.1","Sejuani","TOP","JUNGLE","full","Garen","Malignance","Randuin's Omen|Zhonya's Hourglass","Ionian Boots of Lucidity","Aftershock","Font of Life|Second Wind|Overgrowth","Sorcery","Manaflow Band|Transcendence","Ability Haste|Health Scaling|Tenacity and Slow Resist","Flash|Teleport","mechanics_only","no"
"16.19.1","Sejuani","JUNGLE","JUNGLE","full","LeeSin","Malignance","Randuin's Omen|Zhonya's Hourglass","Ionian Boots of Lucidity","Aftershock","Font of Life|Second Wind|Overgrowth","Sorcery","Manaflow Band|Transcendence","Ability Haste|Health Scaling|Tenacity and Slow Resist","Smite|Flash","mechanics_only","no"
"16.19.1","Sejuani","MIDDLE","JUNGLE","full","Ahri","Malignance","Randuin's Omen|Banshee's Veil","Ionian Boots of Lucidity","Deathfire Touch","Manaflow Band|Transcendence|Scorch","Resolve","Second Wind|Font of Life","Ability Haste|Health Scaling|Tenacity and Slow Resist","Flash|Ignite","mechanics_only","no"
"16.19.1","Sejuani","BOTTOM","JUNGLE","full","Jinx","Randuin's Omen","Zhonya's Hourglass|Malignance","Ionian Boots of Lucidity","Aftershock","Font of Life|Second Wind|Overgrowth","Sorcery","Manaflow Band|Transcendence","Ability Haste|Health Scaling|Tenacity and Slow Resist","Flash|Heal","mechanics_only","no"
"16.19.1","Sejuani","UTILITY","JUNGLE","full","Thresh","Imperial Mandate","Mikael's Blessing|Randuin's Omen","Ionian Boots of Lucidity","Aftershock","Font of Life|Second Wind|Overgrowth","Sorcery","Manaflow Band|Transcendence","Ability Haste|Health Scaling|Tenacity and Slow Resist","Flash|Ignite","mechanics_only","no"
"16.19.1","Senna","TOP","BOTTOM|SUPPORT","full","Garen","Essence Reaver","Mikael's Blessing|Redemption","Ionian Boots of Lucidity","Summon Aery","Manaflow Band|Transcendence|Gathering Storm","Resolve","Bone Plating|Demolish","Attack Speed|Adaptive Force|Tenacity and Slow Resist","Flash|Ignite","mechanics_only","no"
"16.19.1","Senna","JUNGLE","BOTTOM|SUPPORT","full","LeeSin","Essence Reaver","Mikael's Blessing|Redemption","Ionian Boots of Lucidity","Summon Aery","Manaflow Band|Transcendence|Gathering Storm","Resolve","Bone Plating|Demolish","Attack Speed|Adaptive Force|Tenacity and Slow Resist","Smite|Flash","mechanics_only","no"
"16.19.1","Senna","MIDDLE","BOTTOM|SUPPORT","full","Ahri","Essence Reaver","Mikael's Blessing|Redemption","Ionian Boots of Lucidity","Summon Aery","Manaflow Band|Transcendence|Gathering Storm","Resolve","Bone Plating|Demolish","Attack Speed|Adaptive Force|Tenacity and Slow Resist","Flash|Ignite","mechanics_only","no"
"16.19.1","Senna","BOTTOM","BOTTOM|SUPPORT","full","Jinx","Essence Reaver","Mikael's Blessing|Redemption","Ionian Boots of Lucidity","Summon Aery","Manaflow Band|Transcendence|Gathering Storm","Resolve","Bone Plating|Shield Bash","Attack Speed|Adaptive Force|Tenacity and Slow Resist","Flash|Heal","mechanics_only","no"
"16.19.1","Senna","UTILITY","BOTTOM|SUPPORT","full","Thresh","Redemption","Mikael's Blessing|Essence Reaver","Ionian Boots of Lucidity","Summon Aery","Manaflow Band|Transcendence|Gathering Storm","Resolve","Bone Plating|Demolish","Attack Speed|Adaptive Force|Tenacity and Slow Resist","Flash|Exhaust","mechanics_only","no"
"16.19.1","Seraphine","TOP","BOTTOM|SUPPORT","full","Garen","Malignance","Banshee's Veil|Lich Bane","Ionian Boots of Lucidity","Summon Aery","Manaflow Band|Transcendence|Scorch","Resolve","Font of Life|Overgrowth","Adaptive Force|Adaptive Force|Tenacity and Slow Resist","Flash|Ignite","mechanics_only","no"
"16.19.1","Seraphine","JUNGLE","BOTTOM|SUPPORT","full","LeeSin","Malignance","Banshee's Veil|Lich Bane","Ionian Boots of Lucidity","Summon Aery","Manaflow Band|Transcendence|Scorch","Resolve","Font of Life|Overgrowth","Adaptive Force|Adaptive Force|Tenacity and Slow Resist","Smite|Flash","mechanics_only","no"
"16.19.1","Seraphine","MIDDLE","BOTTOM|SUPPORT","full","Ahri","Malignance","Banshee's Veil|Lich Bane","Ionian Boots of Lucidity","Summon Aery","Manaflow Band|Transcendence|Scorch","Resolve","Font of Life|Overgrowth","Adaptive Force|Adaptive Force|Tenacity and Slow Resist","Flash|Ignite","mechanics_only","no"
"16.19.1","Seraphine","BOTTOM","BOTTOM|SUPPORT","full","Jinx","Malignance","Banshee's Veil|Lich Bane","Ionian Boots of Lucidity","Summon Aery","Manaflow Band|Transcendence|Scorch","Resolve","Font of Life|Overgrowth","Adaptive Force|Adaptive Force|Tenacity and Slow Resist","Flash|Heal","mechanics_only","no"
"16.19.1","Seraphine","UTILITY","BOTTOM|SUPPORT","full","Thresh","Malignance","Imperial Mandate|Banshee's Veil","Ionian Boots of Lucidity","Summon Aery","Manaflow Band|Transcendence|Scorch","Resolve","Font of Life|Overgrowth","Adaptive Force|Adaptive Force|Tenacity and Slow Resist","Flash|Ignite","mechanics_only","no"
"16.19.1","Sett","TOP","TOP","full","Garen","Eclipse","Randuin's Omen|Edge of Night","Mercury's Treads","Grasp of the Undying","Font of Life|Second Wind|Overgrowth","Precision","Triumph|Legend: Bloodline","Attack Speed|Health Scaling|Tenacity and Slow Resist","Flash|Teleport","mechanics_only","no"
"16.19.1","Sett","JUNGLE","TOP","full","LeeSin","Eclipse","Randuin's Omen|Edge of Night","Mercury's Treads","Grasp of the Undying","Font of Life|Bone Plating|Overgrowth","Inspiration","Approach Velocity|Magical Footwear","Attack Speed|Health Scaling|Tenacity and Slow Resist","Smite|Flash","mechanics_only","no"
"16.19.1","Sett","MIDDLE","TOP","full","Ahri","Eclipse","Randuin's Omen|Edge of Night","Mercury's Treads","Grasp of the Undying","Font of Life|Bone Plating|Overgrowth","Sorcery","Transcendence|Gathering Storm","Attack Speed|Health Scaling|Tenacity and Slow Resist","Flash|Ignite","mechanics_only","no"
"16.19.1","Sett","BOTTOM","TOP","full","Jinx","Randuin's Omen","Edge of Night|Eclipse","Mercury's Treads","Grasp of the Undying","Font of Life|Bone Plating|Overgrowth","Precision","Triumph|Legend: Bloodline","Attack Speed|Health Scaling|Tenacity and Slow Resist","Flash|Heal","mechanics_only","no"
"16.19.1","Sett","UTILITY","TOP","full","Thresh","Eclipse","Mikael's Blessing|Randuin's Omen","Mercury's Treads","Aftershock","Font of Life|Bone Plating|Overgrowth","Inspiration","Approach Velocity|Magical Footwear","Attack Speed|Health Scaling|Tenacity and Slow Resist","Flash|Ignite","mechanics_only","no"
"16.19.1","Shaco","TOP","JUNGLE|SUPPORT","full","Garen","Malignance","Banshee's Veil|Hextech Gunblade","Berserker's Greaves","Aftershock","Font of Life|Second Wind|Overgrowth","Sorcery","Manaflow Band|Transcendence","Adaptive Force|Adaptive Force|Tenacity and Slow Resist","Flash|Ignite","mechanics_only","no"
"16.19.1","Shaco","JUNGLE","JUNGLE|SUPPORT","full","LeeSin","Malignance","Banshee's Veil|Hextech Gunblade","Berserker's Greaves","Aftershock","Font of Life|Bone Plating|Overgrowth","Sorcery","Manaflow Band|Transcendence","Adaptive Force|Adaptive Force|Tenacity and Slow Resist","Smite|Flash","mechanics_only","no"
"16.19.1","Shaco","MIDDLE","JUNGLE|SUPPORT","full","Ahri","Malignance","Banshee's Veil|Hextech Gunblade","Berserker's Greaves","Aftershock","Font of Life|Bone Plating|Overgrowth","Sorcery","Manaflow Band|Transcendence","Adaptive Force|Adaptive Force|Tenacity and Slow Resist","Flash|Ignite","mechanics_only","no"
"16.19.1","Shaco","BOTTOM","JUNGLE|SUPPORT","full","Jinx","Malignance","Banshee's Veil|Hextech Gunblade","Berserker's Greaves","Aftershock","Font of Life|Bone Plating|Overgrowth","Sorcery","Manaflow Band|Transcendence","Adaptive Force|Adaptive Force|Tenacity and Slow Resist","Flash|Ignite","mechanics_only","no"
"16.19.1","Shaco","UTILITY","JUNGLE|SUPPORT","full","Thresh","Malignance","Banshee's Veil|Imperial Mandate","Berserker's Greaves","Aftershock","Font of Life|Bone Plating|Overgrowth","Sorcery","Manaflow Band|Transcendence","Adaptive Force|Adaptive Force|Tenacity and Slow Resist","Flash|Ignite","mechanics_only","no"
"16.19.1","Shen","TOP","SUPPORT|TOP","full","Garen","Warmog's Armor","Randuin's Omen|Heartsteel","Plated Steelcaps","Grasp of the Undying","Demolish|Second Wind|Overgrowth","Precision","Triumph|Legend: Bloodline","Adaptive Force|Health Scaling|Tenacity and Slow Resist","Flash|Teleport","mechanics_only","no"
"16.19.1","Shen","JUNGLE","SUPPORT|TOP","full","LeeSin","Warmog's Armor","Randuin's Omen|Heartsteel","Plated Steelcaps","Grasp of the Undying","Demolish|Bone Plating|Overgrowth","Precision","Triumph|Legend: Bloodline","Adaptive Force|Health Scaling|Tenacity and Slow Resist","Smite|Flash","mechanics_only","no"
"16.19.1","Shen","MIDDLE","SUPPORT|TOP","full","Ahri","Warmog's Armor","Randuin's Omen|Heartsteel","Plated Steelcaps","Grasp of the Undying","Demolish|Bone Plating|Overgrowth","Precision","Triumph|Legend: Bloodline","Adaptive Force|Health Scaling|Tenacity and Slow Resist","Flash|Ignite","mechanics_only","no"
"16.19.1","Shen","BOTTOM","SUPPORT|TOP","full","Jinx","Randuin's Omen","Warmog's Armor|Heartsteel","Plated Steelcaps","Grasp of the Undying","Shield Bash|Bone Plating|Overgrowth","Precision","Triumph|Legend: Bloodline","Adaptive Force|Health Scaling|Tenacity and Slow Resist","Flash|Heal","mechanics_only","no"
"16.19.1","Shen","UTILITY","SUPPORT|TOP","full","Thresh","Locket of the Iron Solari","Randuin's Omen|Warmog's Armor","Plated Steelcaps","Grasp of the Undying","Demolish|Bone Plating|Overgrowth","Precision","Triumph|Legend: Bloodline","Adaptive Force|Health Scaling|Tenacity and Slow Resist","Flash|Ignite","mechanics_only","no"
"16.19.1","Shyvana","TOP","JUNGLE","full","Garen","Eclipse","Zhonya's Hourglass|Edge of Night","Ionian Boots of Lucidity","Grasp of the Undying","Demolish|Second Wind|Overgrowth","Precision","Triumph|Legend: Bloodline","Adaptive Force|Health Scaling|Tenacity and Slow Resist","Flash|Teleport","mechanics_only","no"
"16.19.1","Shyvana","JUNGLE","JUNGLE","full","LeeSin","Eclipse","Edge of Night|Randuin's Omen","Ionian Boots of Lucidity","Grasp of the Undying","Demolish|Bone Plating|Overgrowth","Sorcery","Transcendence|Scorch","Adaptive Force|Health Scaling|Tenacity and Slow Resist","Smite|Flash","mechanics_only","no"
"16.19.1","Shyvana","MIDDLE","JUNGLE","full","Ahri","Eclipse","Edge of Night|Randuin's Omen","Ionian Boots of Lucidity","Grasp of the Undying","Demolish|Bone Plating|Overgrowth","Sorcery","Transcendence|Scorch","Adaptive Force|Health Scaling|Tenacity and Slow Resist","Flash|Ignite","mechanics_only","no"
"16.19.1","Shyvana","BOTTOM","JUNGLE","full","Jinx","Eclipse","Zhonya's Hourglass|Edge of Night","Ionian Boots of Lucidity","Grasp of the Undying","Shield Bash|Bone Plating|Overgrowth","Precision","Triumph|Legend: Bloodline","Adaptive Force|Health Scaling|Tenacity and Slow Resist","Flash|Heal","mechanics_only","no"
"16.19.1","Shyvana","UTILITY","JUNGLE","full","Thresh","Imperial Mandate","Mikael's Blessing|Randuin's Omen","Ionian Boots of Lucidity","Grasp of the Undying","Demolish|Bone Plating|Overgrowth","Sorcery","Transcendence|Scorch","Adaptive Force|Health Scaling|Tenacity and Slow Resist","Flash|Ignite","mechanics_only","no"
"16.19.1","Singed","TOP","TOP","full","Garen","Frozen Heart","Randuin's Omen|Zhonya's Hourglass","Plated Steelcaps","Deathfire Touch","Manaflow Band|Transcendence|Scorch","Resolve","Second Wind|Overgrowth","Ability Haste|Health Scaling|Tenacity and Slow Resist","Flash|Teleport","mechanics_only","no"
"16.19.1","Singed","JUNGLE","TOP","full","LeeSin","Frozen Heart","Randuin's Omen|Zhonya's Hourglass","Plated Steelcaps","Deathfire Touch","Manaflow Band|Transcendence|Scorch","Resolve","Second Wind|Overgrowth","Ability Haste|Health Scaling|Tenacity and Slow Resist","Smite|Flash","mechanics_only","no"
"16.19.1","Singed","MIDDLE","TOP","full","Ahri","Frozen Heart","Randuin's Omen|Kaenic Rookern","Plated Steelcaps","Deathfire Touch","Manaflow Band|Transcendence|Scorch","Resolve","Second Wind|Overgrowth","Ability Haste|Health Scaling|Tenacity and Slow Resist","Flash|Ignite","mechanics_only","no"
"16.19.1","Singed","BOTTOM","TOP","full","Jinx","Randuin's Omen","Frozen Heart|Zhonya's Hourglass","Plated Steelcaps","Deathfire Touch","Manaflow Band|Transcendence|Scorch","Resolve","Second Wind|Overgrowth","Ability Haste|Health Scaling|Tenacity and Slow Resist","Flash|Heal","mechanics_only","no"
"16.19.1","Singed","UTILITY","TOP","full","Thresh","Locket of the Iron Solari","Mikael's Blessing|Randuin's Omen","Plated Steelcaps","Deathfire Touch","Manaflow Band|Transcendence|Scorch","Resolve","Second Wind|Overgrowth","Ability Haste|Health Scaling|Tenacity and Slow Resist","Flash|Ignite","mechanics_only","no"
"16.19.1","Sion","TOP","TOP","full","Garen","Randuin's Omen","Warmog's Armor|Unending Despair","Plated Steelcaps","Grasp of the Undying","Font of Life|Second Wind|Overgrowth","Sorcery","Manaflow Band|Transcendence","Adaptive Force|Health Scaling|Tenacity and Slow Resist","Flash|Teleport","mechanics_only","no"
"16.19.1","Sion","JUNGLE","TOP","full","LeeSin","Randuin's Omen","Warmog's Armor|Unending Despair","Plated Steelcaps","Grasp of the Undying","Font of Life|Bone Plating|Overgrowth","Sorcery","Manaflow Band|Transcendence","Adaptive Force|Health Scaling|Tenacity and Slow Resist","Smite|Flash","mechanics_only","no"
"16.19.1","Sion","MIDDLE","TOP","full","Ahri","Randuin's Omen","Kaenic Rookern|Warmog's Armor","Plated Steelcaps","Grasp of the Undying","Font of Life|Bone Plating|Overgrowth","Sorcery","Manaflow Band|Transcendence","Adaptive Force|Health Scaling|Tenacity and Slow Resist","Flash|Ignite","mechanics_only","no"
"16.19.1","Sion","BOTTOM","TOP","full","Jinx","Randuin's Omen","Warmog's Armor|Unending Despair","Plated Steelcaps","Grasp of the Undying","Font of Life|Bone Plating|Overgrowth","Sorcery","Manaflow Band|Transcendence","Adaptive Force|Health Scaling|Tenacity and Slow Resist","Flash|Heal","mechanics_only","no"
"16.19.1","Sion","UTILITY","TOP","full","Thresh","Locket of the Iron Solari","Mikael's Blessing|Randuin's Omen","Plated Steelcaps","Aftershock","Font of Life|Bone Plating|Overgrowth","Sorcery","Manaflow Band|Transcendence","Adaptive Force|Health Scaling|Tenacity and Slow Resist","Flash|Ignite","mechanics_only","no"
"16.19.1","Sivir","TOP","BOTTOM","full","Garen","Essence Reaver","Infinity Edge|Kraken Slayer","Berserker's Greaves","Lethal Tempo","Presence of Mind|Legend: Alacrity|Cut Down","Resolve","Bone Plating|Demolish","Adaptive Force|Adaptive Force|Tenacity and Slow Resist","Flash|Ignite","mechanics_only","no"
"16.19.1","Sivir","JUNGLE","BOTTOM","full","LeeSin","Essence Reaver","Infinity Edge|Kraken Slayer","Berserker's Greaves","Lethal Tempo","Presence of Mind|Legend: Alacrity|Cut Down","Resolve","Bone Plating|Demolish","Adaptive Force|Adaptive Force|Tenacity and Slow Resist","Smite|Flash","mechanics_only","no"
"16.19.1","Sivir","MIDDLE","BOTTOM","full","Ahri","Essence Reaver","Infinity Edge|Kraken Slayer","Berserker's Greaves","Lethal Tempo","Presence of Mind|Legend: Alacrity|Cut Down","Resolve","Bone Plating|Demolish","Adaptive Force|Adaptive Force|Tenacity and Slow Resist","Flash|Ignite","mechanics_only","no"
"16.19.1","Sivir","BOTTOM","BOTTOM","full","Jinx","Essence Reaver","Infinity Edge|Kraken Slayer","Berserker's Greaves","Lethal Tempo","Presence of Mind|Legend: Alacrity|Cut Down","Resolve","Bone Plating|Shield Bash","Adaptive Force|Adaptive Force|Tenacity and Slow Resist","Flash|Heal","mechanics_only","no"
"16.19.1","Sivir","UTILITY","BOTTOM","full","Thresh","Kraken Slayer","Essence Reaver|Serpent's Fang","Berserker's Greaves","Lethal Tempo","Presence of Mind|Legend: Alacrity|Cut Down","Resolve","Bone Plating|Demolish","Adaptive Force|Adaptive Force|Tenacity and Slow Resist","Flash|Ignite","mechanics_only","no"
"16.19.1","Skarner","TOP","JUNGLE|TOP","full","Garen","Warmog's Armor","Randuin's Omen|Heartsteel","Plated Steelcaps","Grasp of the Undying","Demolish|Second Wind|Overgrowth","Sorcery","Manaflow Band|Transcendence","Adaptive Force|Health Scaling|Tenacity and Slow Resist","Flash|Teleport","mechanics_only","no"
"16.19.1","Skarner","JUNGLE","JUNGLE|TOP","full","LeeSin","Warmog's Armor","Randuin's Omen|Heartsteel","Plated Steelcaps","Grasp of the Undying","Demolish|Bone Plating|Overgrowth","Sorcery","Manaflow Band|Transcendence","Adaptive Force|Health Scaling|Tenacity and Slow Resist","Smite|Flash","mechanics_only","no"
"16.19.1","Skarner","MIDDLE","JUNGLE|TOP","full","Ahri","Warmog's Armor","Randuin's Omen|Heartsteel","Plated Steelcaps","Grasp of the Undying","Demolish|Bone Plating|Overgrowth","Sorcery","Manaflow Band|Transcendence","Adaptive Force|Health Scaling|Tenacity and Slow Resist","Flash|Ignite","mechanics_only","no"
"16.19.1","Skarner","BOTTOM","JUNGLE|TOP","full","Jinx","Randuin's Omen","Warmog's Armor|Heartsteel","Plated Steelcaps","Grasp of the Undying","Shield Bash|Bone Plating|Overgrowth","Sorcery","Manaflow Band|Transcendence","Adaptive Force|Health Scaling|Tenacity and Slow Resist","Flash|Heal","mechanics_only","no"
"16.19.1","Skarner","UTILITY","JUNGLE|TOP","full","Thresh","Locket of the Iron Solari","Randuin's Omen|Mikael's Blessing","Plated Steelcaps","Grasp of the Undying","Font of Life|Bone Plating|Overgrowth","Sorcery","Manaflow Band|Transcendence","Adaptive Force|Health Scaling|Tenacity and Slow Resist","Flash|Ignite","mechanics_only","no"
"16.19.1","Smolder","TOP","BOTTOM|MIDDLE|TOP","full","Garen","Essence Reaver","Infinity Edge|Eclipse","Ionian Boots of Lucidity","Deathfire Touch","Manaflow Band|Transcendence|Scorch","Precision","Presence of Mind|Cut Down","Adaptive Force|Adaptive Force|Tenacity and Slow Resist","Flash|Ignite","mechanics_only","no"
"16.19.1","Smolder","JUNGLE","BOTTOM|MIDDLE|TOP","full","LeeSin","Essence Reaver","Infinity Edge|Eclipse","Ionian Boots of Lucidity","Deathfire Touch","Manaflow Band|Transcendence|Scorch","Precision","Presence of Mind|Cut Down","Adaptive Force|Adaptive Force|Tenacity and Slow Resist","Smite|Flash","mechanics_only","no"
"16.19.1","Smolder","MIDDLE","BOTTOM|MIDDLE|TOP","full","Ahri","Essence Reaver","Infinity Edge|Eclipse","Ionian Boots of Lucidity","Deathfire Touch","Manaflow Band|Transcendence|Scorch","Precision","Presence of Mind|Legend: Haste","Adaptive Force|Adaptive Force|Tenacity and Slow Resist","Flash|Ignite","mechanics_only","no"
"16.19.1","Smolder","BOTTOM","BOTTOM|MIDDLE|TOP","full","Jinx","Essence Reaver","Infinity Edge|Eclipse","Ionian Boots of Lucidity","Deathfire Touch","Manaflow Band|Transcendence|Scorch","Precision","Presence of Mind|Cut Down","Adaptive Force|Adaptive Force|Tenacity and Slow Resist","Flash|Heal","mechanics_only","no"
"16.19.1","Smolder","UTILITY","BOTTOM|MIDDLE|TOP","full","Thresh","Essence Reaver","Serpent's Fang|Infinity Edge","Ionian Boots of Lucidity","Deathfire Touch","Manaflow Band|Transcendence|Scorch","Precision","Presence of Mind|Cut Down","Adaptive Force|Adaptive Force|Tenacity and Slow Resist","Flash|Ignite","mechanics_only","no"
"16.19.1","Sona","TOP","SUPPORT","full","Garen","Malignance","Banshee's Veil|Redemption","Ionian Boots of Lucidity","Summon Aery","Manaflow Band|Transcendence|Scorch","Precision","Presence of Mind|Cut Down","Ability Haste|Adaptive Force|Tenacity and Slow Resist","Flash|Ignite","mechanics_only","no"
"16.19.1","Sona","JUNGLE","SUPPORT","full","LeeSin","Malignance","Banshee's Veil|Redemption","Ionian Boots of Lucidity","Summon Aery","Manaflow Band|Transcendence|Scorch","Precision","Presence of Mind|Legend: Haste","Ability Haste|Adaptive Force|Tenacity and Slow Resist","Smite|Flash","mechanics_only","no"
"16.19.1","Sona","MIDDLE","SUPPORT","full","Ahri","Malignance","Banshee's Veil|Redemption","Ionian Boots of Lucidity","Summon Aery","Manaflow Band|Transcendence|Scorch","Precision","Presence of Mind|Legend: Haste","Ability Haste|Adaptive Force|Tenacity and Slow Resist","Flash|Ignite","mechanics_only","no"
"16.19.1","Sona","BOTTOM","SUPPORT","full","Jinx","Malignance","Banshee's Veil|Redemption","Ionian Boots of Lucidity","Summon Aery","Manaflow Band|Transcendence|Scorch","Resolve","Font of Life|Bone Plating","Ability Haste|Adaptive Force|Tenacity and Slow Resist","Flash|Heal","mechanics_only","no"
"16.19.1","Sona","UTILITY","SUPPORT","full","Thresh","Imperial Mandate","Malignance|Mikael's Blessing","Ionian Boots of Lucidity","Summon Aery","Manaflow Band|Transcendence|Scorch","Resolve","Font of Life|Bone Plating","Ability Haste|Adaptive Force|Tenacity and Slow Resist","Flash|Exhaust","mechanics_only","no"
"16.19.1","Soraka","TOP","SUPPORT","full","Garen","Redemption","Mikael's Blessing|Dusk and Dawn","Ionian Boots of Lucidity","Summon Aery","Manaflow Band|Transcendence|Scorch","Resolve","Font of Life|Overgrowth","Ability Haste|Health Scaling|Tenacity and Slow Resist","Flash|Teleport","mechanics_only","no"
"16.19.1","Soraka","JUNGLE","SUPPORT","full","LeeSin","Mikael's Blessing","Redemption|Dusk and Dawn","Ionian Boots of Lucidity","Summon Aery","Manaflow Band|Transcendence|Scorch","Resolve","Font of Life|Overgrowth","Ability Haste|Health Scaling|Tenacity and Slow Resist","Smite|Flash","mechanics_only","no"
"16.19.1","Soraka","MIDDLE","SUPPORT","full","Ahri","Redemption","Mikael's Blessing|Dusk and Dawn","Ionian Boots of Lucidity","Summon Aery","Manaflow Band|Transcendence|Scorch","Resolve","Font of Life|Overgrowth","Ability Haste|Health Scaling|Tenacity and Slow Resist","Flash|Ignite","mechanics_only","no"
"16.19.1","Soraka","BOTTOM","SUPPORT","full","Jinx","Redemption","Mikael's Blessing|Dusk and Dawn","Ionian Boots of Lucidity","Summon Aery","Manaflow Band|Transcendence|Scorch","Resolve","Font of Life|Overgrowth","Ability Haste|Health Scaling|Tenacity and Slow Resist","Flash|Heal","mechanics_only","no"
"16.19.1","Soraka","UTILITY","SUPPORT","full","Thresh","Mikael's Blessing","Redemption|Echoes of Helia","Ionian Boots of Lucidity","Summon Aery","Manaflow Band|Transcendence|Scorch","Resolve","Font of Life|Overgrowth","Ability Haste|Health Scaling|Tenacity and Slow Resist","Flash|Exhaust","mechanics_only","no"
"16.19.1","Swain","TOP","BOTTOM|MIDDLE|SUPPORT","full","Garen","Malignance","Randuin's Omen|Mikael's Blessing","Ionian Boots of Lucidity","Deathfire Touch","Manaflow Band|Transcendence|Scorch","Resolve","Overgrowth|Font of Life","Ability Haste|Health Scaling|Tenacity and Slow Resist","Flash|Teleport","mechanics_only","no"
"16.19.1","Swain","JUNGLE","BOTTOM|MIDDLE|SUPPORT","full","LeeSin","Zeke's Convergence","Randuin's Omen|Mikael's Blessing","Ionian Boots of Lucidity","Deathfire Touch","Manaflow Band|Transcendence|Scorch","Resolve","Overgrowth|Font of Life","Ability Haste|Health Scaling|Tenacity and Slow Resist","Smite|Flash","mechanics_only","no"
"16.19.1","Swain","MIDDLE","BOTTOM|MIDDLE|SUPPORT","full","Ahri","Zeke's Convergence","Mikael's Blessing|Randuin's Omen","Ionian Boots of Lucidity","Deathfire Touch","Manaflow Band|Transcendence|Scorch","Precision","Legend: Haste|Presence of Mind","Ability Haste|Health Scaling|Tenacity and Slow Resist","Flash|Ignite","mechanics_only","no"
"16.19.1","Swain","BOTTOM","BOTTOM|MIDDLE|SUPPORT","full","Jinx","Zeke's Convergence","Randuin's Omen|Mikael's Blessing","Ionian Boots of Lucidity","Deathfire Touch","Manaflow Band|Transcendence|Scorch","Resolve","Overgrowth|Font of Life","Ability Haste|Health Scaling|Tenacity and Slow Resist","Flash|Heal","mechanics_only","no"
"16.19.1","Swain","UTILITY","BOTTOM|MIDDLE|SUPPORT","full","Thresh","Mikael's Blessing","Imperial Mandate|Echoes of Helia","Ionian Boots of Lucidity","Deathfire Touch","Manaflow Band|Transcendence|Scorch","Resolve","Font of Life|Overgrowth","Ability Haste|Health Scaling|Tenacity and Slow Resist","Flash|Ignite","mechanics_only","no"
"16.19.1","Sylas","TOP","MIDDLE|TOP","full","Garen","Winter's Approach","Randuin's Omen|Zhonya's Hourglass","Ionian Boots of Lucidity","Grasp of the Undying","Font of Life|Second Wind|Overgrowth","Sorcery","Manaflow Band|Transcendence","Adaptive Force|Health Scaling|Tenacity and Slow Resist","Flash|Teleport","mechanics_only","no"
"16.19.1","Sylas","JUNGLE","MIDDLE|TOP","full","LeeSin","Winter's Approach","Randuin's Omen|Mikael's Blessing","Ionian Boots of Lucidity","Deathfire Touch","Manaflow Band|Transcendence|Scorch","Resolve","Bone Plating|Overgrowth","Adaptive Force|Health Scaling|Tenacity and Slow Resist","Smite|Flash","mechanics_only","no"
"16.19.1","Sylas","MIDDLE","MIDDLE|TOP","full","Ahri","Winter's Approach","Randuin's Omen|Mikael's Blessing","Ionian Boots of Lucidity","Deathfire Touch","Manaflow Band|Transcendence|Scorch","Resolve","Bone Plating|Overgrowth","Adaptive Force|Health Scaling|Tenacity and Slow Resist","Flash|Ignite","mechanics_only","no"
"16.19.1","Sylas","BOTTOM","MIDDLE|TOP","full","Jinx","Randuin's Omen","Mikael's Blessing|Zhonya's Hourglass","Ionian Boots of Lucidity","Grasp of the Undying","Font of Life|Bone Plating|Overgrowth","Sorcery","Manaflow Band|Transcendence","Adaptive Force|Health Scaling|Tenacity and Slow Resist","Flash|Heal","mechanics_only","no"
"16.19.1","Sylas","UTILITY","MIDDLE|TOP","full","Thresh","Mikael's Blessing","Imperial Mandate|Randuin's Omen","Ionian Boots of Lucidity","Grasp of the Undying","Font of Life|Bone Plating|Overgrowth","Sorcery","Manaflow Band|Transcendence","Adaptive Force|Health Scaling|Tenacity and Slow Resist","Flash|Ignite","mechanics_only","no"
"16.19.1","Syndra","TOP","MIDDLE","full","Garen","Malignance","Banshee's Veil|Lich Bane","Ionian Boots of Lucidity","Arcane Comet","Manaflow Band|Transcendence|Scorch","Precision","Cut Down|Legend: Haste","Adaptive Force|Adaptive Force|Tenacity and Slow Resist","Flash|Ignite","mechanics_only","no"
"16.19.1","Syndra","JUNGLE","MIDDLE","full","LeeSin","Malignance","Banshee's Veil|Lich Bane","Ionian Boots of Lucidity","Arcane Comet","Manaflow Band|Transcendence|Scorch","Precision","Legend: Haste|Presence of Mind","Adaptive Force|Adaptive Force|Tenacity and Slow Resist","Smite|Flash","mechanics_only","no"
"16.19.1","Syndra","MIDDLE","MIDDLE","full","Ahri","Malignance","Banshee's Veil|Lich Bane","Ionian Boots of Lucidity","Arcane Comet","Manaflow Band|Transcendence|Scorch","Precision","Legend: Haste|Presence of Mind","Adaptive Force|Adaptive Force|Tenacity and Slow Resist","Flash|Ignite","mechanics_only","no"
"16.19.1","Syndra","BOTTOM","MIDDLE","full","Jinx","Malignance","Banshee's Veil|Lich Bane","Ionian Boots of Lucidity","Arcane Comet","Manaflow Band|Transcendence|Scorch","Precision","Cut Down|Legend: Haste","Adaptive Force|Adaptive Force|Tenacity and Slow Resist","Flash|Heal","mechanics_only","no"
"16.19.1","Syndra","UTILITY","MIDDLE","full","Thresh","Malignance","Imperial Mandate|Banshee's Veil","Ionian Boots of Lucidity","Arcane Comet","Manaflow Band|Transcendence|Scorch","Precision","Legend: Haste|Presence of Mind","Adaptive Force|Adaptive Force|Tenacity and Slow Resist","Flash|Ignite","mechanics_only","no"
"16.19.1","TahmKench","TOP","SUPPORT|TOP","full","Garen","Randuin's Omen","Mikael's Blessing|Warmog's Armor","Plated Steelcaps","Grasp of the Undying","Font of Life|Second Wind|Overgrowth","Sorcery","Manaflow Band|Transcendence","Adaptive Force|Health Scaling|Tenacity and Slow Resist","Flash|Teleport","mechanics_only","no"
"16.19.1","TahmKench","JUNGLE","SUPPORT|TOP","full","LeeSin","Randuin's Omen","Mikael's Blessing|Warmog's Armor","Plated Steelcaps","Grasp of the Undying","Font of Life|Bone Plating|Overgrowth","Sorcery","Manaflow Band|Transcendence","Adaptive Force|Health Scaling|Tenacity and Slow Resist","Smite|Flash","mechanics_only","no"
"16.19.1","TahmKench","MIDDLE","SUPPORT|TOP","full","Ahri","Randuin's Omen","Mikael's Blessing|Kaenic Rookern","Plated Steelcaps","Grasp of the Undying","Font of Life|Bone Plating|Overgrowth","Sorcery","Transcendence|Manaflow Band","Adaptive Force|Health Scaling|Tenacity and Slow Resist","Flash|Ignite","mechanics_only","no"
"16.19.1","TahmKench","BOTTOM","SUPPORT|TOP","full","Jinx","Randuin's Omen","Mikael's Blessing|Warmog's Armor","Plated Steelcaps","Grasp of the Undying","Font of Life|Bone Plating|Overgrowth","Sorcery","Manaflow Band|Transcendence","Adaptive Force|Health Scaling|Tenacity and Slow Resist","Flash|Heal","mechanics_only","no"
"16.19.1","TahmKench","UTILITY","SUPPORT|TOP","full","Thresh","Mikael's Blessing","Randuin's Omen|Locket of the Iron Solari","Plated Steelcaps","Aftershock","Font of Life|Bone Plating|Overgrowth","Sorcery","Manaflow Band|Transcendence","Adaptive Force|Health Scaling|Tenacity and Slow Resist","Flash|Ignite","mechanics_only","no"
"16.19.1","Taliyah","TOP","JUNGLE|MIDDLE","full","Garen","Lich Bane","Banshee's Veil|Malignance","Ionian Boots of Lucidity","Summon Aery","Manaflow Band|Transcendence|Scorch","Resolve","Font of Life|Overgrowth","Adaptive Force|Adaptive Force|Tenacity and Slow Resist","Flash|Ignite","mechanics_only","no"
"16.19.1","Taliyah","JUNGLE","JUNGLE|MIDDLE","full","LeeSin","Lich Bane","Banshee's Veil|Malignance","Ionian Boots of Lucidity","Summon Aery","Manaflow Band|Transcendence|Scorch","Resolve","Font of Life|Overgrowth","Adaptive Force|Adaptive Force|Tenacity and Slow Resist","Smite|Flash","mechanics_only","no"
"16.19.1","Taliyah","MIDDLE","JUNGLE|MIDDLE","full","Ahri","Lich Bane","Banshee's Veil|Malignance","Ionian Boots of Lucidity","Summon Aery","Manaflow Band|Transcendence|Scorch","Resolve","Font of Life|Overgrowth","Adaptive Force|Adaptive Force|Tenacity and Slow Resist","Flash|Ignite","mechanics_only","no"
"16.19.1","Taliyah","BOTTOM","JUNGLE|MIDDLE","full","Jinx","Lich Bane","Banshee's Veil|Malignance","Ionian Boots of Lucidity","Summon Aery","Manaflow Band|Transcendence|Scorch","Resolve","Font of Life|Overgrowth","Adaptive Force|Adaptive Force|Tenacity and Slow Resist","Flash|Heal","mechanics_only","no"
"16.19.1","Taliyah","UTILITY","JUNGLE|MIDDLE","full","Thresh","Imperial Mandate","Banshee's Veil|Malignance","Ionian Boots of Lucidity","Summon Aery","Manaflow Band|Transcendence|Scorch","Resolve","Font of Life|Overgrowth","Adaptive Force|Adaptive Force|Tenacity and Slow Resist","Flash|Ignite","mechanics_only","no"
"16.19.1","Talon","TOP","JUNGLE","full","Garen","Eclipse","Serpent's Fang|Edge of Night","Ionian Boots of Lucidity","Deathfire Touch","Manaflow Band|Transcendence|Scorch","Precision","Cut Down|Triumph","Adaptive Force|Adaptive Force|Tenacity and Slow Resist","Flash|Ignite","mechanics_only","no"
"16.19.1","Talon","JUNGLE","JUNGLE","full","LeeSin","Eclipse","Serpent's Fang|Edge of Night","Ionian Boots of Lucidity","Deathfire Touch","Manaflow Band|Transcendence|Scorch","Domination","Sudden Impact|Sixth Sense","Adaptive Force|Adaptive Force|Tenacity and Slow Resist","Smite|Flash","mechanics_only","no"
"16.19.1","Talon","MIDDLE","JUNGLE","full","Ahri","Eclipse","Serpent's Fang|Edge of Night","Ionian Boots of Lucidity","Deathfire Touch","Manaflow Band|Transcendence|Scorch","Domination","Sudden Impact|Relentless Hunter","Adaptive Force|Adaptive Force|Tenacity and Slow Resist","Flash|Ignite","mechanics_only","no"
"16.19.1","Talon","BOTTOM","JUNGLE","full","Jinx","Eclipse","Serpent's Fang|Edge of Night","Ionian Boots of Lucidity","Deathfire Touch","Manaflow Band|Transcendence|Scorch","Resolve","Second Wind|Shield Bash","Adaptive Force|Adaptive Force|Tenacity and Slow Resist","Flash|Ignite","mechanics_only","no"
"16.19.1","Talon","UTILITY","JUNGLE","full","Thresh","Eclipse","Serpent's Fang|Edge of Night","Ionian Boots of Lucidity","Deathfire Touch","Manaflow Band|Transcendence|Scorch","Domination","Sudden Impact|Sixth Sense","Adaptive Force|Adaptive Force|Tenacity and Slow Resist","Flash|Ignite","mechanics_only","no"
"16.19.1","Taric","TOP","MIDDLE|SUPPORT","full","Garen","Frozen Heart","Randuin's Omen|Kaenic Rookern","Plated Steelcaps","Grasp of the Undying","Font of Life|Second Wind|Overgrowth","Sorcery","Manaflow Band|Transcendence","Attack Speed|Health Scaling|Tenacity and Slow Resist","Flash|Teleport","mechanics_only","no"
"16.19.1","Taric","JUNGLE","MIDDLE|SUPPORT","full","LeeSin","Frozen Heart","Randuin's Omen|Kaenic Rookern","Plated Steelcaps","Summon Aery","Manaflow Band|Transcendence|Scorch","Resolve","Font of Life|Bone Plating","Attack Speed|Health Scaling|Tenacity and Slow Resist","Smite|Flash","mechanics_only","no"
"16.19.1","Taric","MIDDLE","MIDDLE|SUPPORT","full","Ahri","Frozen Heart","Randuin's Omen|Kaenic Rookern","Plated Steelcaps","Summon Aery","Manaflow Band|Transcendence|Scorch","Resolve","Font of Life|Bone Plating","Attack Speed|Health Scaling|Tenacity and Slow Resist","Flash|Teleport","mechanics_only","no"
"16.19.1","Taric","BOTTOM","MIDDLE|SUPPORT","full","Jinx","Randuin's Omen","Frozen Heart|Kaenic Rookern","Plated Steelcaps","Grasp of the Undying","Font of Life|Bone Plating|Overgrowth","Sorcery","Manaflow Band|Transcendence","Attack Speed|Health Scaling|Tenacity and Slow Resist","Flash|Heal","mechanics_only","no"
"16.19.1","Taric","UTILITY","MIDDLE|SUPPORT","full","Thresh","Locket of the Iron Solari","Randuin's Omen|Mikael's Blessing","Plated Steelcaps","Summon Aery","Manaflow Band|Transcendence|Scorch","Resolve","Font of Life|Bone Plating","Attack Speed|Health Scaling|Tenacity and Slow Resist","Flash|Exhaust","mechanics_only","no"
"16.19.1","Teemo","TOP","JUNGLE|SUPPORT|TOP","full","Garen","Essence Reaver","Eclipse|Banshee's Veil","Berserker's Greaves","Lethal Tempo","Presence of Mind|Legend: Alacrity|Cut Down","Resolve","Bone Plating|Demolish","Adaptive Force|Adaptive Force|Tenacity and Slow Resist","Flash|Ignite","mechanics_only","no"
"16.19.1","Teemo","JUNGLE","JUNGLE|SUPPORT|TOP","full","LeeSin","Essence Reaver","Banshee's Veil|Eclipse","Berserker's Greaves","Lethal Tempo","Presence of Mind|Legend: Alacrity|Cut Down","Resolve","Bone Plating|Demolish","Adaptive Force|Adaptive Force|Tenacity and Slow Resist","Smite|Flash","mechanics_only","no"
"16.19.1","Teemo","MIDDLE","JUNGLE|SUPPORT|TOP","full","Ahri","Essence Reaver","Banshee's Veil|Eclipse","Berserker's Greaves","Lethal Tempo","Presence of Mind|Legend: Alacrity|Cut Down","Resolve","Bone Plating|Demolish","Adaptive Force|Adaptive Force|Tenacity and Slow Resist","Flash|Ignite","mechanics_only","no"
"16.19.1","Teemo","BOTTOM","JUNGLE|SUPPORT|TOP","full","Jinx","Essence Reaver","Eclipse|Banshee's Veil","Berserker's Greaves","Lethal Tempo","Presence of Mind|Legend: Alacrity|Cut Down","Resolve","Bone Plating|Shield Bash","Adaptive Force|Adaptive Force|Tenacity and Slow Resist","Flash|Heal","mechanics_only","no"
"16.19.1","Teemo","UTILITY","JUNGLE|SUPPORT|TOP","full","Thresh","Essence Reaver","Eclipse|Banshee's Veil","Berserker's Greaves","Lethal Tempo","Presence of Mind|Legend: Alacrity|Cut Down","Resolve","Bone Plating|Demolish","Adaptive Force|Adaptive Force|Tenacity and Slow Resist","Flash|Ignite","mechanics_only","no"
"16.19.1","Thresh","TOP","SUPPORT","full","Garen","Frozen Heart","Randuin's Omen|Mikael's Blessing","Ionian Boots of Lucidity","Summon Aery","Manaflow Band|Transcendence|Scorch","Resolve","Font of Life|Bone Plating","Ability Haste|Health Scaling|Tenacity and Slow Resist","Flash|Teleport","mechanics_only","no"
"16.19.1","Thresh","JUNGLE","SUPPORT","full","LeeSin","Frozen Heart","Randuin's Omen|Mikael's Blessing","Ionian Boots of Lucidity","Summon Aery","Manaflow Band|Transcendence|Scorch","Resolve","Font of Life|Bone Plating","Ability Haste|Health Scaling|Tenacity and Slow Resist","Smite|Flash","mechanics_only","no"
"16.19.1","Thresh","MIDDLE","SUPPORT","full","Ahri","Frozen Heart","Mikael's Blessing|Randuin's Omen","Ionian Boots of Lucidity","Summon Aery","Manaflow Band|Transcendence|Scorch","Resolve","Font of Life|Bone Plating","Ability Haste|Health Scaling|Tenacity and Slow Resist","Flash|Ignite","mechanics_only","no"
"16.19.1","Thresh","BOTTOM","SUPPORT","full","Jinx","Frozen Heart","Randuin's Omen|Mikael's Blessing","Ionian Boots of Lucidity","Summon Aery","Manaflow Band|Transcendence|Scorch","Resolve","Font of Life|Bone Plating","Ability Haste|Health Scaling|Tenacity and Slow Resist","Flash|Heal","mechanics_only","no"
"16.19.1","Thresh","UTILITY","SUPPORT","full","Thresh","Mikael's Blessing","Redemption|Randuin's Omen","Ionian Boots of Lucidity","Summon Aery","Manaflow Band|Transcendence|Scorch","Resolve","Font of Life|Bone Plating","Ability Haste|Health Scaling|Tenacity and Slow Resist","Flash|Exhaust","mechanics_only","no"
"16.19.1","Tristana","TOP","BOTTOM|MIDDLE","full","Garen","Essence Reaver","Infinity Edge|Kraken Slayer","Berserker's Greaves","Lethal Tempo","Presence of Mind|Legend: Alacrity|Cut Down","Resolve","Font of Life|Bone Plating","Adaptive Force|Adaptive Force|Tenacity and Slow Resist","Flash|Ignite","mechanics_only","no"
"16.19.1","Tristana","JUNGLE","BOTTOM|MIDDLE","full","LeeSin","Essence Reaver","Infinity Edge|Kraken Slayer","Berserker's Greaves","Lethal Tempo","Presence of Mind|Legend: Alacrity|Cut Down","Resolve","Bone Plating|Demolish","Adaptive Force|Adaptive Force|Tenacity and Slow Resist","Smite|Flash","mechanics_only","no"
"16.19.1","Tristana","MIDDLE","BOTTOM|MIDDLE","full","Ahri","Essence Reaver","Infinity Edge|Kraken Slayer","Berserker's Greaves","Lethal Tempo","Presence of Mind|Legend: Alacrity|Cut Down","Resolve","Bone Plating|Demolish","Adaptive Force|Adaptive Force|Tenacity and Slow Resist","Flash|Ignite","mechanics_only","no"
"16.19.1","Tristana","BOTTOM","BOTTOM|MIDDLE","full","Jinx","Essence Reaver","Infinity Edge|Kraken Slayer","Berserker's Greaves","Lethal Tempo","Presence of Mind|Legend: Alacrity|Cut Down","Resolve","Bone Plating|Shield Bash","Adaptive Force|Adaptive Force|Tenacity and Slow Resist","Flash|Heal","mechanics_only","no"
"16.19.1","Tristana","UTILITY","BOTTOM|MIDDLE","full","Thresh","Essence Reaver","Eclipse|Serpent's Fang","Berserker's Greaves","Lethal Tempo","Presence of Mind|Legend: Alacrity|Cut Down","Resolve","Font of Life|Bone Plating","Adaptive Force|Adaptive Force|Tenacity and Slow Resist","Flash|Ignite","mechanics_only","no"
"16.19.1","Trundle","TOP","JUNGLE|TOP","full","Garen","Randuin's Omen","Frozen Heart|Kaenic Rookern","Plated Steelcaps","Grasp of the Undying","Font of Life|Bone Plating|Overgrowth","Precision","Triumph|Legend: Bloodline","Attack Speed|Health Scaling|Tenacity and Slow Resist","Flash|Teleport","mechanics_only","no"
"16.19.1","Trundle","JUNGLE","JUNGLE|TOP","full","LeeSin","Randuin's Omen","Frozen Heart|Kaenic Rookern","Plated Steelcaps","Grasp of the Undying","Demolish|Bone Plating|Overgrowth","Sorcery","Manaflow Band|Gathering Storm","Attack Speed|Health Scaling|Tenacity and Slow Resist","Smite|Flash","mechanics_only","no"
"16.19.1","Trundle","MIDDLE","JUNGLE|TOP","full","Ahri","Randuin's Omen","Kaenic Rookern|Zeke's Convergence","Plated Steelcaps","Grasp of the Undying","Demolish|Bone Plating|Overgrowth","Sorcery","Manaflow Band|Gathering Storm","Attack Speed|Health Scaling|Tenacity and Slow Resist","Flash|Ignite","mechanics_only","no"
"16.19.1","Trundle","BOTTOM","JUNGLE|TOP","full","Jinx","Randuin's Omen","Frozen Heart|Kaenic Rookern","Plated Steelcaps","Grasp of the Undying","Shield Bash|Bone Plating|Overgrowth","Precision","Triumph|Legend: Bloodline","Attack Speed|Health Scaling|Tenacity and Slow Resist","Flash|Heal","mechanics_only","no"
"16.19.1","Trundle","UTILITY","JUNGLE|TOP","full","Thresh","Locket of the Iron Solari","Randuin's Omen|Mikael's Blessing","Plated Steelcaps","Grasp of the Undying","Font of Life|Bone Plating|Overgrowth","Sorcery","Manaflow Band|Gathering Storm","Attack Speed|Health Scaling|Tenacity and Slow Resist","Flash|Ignite","mechanics_only","no"
"16.19.1","Tryndamere","TOP","TOP","full","Garen","Kraken Slayer","Mercurial Scimitar|Serpent's Fang","Berserker's Greaves","Grasp of the Undying","Demolish|Bone Plating|Overgrowth","Precision","Triumph|Legend: Bloodline","Adaptive Force|Adaptive Force|Tenacity and Slow Resist","Flash|Ignite","mechanics_only","no"
"16.19.1","Tryndamere","JUNGLE","TOP","full","LeeSin","Kraken Slayer","Mercurial Scimitar|Serpent's Fang","Berserker's Greaves","Grasp of the Undying","Demolish|Bone Plating|Overgrowth","Precision","Legend: Alacrity|Triumph","Adaptive Force|Adaptive Force|Tenacity and Slow Resist","Smite|Flash","mechanics_only","no"
"16.19.1","Tryndamere","MIDDLE","TOP","full","Ahri","Kraken Slayer","Mercurial Scimitar|Edge of Night","Berserker's Greaves","Grasp of the Undying","Demolish|Bone Plating|Overgrowth","Precision","Legend: Alacrity|Triumph","Adaptive Force|Adaptive Force|Tenacity and Slow Resist","Flash|Ignite","mechanics_only","no"
"16.19.1","Tryndamere","BOTTOM","TOP","full","Jinx","Kraken Slayer","Mercurial Scimitar|Edge of Night","Berserker's Greaves","Grasp of the Undying","Shield Bash|Bone Plating|Overgrowth","Precision","Triumph|Legend: Bloodline","Adaptive Force|Adaptive Force|Tenacity and Slow Resist","Flash|Ignite","mechanics_only","no"
"16.19.1","Tryndamere","UTILITY","TOP","full","Thresh","Kraken Slayer","Mikael's Blessing|Serpent's Fang","Berserker's Greaves","Grasp of the Undying","Demolish|Bone Plating|Overgrowth","Domination","Sudden Impact|Sixth Sense","Adaptive Force|Adaptive Force|Tenacity and Slow Resist","Flash|Ignite","mechanics_only","no"
"16.19.1","TwistedFate","TOP","BOTTOM|MIDDLE|TOP","full","Garen","Essence Reaver","Eclipse|Serpent's Fang","Ionian Boots of Lucidity","Summon Aery","Manaflow Band|Transcendence|Scorch","Resolve","Font of Life|Bone Plating","Adaptive Force|Adaptive Force|Tenacity and Slow Resist","Flash|Ignite","mechanics_only","no"
"16.19.1","TwistedFate","JUNGLE","BOTTOM|MIDDLE|TOP","full","LeeSin","Essence Reaver","Eclipse|Serpent's Fang","Ionian Boots of Lucidity","Summon Aery","Manaflow Band|Transcendence|Scorch","Resolve","Font of Life|Bone Plating","Adaptive Force|Adaptive Force|Tenacity and Slow Resist","Smite|Flash","mechanics_only","no"
"16.19.1","TwistedFate","MIDDLE","BOTTOM|MIDDLE|TOP","full","Ahri","Essence Reaver","Eclipse|Serpent's Fang","Ionian Boots of Lucidity","Summon Aery","Manaflow Band|Transcendence|Scorch","Resolve","Font of Life|Bone Plating","Adaptive Force|Adaptive Force|Tenacity and Slow Resist","Flash|Ignite","mechanics_only","no"
"16.19.1","TwistedFate","BOTTOM","BOTTOM|MIDDLE|TOP","full","Jinx","Essence Reaver","Eclipse|Serpent's Fang","Ionian Boots of Lucidity","Summon Aery","Manaflow Band|Transcendence|Scorch","Resolve","Font of Life|Bone Plating","Adaptive Force|Adaptive Force|Tenacity and Slow Resist","Flash|Heal","mechanics_only","no"
"16.19.1","TwistedFate","UTILITY","BOTTOM|MIDDLE|TOP","full","Thresh","Essence Reaver","Serpent's Fang|Eclipse","Ionian Boots of Lucidity","Summon Aery","Manaflow Band|Transcendence|Scorch","Resolve","Font of Life|Bone Plating","Adaptive Force|Adaptive Force|Tenacity and Slow Resist","Flash|Ignite","mechanics_only","no"
"16.19.1","Twitch","TOP","BOTTOM|SUPPORT","full","Garen","Essence Reaver","Infinity Edge|Kraken Slayer","Berserker's Greaves","Lethal Tempo","Presence of Mind|Legend: Alacrity|Cut Down","Resolve","Bone Plating|Demolish","Attack Speed|Adaptive Force|Tenacity and Slow Resist","Flash|Ignite","mechanics_only","no"
"16.19.1","Twitch","JUNGLE","BOTTOM|SUPPORT","full","LeeSin","Essence Reaver","Infinity Edge|Kraken Slayer","Berserker's Greaves","Lethal Tempo","Presence of Mind|Legend: Alacrity|Cut Down","Resolve","Bone Plating|Demolish","Attack Speed|Adaptive Force|Tenacity and Slow Resist","Smite|Flash","mechanics_only","no"
"16.19.1","Twitch","MIDDLE","BOTTOM|SUPPORT","full","Ahri","Essence Reaver","Infinity Edge|Kraken Slayer","Berserker's Greaves","Lethal Tempo","Presence of Mind|Legend: Alacrity|Cut Down","Resolve","Bone Plating|Demolish","Attack Speed|Adaptive Force|Tenacity and Slow Resist","Flash|Ignite","mechanics_only","no"
"16.19.1","Twitch","BOTTOM","BOTTOM|SUPPORT","full","Jinx","Essence Reaver","Infinity Edge|Kraken Slayer","Berserker's Greaves","Lethal Tempo","Presence of Mind|Legend: Alacrity|Cut Down","Resolve","Bone Plating|Shield Bash","Attack Speed|Adaptive Force|Tenacity and Slow Resist","Flash|Heal","mechanics_only","no"
"16.19.1","Twitch","UTILITY","BOTTOM|SUPPORT","full","Thresh","Essence Reaver","Infinity Edge|Kraken Slayer","Berserker's Greaves","Lethal Tempo","Presence of Mind|Legend: Alacrity|Cut Down","Resolve","Bone Plating|Demolish","Attack Speed|Adaptive Force|Tenacity and Slow Resist","Flash|Ignite","mechanics_only","no"
"16.19.1","Udyr","TOP","JUNGLE|TOP","full","Garen","Randuin's Omen","Warmog's Armor|Zeke's Convergence","Berserker's Greaves","Grasp of the Undying","Font of Life|Bone Plating|Overgrowth","Precision","Triumph|Legend: Bloodline","Attack Speed|Health Scaling|Tenacity and Slow Resist","Flash|Teleport","mechanics_only","no"
"16.19.1","Udyr","JUNGLE","JUNGLE|TOP","full","LeeSin","Randuin's Omen","Warmog's Armor|Zeke's Convergence","Plated Steelcaps","Grasp of the Undying","Demolish|Bone Plating|Overgrowth","Sorcery","Manaflow Band|Gathering Storm","Attack Speed|Health Scaling|Tenacity and Slow Resist","Smite|Flash","mechanics_only","no"
"16.19.1","Udyr","MIDDLE","JUNGLE|TOP","full","Ahri","Randuin's Omen","Kaenic Rookern|Warmog's Armor","Berserker's Greaves","Grasp of the Undying","Demolish|Bone Plating|Overgrowth","Sorcery","Manaflow Band|Gathering Storm","Attack Speed|Health Scaling|Tenacity and Slow Resist","Flash|Ignite","mechanics_only","no"
"16.19.1","Udyr","BOTTOM","JUNGLE|TOP","full","Jinx","Randuin's Omen","Warmog's Armor|Zeke's Convergence","Plated Steelcaps","Grasp of the Undying","Shield Bash|Bone Plating|Overgrowth","Precision","Triumph|Legend: Bloodline","Attack Speed|Health Scaling|Tenacity and Slow Resist","Flash|Heal","mechanics_only","no"
"16.19.1","Udyr","UTILITY","JUNGLE|TOP","full","Thresh","Locket of the Iron Solari","Randuin's Omen|Mikael's Blessing","Berserker's Greaves","Grasp of the Undying","Font of Life|Bone Plating|Overgrowth","Sorcery","Manaflow Band|Gathering Storm","Attack Speed|Health Scaling|Tenacity and Slow Resist","Flash|Ignite","mechanics_only","no"
"16.19.1","Urgot","TOP","TOP","full","Garen","Essence Reaver","Randuin's Omen|Mikael's Blessing","Ionian Boots of Lucidity","Grasp of the Undying","Font of Life|Bone Plating|Overgrowth","Sorcery","Manaflow Band|Transcendence","Adaptive Force|Health Scaling|Tenacity and Slow Resist","Flash|Teleport","mechanics_only","no"
"16.19.1","Urgot","JUNGLE","TOP","full","LeeSin","Essence Reaver","Randuin's Omen|Mikael's Blessing","Ionian Boots of Lucidity","Grasp of the Undying","Font of Life|Bone Plating|Overgrowth","Sorcery","Manaflow Band|Transcendence","Adaptive Force|Health Scaling|Tenacity and Slow Resist","Smite|Flash","mechanics_only","no"
"16.19.1","Urgot","MIDDLE","TOP","full","Ahri","Essence Reaver","Randuin's Omen|Mikael's Blessing","Mercury's Treads","Grasp of the Undying","Font of Life|Bone Plating|Overgrowth","Sorcery","Manaflow Band|Transcendence","Adaptive Force|Health Scaling|Tenacity and Slow Resist","Flash|Ignite","mechanics_only","no"
"16.19.1","Urgot","BOTTOM","TOP","full","Jinx","Randuin's Omen","Mikael's Blessing|Essence Reaver","Plated Steelcaps","Grasp of the Undying","Font of Life|Bone Plating|Overgrowth","Sorcery","Manaflow Band|Transcendence","Adaptive Force|Health Scaling|Tenacity and Slow Resist","Flash|Heal","mechanics_only","no"
"16.19.1","Urgot","UTILITY","TOP","full","Thresh","Mikael's Blessing","Randuin's Omen|Locket of the Iron Solari","Ionian Boots of Lucidity","Aftershock","Font of Life|Bone Plating|Overgrowth","Sorcery","Manaflow Band|Transcendence","Adaptive Force|Health Scaling|Tenacity and Slow Resist","Flash|Ignite","mechanics_only","no"
"16.19.1","Varus","TOP","BOTTOM","full","Garen","Essence Reaver","Kraken Slayer|Infinity Edge","Berserker's Greaves","Lethal Tempo","Presence of Mind|Legend: Alacrity|Cut Down","Resolve","Bone Plating|Demolish","Adaptive Force|Adaptive Force|Tenacity and Slow Resist","Flash|Ignite","mechanics_only","no"
"16.19.1","Varus","JUNGLE","BOTTOM","full","LeeSin","Essence Reaver","Kraken Slayer|Infinity Edge","Berserker's Greaves","Lethal Tempo","Presence of Mind|Legend: Alacrity|Cut Down","Resolve","Bone Plating|Demolish","Adaptive Force|Adaptive Force|Tenacity and Slow Resist","Smite|Flash","mechanics_only","no"
"16.19.1","Varus","MIDDLE","BOTTOM","full","Ahri","Essence Reaver","Kraken Slayer|Infinity Edge","Berserker's Greaves","Lethal Tempo","Presence of Mind|Legend: Alacrity|Cut Down","Resolve","Bone Plating|Demolish","Adaptive Force|Adaptive Force|Tenacity and Slow Resist","Flash|Ignite","mechanics_only","no"
"16.19.1","Varus","BOTTOM","BOTTOM","full","Jinx","Essence Reaver","Kraken Slayer|Infinity Edge","Berserker's Greaves","Lethal Tempo","Presence of Mind|Legend: Alacrity|Cut Down","Resolve","Bone Plating|Shield Bash","Adaptive Force|Adaptive Force|Tenacity and Slow Resist","Flash|Heal","mechanics_only","no"
"16.19.1","Varus","UTILITY","BOTTOM","full","Thresh","Essence Reaver","Eclipse|Serpent's Fang","Berserker's Greaves","Lethal Tempo","Presence of Mind|Legend: Alacrity|Cut Down","Resolve","Bone Plating|Demolish","Adaptive Force|Adaptive Force|Tenacity and Slow Resist","Flash|Ignite","mechanics_only","no"
"16.19.1","Vayne","TOP","BOTTOM|TOP","full","Garen","Essence Reaver","Infinity Edge|Kraken Slayer","Berserker's Greaves","Lethal Tempo","Presence of Mind|Legend: Alacrity|Cut Down","Resolve","Bone Plating|Demolish","Attack Speed|Adaptive Force|Tenacity and Slow Resist","Flash|Ignite","mechanics_only","no"
"16.19.1","Vayne","JUNGLE","BOTTOM|TOP","full","LeeSin","Essence Reaver","Infinity Edge|Kraken Slayer","Berserker's Greaves","Lethal Tempo","Presence of Mind|Legend: Alacrity|Cut Down","Resolve","Bone Plating|Demolish","Attack Speed|Adaptive Force|Tenacity and Slow Resist","Smite|Flash","mechanics_only","no"
"16.19.1","Vayne","MIDDLE","BOTTOM|TOP","full","Ahri","Essence Reaver","Infinity Edge|Kraken Slayer","Berserker's Greaves","Lethal Tempo","Presence of Mind|Legend: Alacrity|Cut Down","Resolve","Bone Plating|Demolish","Attack Speed|Adaptive Force|Tenacity and Slow Resist","Flash|Ignite","mechanics_only","no"
"16.19.1","Vayne","BOTTOM","BOTTOM|TOP","full","Jinx","Essence Reaver","Infinity Edge|Kraken Slayer","Berserker's Greaves","Lethal Tempo","Presence of Mind|Legend: Alacrity|Cut Down","Resolve","Bone Plating|Shield Bash","Attack Speed|Adaptive Force|Tenacity and Slow Resist","Flash|Heal","mechanics_only","no"
"16.19.1","Vayne","UTILITY","BOTTOM|TOP","full","Thresh","Essence Reaver","Infinity Edge|Kraken Slayer","Berserker's Greaves","Lethal Tempo","Presence of Mind|Legend: Alacrity|Cut Down","Resolve","Bone Plating|Demolish","Attack Speed|Adaptive Force|Tenacity and Slow Resist","Flash|Ignite","mechanics_only","no"
"16.19.1","Veigar","TOP","MIDDLE|SUPPORT","full","Garen","Malignance","Banshee's Veil|Lich Bane","Ionian Boots of Lucidity","Arcane Comet","Manaflow Band|Transcendence|Scorch","Precision","Cut Down|Legend: Haste","Adaptive Force|Adaptive Force|Tenacity and Slow Resist","Flash|Ignite","mechanics_only","no"
"16.19.1","Veigar","JUNGLE","MIDDLE|SUPPORT","full","LeeSin","Malignance","Banshee's Veil|Lich Bane","Ionian Boots of Lucidity","Arcane Comet","Manaflow Band|Transcendence|Scorch","Precision","Legend: Haste|Cut Down","Adaptive Force|Adaptive Force|Tenacity and Slow Resist","Smite|Flash","mechanics_only","no"
"16.19.1","Veigar","MIDDLE","MIDDLE|SUPPORT","full","Ahri","Malignance","Banshee's Veil|Lich Bane","Ionian Boots of Lucidity","Arcane Comet","Manaflow Band|Transcendence|Scorch","Precision","Legend: Haste|Cut Down","Adaptive Force|Adaptive Force|Tenacity and Slow Resist","Flash|Ignite","mechanics_only","no"
"16.19.1","Veigar","BOTTOM","MIDDLE|SUPPORT","full","Jinx","Malignance","Banshee's Veil|Lich Bane","Ionian Boots of Lucidity","Arcane Comet","Manaflow Band|Transcendence|Scorch","Precision","Cut Down|Legend: Haste","Adaptive Force|Adaptive Force|Tenacity and Slow Resist","Flash|Heal","mechanics_only","no"
"16.19.1","Veigar","UTILITY","MIDDLE|SUPPORT","full","Thresh","Malignance","Imperial Mandate|Banshee's Veil","Ionian Boots of Lucidity","Arcane Comet","Manaflow Band|Transcendence|Scorch","Precision","Legend: Haste|Cut Down","Adaptive Force|Adaptive Force|Tenacity and Slow Resist","Flash|Ignite","mechanics_only","no"
"16.19.1","Velkoz","TOP","MIDDLE|SUPPORT","full","Garen","Malignance","Banshee's Veil|Lich Bane","Ionian Boots of Lucidity","Arcane Comet","Manaflow Band|Transcendence|Scorch","Precision","Presence of Mind|Cut Down","Adaptive Force|Adaptive Force|Tenacity and Slow Resist","Flash|Ignite","mechanics_only","no"
"16.19.1","Velkoz","JUNGLE","MIDDLE|SUPPORT","full","LeeSin","Malignance","Banshee's Veil|Lich Bane","Ionian Boots of Lucidity","Arcane Comet","Manaflow Band|Transcendence|Scorch","Precision","Presence of Mind|Legend: Haste","Adaptive Force|Adaptive Force|Tenacity and Slow Resist","Smite|Flash","mechanics_only","no"
"16.19.1","Velkoz","MIDDLE","MIDDLE|SUPPORT","full","Ahri","Malignance","Banshee's Veil|Lich Bane","Ionian Boots of Lucidity","Arcane Comet","Manaflow Band|Transcendence|Scorch","Precision","Legend: Haste|Presence of Mind","Adaptive Force|Adaptive Force|Tenacity and Slow Resist","Flash|Ignite","mechanics_only","no"
"16.19.1","Velkoz","BOTTOM","MIDDLE|SUPPORT","full","Jinx","Malignance","Banshee's Veil|Lich Bane","Ionian Boots of Lucidity","Arcane Comet","Manaflow Band|Transcendence|Scorch","Precision","Presence of Mind|Cut Down","Adaptive Force|Adaptive Force|Tenacity and Slow Resist","Flash|Heal","mechanics_only","no"
"16.19.1","Velkoz","UTILITY","MIDDLE|SUPPORT","full","Thresh","Malignance","Imperial Mandate|Banshee's Veil","Ionian Boots of Lucidity","Arcane Comet","Manaflow Band|Transcendence|Scorch","Precision","Presence of Mind|Legend: Haste","Adaptive Force|Adaptive Force|Tenacity and Slow Resist","Flash|Ignite","mechanics_only","no"
"16.19.1","Vex","TOP","MIDDLE","full","Garen","Malignance","Zhonya's Hourglass|Banshee's Veil","Ionian Boots of Lucidity","Deathfire Touch","Manaflow Band|Transcendence|Scorch","Resolve","Overgrowth|Bone Plating","Adaptive Force|Adaptive Force|Tenacity and Slow Resist","Flash|Ignite","mechanics_only","no"
"16.19.1","Vex","JUNGLE","MIDDLE","full","LeeSin","Malignance","Banshee's Veil|Lich Bane","Ionian Boots of Lucidity","Deathfire Touch","Manaflow Band|Transcendence|Scorch","Resolve","Bone Plating|Overgrowth","Adaptive Force|Adaptive Force|Tenacity and Slow Resist","Smite|Flash","mechanics_only","no"
"16.19.1","Vex","MIDDLE","MIDDLE","full","Ahri","Malignance","Banshee's Veil|Lich Bane","Ionian Boots of Lucidity","Deathfire Touch","Manaflow Band|Transcendence|Scorch","Precision","Presence of Mind|Legend: Haste","Adaptive Force|Adaptive Force|Tenacity and Slow Resist","Flash|Ignite","mechanics_only","no"
"16.19.1","Vex","BOTTOM","MIDDLE","full","Jinx","Malignance","Zhonya's Hourglass|Banshee's Veil","Ionian Boots of Lucidity","Deathfire Touch","Manaflow Band|Transcendence|Scorch","Resolve","Bone Plating|Overgrowth","Adaptive Force|Adaptive Force|Tenacity and Slow Resist","Flash|Heal","mechanics_only","no"
"16.19.1","Vex","UTILITY","MIDDLE","full","Thresh","Malignance","Imperial Mandate|Banshee's Veil","Ionian Boots of Lucidity","Deathfire Touch","Manaflow Band|Transcendence|Scorch","Domination","Sudden Impact|Sixth Sense","Adaptive Force|Adaptive Force|Tenacity and Slow Resist","Flash|Ignite","mechanics_only","no"
"16.19.1","Vi","TOP","JUNGLE","full","Garen","Eclipse","Edge of Night|Randuin's Omen","Ionian Boots of Lucidity","Grasp of the Undying","Font of Life|Second Wind|Overgrowth","Sorcery","Manaflow Band|Transcendence","Adaptive Force|Health Scaling|Tenacity and Slow Resist","Flash|Teleport","mechanics_only","no"
"16.19.1","Vi","JUNGLE","JUNGLE","full","LeeSin","Eclipse","Edge of Night|Randuin's Omen","Ionian Boots of Lucidity","Aftershock","Font of Life|Bone Plating|Overgrowth","Sorcery","Manaflow Band|Transcendence","Adaptive Force|Health Scaling|Tenacity and Slow Resist","Smite|Flash","mechanics_only","no"
"16.19.1","Vi","MIDDLE","JUNGLE","full","Ahri","Eclipse","Edge of Night|Randuin's Omen","Ionian Boots of Lucidity","Aftershock","Font of Life|Bone Plating|Overgrowth","Sorcery","Manaflow Band|Transcendence","Adaptive Force|Health Scaling|Tenacity and Slow Resist","Flash|Ignite","mechanics_only","no"
"16.19.1","Vi","BOTTOM","JUNGLE","full","Jinx","Eclipse","Edge of Night|Randuin's Omen","Ionian Boots of Lucidity","Grasp of the Undying","Font of Life|Bone Plating|Overgrowth","Sorcery","Manaflow Band|Transcendence","Adaptive Force|Health Scaling|Tenacity and Slow Resist","Flash|Heal","mechanics_only","no"
"16.19.1","Vi","UTILITY","JUNGLE","full","Thresh","Eclipse","Mikael's Blessing|Randuin's Omen","Ionian Boots of Lucidity","Aftershock","Font of Life|Bone Plating|Overgrowth","Sorcery","Manaflow Band|Transcendence","Adaptive Force|Health Scaling|Tenacity and Slow Resist","Flash|Ignite","mechanics_only","no"
"16.19.1","Viego","TOP","JUNGLE","full","Garen","Infinity Edge","Kraken Slayer|Serpent's Fang","Berserker's Greaves","Fleet Footwork","Triumph|Legend: Alacrity|Cut Down","Resolve","Font of Life|Second Wind","Adaptive Force|Adaptive Force|Tenacity and Slow Resist","Flash|Ignite","mechanics_only","no"
"16.19.1","Viego","JUNGLE","JUNGLE","full","LeeSin","Infinity Edge","Kraken Slayer|Serpent's Fang","Berserker's Greaves","Lethal Tempo","Triumph|Legend: Alacrity|Cut Down","Resolve","Bone Plating|Demolish","Adaptive Force|Adaptive Force|Tenacity and Slow Resist","Smite|Flash","mechanics_only","no"
"16.19.1","Viego","MIDDLE","JUNGLE","full","Ahri","Infinity Edge","Kraken Slayer|Essence Reaver","Berserker's Greaves","Lethal Tempo","Triumph|Legend: Alacrity|Cut Down","Resolve","Bone Plating|Demolish","Adaptive Force|Adaptive Force|Tenacity and Slow Resist","Flash|Ignite","mechanics_only","no"
"16.19.1","Viego","BOTTOM","JUNGLE","full","Jinx","Infinity Edge","Kraken Slayer|Essence Reaver","Berserker's Greaves","Fleet Footwork","Triumph|Legend: Alacrity|Cut Down","Resolve","Bone Plating|Shield Bash","Adaptive Force|Adaptive Force|Tenacity and Slow Resist","Flash|Ignite","mechanics_only","no"
"16.19.1","Viego","UTILITY","JUNGLE","full","Thresh","Eclipse","Serpent's Fang|Infinity Edge","Berserker's Greaves","Lethal Tempo","Triumph|Legend: Alacrity|Cut Down","Resolve","Font of Life|Bone Plating","Adaptive Force|Adaptive Force|Tenacity and Slow Resist","Flash|Ignite","mechanics_only","no"
"16.19.1","Viktor","TOP","MIDDLE","full","Garen","Malignance","Banshee's Veil|Lich Bane","Ionian Boots of Lucidity","Deathfire Touch","Manaflow Band|Transcendence|Scorch","Precision","Presence of Mind|Cut Down","Adaptive Force|Adaptive Force|Tenacity and Slow Resist","Flash|Ignite","mechanics_only","no"
"16.19.1","Viktor","JUNGLE","MIDDLE","full","LeeSin","Malignance","Banshee's Veil|Lich Bane","Ionian Boots of Lucidity","Deathfire Touch","Manaflow Band|Transcendence|Scorch","Precision","Presence of Mind|Legend: Haste","Adaptive Force|Adaptive Force|Tenacity and Slow Resist","Smite|Flash","mechanics_only","no"
"16.19.1","Viktor","MIDDLE","MIDDLE","full","Ahri","Malignance","Banshee's Veil|Lich Bane","Ionian Boots of Lucidity","Deathfire Touch","Manaflow Band|Transcendence|Scorch","Precision","Presence of Mind|Legend: Haste","Adaptive Force|Adaptive Force|Tenacity and Slow Resist","Flash|Ignite","mechanics_only","no"
"16.19.1","Viktor","BOTTOM","MIDDLE","full","Jinx","Malignance","Banshee's Veil|Lich Bane","Ionian Boots of Lucidity","Deathfire Touch","Manaflow Band|Transcendence|Scorch","Precision","Presence of Mind|Cut Down","Adaptive Force|Adaptive Force|Tenacity and Slow Resist","Flash|Heal","mechanics_only","no"
"16.19.1","Viktor","UTILITY","MIDDLE","full","Thresh","Malignance","Banshee's Veil|Imperial Mandate","Ionian Boots of Lucidity","Deathfire Touch","Manaflow Band|Transcendence|Scorch","Precision","Presence of Mind|Legend: Haste","Adaptive Force|Adaptive Force|Tenacity and Slow Resist","Flash|Ignite","mechanics_only","no"
"16.19.1","Vladimir","TOP","MIDDLE|TOP","full","Garen","Cosmic Drive","Randuin's Omen|Zhonya's Hourglass","Ionian Boots of Lucidity","Deathfire Touch","Nimbus Cloak|Transcendence|Scorch","Resolve","Overgrowth|Conditioning","Adaptive Force|Adaptive Force|Tenacity and Slow Resist","Flash|Ignite","mechanics_only","no"
"16.19.1","Vladimir","JUNGLE","MIDDLE|TOP","full","LeeSin","Cosmic Drive","Randuin's Omen|Zhonya's Hourglass","Ionian Boots of Lucidity","Deathfire Touch","Nimbus Cloak|Transcendence|Scorch","Resolve","Overgrowth|Conditioning","Adaptive Force|Adaptive Force|Tenacity and Slow Resist","Smite|Flash","mechanics_only","no"
"16.19.1","Vladimir","MIDDLE","MIDDLE|TOP","full","Ahri","Cosmic Drive","Banshee's Veil|Randuin's Omen","Ionian Boots of Lucidity","Deathfire Touch","Nimbus Cloak|Transcendence|Scorch","Resolve","Overgrowth|Conditioning","Adaptive Force|Adaptive Force|Tenacity and Slow Resist","Flash|Ignite","mechanics_only","no"
"16.19.1","Vladimir","BOTTOM","MIDDLE|TOP","full","Jinx","Cosmic Drive","Randuin's Omen|Zhonya's Hourglass","Ionian Boots of Lucidity","Deathfire Touch","Nimbus Cloak|Transcendence|Scorch","Resolve","Overgrowth|Bone Plating","Adaptive Force|Adaptive Force|Tenacity and Slow Resist","Flash|Heal","mechanics_only","no"
"16.19.1","Vladimir","UTILITY","MIDDLE|TOP","full","Thresh","Mikael's Blessing","Imperial Mandate|Echoes of Helia","Ionian Boots of Lucidity","Summon Aery","Nimbus Cloak|Transcendence|Scorch","Resolve","Overgrowth|Conditioning","Adaptive Force|Adaptive Force|Tenacity and Slow Resist","Flash|Ignite","mechanics_only","no"
"16.19.1","Volibear","TOP","JUNGLE|TOP","full","Garen","Randuin's Omen","Warmog's Armor|Heartsteel","Plated Steelcaps","Grasp of the Undying","Font of Life|Bone Plating|Overgrowth","Precision","Triumph|Legend: Bloodline","Attack Speed|Health Scaling|Tenacity and Slow Resist","Flash|Teleport","mechanics_only","no"
"16.19.1","Volibear","JUNGLE","JUNGLE|TOP","full","LeeSin","Randuin's Omen","Warmog's Armor|Heartsteel","Plated Steelcaps","Grasp of the Undying","Demolish|Bone Plating|Overgrowth","Sorcery","Manaflow Band|Gathering Storm","Attack Speed|Health Scaling|Tenacity and Slow Resist","Smite|Flash","mechanics_only","no"
"16.19.1","Volibear","MIDDLE","JUNGLE|TOP","full","Ahri","Randuin's Omen","Kaenic Rookern|Warmog's Armor","Plated Steelcaps","Grasp of the Undying","Demolish|Bone Plating|Overgrowth","Sorcery","Manaflow Band|Gathering Storm","Attack Speed|Health Scaling|Tenacity and Slow Resist","Flash|Ignite","mechanics_only","no"
"16.19.1","Volibear","BOTTOM","JUNGLE|TOP","full","Jinx","Randuin's Omen","Warmog's Armor|Heartsteel","Plated Steelcaps","Grasp of the Undying","Shield Bash|Bone Plating|Overgrowth","Precision","Triumph|Legend: Bloodline","Attack Speed|Health Scaling|Tenacity and Slow Resist","Flash|Heal","mechanics_only","no"
"16.19.1","Volibear","UTILITY","JUNGLE|TOP","full","Thresh","Locket of the Iron Solari","Randuin's Omen|Mikael's Blessing","Plated Steelcaps","Grasp of the Undying","Font of Life|Bone Plating|Overgrowth","Sorcery","Manaflow Band|Gathering Storm","Attack Speed|Health Scaling|Tenacity and Slow Resist","Flash|Ignite","mechanics_only","no"
"16.19.1","Warwick","TOP","JUNGLE|TOP","full","Garen","Essence Reaver","Randuin's Omen|Mikael's Blessing","Mercury's Treads","Grasp of the Undying","Font of Life|Second Wind|Overgrowth","Sorcery","Manaflow Band|Gathering Storm","Attack Speed|Health Scaling|Tenacity and Slow Resist","Flash|Teleport","mechanics_only","no"
"16.19.1","Warwick","JUNGLE","JUNGLE|TOP","full","LeeSin","Essence Reaver","Randuin's Omen|Mikael's Blessing","Mercury's Treads","Grasp of the Undying","Demolish|Bone Plating|Overgrowth","Sorcery","Manaflow Band|Gathering Storm","Attack Speed|Health Scaling|Tenacity and Slow Resist","Smite|Flash","mechanics_only","no"
"16.19.1","Warwick","MIDDLE","JUNGLE|TOP","full","Ahri","Essence Reaver","Mikael's Blessing|Randuin's Omen","Mercury's Treads","Grasp of the Undying","Demolish|Bone Plating|Overgrowth","Sorcery","Manaflow Band|Transcendence","Attack Speed|Health Scaling|Tenacity and Slow Resist","Flash|Ignite","mechanics_only","no"
"16.19.1","Warwick","BOTTOM","JUNGLE|TOP","full","Jinx","Randuin's Omen","Mikael's Blessing|Essence Reaver","Mercury's Treads","Grasp of the Undying","Shield Bash|Bone Plating|Overgrowth","Sorcery","Manaflow Band|Gathering Storm","Attack Speed|Health Scaling|Tenacity and Slow Resist","Flash|Heal","mechanics_only","no"
"16.19.1","Warwick","UTILITY","JUNGLE|TOP","full","Thresh","Mikael's Blessing","Randuin's Omen|Redemption","Plated Steelcaps","Grasp of the Undying","Font of Life|Bone Plating|Overgrowth","Sorcery","Manaflow Band|Gathering Storm","Attack Speed|Health Scaling|Tenacity and Slow Resist","Flash|Ignite","mechanics_only","no"
"16.19.1","MonkeyKing","TOP","JUNGLE|TOP","full","Garen","Eclipse","Randuin's Omen|Edge of Night","Ionian Boots of Lucidity","Grasp of the Undying","Font of Life|Second Wind|Overgrowth","Sorcery","Manaflow Band|Transcendence","Adaptive Force|Health Scaling|Tenacity and Slow Resist","Flash|Teleport","mechanics_only","no"
"16.19.1","MonkeyKing","JUNGLE","JUNGLE|TOP","full","LeeSin","Eclipse","Randuin's Omen|Edge of Night","Ionian Boots of Lucidity","Grasp of the Undying","Demolish|Bone Plating|Overgrowth","Sorcery","Manaflow Band|Transcendence","Adaptive Force|Health Scaling|Tenacity and Slow Resist","Smite|Flash","mechanics_only","no"
"16.19.1","MonkeyKing","MIDDLE","JUNGLE|TOP","full","Ahri","Eclipse","Randuin's Omen|Edge of Night","Ionian Boots of Lucidity","Grasp of the Undying","Demolish|Bone Plating|Overgrowth","Sorcery","Manaflow Band|Transcendence","Adaptive Force|Health Scaling|Tenacity and Slow Resist","Flash|Ignite","mechanics_only","no"
"16.19.1","MonkeyKing","BOTTOM","JUNGLE|TOP","full","Jinx","Randuin's Omen","Mikael's Blessing|Eclipse","Ionian Boots of Lucidity","Grasp of the Undying","Shield Bash|Bone Plating|Overgrowth","Sorcery","Manaflow Band|Transcendence","Adaptive Force|Health Scaling|Tenacity and Slow Resist","Flash|Heal","mechanics_only","no"
"16.19.1","MonkeyKing","UTILITY","JUNGLE|TOP","full","Thresh","Mikael's Blessing","Randuin's Omen|Imperial Mandate","Ionian Boots of Lucidity","Grasp of the Undying","Font of Life|Bone Plating|Overgrowth","Sorcery","Manaflow Band|Transcendence","Adaptive Force|Health Scaling|Tenacity and Slow Resist","Flash|Ignite","mechanics_only","no"
"16.19.1","Xayah","TOP","BOTTOM","full","Garen","Essence Reaver","Edge of Night|Infinity Edge","Berserker's Greaves","Grasp of the Undying","Demolish|Bone Plating|Overgrowth","Sorcery","Manaflow Band|Gathering Storm","Adaptive Force|Adaptive Force|Tenacity and Slow Resist","Flash|Ignite","mechanics_only","no"
"16.19.1","Xayah","JUNGLE","BOTTOM","full","LeeSin","Essence Reaver","Edge of Night|Infinity Edge","Berserker's Greaves","Grasp of the Undying","Demolish|Bone Plating|Overgrowth","Sorcery","Manaflow Band|Gathering Storm","Adaptive Force|Adaptive Force|Tenacity and Slow Resist","Smite|Flash","mechanics_only","no"
"16.19.1","Xayah","MIDDLE","BOTTOM","full","Ahri","Essence Reaver","Edge of Night|Infinity Edge","Berserker's Greaves","Grasp of the Undying","Demolish|Bone Plating|Overgrowth","Sorcery","Manaflow Band|Transcendence","Adaptive Force|Adaptive Force|Tenacity and Slow Resist","Flash|Ignite","mechanics_only","no"
"16.19.1","Xayah","BOTTOM","BOTTOM","full","Jinx","Essence Reaver","Edge of Night|Infinity Edge","Berserker's Greaves","Grasp of the Undying","Shield Bash|Bone Plating|Overgrowth","Sorcery","Manaflow Band|Gathering Storm","Adaptive Force|Adaptive Force|Tenacity and Slow Resist","Flash|Heal","mechanics_only","no"
"16.19.1","Xayah","UTILITY","BOTTOM","full","Thresh","Essence Reaver","Edge of Night|Eclipse","Berserker's Greaves","Grasp of the Undying","Demolish|Bone Plating|Overgrowth","Sorcery","Manaflow Band|Gathering Storm","Adaptive Force|Adaptive Force|Tenacity and Slow Resist","Flash|Ignite","mechanics_only","no"
"16.19.1","Xerath","TOP","MIDDLE|SUPPORT","full","Garen","Malignance","Banshee's Veil|Lich Bane","Ionian Boots of Lucidity","Deathfire Touch","Manaflow Band|Transcendence|Scorch","Precision","Presence of Mind|Cut Down","Adaptive Force|Adaptive Force|Tenacity and Slow Resist","Flash|Ignite","mechanics_only","no"
"16.19.1","Xerath","JUNGLE","MIDDLE|SUPPORT","full","LeeSin","Malignance","Banshee's Veil|Lich Bane","Ionian Boots of Lucidity","Deathfire Touch","Manaflow Band|Transcendence|Scorch","Precision","Presence of Mind|Legend: Haste","Adaptive Force|Adaptive Force|Tenacity and Slow Resist","Smite|Flash","mechanics_only","no"
"16.19.1","Xerath","MIDDLE","MIDDLE|SUPPORT","full","Ahri","Malignance","Banshee's Veil|Lich Bane","Ionian Boots of Lucidity","Deathfire Touch","Manaflow Band|Transcendence|Scorch","Precision","Presence of Mind|Legend: Haste","Adaptive Force|Adaptive Force|Tenacity and Slow Resist","Flash|Ignite","mechanics_only","no"
"16.19.1","Xerath","BOTTOM","MIDDLE|SUPPORT","full","Jinx","Malignance","Banshee's Veil|Lich Bane","Ionian Boots of Lucidity","Deathfire Touch","Manaflow Band|Transcendence|Scorch","Precision","Presence of Mind|Cut Down","Adaptive Force|Adaptive Force|Tenacity and Slow Resist","Flash|Heal","mechanics_only","no"
"16.19.1","Xerath","UTILITY","MIDDLE|SUPPORT","full","Thresh","Malignance","Banshee's Veil|Imperial Mandate","Ionian Boots of Lucidity","Deathfire Touch","Manaflow Band|Transcendence|Scorch","Precision","Presence of Mind|Legend: Haste","Adaptive Force|Adaptive Force|Tenacity and Slow Resist","Flash|Ignite","mechanics_only","no"
"16.19.1","XinZhao","TOP","JUNGLE","full","Garen","Essence Reaver","Randuin's Omen|Zhonya's Hourglass","Mercury's Treads","Grasp of the Undying","Demolish|Second Wind|Overgrowth","Sorcery","Manaflow Band|Transcendence","Attack Speed|Health Scaling|Tenacity and Slow Resist","Flash|Teleport","mechanics_only","no"
"16.19.1","XinZhao","JUNGLE","JUNGLE","full","LeeSin","Essence Reaver","Randuin's Omen|Zhonya's Hourglass","Mercury's Treads","Grasp of the Undying","Demolish|Bone Plating|Overgrowth","Sorcery","Manaflow Band|Transcendence","Attack Speed|Health Scaling|Tenacity and Slow Resist","Smite|Flash","mechanics_only","no"
"16.19.1","XinZhao","MIDDLE","JUNGLE","full","Ahri","Essence Reaver","Randuin's Omen|Banshee's Veil","Mercury's Treads","Grasp of the Undying","Demolish|Bone Plating|Overgrowth","Sorcery","Manaflow Band|Transcendence","Attack Speed|Health Scaling|Tenacity and Slow Resist","Flash|Ignite","mechanics_only","no"
"16.19.1","XinZhao","BOTTOM","JUNGLE","full","Jinx","Essence Reaver","Randuin's Omen|Zhonya's Hourglass","Mercury's Treads","Grasp of the Undying","Shield Bash|Bone Plating|Overgrowth","Sorcery","Manaflow Band|Transcendence","Attack Speed|Health Scaling|Tenacity and Slow Resist","Flash|Heal","mechanics_only","no"
"16.19.1","XinZhao","UTILITY","JUNGLE","full","Thresh","Imperial Mandate","Mikael's Blessing|Randuin's Omen","Mercury's Treads","Grasp of the Undying","Font of Life|Bone Plating|Overgrowth","Sorcery","Manaflow Band|Transcendence","Attack Speed|Health Scaling|Tenacity and Slow Resist","Flash|Ignite","mechanics_only","no"
"16.19.1","Yasuo","TOP","BOTTOM|MIDDLE|TOP","full","Garen","Kraken Slayer","Phantom Dancer|Infinity Edge","Berserker's Greaves","Lethal Tempo","Triumph|Legend: Alacrity|Cut Down","Resolve","Second Wind|Font of Life","Attack Speed|Adaptive Force|Tenacity and Slow Resist","Flash|Ignite","mechanics_only","no"
"16.19.1","Yasuo","JUNGLE","BOTTOM|MIDDLE|TOP","full","LeeSin","Kraken Slayer","Phantom Dancer|Infinity Edge","Berserker's Greaves","Hail of Blades","Sudden Impact|Sixth Sense|Relentless Hunter","Resolve","Bone Plating|Demolish","Attack Speed|Adaptive Force|Tenacity and Slow Resist","Smite|Flash","mechanics_only","no"
"16.19.1","Yasuo","MIDDLE","BOTTOM|MIDDLE|TOP","full","Ahri","Kraken Slayer","Phantom Dancer|Infinity Edge","Berserker's Greaves","Lethal Tempo","Triumph|Legend: Alacrity|Cut Down","Resolve","Bone Plating|Demolish","Attack Speed|Adaptive Force|Tenacity and Slow Resist","Flash|Ignite","mechanics_only","no"
"16.19.1","Yasuo","BOTTOM","BOTTOM|MIDDLE|TOP","full","Jinx","Kraken Slayer","Phantom Dancer|Infinity Edge","Berserker's Greaves","Lethal Tempo","Triumph|Legend: Alacrity|Cut Down","Resolve","Bone Plating|Shield Bash","Attack Speed|Adaptive Force|Tenacity and Slow Resist","Flash|Ignite","mechanics_only","no"
"16.19.1","Yasuo","UTILITY","BOTTOM|MIDDLE|TOP","full","Thresh","Phantom Dancer","Kraken Slayer|Infinity Edge","Berserker's Greaves","Hail of Blades","Sudden Impact|Sixth Sense|Relentless Hunter","Resolve","Font of Life|Bone Plating","Attack Speed|Adaptive Force|Tenacity and Slow Resist","Flash|Ignite","mechanics_only","no"
"16.19.1","Yone","TOP","MIDDLE|TOP","full","Garen","Phantom Dancer","Kraken Slayer|Infinity Edge","Berserker's Greaves","Hail of Blades","Sudden Impact|Deep Ward|Relentless Hunter","Resolve","Second Wind|Demolish","Attack Speed|Adaptive Force|Tenacity and Slow Resist","Flash|Ignite","mechanics_only","no"
"16.19.1","Yone","JUNGLE","MIDDLE|TOP","full","LeeSin","Phantom Dancer","Kraken Slayer|Infinity Edge","Berserker's Greaves","Hail of Blades","Sudden Impact|Sixth Sense|Relentless Hunter","Resolve","Bone Plating|Demolish","Attack Speed|Adaptive Force|Tenacity and Slow Resist","Smite|Flash","mechanics_only","no"
"16.19.1","Yone","MIDDLE","MIDDLE|TOP","full","Ahri","Phantom Dancer","Kraken Slayer|Infinity Edge","Berserker's Greaves","Hail of Blades","Sudden Impact|Sixth Sense|Relentless Hunter","Resolve","Bone Plating|Demolish","Attack Speed|Adaptive Force|Tenacity and Slow Resist","Flash|Ignite","mechanics_only","no"
"16.19.1","Yone","BOTTOM","MIDDLE|TOP","full","Jinx","Phantom Dancer","Kraken Slayer|Infinity Edge","Berserker's Greaves","Hail of Blades","Sudden Impact|Deep Ward|Relentless Hunter","Resolve","Bone Plating|Shield Bash","Attack Speed|Adaptive Force|Tenacity and Slow Resist","Flash|Ignite","mechanics_only","no"
"16.19.1","Yone","UTILITY","MIDDLE|TOP","full","Thresh","Phantom Dancer","Kraken Slayer|Fiendhunter Bolts","Berserker's Greaves","Hail of Blades","Sudden Impact|Sixth Sense|Relentless Hunter","Resolve","Font of Life|Bone Plating","Attack Speed|Adaptive Force|Tenacity and Slow Resist","Flash|Ignite","mechanics_only","no"
"16.19.1","Yorick","TOP","TOP","full","Garen","Frozen Heart","Randuin's Omen|Mikael's Blessing","Ionian Boots of Lucidity","Grasp of the Undying","Font of Life|Second Wind|Overgrowth","Sorcery","Manaflow Band|Transcendence","Adaptive Force|Health Scaling|Tenacity and Slow Resist","Flash|Teleport","mechanics_only","no"
"16.19.1","Yorick","JUNGLE","TOP","full","LeeSin","Mikael's Blessing","Randuin's Omen|Frozen Heart","Ionian Boots of Lucidity","Grasp of the Undying","Font of Life|Bone Plating|Overgrowth","Sorcery","Manaflow Band|Transcendence","Adaptive Force|Health Scaling|Tenacity and Slow Resist","Smite|Flash","mechanics_only","no"
"16.19.1","Yorick","MIDDLE","TOP","full","Ahri","Frozen Heart","Randuin's Omen|Mikael's Blessing","Ionian Boots of Lucidity","Grasp of the Undying","Font of Life|Bone Plating|Overgrowth","Sorcery","Manaflow Band|Transcendence","Adaptive Force|Health Scaling|Tenacity and Slow Resist","Flash|Ignite","mechanics_only","no"
"16.19.1","Yorick","BOTTOM","TOP","full","Jinx","Randuin's Omen","Mikael's Blessing|Frozen Heart","Ionian Boots of Lucidity","Grasp of the Undying","Font of Life|Bone Plating|Overgrowth","Sorcery","Manaflow Band|Transcendence","Adaptive Force|Health Scaling|Tenacity and Slow Resist","Flash|Heal","mechanics_only","no"
"16.19.1","Yorick","UTILITY","TOP","full","Thresh","Mikael's Blessing","Randuin's Omen|Redemption","Ionian Boots of Lucidity","Grasp of the Undying","Font of Life|Bone Plating|Overgrowth","Sorcery","Manaflow Band|Transcendence","Adaptive Force|Health Scaling|Tenacity and Slow Resist","Flash|Ignite","mechanics_only","no"
"16.19.1","Yunara","TOP","BOTTOM","full","Garen","Essence Reaver","Eclipse|Serpent's Fang","Berserker's Greaves","Lethal Tempo","Presence of Mind|Legend: Alacrity|Cut Down","Resolve","Bone Plating|Demolish","Adaptive Force|Adaptive Force|Tenacity and Slow Resist","Flash|Ignite","mechanics_only","no"
"16.19.1","Yunara","JUNGLE","BOTTOM","full","LeeSin","Essence Reaver","Eclipse|Serpent's Fang","Berserker's Greaves","Hail of Blades","Sudden Impact|Sixth Sense|Relentless Hunter","Resolve","Bone Plating|Demolish","Adaptive Force|Adaptive Force|Tenacity and Slow Resist","Smite|Flash","mechanics_only","no"
"16.19.1","Yunara","MIDDLE","BOTTOM","full","Ahri","Essence Reaver","Eclipse|Edge of Night","Berserker's Greaves","Lethal Tempo","Presence of Mind|Legend: Alacrity|Cut Down","Sorcery","Manaflow Band|Transcendence","Adaptive Force|Adaptive Force|Tenacity and Slow Resist","Flash|Ignite","mechanics_only","no"
"16.19.1","Yunara","BOTTOM","BOTTOM","full","Jinx","Essence Reaver","Eclipse|Serpent's Fang","Berserker's Greaves","Lethal Tempo","Presence of Mind|Legend: Alacrity|Cut Down","Resolve","Bone Plating|Shield Bash","Adaptive Force|Adaptive Force|Tenacity and Slow Resist","Flash|Heal","mechanics_only","no"
"16.19.1","Yunara","UTILITY","BOTTOM","full","Thresh","Essence Reaver","Eclipse|Serpent's Fang","Berserker's Greaves","Hail of Blades","Sudden Impact|Sixth Sense|Relentless Hunter","Resolve","Bone Plating|Demolish","Adaptive Force|Adaptive Force|Tenacity and Slow Resist","Flash|Ignite","mechanics_only","no"
"16.19.1","Yuumi","TOP","SUPPORT","full","Garen","Redemption","Mikael's Blessing|Malignance","Ionian Boots of Lucidity","Summon Aery","Manaflow Band|Transcendence|Scorch","Resolve","Font of Life|Overgrowth","Ability Haste|Move Speed|Tenacity and Slow Resist","Flash|Teleport","mechanics_only","no"
"16.19.1","Yuumi","JUNGLE","SUPPORT","full","LeeSin","Redemption","Mikael's Blessing|Malignance","Ionian Boots of Lucidity","Summon Aery","Manaflow Band|Transcendence|Scorch","Resolve","Font of Life|Overgrowth","Ability Haste|Move Speed|Tenacity and Slow Resist","Smite|Flash","mechanics_only","no"
"16.19.1","Yuumi","MIDDLE","SUPPORT","full","Ahri","Redemption","Mikael's Blessing|Malignance","Ionian Boots of Lucidity","Summon Aery","Manaflow Band|Transcendence|Scorch","Resolve","Font of Life|Overgrowth","Ability Haste|Move Speed|Tenacity and Slow Resist","Flash|Exhaust","mechanics_only","no"
"16.19.1","Yuumi","BOTTOM","SUPPORT","full","Jinx","Redemption","Mikael's Blessing|Malignance","Ionian Boots of Lucidity","Summon Aery","Manaflow Band|Transcendence|Scorch","Resolve","Font of Life|Overgrowth","Ability Haste|Move Speed|Tenacity and Slow Resist","Flash|Heal","mechanics_only","no"
"16.19.1","Yuumi","UTILITY","SUPPORT","full","Thresh","Redemption","Mikael's Blessing|Echoes of Helia","Ionian Boots of Lucidity","Summon Aery","Manaflow Band|Transcendence|Scorch","Resolve","Font of Life|Overgrowth","Ability Haste|Move Speed|Tenacity and Slow Resist","Flash|Exhaust","mechanics_only","no"
"16.19.1","Zaahen","TOP","","ddragon","Garen","","","","","","","","","","withheld_incomplete_mechanics","no"
"16.19.1","Zaahen","JUNGLE","","ddragon","LeeSin","","","","","","","","","","withheld_incomplete_mechanics","no"
"16.19.1","Zaahen","MIDDLE","","ddragon","Ahri","","","","","","","","","","withheld_incomplete_mechanics","no"
"16.19.1","Zaahen","BOTTOM","","ddragon","Jinx","","","","","","","","","","withheld_incomplete_mechanics","no"
"16.19.1","Zaahen","UTILITY","","ddragon","Thresh","","","","","","","","","","withheld_incomplete_mechanics","no"
"16.19.1","Zac","TOP","JUNGLE|SUPPORT|TOP","full","Garen","Zeke's Convergence","Randuin's Omen|Warmog's Armor","Plated Steelcaps","Grasp of the Undying","Font of Life|Second Wind|Overgrowth","Sorcery","Transcendence|Scorch","Ability Haste|Health Scaling|Tenacity and Slow Resist","Flash|Teleport","mechanics_only","no"
"16.19.1","Zac","JUNGLE","JUNGLE|SUPPORT|TOP","full","LeeSin","Zeke's Convergence","Randuin's Omen|Unending Despair","Plated Steelcaps","Aftershock","Font of Life|Second Wind|Overgrowth","Sorcery","Transcendence|Scorch","Ability Haste|Health Scaling|Tenacity and Slow Resist","Smite|Flash","mechanics_only","no"
"16.19.1","Zac","MIDDLE","JUNGLE|SUPPORT|TOP","full","Ahri","Zeke's Convergence","Randuin's Omen|Kaenic Rookern","Plated Steelcaps","Aftershock","Font of Life|Second Wind|Overgrowth","Sorcery","Transcendence|Scorch","Ability Haste|Health Scaling|Tenacity and Slow Resist","Flash|Ignite","mechanics_only","no"
"16.19.1","Zac","BOTTOM","JUNGLE|SUPPORT|TOP","full","Jinx","Randuin's Omen","Zeke's Convergence|Unending Despair","Plated Steelcaps","Grasp of the Undying","Font of Life|Second Wind|Overgrowth","Sorcery","Transcendence|Scorch","Ability Haste|Health Scaling|Tenacity and Slow Resist","Flash|Heal","mechanics_only","no"
"16.19.1","Zac","UTILITY","JUNGLE|SUPPORT|TOP","full","Thresh","Locket of the Iron Solari","Randuin's Omen|Mikael's Blessing","Plated Steelcaps","Aftershock","Font of Life|Second Wind|Overgrowth","Sorcery","Transcendence|Scorch","Ability Haste|Health Scaling|Tenacity and Slow Resist","Flash|Ignite","mechanics_only","no"
"16.19.1","Zed","TOP","JUNGLE|MIDDLE","full","Garen","Eclipse","Serpent's Fang|Edge of Night","Ionian Boots of Lucidity","Hail of Blades","Sudden Impact|Deep Ward|Relentless Hunter","Sorcery","Transcendence|Scorch","Adaptive Force|Adaptive Force|Tenacity and Slow Resist","Flash|Ignite","mechanics_only","no"
"16.19.1","Zed","JUNGLE","JUNGLE|MIDDLE","full","LeeSin","Eclipse","Serpent's Fang|Edge of Night","Ionian Boots of Lucidity","Hail of Blades","Sudden Impact|Sixth Sense|Relentless Hunter","Sorcery","Transcendence|Scorch","Adaptive Force|Adaptive Force|Tenacity and Slow Resist","Smite|Flash","mechanics_only","no"
"16.19.1","Zed","MIDDLE","JUNGLE|MIDDLE","full","Ahri","Eclipse","Serpent's Fang|Edge of Night","Ionian Boots of Lucidity","Hail of Blades","Sudden Impact|Sixth Sense|Relentless Hunter","Sorcery","Transcendence|Scorch","Adaptive Force|Adaptive Force|Tenacity and Slow Resist","Flash|Ignite","mechanics_only","no"
"16.19.1","Zed","BOTTOM","JUNGLE|MIDDLE","full","Jinx","Eclipse","Serpent's Fang|Edge of Night","Ionian Boots of Lucidity","Hail of Blades","Sudden Impact|Deep Ward|Relentless Hunter","Sorcery","Transcendence|Scorch","Adaptive Force|Adaptive Force|Tenacity and Slow Resist","Flash|Ignite","mechanics_only","no"
"16.19.1","Zed","UTILITY","JUNGLE|MIDDLE","full","Thresh","Eclipse","Serpent's Fang|Edge of Night","Ionian Boots of Lucidity","Hail of Blades","Sudden Impact|Sixth Sense|Relentless Hunter","Sorcery","Transcendence|Scorch","Adaptive Force|Adaptive Force|Tenacity and Slow Resist","Flash|Ignite","mechanics_only","no"
"16.19.1","Zeri","TOP","BOTTOM","full","Garen","Essence Reaver","Kraken Slayer|Malignance","Berserker's Greaves","Lethal Tempo","Presence of Mind|Legend: Alacrity|Cut Down","Sorcery","Manaflow Band|Transcendence","Attack Speed|Adaptive Force|Tenacity and Slow Resist","Flash|Ignite","mechanics_only","no"
"16.19.1","Zeri","JUNGLE","BOTTOM","full","LeeSin","Essence Reaver","Kraken Slayer|Banshee's Veil","Berserker's Greaves","Lethal Tempo","Presence of Mind|Legend: Alacrity|Cut Down","Sorcery","Manaflow Band|Transcendence","Attack Speed|Adaptive Force|Tenacity and Slow Resist","Smite|Flash","mechanics_only","no"
"16.19.1","Zeri","MIDDLE","BOTTOM","full","Ahri","Essence Reaver","Kraken Slayer|Banshee's Veil","Berserker's Greaves","Lethal Tempo","Presence of Mind|Legend: Alacrity|Cut Down","Sorcery","Manaflow Band|Transcendence","Attack Speed|Adaptive Force|Tenacity and Slow Resist","Flash|Ignite","mechanics_only","no"
"16.19.1","Zeri","BOTTOM","BOTTOM","full","Jinx","Essence Reaver","Kraken Slayer|Malignance","Berserker's Greaves","Lethal Tempo","Presence of Mind|Legend: Alacrity|Cut Down","Resolve","Bone Plating|Shield Bash","Attack Speed|Adaptive Force|Tenacity and Slow Resist","Flash|Heal","mechanics_only","no"
"16.19.1","Zeri","UTILITY","BOTTOM","full","Thresh","Essence Reaver","Kraken Slayer|Malignance","Berserker's Greaves","Lethal Tempo","Presence of Mind|Legend: Alacrity|Cut Down","Sorcery","Manaflow Band|Transcendence","Attack Speed|Adaptive Force|Tenacity and Slow Resist","Flash|Exhaust","mechanics_only","no"
"16.19.1","Ziggs","TOP","BOTTOM|MIDDLE","full","Garen","Malignance","Banshee's Veil|Lich Bane","Ionian Boots of Lucidity","Deathfire Touch","Manaflow Band|Transcendence|Scorch","Precision","Presence of Mind|Cut Down","Adaptive Force|Adaptive Force|Tenacity and Slow Resist","Flash|Ignite","mechanics_only","no"
"16.19.1","Ziggs","JUNGLE","BOTTOM|MIDDLE","full","LeeSin","Malignance","Banshee's Veil|Lich Bane","Ionian Boots of Lucidity","Deathfire Touch","Manaflow Band|Transcendence|Scorch","Precision","Presence of Mind|Legend: Haste","Adaptive Force|Adaptive Force|Tenacity and Slow Resist","Smite|Flash","mechanics_only","no"
"16.19.1","Ziggs","MIDDLE","BOTTOM|MIDDLE","full","Ahri","Malignance","Banshee's Veil|Lich Bane","Ionian Boots of Lucidity","Deathfire Touch","Manaflow Band|Transcendence|Scorch","Precision","Presence of Mind|Legend: Haste","Adaptive Force|Adaptive Force|Tenacity and Slow Resist","Flash|Ignite","mechanics_only","no"
"16.19.1","Ziggs","BOTTOM","BOTTOM|MIDDLE","full","Jinx","Malignance","Banshee's Veil|Lich Bane","Ionian Boots of Lucidity","Deathfire Touch","Manaflow Band|Transcendence|Scorch","Precision","Presence of Mind|Cut Down","Adaptive Force|Adaptive Force|Tenacity and Slow Resist","Flash|Heal","mechanics_only","no"
"16.19.1","Ziggs","UTILITY","BOTTOM|MIDDLE","full","Thresh","Malignance","Banshee's Veil|Imperial Mandate","Ionian Boots of Lucidity","Deathfire Touch","Manaflow Band|Transcendence|Scorch","Domination","Sudden Impact|Sixth Sense","Adaptive Force|Adaptive Force|Tenacity and Slow Resist","Flash|Ignite","mechanics_only","no"
"16.19.1","Zilean","TOP","SUPPORT","full","Garen","Redemption","Mikael's Blessing|Lich Bane","Ionian Boots of Lucidity","Summon Aery","Manaflow Band|Transcendence|Scorch","Precision","Cut Down|Legend: Haste","Ability Haste|Adaptive Force|Tenacity and Slow Resist","Flash|Ignite","mechanics_only","no"
"16.19.1","Zilean","JUNGLE","SUPPORT","full","LeeSin","Redemption","Mikael's Blessing|Lich Bane","Ionian Boots of Lucidity","Summon Aery","Manaflow Band|Transcendence|Scorch","Domination","Sudden Impact|Sixth Sense","Ability Haste|Adaptive Force|Tenacity and Slow Resist","Smite|Flash","mechanics_only","no"
"16.19.1","Zilean","MIDDLE","SUPPORT","full","Ahri","Redemption","Mikael's Blessing|Banshee's Veil","Ionian Boots of Lucidity","Summon Aery","Manaflow Band|Transcendence|Scorch","Precision","Legend: Haste|Cut Down","Ability Haste|Adaptive Force|Tenacity and Slow Resist","Flash|Ignite","mechanics_only","no"
"16.19.1","Zilean","BOTTOM","SUPPORT","full","Jinx","Redemption","Mikael's Blessing|Banshee's Veil","Ionian Boots of Lucidity","Summon Aery","Manaflow Band|Transcendence|Scorch","Precision","Cut Down|Legend: Haste","Ability Haste|Adaptive Force|Tenacity and Slow Resist","Flash|Heal","mechanics_only","no"
"16.19.1","Zilean","UTILITY","SUPPORT","full","Thresh","Imperial Mandate","Mikael's Blessing|Echoes of Helia","Ionian Boots of Lucidity","Summon Aery","Manaflow Band|Transcendence|Scorch","Domination","Sudden Impact|Sixth Sense","Ability Haste|Adaptive Force|Tenacity and Slow Resist","Flash|Exhaust","mechanics_only","no"
"16.19.1","Zoe","TOP","MIDDLE","full","Garen","Lich Bane","Banshee's Veil|Cryptbloom","Ionian Boots of Lucidity","Arcane Comet","Manaflow Band|Transcendence|Scorch","Precision","Cut Down|Legend: Haste","Adaptive Force|Adaptive Force|Tenacity and Slow Resist","Flash|Ignite","mechanics_only","no"
"16.19.1","Zoe","JUNGLE","MIDDLE","full","LeeSin","Lich Bane","Banshee's Veil|Cryptbloom","Ionian Boots of Lucidity","Arcane Comet","Manaflow Band|Transcendence|Scorch","Domination","Sudden Impact|Sixth Sense","Adaptive Force|Adaptive Force|Tenacity and Slow Resist","Smite|Flash","mechanics_only","no"
"16.19.1","Zoe","MIDDLE","MIDDLE","full","Ahri","Lich Bane","Banshee's Veil|Cryptbloom","Ionian Boots of Lucidity","Arcane Comet","Manaflow Band|Transcendence|Scorch","Precision","Legend: Haste|Cut Down","Adaptive Force|Adaptive Force|Tenacity and Slow Resist","Flash|Ignite","mechanics_only","no"
"16.19.1","Zoe","BOTTOM","MIDDLE","full","Jinx","Lich Bane","Banshee's Veil|Cryptbloom","Ionian Boots of Lucidity","Arcane Comet","Manaflow Band|Transcendence|Scorch","Precision","Cut Down|Legend: Haste","Adaptive Force|Adaptive Force|Tenacity and Slow Resist","Flash|Heal","mechanics_only","no"
"16.19.1","Zoe","UTILITY","MIDDLE","full","Thresh","Imperial Mandate","Banshee's Veil|Lich Bane","Ionian Boots of Lucidity","Arcane Comet","Manaflow Band|Transcendence|Scorch","Domination","Sudden Impact|Sixth Sense","Adaptive Force|Adaptive Force|Tenacity and Slow Resist","Flash|Ignite","mechanics_only","no"
"16.19.1","Zyra","TOP","SUPPORT","full","Garen","Malignance","Banshee's Veil|Lich Bane","Ionian Boots of Lucidity","Arcane Comet","Manaflow Band|Transcendence|Scorch","Resolve","Font of Life|Overgrowth","Adaptive Force|Adaptive Force|Tenacity and Slow Resist","Flash|Ignite","mechanics_only","no"
"16.19.1","Zyra","JUNGLE","SUPPORT","full","LeeSin","Malignance","Banshee's Veil|Lich Bane","Ionian Boots of Lucidity","Arcane Comet","Manaflow Band|Transcendence|Scorch","Inspiration","Approach Velocity|Magical Footwear","Adaptive Force|Adaptive Force|Tenacity and Slow Resist","Smite|Flash","mechanics_only","no"
"16.19.1","Zyra","MIDDLE","SUPPORT","full","Ahri","Malignance","Banshee's Veil|Lich Bane","Ionian Boots of Lucidity","Arcane Comet","Manaflow Band|Transcendence|Scorch","Precision","Legend: Haste|Presence of Mind","Adaptive Force|Adaptive Force|Tenacity and Slow Resist","Flash|Ignite","mechanics_only","no"
"16.19.1","Zyra","BOTTOM","SUPPORT","full","Jinx","Malignance","Banshee's Veil|Lich Bane","Ionian Boots of Lucidity","Arcane Comet","Manaflow Band|Transcendence|Scorch","Resolve","Font of Life|Overgrowth","Adaptive Force|Adaptive Force|Tenacity and Slow Resist","Flash|Heal","mechanics_only","no"
"16.19.1","Zyra","UTILITY","SUPPORT","full","Thresh","Malignance","Imperial Mandate|Banshee's Veil","Ionian Boots of Lucidity","Arcane Comet","Manaflow Band|Transcendence|Scorch","Resolve","Font of Life|Overgrowth","Adaptive Force|Adaptive Force|Tenacity and Slow Resist","Flash|Ignite","mechanics_only","no"
