champion,role,patch,form,firstScope,core,laterSlot3,laterSlot4,laterSlot5,classicPaths,componentPaths,url
Aatrox,top,16.19,,Eclipse,Eclipse → Black Cleaver,Death's Dance | Mortal Reminder | Serpent's Fang,Sterak's Gage | Death's Dance | Maw of Malmortius,Sterak's Gage | Maw of Malmortius | Sundered Sky,Eclipse → Black Cleaver → Death's Dance → Sterak's Gage ; Eclipse → Black Cleaver → Death's Dance → Maw of Malmortius ; Eclipse → Black Cleaver → Death's Dance → Sterak's Gage → Sundered Sky,Pickaxe → Caulfield's Warhammer → Long Sword ; Caulfield's Warhammer → Pickaxe → Long Sword ; Plated Steelcaps → Caulfield's Warhammer → Pickaxe,https://www.onetricks.gg/champions/builds/Aatrox
Aatrox,top,16.19,,Eclipse,Eclipse → Sundered Sky,Death's Dance | Serpent's Fang | Black Cleaver,Serpent's Fang | Spirit Visage | Maw of Malmortius,Serylda's Grudge,Eclipse → Sundered Sky → Death's Dance → Serpent's Fang ; Eclipse → Sundered Sky → Randuin's Omen → Spirit Visage ; Eclipse → Sundered Sky → Death's Dance → Maw of Malmortius,Pickaxe → Caulfield's Warhammer → Long Sword ; Caulfield's Warhammer → Pickaxe → Long Sword ; Plated Steelcaps → Caulfield's Warhammer → Pickaxe,https://www.onetricks.gg/champions/builds/Aatrox
Aatrox,top,16.19,,Eclipse,Eclipse → Death's Dance,Mortal Reminder | Spear of Shojin | Voltaic Cyclosword,Guardian Angel | Sundered Sky,,Eclipse → Death's Dance → Mortal Reminder ; Eclipse → Death's Dance → Voltaic Cyclosword → Guardian Angel ; Eclipse → Death's Dance → Serylda's Grudge → Sundered Sky,Pickaxe → Caulfield's Warhammer → Long Sword ; Caulfield's Warhammer → Pickaxe → Long Sword ; Plated Steelcaps → Caulfield's Warhammer → Pickaxe,https://www.onetricks.gg/champions/builds/Aatrox
Aatrox,top,16.19,,Spear of Shojin,Spear of Shojin → Voltaic Cyclosword,Death's Dance | Serylda's Grudge | Mortal Reminder,Death's Dance | Mortal Reminder | Serylda's Grudge,Endless Hunger | Maw of Malmortius,Spear of Shojin → Voltaic Cyclosword → Serylda's Grudge → Death's Dance → Maw of Malmortius ; Spear of Shojin → Voltaic Cyclosword → Mortal Reminder → Death's Dance → Endless Hunger ; Spear of Shojin → Voltaic Cyclosword → Death's Dance → Serylda's Grudge,Pickaxe → Tunneler → Ruby Crystal ; Plated Steelcaps → Pickaxe → Tunneler ; Plated Steelcaps → Tunneler → Pickaxe,https://www.onetricks.gg/champions/builds/Aatrox
Aatrox,top,16.19,,Spear of Shojin,Spear of Shojin → Sundered Sky,Death's Dance | Sterak's Gage | Serylda's Grudge,Mortal Reminder | Death's Dance | Maw of Malmortius,Iceborn Gauntlet,Spear of Shojin → Sundered Sky → Death's Dance → Mortal Reminder ; Spear of Shojin → Sundered Sky → Serpent's Fang → Death's Dance ; Spear of Shojin → Sundered Sky → Death's Dance → Serylda's Grudge → Iceborn Gauntlet,Pickaxe → Tunneler → Ruby Crystal ; Plated Steelcaps → Pickaxe → Tunneler ; Plated Steelcaps → Tunneler → Pickaxe,https://www.onetricks.gg/champions/builds/Aatrox
Aatrox,top,16.19,,Spear of Shojin,Spear of Shojin → Black Cleaver,Death's Dance | Sterak's Gage | Maw of Malmortius,Endless Hunger | Sterak's Gage | Death's Dance,Spirit Visage,Spear of Shojin → Black Cleaver → Death's Dance → Endless Hunger ; Spear of Shojin → Black Cleaver → Death's Dance → Sterak's Gage → Spirit Visage ; Spear of Shojin → Black Cleaver → Death's Dance → Sundered Sky,Pickaxe → Tunneler → Ruby Crystal ; Plated Steelcaps → Pickaxe → Tunneler ; Plated Steelcaps → Tunneler → Pickaxe,https://www.onetricks.gg/champions/builds/Aatrox
Aatrox,top,16.19,,Sundered Sky,Sundered Sky → Spear of Shojin,Death's Dance | Mortal Reminder | Maw of Malmortius,Maw of Malmortius,Serylda's Grudge,Sundered Sky → Spear of Shojin → Mortal Reminder ; Sundered Sky → Spear of Shojin → Death's Dance → Maw of Malmortius → Serylda's Grudge,Plated Steelcaps → Tunneler → Caulfield's Warhammer ; Plated Steelcaps → Caulfield's Warhammer → Tunneler ; Tunneler → Caulfield's Warhammer → Ruby Crystal,https://www.onetricks.gg/champions/builds/Aatrox
Aatrox,top,16.19,,Sundered Sky,Sundered Sky → Black Cleaver,Death's Dance | Guardian Angel | Maw of Malmortius,Maw of Malmortius | Death's Dance,,Sundered Sky → Black Cleaver → Death's Dance → Maw of Malmortius ; Sundered Sky → Black Cleaver → Guardian Angel → Death's Dance ; Sundered Sky → Black Cleaver → Maw of Malmortius,Plated Steelcaps → Tunneler → Caulfield's Warhammer ; Plated Steelcaps → Caulfield's Warhammer → Tunneler ; Tunneler → Caulfield's Warhammer → Ruby Crystal,https://www.onetricks.gg/champions/builds/Aatrox
Aatrox,top,16.19,,Sundered Sky,Sundered Sky → Voltaic Cyclosword,Serylda's Grudge | Death's Dance | Maw of Malmortius,Guardian Angel | Maw of Malmortius,,Sundered Sky → Voltaic Cyclosword → Death's Dance ; Sundered Sky → Voltaic Cyclosword → Serylda's Grudge → Maw of Malmortius ; Sundered Sky → Voltaic Cyclosword → Serylda's Grudge → Guardian Angel,Plated Steelcaps → Tunneler → Caulfield's Warhammer ; Plated Steelcaps → Caulfield's Warhammer → Tunneler ; Tunneler → Caulfield's Warhammer → Ruby Crystal,https://www.onetricks.gg/champions/builds/Aatrox
Aatrox,top,16.19,,Sundered Sky,Sundered Sky → Sterak's Gage,Death's Dance | Spirit Visage,Spirit Visage | Randuin's Omen,,Sundered Sky → Sterak's Gage → Death's Dance → Spirit Visage ; Sundered Sky → Sterak's Gage → Death's Dance → Randuin's Omen ; Sundered Sky → Sterak's Gage → Spirit Visage,Plated Steelcaps → Tunneler → Caulfield's Warhammer ; Plated Steelcaps → Caulfield's Warhammer → Tunneler ; Tunneler → Caulfield's Warhammer → Ruby Crystal,https://www.onetricks.gg/champions/builds/Aatrox
Aatrox,top,16.19,,Black Cleaver,Black Cleaver → Death's Dance,Endless Hunger | Sterak's Gage | Thornmail,Spirit Visage,,Black Cleaver → Death's Dance → Endless Hunger ; Black Cleaver → Death's Dance → Sterak's Gage → Spirit Visage ; Black Cleaver → Death's Dance → Thornmail,Phage → Pickaxe → Kindlegem ; Pickaxe → Phage → Kindlegem ; Plated Steelcaps → Pickaxe → Phage,https://www.onetricks.gg/champions/builds/Aatrox
Aatrox,top,16.19,,Black Cleaver,Black Cleaver → Spear of Shojin,Death's Dance | Endless Hunger | Maw of Malmortius,,,Black Cleaver → Spear of Shojin → Death's Dance ; Black Cleaver → Spear of Shojin → Endless Hunger ; Black Cleaver → Spear of Shojin → Maw of Malmortius,Phage → Pickaxe → Kindlegem ; Pickaxe → Phage → Kindlegem ; Plated Steelcaps → Pickaxe → Phage,https://www.onetricks.gg/champions/builds/Aatrox
Aatrox,top,16.19,,Black Cleaver,Black Cleaver → Sterak's Gage,Death's Dance | Randuin's Omen,,,Black Cleaver → Sterak's Gage → Death's Dance ; Black Cleaver → Sterak's Gage → Randuin's Omen,Phage → Pickaxe → Kindlegem ; Pickaxe → Phage → Kindlegem ; Plated Steelcaps → Pickaxe → Phage,https://www.onetricks.gg/champions/builds/Aatrox
Aatrox,top,16.19,,Hubris,Hubris → Death's Dance,Endless Hunger | Serylda's Grudge,Serylda's Grudge | Maw of Malmortius,,Hubris → Death's Dance → Endless Hunger → Serylda's Grudge ; Hubris → Death's Dance → Serylda's Grudge → Maw of Malmortius,Serrated Dirk → Caulfield's Warhammer ; Serrated Dirk → Gluttonous Greaves → Caulfield's Warhammer ; Plated Steelcaps → Serrated Dirk → Caulfield's Warhammer,https://www.onetricks.gg/champions/builds/Aatrox
Aatrox,top,16.19,,Hubris,Hubris → Endless Hunger,Serylda's Grudge | Mortal Reminder,Bastionbreaker | Voltaic Cyclosword,,Hubris → Endless Hunger → Serylda's Grudge → Bastionbreaker ; Hubris → Endless Hunger → Mortal Reminder → Voltaic Cyclosword,Serrated Dirk → Caulfield's Warhammer ; Serrated Dirk → Gluttonous Greaves → Caulfield's Warhammer ; Plated Steelcaps → Serrated Dirk → Caulfield's Warhammer,https://www.onetricks.gg/champions/builds/Aatrox
Aatrox,top,16.19,,Maw of Malmortius,Maw of Malmortius → Spear of Shojin,Endless Hunger | Mortal Reminder | Death's Dance,Guardian Angel | Endless Hunger,,Maw of Malmortius → Spear of Shojin → Mortal Reminder ; Maw of Malmortius → Spear of Shojin → Endless Hunger → Guardian Angel ; Maw of Malmortius → Spear of Shojin → Death's Dance → Endless Hunger,Hexdrinker → Caulfield's Warhammer ; Caulfield's Warhammer → Hexdrinker,https://www.onetricks.gg/champions/builds/Aatrox
Aatrox,top,16.19,,Maw of Malmortius,Maw of Malmortius → Eclipse,Death's Dance,Endless Hunger,,Maw of Malmortius → Eclipse → Death's Dance → Endless Hunger,Hexdrinker → Caulfield's Warhammer ; Caulfield's Warhammer → Hexdrinker,https://www.onetricks.gg/champions/builds/Aatrox
Ahri,mid,16.19,,Malignance,Malignance → Lich Bane,Zhonya's Hourglass | Rabadon's Deathcap | Shadowflame,Zhonya's Hourglass | Banshee's Veil | Void Staff,Mejai's Soulstealer | Rabadon's Deathcap | Cosmic Drive,Malignance → Lich Bane → Zhonya's Hourglass → Rabadon's Deathcap ; Malignance → Lich Bane → Rabadon's Deathcap → Void Staff ; Malignance → Lich Bane → Rabadon's Deathcap → Zhonya's Hourglass,Dark Seal → Lost Chapter → Blasting Wand ; Lost Chapter → Blasting Wand ; Dark Seal → Blasting Wand → Lost Chapter,https://www.onetricks.gg/champions/builds/Ahri
Ahri,mid,16.19,,Malignance,Malignance → Cosmic Drive,Zhonya's Hourglass | Rabadon's Deathcap | Mejai's Soulstealer,Rabadon's Deathcap | Banshee's Veil | Void Staff,Zhonya's Hourglass | Banshee's Veil | Void Staff,Malignance → Cosmic Drive → Zhonya's Hourglass → Void Staff ; Malignance → Cosmic Drive → Mejai's Soulstealer → Rabadon's Deathcap → Zhonya's Hourglass ; Malignance → Cosmic Drive → Zhonya's Hourglass → Rabadon's Deathcap,Dark Seal → Lost Chapter → Blasting Wand ; Lost Chapter → Blasting Wand ; Dark Seal → Blasting Wand → Lost Chapter,https://www.onetricks.gg/champions/builds/Ahri
Ahri,mid,16.19,,Malignance,Malignance → Zhonya's Hourglass,Rabadon's Deathcap | Stormsurge | Banshee's Veil,Mejai's Soulstealer | Void Staff | Force of Nature,,Malignance → Zhonya's Hourglass → Stormsurge → Mejai's Soulstealer ; Malignance → Zhonya's Hourglass → Shadowflame → Mejai's Soulstealer ; Malignance → Zhonya's Hourglass → Rabadon's Deathcap → Void Staff,Dark Seal → Lost Chapter → Blasting Wand ; Lost Chapter → Blasting Wand ; Dark Seal → Blasting Wand → Lost Chapter,https://www.onetricks.gg/champions/builds/Ahri
Ahri,mid,16.19,,Malignance,Malignance → Hextech Rocketbelt,Zhonya's Hourglass | Shadowflame | Mejai's Soulstealer,Mejai's Soulstealer | Lich Bane,,Malignance → Hextech Rocketbelt → Zhonya's Hourglass → Mejai's Soulstealer ; Malignance → Hextech Rocketbelt → Mejai's Soulstealer → Lich Bane ; Malignance → Hextech Rocketbelt → Shadowflame → Mejai's Soulstealer,Dark Seal → Lost Chapter → Blasting Wand ; Lost Chapter → Blasting Wand ; Dark Seal → Blasting Wand → Lost Chapter,https://www.onetricks.gg/champions/builds/Ahri
Ahri,mid,16.19,,Blackfire Torch,Blackfire Torch → Lich Bane,Rabadon's Deathcap | Mejai's Soulstealer | Zhonya's Hourglass,Zhonya's Hourglass | Rabadon's Deathcap | Mejai's Soulstealer,Cryptbloom | Cosmic Drive | Banshee's Veil,Blackfire Torch → Lich Bane → Rabadon's Deathcap → Zhonya's Hourglass ; Blackfire Torch → Lich Bane → Rabadon's Deathcap → Cryptbloom ; Blackfire Torch → Lich Bane → Cryptbloom → Rabadon's Deathcap,Dark Seal → Lost Chapter → Fated Ashes ; Lost Chapter → Fated Ashes ; Dark Seal → Ionian Boots of Lucidity → Lost Chapter,https://www.onetricks.gg/champions/builds/Ahri
Ahri,mid,16.19,,Blackfire Torch,Blackfire Torch → Cosmic Drive,Zhonya's Hourglass | Cryptbloom | Mejai's Soulstealer,Zhonya's Hourglass | Void Staff | Cryptbloom,Rabadon's Deathcap,Blackfire Torch → Cosmic Drive → Rabadon's Deathcap → Void Staff ; Blackfire Torch → Cosmic Drive → Mejai's Soulstealer → Zhonya's Hourglass ; Blackfire Torch → Cosmic Drive → Zhonya's Hourglass → Mejai's Soulstealer,Dark Seal → Lost Chapter → Fated Ashes ; Lost Chapter → Fated Ashes ; Dark Seal → Ionian Boots of Lucidity → Lost Chapter,https://www.onetricks.gg/champions/builds/Ahri
Ahri,mid,16.19,,Blackfire Torch,Blackfire Torch → Mejai's Soulstealer,Lich Bane | Cosmic Drive,Zhonya's Hourglass | Shadowflame | Rabadon's Deathcap,,Blackfire Torch → Mejai's Soulstealer → Cosmic Drive → Shadowflame ; Blackfire Torch → Mejai's Soulstealer → Lich Bane → Rabadon's Deathcap ; Blackfire Torch → Mejai's Soulstealer → Cosmic Drive → Zhonya's Hourglass,Dark Seal → Lost Chapter → Fated Ashes ; Lost Chapter → Fated Ashes ; Dark Seal → Ionian Boots of Lucidity → Lost Chapter,https://www.onetricks.gg/champions/builds/Ahri
Ahri,mid,16.19,,Blackfire Torch,Blackfire Torch → Zhonya's Hourglass,Mejai's Soulstealer | Liandry's Torment | Rabadon's Deathcap,Lich Bane | Banshee's Veil,,Blackfire Torch → Zhonya's Hourglass → Mejai's Soulstealer → Lich Bane ; Blackfire Torch → Zhonya's Hourglass → Liandry's Torment ; Blackfire Torch → Zhonya's Hourglass → Rabadon's Deathcap → Banshee's Veil,Dark Seal → Lost Chapter → Fated Ashes ; Lost Chapter → Fated Ashes ; Dark Seal → Ionian Boots of Lucidity → Lost Chapter,https://www.onetricks.gg/champions/builds/Ahri
Akali,mid,16.19,,Hextech Gunblade,Hextech Gunblade → Shadowflame,Zhonya's Hourglass | Rabadon's Deathcap | Void Staff,Void Staff | Zhonya's Hourglass | Rabadon's Deathcap,Rabadon's Deathcap | Void Staff | Zhonya's Hourglass,Hextech Gunblade → Shadowflame → Zhonya's Hourglass → Void Staff ; Hextech Gunblade → Shadowflame → Zhonya's Hourglass → Rabadon's Deathcap ; Hextech Gunblade → Shadowflame → Rabadon's Deathcap → Zhonya's Hourglass,Dark Seal → Hextech Alternator → Vampiric Scepter ; Hextech Alternator → Vampiric Scepter → Amplifying Tome ; Dark Seal → Hextech Alternator → Sorcerer's Shoes,https://www.onetricks.gg/champions/builds/Akali
Akali,mid,16.19,,Hextech Gunblade,Hextech Gunblade → Stormsurge,Shadowflame | Rabadon's Deathcap | Zhonya's Hourglass,Zhonya's Hourglass | Rabadon's Deathcap | Shadowflame,Banshee's Veil,Hextech Gunblade → Stormsurge → Rabadon's Deathcap → Zhonya's Hourglass → Banshee's Veil ; Hextech Gunblade → Stormsurge → Shadowflame → Zhonya's Hourglass ; Hextech Gunblade → Stormsurge → Zhonya's Hourglass → Shadowflame,Dark Seal → Hextech Alternator → Vampiric Scepter ; Hextech Alternator → Vampiric Scepter → Amplifying Tome ; Dark Seal → Hextech Alternator → Sorcerer's Shoes,https://www.onetricks.gg/champions/builds/Akali
Akali,mid,16.19,,Hextech Gunblade,Hextech Gunblade → Lich Bane,Zhonya's Hourglass | Void Staff | Mejai's Soulstealer,Void Staff | Mejai's Soulstealer | Zhonya's Hourglass,,Hextech Gunblade → Lich Bane → Zhonya's Hourglass → Void Staff ; Hextech Gunblade → Lich Bane → Void Staff → Mejai's Soulstealer ; Hextech Gunblade → Lich Bane → Zhonya's Hourglass → Mejai's Soulstealer,Dark Seal → Hextech Alternator → Vampiric Scepter ; Hextech Alternator → Vampiric Scepter → Amplifying Tome ; Dark Seal → Hextech Alternator → Sorcerer's Shoes,https://www.onetricks.gg/champions/builds/Akali
Akali,mid,16.19,,Hextech Gunblade,Hextech Gunblade → Hextech Rocketbelt,Zhonya's Hourglass | Void Staff | Shadowflame,Zhonya's Hourglass | Void Staff | Rabadon's Deathcap,Rabadon's Deathcap | Lich Bane,Hextech Gunblade → Hextech Rocketbelt → Mejai's Soulstealer → Zhonya's Hourglass → Rabadon's Deathcap ; Hextech Gunblade → Hextech Rocketbelt → Shadowflame → Zhonya's Hourglass ; Hextech Gunblade → Hextech Rocketbelt → Zhonya's Hourglass → Void Staff,Dark Seal → Hextech Alternator → Vampiric Scepter ; Hextech Alternator → Vampiric Scepter → Amplifying Tome ; Dark Seal → Hextech Alternator → Sorcerer's Shoes,https://www.onetricks.gg/champions/builds/Akali
Akali,mid,16.19,,Hextech Rocketbelt,Hextech Rocketbelt → Shadowflame,Zhonya's Hourglass | Rabadon's Deathcap | Banshee's Veil,Banshee's Veil | Zhonya's Hourglass,Rabadon's Deathcap,Hextech Rocketbelt → Shadowflame → Zhonya's Hourglass → Banshee's Veil ; Hextech Rocketbelt → Shadowflame → Banshee's Veil → Zhonya's Hourglass ; Hextech Rocketbelt → Shadowflame → Zhonya's Hourglass → Banshee's Veil → Rabadon's Deathcap,Dark Seal → Hextech Alternator → Kindlegem ; Dark Seal → Mercury's Treads → Hextech Alternator ; Dark Seal → Hextech Alternator → Sorcerer's Shoes,https://www.onetricks.gg/champions/builds/Akali
Akali,mid,16.19,,Liandry's Torment,Liandry's Torment → Kaenic Rookern,Randuin's Omen | Zhonya's Hourglass,Mejai's Soulstealer,,Liandry's Torment → Kaenic Rookern → Randuin's Omen → Mejai's Soulstealer ; Liandry's Torment → Kaenic Rookern → Zhonya's Hourglass,Haunting Guise → Fated Ashes,https://www.onetricks.gg/champions/builds/Akali
Akali,mid,16.19,,Liandry's Torment,Liandry's Torment → Zhonya's Hourglass,Mejai's Soulstealer,Void Staff,,Liandry's Torment → Zhonya's Hourglass → Mejai's Soulstealer → Void Staff,Haunting Guise → Fated Ashes,https://www.onetricks.gg/champions/builds/Akali
Akali,mid,16.19,,Stormsurge,Stormsurge → Shadowflame,Rabadon's Deathcap | Zhonya's Hourglass,Zhonya's Hourglass | Rabadon's Deathcap | Void Staff,,Stormsurge → Shadowflame → Rabadon's Deathcap → Zhonya's Hourglass ; Stormsurge → Shadowflame → Zhonya's Hourglass → Void Staff ; Stormsurge → Shadowflame → Zhonya's Hourglass → Rabadon's Deathcap,Hextech Alternator → Aether Wisp ; Dark Seal → Hextech Alternator → Aether Wisp,https://www.onetricks.gg/champions/builds/Akali
Akshan,mid,16.19,,The Collector,The Collector → Infinity Edge,Lord Dominik's Regards | Mortal Reminder | Rapid Firecannon,Rapid Firecannon | Hexoptics C44 | Deprecated item,Guardian Angel | Bloodthirster | Youmuu's Ghostblade,The Collector → Infinity Edge → Lord Dominik's Regards → Rapid Firecannon ; The Collector → Infinity Edge → Mortal Reminder → Rapid Firecannon ; The Collector → Infinity Edge → Lord Dominik's Regards → Hexoptics C44,Pickaxe → Serrated Dirk → Cloak of Agility ; Serrated Dirk → Pickaxe → Cloak of Agility ; Cull → Pickaxe → Serrated Dirk,https://www.onetricks.gg/champions/builds/Akshan
Akshan,mid,16.19,,The Collector,The Collector → Lord Dominik's Regards,Infinity Edge,Rapid Firecannon | Immortal Shieldbow,Bloodthirster | Guardian Angel,The Collector → Lord Dominik's Regards → Infinity Edge → Rapid Firecannon → Bloodthirster ; The Collector → Lord Dominik's Regards → Infinity Edge → Immortal Shieldbow ; The Collector → Lord Dominik's Regards → Infinity Edge → Rapid Firecannon → Guardian Angel,Pickaxe → Serrated Dirk → Cloak of Agility ; Serrated Dirk → Pickaxe → Cloak of Agility ; Cull → Pickaxe → Serrated Dirk,https://www.onetricks.gg/champions/builds/Akshan
Akshan,mid,16.19,,The Collector,The Collector → Mortal Reminder,Infinity Edge,Rapid Firecannon | Hexoptics C44,Bloodthirster,The Collector → Mortal Reminder → Infinity Edge → Rapid Firecannon ; The Collector → Mortal Reminder → Infinity Edge → Hexoptics C44 ; The Collector → Mortal Reminder → Infinity Edge → Rapid Firecannon → Bloodthirster,Pickaxe → Serrated Dirk → Cloak of Agility ; Serrated Dirk → Pickaxe → Cloak of Agility ; Cull → Pickaxe → Serrated Dirk,https://www.onetricks.gg/champions/builds/Akshan
Akshan,mid,16.19,,Kraken Slayer,Kraken Slayer → The Collector,Lord Dominik's Regards | Mortal Reminder | Rapid Firecannon,Rapid Firecannon | Immortal Shieldbow | Guardian Angel,Guardian Angel,Kraken Slayer → The Collector → Lord Dominik's Regards → Rapid Firecannon ; Kraken Slayer → The Collector → Lord Dominik's Regards → Immortal Shieldbow ; Kraken Slayer → The Collector → Mortal Reminder → Rapid Firecannon,Rectrix → Hearthbound Axe → Recurve Bow ; Recurve Bow → Rectrix → Hearthbound Axe ; Hearthbound Axe → Rectrix → Recurve Bow,https://www.onetricks.gg/champions/builds/Akshan
Akshan,mid,16.19,,Kraken Slayer,Kraken Slayer → Hexoptics C44,Lord Dominik's Regards | Mortal Reminder,Rapid Firecannon | Guardian Angel | Mercurial Scimitar,,Kraken Slayer → Hexoptics C44 → Lord Dominik's Regards → Rapid Firecannon ; Kraken Slayer → Hexoptics C44 → Mortal Reminder → Guardian Angel ; Kraken Slayer → Hexoptics C44 → Lord Dominik's Regards → Mercurial Scimitar,Rectrix → Hearthbound Axe → Recurve Bow ; Recurve Bow → Rectrix → Hearthbound Axe ; Hearthbound Axe → Rectrix → Recurve Bow,https://www.onetricks.gg/champions/builds/Akshan
Akshan,mid,16.19,,Kraken Slayer,Kraken Slayer → Serpent's Fang,Lord Dominik's Regards,Guardian Angel | The Collector,,Kraken Slayer → Serpent's Fang → Lord Dominik's Regards → Guardian Angel ; Kraken Slayer → Serpent's Fang → Lord Dominik's Regards → The Collector,Rectrix → Hearthbound Axe → Recurve Bow ; Recurve Bow → Rectrix → Hearthbound Axe ; Hearthbound Axe → Rectrix → Recurve Bow,https://www.onetricks.gg/champions/builds/Akshan
Akshan,mid,16.19,,Hubris,Hubris → The Collector,Lord Dominik's Regards | Mortal Reminder | Immortal Shieldbow,Infinity Edge,Rapid Firecannon | Serpent's Fang | Mortal Reminder,Hubris → The Collector → Lord Dominik's Regards → Infinity Edge → Rapid Firecannon ; Hubris → The Collector → Mortal Reminder → Infinity Edge ; Hubris → The Collector → Immortal Shieldbow → Infinity Edge → Mortal Reminder,Serrated Dirk → Caulfield's Warhammer ; Cull → Serrated Dirk → Caulfield's Warhammer,https://www.onetricks.gg/champions/builds/Akshan
Akshan,mid,16.19,,Hubris,Hubris → Lord Dominik's Regards,Deprecated item | Infinity Edge,Rapid Firecannon,,Hubris → Lord Dominik's Regards → Deprecated item ; Hubris → Lord Dominik's Regards → Infinity Edge → Rapid Firecannon,Serrated Dirk → Caulfield's Warhammer ; Cull → Serrated Dirk → Caulfield's Warhammer,https://www.onetricks.gg/champions/builds/Akshan
Akshan,mid,16.19,,Deprecated item,Deprecated item → Infinity Edge,Lord Dominik's Regards | Mortal Reminder,Rapid Firecannon | Immortal Shieldbow,Guardian Angel,Deprecated item → Infinity Edge → Lord Dominik's Regards → Immortal Shieldbow ; Deprecated item → Infinity Edge → Mortal Reminder → Rapid Firecannon → Guardian Angel ; Deprecated item → Infinity Edge → Lord Dominik's Regards → Rapid Firecannon,B. F. Sword → Scout's Slingshot → Cloak of Agility ; B. F. Sword → Cloak of Agility → Scout's Slingshot,https://www.onetricks.gg/champions/builds/Akshan
Akshan,mid,16.19,,Statikk Shiv,Statikk Shiv → Deprecated item,Lord Dominik's Regards | Mortal Reminder | Infinity Edge,Rapid Firecannon | Lord Dominik's Regards,Infinity Edge,Statikk Shiv → Deprecated item → Mortal Reminder → Rapid Firecannon → Infinity Edge ; Statikk Shiv → Deprecated item → Infinity Edge → Rapid Firecannon ; Statikk Shiv → Deprecated item → Lord Dominik's Regards → Rapid Firecannon,Pickaxe → Scout's Slingshot → Aether Wisp ; Scout's Slingshot → Pickaxe → Aether Wisp,https://www.onetricks.gg/champions/builds/Akshan
Akshan,mid,16.19,,Hexoptics C44,Hexoptics C44 → Lord Dominik's Regards,Infinity Edge,,,Hexoptics C44 → Lord Dominik's Regards → Infinity Edge,Pickaxe → Noonquiver → Long Sword,https://www.onetricks.gg/champions/builds/Akshan
Alistar,supp,16.19,,all,Celestial Opposition → Zeke's Convergence,Knight's Vow | Locket of the Iron Solari | Bandlepipes,Knight's Vow | Protoplasm Harness | Abyssal Mask,Protoplasm Harness,Celestial Opposition → Zeke's Convergence → Locket of the Iron Solari → Knight's Vow ; Celestial Opposition → Zeke's Convergence → Knight's Vow → Locket of the Iron Solari ; Celestial Opposition → Zeke's Convergence → Knight's Vow → Protoplasm Harness,Boots of Swiftness → Kindlegem → Null-Magic Mantle ; Boots of Swiftness → Kindlegem → Cloth Armor ; Dark Seal → Ionian Boots of Lucidity → Aether Wisp,https://www.onetricks.gg/champions/builds/Alistar
Alistar,supp,16.19,,all,Celestial Opposition → Locket of the Iron Solari,Knight's Vow | Zeke's Convergence | Protoplasm Harness,Knight's Vow | Bandlepipes | Randuin's Omen,,Celestial Opposition → Locket of the Iron Solari → Zeke's Convergence → Knight's Vow ; Celestial Opposition → Locket of the Iron Solari → Knight's Vow → Bandlepipes ; Celestial Opposition → Locket of the Iron Solari → Knight's Vow → Randuin's Omen,Boots of Swiftness → Kindlegem → Null-Magic Mantle ; Boots of Swiftness → Kindlegem → Cloth Armor ; Dark Seal → Ionian Boots of Lucidity → Aether Wisp,https://www.onetricks.gg/champions/builds/Alistar
Alistar,supp,16.19,,all,Celestial Opposition → Shurelya's Battlesong,Zeke's Convergence | Mejai's Soulstealer | Protoplasm Harness,Knight's Vow | Abyssal Mask | Mejai's Soulstealer,Mikael's Blessing,Celestial Opposition → Shurelya's Battlesong → Zeke's Convergence → Knight's Vow ; Celestial Opposition → Shurelya's Battlesong → Zeke's Convergence → Abyssal Mask ; Celestial Opposition → Shurelya's Battlesong → Zeke's Convergence → Mejai's Soulstealer,Boots of Swiftness → Kindlegem → Null-Magic Mantle ; Boots of Swiftness → Kindlegem → Cloth Armor ; Dark Seal → Ionian Boots of Lucidity → Aether Wisp,https://www.onetricks.gg/champions/builds/Alistar
Alistar,supp,16.19,,all,Solstice Sleigh → Zeke's Convergence,Knight's Vow | Locket of the Iron Solari | Mikael's Blessing,Locket of the Iron Solari | Frozen Heart,,Solstice Sleigh → Zeke's Convergence → Knight's Vow → Locket of the Iron Solari ; Solstice Sleigh → Zeke's Convergence → Locket of the Iron Solari → Frozen Heart ; Solstice Sleigh → Zeke's Convergence → Bandlepipes → Frozen Heart,Boots of Swiftness → Kindlegem → Null-Magic Mantle ; Boots of Swiftness → Kindlegem → Cloth Armor ; Dark Seal → Ionian Boots of Lucidity → Aether Wisp,https://www.onetricks.gg/champions/builds/Alistar
Ambessa,top,16.19,,Eclipse,Eclipse → Black Cleaver,Death's Dance | Maw of Malmortius | Serpent's Fang,Maw of Malmortius | Guardian Angel | Endless Hunger,Chempunk Chainsword,Eclipse → Black Cleaver → Death's Dance → Maw of Malmortius ; Eclipse → Black Cleaver → Death's Dance → Guardian Angel ; Eclipse → Black Cleaver → Death's Dance → Endless Hunger,Pickaxe → Caulfield's Warhammer → Long Sword ; Caulfield's Warhammer → Pickaxe → Long Sword,https://www.onetricks.gg/champions/builds/Ambessa
Ambessa,top,16.19,,Eclipse,Eclipse → Spear of Shojin,Death's Dance | Maw of Malmortius | Endless Hunger,Guardian Angel | Endless Hunger | Maw of Malmortius,Guardian Angel | Endless Hunger | Death's Dance,Eclipse → Spear of Shojin → Death's Dance → Endless Hunger ; Eclipse → Spear of Shojin → Death's Dance → Guardian Angel ; Eclipse → Spear of Shojin → Death's Dance → Endless Hunger → Guardian Angel,Pickaxe → Caulfield's Warhammer → Long Sword ; Caulfield's Warhammer → Pickaxe → Long Sword,https://www.onetricks.gg/champions/builds/Ambessa
Ambessa,top,16.19,,Eclipse,Eclipse → Voltaic Cyclosword,Death's Dance | Maw of Malmortius | Bastionbreaker,Death's Dance | Guardian Angel | Lord Dominik's Regards,Serpent's Fang | Maw of Malmortius,Eclipse → Voltaic Cyclosword → Death's Dance → Lord Dominik's Regards ; Eclipse → Voltaic Cyclosword → Death's Dance → Maw of Malmortius ; Eclipse → Voltaic Cyclosword → Bastionbreaker → Death's Dance,Pickaxe → Caulfield's Warhammer → Long Sword ; Caulfield's Warhammer → Pickaxe → Long Sword,https://www.onetricks.gg/champions/builds/Ambessa
Ambessa,top,16.19,,Voltaic Cyclosword,Voltaic Cyclosword → Profane Hydra,Serpent's Fang | Bastionbreaker | Edge of Night,Death's Dance | Serylda's Grudge | Guardian Angel,Death's Dance | Guardian Angel,Voltaic Cyclosword → Profane Hydra → Serpent's Fang → Death's Dance ; Voltaic Cyclosword → Profane Hydra → Maw of Malmortius → Death's Dance ; Voltaic Cyclosword → Profane Hydra → Serpent's Fang → Guardian Angel,The Brutalizer ; Pickaxe ; Plated Steelcaps → The Brutalizer → Long Sword,https://www.onetricks.gg/champions/builds/Ambessa
Ambessa,top,16.19,,Voltaic Cyclosword,Voltaic Cyclosword → Bastionbreaker,Serpent's Fang | Death's Dance,Death's Dance,,Voltaic Cyclosword → Bastionbreaker → Death's Dance ; Voltaic Cyclosword → Bastionbreaker → Serpent's Fang → Death's Dance,The Brutalizer ; Pickaxe ; Plated Steelcaps → The Brutalizer → Long Sword,https://www.onetricks.gg/champions/builds/Ambessa
Ambessa,top,16.19,,Profane Hydra,Profane Hydra → Voltaic Cyclosword,Death's Dance | Serpent's Fang | Bastionbreaker,Guardian Angel | Serpent's Fang | Maw of Malmortius,Guardian Angel,Profane Hydra → Voltaic Cyclosword → Bastionbreaker → Guardian Angel ; Profane Hydra → Voltaic Cyclosword → Death's Dance → Serpent's Fang ; Profane Hydra → Voltaic Cyclosword → Endless Hunger → Maw of Malmortius,The Brutalizer ; The Brutalizer → Tiamat ; Pickaxe,https://www.onetricks.gg/champions/builds/Ambessa
Ambessa,top,16.19,,Umbral Glaive,Umbral Glaive → Endless Hunger,Death's Dance | Lord Dominik's Regards,Lord Dominik's Regards | Serylda's Grudge | Serpent's Fang,Mortal Reminder | Spear of Shojin | Axiom Arc,Umbral Glaive → Endless Hunger → Death's Dance → Lord Dominik's Regards → Axiom Arc ; Umbral Glaive → Endless Hunger → Death's Dance → Lord Dominik's Regards → Spear of Shojin ; Umbral Glaive → Endless Hunger → Death's Dance → Serpent's Fang → Mortal Reminder,Serrated Dirk → Caulfield's Warhammer,https://www.onetricks.gg/champions/builds/Ambessa
Ambessa,top,16.19,,Hubris,Hubris → Death's Dance,Maw of Malmortius | Serpent's Fang,Endless Hunger,,Hubris → Death's Dance → Maw of Malmortius ; Hubris → Death's Dance → Serpent's Fang → Endless Hunger,,https://www.onetricks.gg/champions/builds/Ambessa
Ambessa,top,16.19,,Hubris,Hubris → Profane Hydra,Mortal Reminder | Serpent's Fang | Voltaic Cyclosword,Death's Dance,Endless Hunger,Hubris → Profane Hydra → Voltaic Cyclosword → Death's Dance → Endless Hunger ; Hubris → Profane Hydra → Mortal Reminder → Death's Dance ; Hubris → Profane Hydra → Voltaic Cyclosword → Death's Dance,,https://www.onetricks.gg/champions/builds/Ambessa
Ambessa,top,16.19,,Death's Dance,Death's Dance → Voltaic Cyclosword,Maw of Malmortius,,,Death's Dance → Voltaic Cyclosword → Maw of Malmortius,Steel Sigil → Caulfield's Warhammer → Pickaxe ; Steel Sigil → Pickaxe → Caulfield's Warhammer,https://www.onetricks.gg/champions/builds/Ambessa
Ambessa,top,16.19,,Death's Dance,Death's Dance → Spear of Shojin,Serpent's Fang | Endless Hunger,,,Death's Dance → Spear of Shojin → Serpent's Fang ; Death's Dance → Spear of Shojin → Endless Hunger,Steel Sigil → Caulfield's Warhammer → Pickaxe ; Steel Sigil → Pickaxe → Caulfield's Warhammer,https://www.onetricks.gg/champions/builds/Ambessa
Amumu,supp,16.19,,all,Celestial Opposition → Zeke's Convergence,Locket of the Iron Solari | Thornmail | Randuin's Omen,Morellonomicon | Bandlepipes | Locket of the Iron Solari,Locket of the Iron Solari,Celestial Opposition → Zeke's Convergence → Knight's Vow → Bandlepipes ; Celestial Opposition → Zeke's Convergence → Locket of the Iron Solari → Morellonomicon ; Celestial Opposition → Zeke's Convergence → Locket of the Iron Solari → Imperial Mandate,Kindlegem → Cloth Armor → Null-Magic Mantle ; Boots → Kindlegem → Null-Magic Mantle ; Cloth Armor → Kindlegem → Null-Magic Mantle,https://www.onetricks.gg/champions/builds/Amumu
Amumu,supp,16.19,,all,Solstice Sleigh → Zeke's Convergence,Locket of the Iron Solari | Knight's Vow | Bandlepipes,Imperial Mandate | Morellonomicon | Abyssal Mask,Imperial Mandate | Abyssal Mask,Solstice Sleigh → Zeke's Convergence → Locket of the Iron Solari → Imperial Mandate ; Solstice Sleigh → Zeke's Convergence → Locket of the Iron Solari → Morellonomicon ; Solstice Sleigh → Zeke's Convergence → Locket of the Iron Solari → Abyssal Mask,Kindlegem → Cloth Armor → Null-Magic Mantle ; Boots → Kindlegem → Null-Magic Mantle ; Cloth Armor → Kindlegem → Null-Magic Mantle,https://www.onetricks.gg/champions/builds/Amumu
Amumu,supp,16.19,,all,Celestial Opposition → Locket of the Iron Solari,Zeke's Convergence | Thornmail,Protoplasm Harness | Thornmail | Imperial Mandate,Protoplasm Harness | Mikael's Blessing,Celestial Opposition → Locket of the Iron Solari → Zeke's Convergence → Protoplasm Harness ; Celestial Opposition → Locket of the Iron Solari → Zeke's Convergence → Thornmail ; Celestial Opposition → Locket of the Iron Solari → Zeke's Convergence → Imperial Mandate,Kindlegem → Cloth Armor → Null-Magic Mantle ; Boots → Kindlegem → Null-Magic Mantle ; Cloth Armor → Kindlegem → Null-Magic Mantle,https://www.onetricks.gg/champions/builds/Amumu
Amumu,supp,16.19,,all,Zaz'Zak's Realmspike → Liandry's Torment,Abyssal Mask | Imperial Mandate,Zeke's Convergence | Zhonya's Hourglass | Morellonomicon,Kaenic Rookern,Zaz'Zak's Realmspike → Liandry's Torment → Abyssal Mask → Zeke's Convergence → Kaenic Rookern ; Zaz'Zak's Realmspike → Liandry's Torment → Abyssal Mask → Morellonomicon ; Zaz'Zak's Realmspike → Liandry's Torment → Abyssal Mask → Zhonya's Hourglass,Kindlegem → Cloth Armor → Null-Magic Mantle ; Boots → Kindlegem → Null-Magic Mantle ; Cloth Armor → Kindlegem → Null-Magic Mantle,https://www.onetricks.gg/champions/builds/Amumu
Anivia,mid,16.19,,Rod of Ages,Rod of Ages → Malignance,Zhonya's Hourglass | Liandry's Torment | Mejai's Soulstealer,Rabadon's Deathcap | Zhonya's Hourglass | Liandry's Torment,Mejai's Soulstealer | Zhonya's Hourglass | Rabadon's Deathcap,Rod of Ages → Malignance → Zhonya's Hourglass → Rabadon's Deathcap ; Rod of Ages → Malignance → Zhonya's Hourglass → Liandry's Torment ; Rod of Ages → Malignance → Zhonya's Hourglass → Mejai's Soulstealer,Dark Seal → Catalyst of Aeons → Blasting Wand ; Catalyst of Aeons → Blasting Wand ; Tear of the Goddess → Catalyst of Aeons → Blasting Wand,https://www.onetricks.gg/champions/builds/Anivia
Anivia,mid,16.19,,Rod of Ages,Rod of Ages → Seraph's Embrace,Liandry's Torment | Zhonya's Hourglass | Shurelya's Battlesong,Liandry's Torment | Zhonya's Hourglass | Morellonomicon,Cosmic Drive | Bloodletter's Curse | Banshee's Veil,Rod of Ages → Seraph's Embrace → Liandry's Torment → Zhonya's Hourglass ; Rod of Ages → Seraph's Embrace → Zhonya's Hourglass → Liandry's Torment ; Rod of Ages → Seraph's Embrace → Zhonya's Hourglass → Morellonomicon → Liandry's Torment,Dark Seal → Catalyst of Aeons → Blasting Wand ; Catalyst of Aeons → Blasting Wand ; Tear of the Goddess → Catalyst of Aeons → Blasting Wand,https://www.onetricks.gg/champions/builds/Anivia
Anivia,mid,16.19,,Rod of Ages,Rod of Ages → Liandry's Torment,Zhonya's Hourglass | Void Staff | Bloodletter's Curse,Morellonomicon | Rabadon's Deathcap | Zhonya's Hourglass,,Rod of Ages → Liandry's Torment → Zhonya's Hourglass → Morellonomicon ; Rod of Ages → Liandry's Torment → Zhonya's Hourglass → Rabadon's Deathcap ; Rod of Ages → Liandry's Torment → Mejai's Soulstealer → Zhonya's Hourglass,Dark Seal → Catalyst of Aeons → Blasting Wand ; Catalyst of Aeons → Blasting Wand ; Tear of the Goddess → Catalyst of Aeons → Blasting Wand,https://www.onetricks.gg/champions/builds/Anivia
Anivia,mid,16.19,,Rod of Ages,Rod of Ages → Zhonya's Hourglass,Liandry's Torment | Seraph's Embrace | Malignance,Banshee's Veil | Malignance | Stormsurge,,Rod of Ages → Zhonya's Hourglass → Malignance → Banshee's Veil ; Rod of Ages → Zhonya's Hourglass → Mejai's Soulstealer → Malignance ; Rod of Ages → Zhonya's Hourglass → Rabadon's Deathcap → Stormsurge,Dark Seal → Catalyst of Aeons → Blasting Wand ; Catalyst of Aeons → Blasting Wand ; Tear of the Goddess → Catalyst of Aeons → Blasting Wand,https://www.onetricks.gg/champions/builds/Anivia
Anivia,mid,16.19,,Malignance,Malignance → Rod of Ages,Zhonya's Hourglass | Cosmic Drive,,,Malignance → Rod of Ages → Zhonya's Hourglass ; Malignance → Rod of Ages → Cosmic Drive,Lost Chapter → Blasting Wand ; Dark Seal → Lost Chapter → Blasting Wand ; Lost Chapter → Dark Seal → Blasting Wand,https://www.onetricks.gg/champions/builds/Anivia
Anivia,mid,16.19,,Malignance,Malignance → Mejai's Soulstealer,Cosmic Drive | Banshee's Veil,,,Malignance → Mejai's Soulstealer → Cosmic Drive ; Malignance → Mejai's Soulstealer → Banshee's Veil,Lost Chapter → Blasting Wand ; Dark Seal → Lost Chapter → Blasting Wand ; Lost Chapter → Dark Seal → Blasting Wand,https://www.onetricks.gg/champions/builds/Anivia
Anivia,mid,16.19,,Malignance,Malignance → Cosmic Drive,Bloodletter's Curse | Zhonya's Hourglass,Zhonya's Hourglass,,Malignance → Cosmic Drive → Bloodletter's Curse → Zhonya's Hourglass ; Malignance → Cosmic Drive → Zhonya's Hourglass,Lost Chapter → Blasting Wand ; Dark Seal → Lost Chapter → Blasting Wand ; Lost Chapter → Dark Seal → Blasting Wand,https://www.onetricks.gg/champions/builds/Anivia
Anivia,mid,16.19,,Malignance,Malignance → Zhonya's Hourglass,Mejai's Soulstealer | Rabadon's Deathcap | Bloodletter's Curse,Liandry's Torment | Bloodletter's Curse,,Malignance → Zhonya's Hourglass → Bloodletter's Curse → Liandry's Torment ; Malignance → Zhonya's Hourglass → Rabadon's Deathcap → Bloodletter's Curse ; Malignance → Zhonya's Hourglass → Mejai's Soulstealer,Lost Chapter → Blasting Wand ; Dark Seal → Lost Chapter → Blasting Wand ; Lost Chapter → Dark Seal → Blasting Wand,https://www.onetricks.gg/champions/builds/Anivia
Annie,mid,16.19,,Malignance,Malignance → Shadowflame,Zhonya's Hourglass | Rabadon's Deathcap | Stormsurge,Zhonya's Hourglass | Void Staff | Rabadon's Deathcap,Rabadon's Deathcap | Banshee's Veil | Zhonya's Hourglass,Malignance → Shadowflame → Rabadon's Deathcap → Zhonya's Hourglass → Banshee's Veil ; Malignance → Shadowflame → Hextech Rocketbelt → Void Staff → Rabadon's Deathcap ; Malignance → Shadowflame → Zhonya's Hourglass → Rabadon's Deathcap,Lost Chapter → Blasting Wand ; Dark Seal → Lost Chapter → Blasting Wand ; Blasting Wand → Lost Chapter,https://www.onetricks.gg/champions/builds/Annie
Annie,mid,16.19,,Malignance,Malignance → Hextech Rocketbelt,Zhonya's Hourglass | Rabadon's Deathcap | Shadowflame,Void Staff | Rabadon's Deathcap | Banshee's Veil,Zhonya's Hourglass | Cosmic Drive | Rylai's Crystal Scepter,Malignance → Hextech Rocketbelt → Rabadon's Deathcap → Void Staff → Zhonya's Hourglass ; Malignance → Hextech Rocketbelt → Shadowflame → Banshee's Veil ; Malignance → Hextech Rocketbelt → Zhonya's Hourglass → Rabadon's Deathcap,Lost Chapter → Blasting Wand ; Dark Seal → Lost Chapter → Blasting Wand ; Blasting Wand → Lost Chapter,https://www.onetricks.gg/champions/builds/Annie
Annie,mid,16.19,,Malignance,Malignance → Rylai's Crystal Scepter,Liandry's Torment | Stormsurge | Bloodletter's Curse,Morellonomicon | Void Staff | Riftmaker,Riftmaker,Malignance → Rylai's Crystal Scepter → Liandry's Torment → Morellonomicon ; Malignance → Rylai's Crystal Scepter → Stormsurge → Void Staff ; Malignance → Rylai's Crystal Scepter → Liandry's Torment → Riftmaker,Lost Chapter → Blasting Wand ; Dark Seal → Lost Chapter → Blasting Wand ; Blasting Wand → Lost Chapter,https://www.onetricks.gg/champions/builds/Annie
Annie,mid,16.19,,Malignance,Malignance → Liandry's Torment,Rylai's Crystal Scepter | Shadowflame | Zhonya's Hourglass,Cryptbloom | Void Staff,Rabadon's Deathcap,Malignance → Liandry's Torment → Rylai's Crystal Scepter → Cryptbloom ; Malignance → Liandry's Torment → Rylai's Crystal Scepter → Void Staff → Rabadon's Deathcap,Lost Chapter → Blasting Wand ; Dark Seal → Lost Chapter → Blasting Wand ; Blasting Wand → Lost Chapter,https://www.onetricks.gg/champions/builds/Annie
Annie,mid,16.19,,Blackfire Torch,Blackfire Torch → Rylai's Crystal Scepter,Stormsurge,,,Blackfire Torch → Rylai's Crystal Scepter → Stormsurge,Dark Seal → Lost Chapter → Fated Ashes ; Ionian Boots of Lucidity → Lost Chapter → Fated Ashes ; Sorcerer's Shoes → Lost Chapter → Fated Ashes,https://www.onetricks.gg/champions/builds/Annie
Annie,mid,16.19,,Blackfire Torch,Blackfire Torch → Bloodletter's Curse,Banshee's Veil,,,Blackfire Torch → Bloodletter's Curse → Banshee's Veil,Dark Seal → Lost Chapter → Fated Ashes ; Ionian Boots of Lucidity → Lost Chapter → Fated Ashes ; Sorcerer's Shoes → Lost Chapter → Fated Ashes,https://www.onetricks.gg/champions/builds/Annie
Annie,mid,16.19,,Blackfire Torch,Blackfire Torch → Malignance,Rabadon's Deathcap,,,Blackfire Torch → Malignance → Rabadon's Deathcap,Dark Seal → Lost Chapter → Fated Ashes ; Ionian Boots of Lucidity → Lost Chapter → Fated Ashes ; Sorcerer's Shoes → Lost Chapter → Fated Ashes,https://www.onetricks.gg/champions/builds/Annie
Annie,mid,16.19,,Blackfire Torch,Blackfire Torch → Void Staff,Rabadon's Deathcap,,,Blackfire Torch → Void Staff → Rabadon's Deathcap,Dark Seal → Lost Chapter → Fated Ashes ; Ionian Boots of Lucidity → Lost Chapter → Fated Ashes ; Sorcerer's Shoes → Lost Chapter → Fated Ashes,https://www.onetricks.gg/champions/builds/Annie
Annie,mid,16.19,,Hextech Rocketbelt,Hextech Rocketbelt → Malignance,Shadowflame | Bloodletter's Curse,,,Hextech Rocketbelt → Malignance → Shadowflame ; Hextech Rocketbelt → Malignance → Bloodletter's Curse,Dark Seal → Sorcerer's Shoes → Hextech Alternator ; Dark Seal → Hextech Alternator → Kindlegem ; Dark Seal → Hextech Alternator → Sorcerer's Shoes,https://www.onetricks.gg/champions/builds/Annie
Annie,mid,16.19,,Hextech Rocketbelt,Hextech Rocketbelt → Blackfire Torch,Bloodletter's Curse,,,Hextech Rocketbelt → Blackfire Torch → Bloodletter's Curse,Dark Seal → Sorcerer's Shoes → Hextech Alternator ; Dark Seal → Hextech Alternator → Kindlegem ; Dark Seal → Hextech Alternator → Sorcerer's Shoes,https://www.onetricks.gg/champions/builds/Annie
Aphelios,bot,16.19,,The Collector,The Collector → Infinity Edge,Lord Dominik's Regards | Mortal Reminder | Runaan's Hurricane,Runaan's Hurricane | Hexoptics C44 | Phantom Dancer,Mercurial Scimitar | Guardian Angel | Bloodthirster,The Collector → Infinity Edge → Lord Dominik's Regards → Runaan's Hurricane ; The Collector → Infinity Edge → Lord Dominik's Regards → Hexoptics C44 ; The Collector → Infinity Edge → Lord Dominik's Regards → Phantom Dancer,Pickaxe → Serrated Dirk → Cloak of Agility ; Serrated Dirk → Pickaxe → Cloak of Agility ; Cull → Pickaxe → Serrated Dirk,https://www.onetricks.gg/champions/builds/Aphelios
Aphelios,bot,16.19,,The Collector,The Collector → Lord Dominik's Regards,Infinity Edge | Hexoptics C44,Runaan's Hurricane | Immortal Shieldbow | Phantom Dancer,Mercurial Scimitar | Bloodthirster | Guardian Angel,The Collector → Lord Dominik's Regards → Infinity Edge → Runaan's Hurricane → Mercurial Scimitar ; The Collector → Lord Dominik's Regards → Infinity Edge → Runaan's Hurricane → Bloodthirster ; The Collector → Lord Dominik's Regards → Infinity Edge → Immortal Shieldbow,Pickaxe → Serrated Dirk → Cloak of Agility ; Serrated Dirk → Pickaxe → Cloak of Agility ; Cull → Pickaxe → Serrated Dirk,https://www.onetricks.gg/champions/builds/Aphelios
Aphelios,bot,16.19,,The Collector,The Collector → Deprecated item,Lord Dominik's Regards | Infinity Edge,Infinity Edge | Lord Dominik's Regards,Randuin's Omen,The Collector → Deprecated item → Lord Dominik's Regards → Infinity Edge ; The Collector → Deprecated item → Infinity Edge → Lord Dominik's Regards ; The Collector → Deprecated item → Lord Dominik's Regards → Infinity Edge → Randuin's Omen,Pickaxe → Serrated Dirk → Cloak of Agility ; Serrated Dirk → Pickaxe → Cloak of Agility ; Cull → Pickaxe → Serrated Dirk,https://www.onetricks.gg/champions/builds/Aphelios
Aphelios,bot,16.19,,The Collector,The Collector → Phantom Dancer,Infinity Edge | Lord Dominik's Regards | Mortal Reminder,Lord Dominik's Regards | Mortal Reminder | Infinity Edge,Bloodthirster,The Collector → Phantom Dancer → Infinity Edge → Lord Dominik's Regards ; The Collector → Phantom Dancer → Infinity Edge → Mortal Reminder ; The Collector → Phantom Dancer → Infinity Edge → Lord Dominik's Regards → Bloodthirster,Pickaxe → Serrated Dirk → Cloak of Agility ; Serrated Dirk → Pickaxe → Cloak of Agility ; Cull → Pickaxe → Serrated Dirk,https://www.onetricks.gg/champions/builds/Aphelios
Aphelios,bot,16.19,,Deprecated item,Deprecated item → Infinity Edge,Lord Dominik's Regards | Phantom Dancer | Runaan's Hurricane,Lord Dominik's Regards | Runaan's Hurricane | Phantom Dancer,Bloodthirster | Guardian Angel | Mercurial Scimitar,Deprecated item → Infinity Edge → Lord Dominik's Regards → Runaan's Hurricane ; Deprecated item → Infinity Edge → Runaan's Hurricane → Lord Dominik's Regards ; Deprecated item → Infinity Edge → Phantom Dancer → Lord Dominik's Regards,B. F. Sword → Scout's Slingshot → Cloak of Agility ; B. F. Sword → Cloak of Agility → Scout's Slingshot ; Cull → B. F. Sword → Scout's Slingshot,https://www.onetricks.gg/champions/builds/Aphelios
Aphelios,bot,16.19,,Deprecated item,Deprecated item → Lord Dominik's Regards,Infinity Edge | Runaan's Hurricane,Runaan's Hurricane | Rapid Firecannon | Immortal Shieldbow,Guardian Angel | Bloodthirster,Deprecated item → Lord Dominik's Regards → Infinity Edge → Runaan's Hurricane ; Deprecated item → Lord Dominik's Regards → Infinity Edge → Rapid Firecannon ; Deprecated item → Lord Dominik's Regards → Infinity Edge → Immortal Shieldbow → Guardian Angel,B. F. Sword → Scout's Slingshot → Cloak of Agility ; B. F. Sword → Cloak of Agility → Scout's Slingshot ; Cull → B. F. Sword → Scout's Slingshot,https://www.onetricks.gg/champions/builds/Aphelios
Aphelios,bot,16.19,,Deprecated item,Deprecated item → Mortal Reminder,Infinity Edge | Runaan's Hurricane,Runaan's Hurricane | Immortal Shieldbow,Hexoptics C44,Deprecated item → Mortal Reminder → Infinity Edge → Runaan's Hurricane ; Deprecated item → Mortal Reminder → Infinity Edge → Immortal Shieldbow ; Deprecated item → Mortal Reminder → Infinity Edge → Runaan's Hurricane → Hexoptics C44,B. F. Sword → Scout's Slingshot → Cloak of Agility ; B. F. Sword → Cloak of Agility → Scout's Slingshot ; Cull → B. F. Sword → Scout's Slingshot,https://www.onetricks.gg/champions/builds/Aphelios
Aphelios,bot,16.19,,Deprecated item,Deprecated item → The Collector,Infinity Edge | Lord Dominik's Regards,Hexoptics C44 | Lord Dominik's Regards,,Deprecated item → The Collector → Lord Dominik's Regards → Hexoptics C44 ; Deprecated item → The Collector → Infinity Edge → Lord Dominik's Regards,B. F. Sword → Scout's Slingshot → Cloak of Agility ; B. F. Sword → Cloak of Agility → Scout's Slingshot ; Cull → B. F. Sword → Scout's Slingshot,https://www.onetricks.gg/champions/builds/Aphelios
Aphelios,bot,16.19,,Hexoptics C44,Hexoptics C44 → Infinity Edge,Lord Dominik's Regards | Mortal Reminder | Runaan's Hurricane,Guardian Angel | Immortal Shieldbow | Deprecated item,Edge of Night | Mortal Reminder | Phantom Dancer,Hexoptics C44 → Infinity Edge → Lord Dominik's Regards → Immortal Shieldbow → Edge of Night ; Hexoptics C44 → Infinity Edge → Mortal Reminder → Guardian Angel ; Hexoptics C44 → Infinity Edge → Phantom Dancer → Guardian Angel → Mortal Reminder,Cull → Pickaxe → Noonquiver ; Pickaxe → Noonquiver → Long Sword ; Pickaxe → Cloak of Agility → Noonquiver,https://www.onetricks.gg/champions/builds/Aphelios
Aphelios,bot,16.19,,Hexoptics C44,Hexoptics C44 → Phantom Dancer,Infinity Edge,Lord Dominik's Regards | Mortal Reminder,Guardian Angel | Mercurial Scimitar,Hexoptics C44 → Phantom Dancer → Infinity Edge → Lord Dominik's Regards → Guardian Angel ; Hexoptics C44 → Phantom Dancer → Infinity Edge → Lord Dominik's Regards → Mercurial Scimitar ; Hexoptics C44 → Phantom Dancer → Infinity Edge → Mortal Reminder,Cull → Pickaxe → Noonquiver ; Pickaxe → Noonquiver → Long Sword ; Pickaxe → Cloak of Agility → Noonquiver,https://www.onetricks.gg/champions/builds/Aphelios
Aphelios,bot,16.19,,Hexoptics C44,Hexoptics C44 → Mortal Reminder,Infinity Edge,Mercurial Scimitar | Deprecated item,Maw of Malmortius,Hexoptics C44 → Mortal Reminder → Infinity Edge → Mercurial Scimitar ; Hexoptics C44 → Mortal Reminder → Infinity Edge → Deprecated item → Maw of Malmortius,Cull → Pickaxe → Noonquiver ; Pickaxe → Noonquiver → Long Sword ; Pickaxe → Cloak of Agility → Noonquiver,https://www.onetricks.gg/champions/builds/Aphelios
Aphelios,bot,16.19,,Yun Tal Wildarrows,Yun Tal Wildarrows → Infinity Edge,Lord Dominik's Regards,Runaan's Hurricane | Hexoptics C44,Bloodthirster | Bastionbreaker,Yun Tal Wildarrows → Infinity Edge → Lord Dominik's Regards → Runaan's Hurricane → Bloodthirster ; Yun Tal Wildarrows → Infinity Edge → Lord Dominik's Regards → Hexoptics C44 → Bastionbreaker,B. F. Sword → Scout's Slingshot → Long Sword ; Cull → B. F. Sword → Scout's Slingshot ; Cull → Scout's Slingshot → B. F. Sword,https://www.onetricks.gg/champions/builds/Aphelios
Aphelios,bot,16.19,,Yun Tal Wildarrows,Yun Tal Wildarrows → Hexoptics C44,Infinity Edge,Lord Dominik's Regards,Mercurial Scimitar,Yun Tal Wildarrows → Hexoptics C44 → Infinity Edge → Lord Dominik's Regards → Mercurial Scimitar,B. F. Sword → Scout's Slingshot → Long Sword ; Cull → B. F. Sword → Scout's Slingshot ; Cull → Scout's Slingshot → B. F. Sword,https://www.onetricks.gg/champions/builds/Aphelios
Aphelios,bot,16.19,,Kraken Slayer,Kraken Slayer → The Collector,Infinity Edge | Lord Dominik's Regards | Phantom Dancer,Infinity Edge | Hexoptics C44 | Phantom Dancer,Phantom Dancer | Blade of The Ruined King,Kraken Slayer → The Collector → Lord Dominik's Regards → Infinity Edge → Blade of The Ruined King ; Kraken Slayer → The Collector → Lord Dominik's Regards → Infinity Edge → Phantom Dancer ; Kraken Slayer → The Collector → Infinity Edge → Hexoptics C44,Recurve Bow → Hearthbound Axe → Rectrix,https://www.onetricks.gg/champions/builds/Aphelios
Aphelios,bot,16.19,,Hubris,Hubris → The Collector,Infinity Edge | Mortal Reminder | Bloodthirster,Lord Dominik's Regards,Hexoptics C44,Hubris → The Collector → Infinity Edge → Lord Dominik's Regards → Hexoptics C44 ; Hubris → The Collector → Mortal Reminder,Serrated Dirk ; Cull → Serrated Dirk → Caulfield's Warhammer ; Serrated Dirk → Caulfield's Warhammer,https://www.onetricks.gg/champions/builds/Aphelios
Ashe,bot,16.19,,Hexoptics C44,Hexoptics C44 → Phantom Dancer,Infinity Edge | Mortal Reminder | Lord Dominik's Regards,Lord Dominik's Regards | Infinity Edge | Mortal Reminder,Guardian Angel | Mercurial Scimitar | Bloodthirster,Hexoptics C44 → Phantom Dancer → Infinity Edge → Lord Dominik's Regards ; Hexoptics C44 → Phantom Dancer → Infinity Edge → Mortal Reminder ; Hexoptics C44 → Phantom Dancer → Mortal Reminder → Infinity Edge,Pickaxe → Noonquiver → Long Sword ; Berserker's Greaves → Pickaxe → Noonquiver ; Pickaxe → Berserker's Greaves → Noonquiver,https://www.onetricks.gg/champions/builds/Ashe
Ashe,bot,16.19,,Hexoptics C44,Hexoptics C44 → Runaan's Hurricane,Infinity Edge | Lord Dominik's Regards | Mortal Reminder,Lord Dominik's Regards | Mortal Reminder | Immortal Shieldbow,Guardian Angel,Hexoptics C44 → Runaan's Hurricane → Infinity Edge → Lord Dominik's Regards → Guardian Angel ; Hexoptics C44 → Runaan's Hurricane → Infinity Edge → Mortal Reminder ; Hexoptics C44 → Runaan's Hurricane → Infinity Edge → Immortal Shieldbow,Pickaxe → Noonquiver → Long Sword ; Berserker's Greaves → Pickaxe → Noonquiver ; Pickaxe → Berserker's Greaves → Noonquiver,https://www.onetricks.gg/champions/builds/Ashe
Ashe,bot,16.19,,Yun Tal Wildarrows,Yun Tal Wildarrows → Phantom Dancer,Infinity Edge | Lord Dominik's Regards | Mortal Reminder,Infinity Edge | Mortal Reminder | Lord Dominik's Regards,Guardian Angel | Mortal Reminder | Mercurial Scimitar,Yun Tal Wildarrows → Phantom Dancer → Infinity Edge → Mortal Reminder ; Yun Tal Wildarrows → Phantom Dancer → Mortal Reminder → Infinity Edge ; Yun Tal Wildarrows → Phantom Dancer → Infinity Edge → Lord Dominik's Regards,B. F. Sword → Scout's Slingshot → Long Sword ; Berserker's Greaves → B. F. Sword → Scout's Slingshot ; Berserker's Greaves → Scout's Slingshot → B. F. Sword,https://www.onetricks.gg/champions/builds/Ashe
Ashe,bot,16.19,,Yun Tal Wildarrows,Yun Tal Wildarrows → Runaan's Hurricane,Infinity Edge | Mortal Reminder | Lord Dominik's Regards,Infinity Edge | Lord Dominik's Regards | Mortal Reminder,Guardian Angel | Randuin's Omen | Bloodthirster,Yun Tal Wildarrows → Runaan's Hurricane → Infinity Edge → Lord Dominik's Regards ; Yun Tal Wildarrows → Runaan's Hurricane → Mortal Reminder → Infinity Edge ; Yun Tal Wildarrows → Runaan's Hurricane → Infinity Edge → Mortal Reminder,B. F. Sword → Scout's Slingshot → Long Sword ; Berserker's Greaves → B. F. Sword → Scout's Slingshot ; Berserker's Greaves → Scout's Slingshot → B. F. Sword,https://www.onetricks.gg/champions/builds/Ashe
Ashe,bot,16.19,,Kraken Slayer,Kraken Slayer → Phantom Dancer,Infinity Edge | Mortal Reminder | Hexoptics C44,Mortal Reminder | Infinity Edge | Lord Dominik's Regards,Fiendhunter Bolts | Infinity Edge | Guardian Angel,Kraken Slayer → Phantom Dancer → Infinity Edge → Mortal Reminder ; Kraken Slayer → Phantom Dancer → Mortal Reminder → Infinity Edge ; Kraken Slayer → Phantom Dancer → Infinity Edge → Mortal Reminder → Fiendhunter Bolts,Hearthbound Axe → Rectrix → Recurve Bow ; Rectrix → Hearthbound Axe → Recurve Bow ; Cull → Rectrix → Recurve Bow,https://www.onetricks.gg/champions/builds/Ashe
Ashe,bot,16.19,,Kraken Slayer,Kraken Slayer → Runaan's Hurricane,Infinity Edge | Hexoptics C44 | Lord Dominik's Regards,Infinity Edge,Mercurial Scimitar,Kraken Slayer → Runaan's Hurricane → Lord Dominik's Regards → Infinity Edge → Mercurial Scimitar ; Kraken Slayer → Runaan's Hurricane → Mortal Reminder → Infinity Edge,Hearthbound Axe → Rectrix → Recurve Bow ; Rectrix → Hearthbound Axe → Recurve Bow ; Cull → Rectrix → Recurve Bow,https://www.onetricks.gg/champions/builds/Ashe
Ashe,bot,16.19,,Kraken Slayer,Kraken Slayer → Hexoptics C44,Runaan's Hurricane,Lord Dominik's Regards | Infinity Edge,Infinity Edge,Kraken Slayer → Hexoptics C44 → Runaan's Hurricane → Lord Dominik's Regards → Infinity Edge ; Kraken Slayer → Hexoptics C44 → Runaan's Hurricane → Infinity Edge,Hearthbound Axe → Rectrix → Recurve Bow ; Rectrix → Hearthbound Axe → Recurve Bow ; Cull → Rectrix → Recurve Bow,https://www.onetricks.gg/champions/builds/Ashe
AurelionSol,mid,16.19,,Rylai's Crystal Scepter,Rylai's Crystal Scepter → Liandry's Torment,Zhonya's Hourglass | Bloodletter's Curse | Void Staff,Zhonya's Hourglass | Banshee's Veil | Bloodletter's Curse,Banshee's Veil | Void Staff | Seraph's Embrace,Rylai's Crystal Scepter → Liandry's Torment → Mejai's Soulstealer → Zhonya's Hourglass ; Rylai's Crystal Scepter → Liandry's Torment → Bloodletter's Curse → Banshee's Veil ; Rylai's Crystal Scepter → Liandry's Torment → Zhonya's Hourglass → Void Staff,Dark Seal → Blasting Wand → Giant's Belt ; Blasting Wand → Giant's Belt → Amplifying Tome ; Blasting Wand → Dark Seal → Giant's Belt,https://www.onetricks.gg/champions/builds/AurelionSol
AurelionSol,mid,16.19,,Rylai's Crystal Scepter,Rylai's Crystal Scepter → Bloodletter's Curse,Liandry's Torment | Shadowflame | Mejai's Soulstealer,Zhonya's Hourglass | Rabadon's Deathcap | Shadowflame,Morellonomicon,Rylai's Crystal Scepter → Bloodletter's Curse → Liandry's Torment → Zhonya's Hourglass ; Rylai's Crystal Scepter → Bloodletter's Curse → Mejai's Soulstealer → Shadowflame → Morellonomicon ; Rylai's Crystal Scepter → Bloodletter's Curse → Shadowflame → Rabadon's Deathcap,Dark Seal → Blasting Wand → Giant's Belt ; Blasting Wand → Giant's Belt → Amplifying Tome ; Blasting Wand → Dark Seal → Giant's Belt,https://www.onetricks.gg/champions/builds/AurelionSol
AurelionSol,mid,16.19,,Rylai's Crystal Scepter,Rylai's Crystal Scepter → Blackfire Torch,Mejai's Soulstealer | Banshee's Veil,Liandry's Torment | Void Staff | Bloodletter's Curse,Rabadon's Deathcap,Rylai's Crystal Scepter → Blackfire Torch → Banshee's Veil → Liandry's Torment ; Rylai's Crystal Scepter → Blackfire Torch → Mejai's Soulstealer → Void Staff → Rabadon's Deathcap ; Rylai's Crystal Scepter → Blackfire Torch → Mejai's Soulstealer → Bloodletter's Curse,Dark Seal → Blasting Wand → Giant's Belt ; Blasting Wand → Giant's Belt → Amplifying Tome ; Blasting Wand → Dark Seal → Giant's Belt,https://www.onetricks.gg/champions/builds/AurelionSol
AurelionSol,mid,16.19,,Blackfire Torch,Blackfire Torch → Rylai's Crystal Scepter,Liandry's Torment | Mejai's Soulstealer,Void Staff,,Blackfire Torch → Rylai's Crystal Scepter → Mejai's Soulstealer ; Blackfire Torch → Rylai's Crystal Scepter → Liandry's Torment → Void Staff,Lost Chapter → Dark Seal → Fated Ashes ; Fated Ashes → Dark Seal → Lost Chapter ; Cloth Armor → Lost Chapter → Fated Ashes,https://www.onetricks.gg/champions/builds/AurelionSol
AurelionSol,mid,16.19,,Blackfire Torch,Blackfire Torch → Mejai's Soulstealer,Rylai's Crystal Scepter,Rabadon's Deathcap | Void Staff,Rabadon's Deathcap | Cryptbloom,Blackfire Torch → Mejai's Soulstealer → Rylai's Crystal Scepter → Void Staff → Rabadon's Deathcap ; Blackfire Torch → Mejai's Soulstealer → Rylai's Crystal Scepter → Rabadon's Deathcap → Cryptbloom ; Blackfire Torch → Mejai's Soulstealer → Rylai's Crystal Scepter → Void Staff,Lost Chapter → Dark Seal → Fated Ashes ; Fated Ashes → Dark Seal → Lost Chapter ; Cloth Armor → Lost Chapter → Fated Ashes,https://www.onetricks.gg/champions/builds/AurelionSol
Aurora,mid,16.19,,Stormsurge,Stormsurge → Shadowflame,Rabadon's Deathcap | Void Staff | Zhonya's Hourglass,Rabadon's Deathcap | Void Staff | Zhonya's Hourglass,Mejai's Soulstealer | Banshee's Veil | Zhonya's Hourglass,Stormsurge → Shadowflame → Rabadon's Deathcap → Zhonya's Hourglass ; Stormsurge → Shadowflame → Rabadon's Deathcap → Void Staff ; Stormsurge → Shadowflame → Void Staff → Rabadon's Deathcap,Dark Seal → Hextech Alternator → Aether Wisp ; Dark Seal → Hextech Alternator → Sorcerer's Shoes ; Dark Seal → Aether Wisp → Hextech Alternator,https://www.onetricks.gg/champions/builds/Aurora
Aurora,mid,16.19,,Stormsurge,Stormsurge → Mejai's Soulstealer,Shadowflame | Rabadon's Deathcap,Rabadon's Deathcap,,Stormsurge → Mejai's Soulstealer → Shadowflame → Rabadon's Deathcap ; Stormsurge → Mejai's Soulstealer → Rabadon's Deathcap,Dark Seal → Hextech Alternator → Aether Wisp ; Dark Seal → Hextech Alternator → Sorcerer's Shoes ; Dark Seal → Aether Wisp → Hextech Alternator,https://www.onetricks.gg/champions/builds/Aurora
Aurora,mid,16.19,,Luden's Echo,Luden's Echo → Shadowflame,Rabadon's Deathcap | Void Staff | Cryptbloom,Void Staff | Mejai's Soulstealer | Rabadon's Deathcap,Mejai's Soulstealer | Banshee's Veil | Cryptbloom,Luden's Echo → Shadowflame → Rabadon's Deathcap → Void Staff ; Luden's Echo → Shadowflame → Cryptbloom → Rabadon's Deathcap ; Luden's Echo → Shadowflame → Rabadon's Deathcap → Void Staff → Mejai's Soulstealer,Dark Seal → Lost Chapter → Hextech Alternator ; Lost Chapter → Hextech Alternator ; Dark Seal → Hextech Alternator → Lost Chapter,https://www.onetricks.gg/champions/builds/Aurora
Aurora,mid,16.19,,Luden's Echo,Luden's Echo → Stormsurge,Rabadon's Deathcap | Shadowflame | Banshee's Veil,Void Staff | Shadowflame | Mejai's Soulstealer,,Luden's Echo → Stormsurge → Banshee's Veil → Void Staff ; Luden's Echo → Stormsurge → Zhonya's Hourglass → Shadowflame ; Luden's Echo → Stormsurge → Rabadon's Deathcap → Zhonya's Hourglass,Dark Seal → Lost Chapter → Hextech Alternator ; Lost Chapter → Hextech Alternator ; Dark Seal → Hextech Alternator → Lost Chapter,https://www.onetricks.gg/champions/builds/Aurora
Aurora,mid,16.19,,Hextech Rocketbelt,Hextech Rocketbelt → Shadowflame,Zhonya's Hourglass,,,Hextech Rocketbelt → Shadowflame → Zhonya's Hourglass,Dark Seal → Hextech Alternator → Sorcerer's Shoes ; Dark Seal → Hextech Alternator → Kindlegem,https://www.onetricks.gg/champions/builds/Aurora
Aurora,mid,16.19,,Hextech Rocketbelt,Hextech Rocketbelt → Stormsurge,Zhonya's Hourglass | Shadowflame,,,Hextech Rocketbelt → Stormsurge → Shadowflame ; Hextech Rocketbelt → Stormsurge → Zhonya's Hourglass,Dark Seal → Hextech Alternator → Sorcerer's Shoes ; Dark Seal → Hextech Alternator → Kindlegem,https://www.onetricks.gg/champions/builds/Aurora
Aurora,mid,16.19,,Malignance,Malignance → Shadowflame,Void Staff,,,Malignance → Shadowflame → Void Staff,Dark Seal → Lost Chapter → Blasting Wand,https://www.onetricks.gg/champions/builds/Aurora
Aurora,mid,16.19,,Malignance,Malignance → Void Staff,Shadowflame,Stormsurge,Hextech Rocketbelt,Malignance → Void Staff → Shadowflame → Stormsurge → Hextech Rocketbelt,Dark Seal → Lost Chapter → Blasting Wand,https://www.onetricks.gg/champions/builds/Aurora
Azir,mid,16.19,,Nashor's Tooth,Nashor's Tooth → Shadowflame,Rabadon's Deathcap | Zhonya's Hourglass | Banshee's Veil,Zhonya's Hourglass | Rabadon's Deathcap | Void Staff,Banshee's Veil | Zhonya's Hourglass | Kaenic Rookern,Nashor's Tooth → Shadowflame → Rabadon's Deathcap → Zhonya's Hourglass ; Nashor's Tooth → Shadowflame → Zhonya's Hourglass → Void Staff ; Nashor's Tooth → Shadowflame → Mejai's Soulstealer → Rabadon's Deathcap,Blasting Wand → Recurve Bow → Fiendish Codex ; Blasting Wand → Fiendish Codex → Recurve Bow ; Recurve Bow → Blasting Wand → Fiendish Codex,https://www.onetricks.gg/champions/builds/Azir
Azir,mid,16.19,,Nashor's Tooth,Nashor's Tooth → Rabadon's Deathcap,Shadowflame | Zhonya's Hourglass | Cryptbloom,Zhonya's Hourglass | Shadowflame | Rylai's Crystal Scepter,Zhonya's Hourglass,Nashor's Tooth → Rabadon's Deathcap → Shadowflame → Zhonya's Hourglass ; Nashor's Tooth → Rabadon's Deathcap → Zhonya's Hourglass → Shadowflame ; Nashor's Tooth → Rabadon's Deathcap → Zhonya's Hourglass → Cryptbloom,Blasting Wand → Recurve Bow → Fiendish Codex ; Blasting Wand → Fiendish Codex → Recurve Bow ; Recurve Bow → Blasting Wand → Fiendish Codex,https://www.onetricks.gg/champions/builds/Azir
Azir,mid,16.19,,Nashor's Tooth,Nashor's Tooth → Rylai's Crystal Scepter,Rabadon's Deathcap | Void Staff | Zhonya's Hourglass,Zhonya's Hourglass | Rabadon's Deathcap | Void Staff,Banshee's Veil | Void Staff,Nashor's Tooth → Rylai's Crystal Scepter → Rabadon's Deathcap → Zhonya's Hourglass ; Nashor's Tooth → Rylai's Crystal Scepter → Void Staff → Zhonya's Hourglass → Banshee's Veil ; Nashor's Tooth → Rylai's Crystal Scepter → Rabadon's Deathcap → Void Staff → Banshee's Veil,Blasting Wand → Recurve Bow → Fiendish Codex ; Blasting Wand → Fiendish Codex → Recurve Bow ; Recurve Bow → Blasting Wand → Fiendish Codex,https://www.onetricks.gg/champions/builds/Azir
Azir,mid,16.19,,Stormsurge,Stormsurge → Horizon Focus,Shadowflame | Zhonya's Hourglass | Banshee's Veil,Zhonya's Hourglass | Shadowflame | Rabadon's Deathcap,Rabadon's Deathcap | Mejai's Soulstealer,Stormsurge → Horizon Focus → Shadowflame → Zhonya's Hourglass ; Stormsurge → Horizon Focus → Zhonya's Hourglass → Shadowflame ; Stormsurge → Horizon Focus → Shadowflame → Zhonya's Hourglass → Rabadon's Deathcap,Dark Seal → Hextech Alternator → Aether Wisp ; Hextech Alternator → Aether Wisp ; Dark Seal → Sorcerer's Shoes → Hextech Alternator,https://www.onetricks.gg/champions/builds/Azir
Azir,mid,16.19,,Stormsurge,Stormsurge → Shadowflame,Nashor's Tooth | Rabadon's Deathcap | Void Staff,Zhonya's Hourglass | Mejai's Soulstealer | Nashor's Tooth,Rabadon's Deathcap | Lich Bane | Zhonya's Hourglass,Stormsurge → Shadowflame → Rabadon's Deathcap → Nashor's Tooth ; Stormsurge → Shadowflame → Void Staff → Zhonya's Hourglass ; Stormsurge → Shadowflame → Nashor's Tooth → Mejai's Soulstealer → Rabadon's Deathcap,Dark Seal → Hextech Alternator → Aether Wisp ; Hextech Alternator → Aether Wisp ; Dark Seal → Sorcerer's Shoes → Hextech Alternator,https://www.onetricks.gg/champions/builds/Azir
Azir,mid,16.19,,Stormsurge,Stormsurge → Rabadon's Deathcap,Shadowflame,Mejai's Soulstealer | Zhonya's Hourglass,Rylai's Crystal Scepter,Stormsurge → Rabadon's Deathcap → Shadowflame → Zhonya's Hourglass → Rylai's Crystal Scepter ; Stormsurge → Rabadon's Deathcap → Shadowflame → Mejai's Soulstealer ; Stormsurge → Rabadon's Deathcap → Shadowflame → Zhonya's Hourglass,Dark Seal → Hextech Alternator → Aether Wisp ; Hextech Alternator → Aether Wisp ; Dark Seal → Sorcerer's Shoes → Hextech Alternator,https://www.onetricks.gg/champions/builds/Azir
Azir,mid,16.19,,Dusk and Dawn,Dusk and Dawn → Rabadon's Deathcap,Zhonya's Hourglass | Shadowflame | Void Staff,Void Staff | Zhonya's Hourglass,,Dusk and Dawn → Rabadon's Deathcap → Zhonya's Hourglass → Void Staff ; Dusk and Dawn → Rabadon's Deathcap → Shadowflame ; Dusk and Dawn → Rabadon's Deathcap → Void Staff → Zhonya's Hourglass,Dark Seal → Blasting Wand → Kindlegem ; Blasting Wand → Sheen → Kindlegem ; Dark Seal → Blasting Wand → Sorcerer's Shoes,https://www.onetricks.gg/champions/builds/Azir
Azir,mid,16.19,,Dusk and Dawn,Dusk and Dawn → Stormsurge,Shadowflame | Kaenic Rookern | Bloodletter's Curse,Void Staff | Shadowflame,Zhonya's Hourglass,Dusk and Dawn → Stormsurge → Shadowflame → Void Staff → Zhonya's Hourglass ; Dusk and Dawn → Stormsurge → Bloodletter's Curse → Shadowflame,Dark Seal → Blasting Wand → Kindlegem ; Blasting Wand → Sheen → Kindlegem ; Dark Seal → Blasting Wand → Sorcerer's Shoes,https://www.onetricks.gg/champions/builds/Azir
Azir,mid,16.19,,Dusk and Dawn,Dusk and Dawn → Zhonya's Hourglass,Rabadon's Deathcap | Banshee's Veil,Rabadon's Deathcap | Banshee's Veil,,Dusk and Dawn → Zhonya's Hourglass → Banshee's Veil → Rabadon's Deathcap ; Dusk and Dawn → Zhonya's Hourglass → Rabadon's Deathcap → Banshee's Veil,Dark Seal → Blasting Wand → Kindlegem ; Blasting Wand → Sheen → Kindlegem ; Dark Seal → Blasting Wand → Sorcerer's Shoes,https://www.onetricks.gg/champions/builds/Azir
Azir,mid,16.19,,Shadowflame,Shadowflame → Dusk and Dawn,Zhonya's Hourglass | Nashor's Tooth | Bloodletter's Curse,Rabadon's Deathcap | Nashor's Tooth,Void Staff,Shadowflame → Dusk and Dawn → Zhonya's Hourglass → Rabadon's Deathcap → Void Staff ; Shadowflame → Dusk and Dawn → Bloodletter's Curse → Nashor's Tooth,Dark Seal → Hextech Alternator → Needlessly Large Rod ; Needlessly Large Rod → Dark Seal → Sorcerer's Shoes,https://www.onetricks.gg/champions/builds/Azir
Azir,mid,16.19,,Shadowflame,Shadowflame → Seraph's Embrace,Dusk and Dawn | Rabadon's Deathcap,Dusk and Dawn,,Shadowflame → Seraph's Embrace → Rabadon's Deathcap → Dusk and Dawn ; Shadowflame → Seraph's Embrace → Dusk and Dawn,Dark Seal → Hextech Alternator → Needlessly Large Rod ; Needlessly Large Rod → Dark Seal → Sorcerer's Shoes,https://www.onetricks.gg/champions/builds/Azir
Azir,mid,16.19,,Lich Bane,Lich Bane → Stormsurge,Shadowflame | Kaenic Rookern,Rabadon's Deathcap,Zhonya's Hourglass,Lich Bane → Stormsurge → Shadowflame → Rabadon's Deathcap → Zhonya's Hourglass ; Lich Bane → Stormsurge → Kaenic Rookern,Blasting Wand → Aether Wisp → Sheen ; Sorcerer's Shoes → Blasting Wand → Aether Wisp,https://www.onetricks.gg/champions/builds/Azir
Azir,mid,16.19,,Lich Bane,Lich Bane → Shadowflame,Rabadon's Deathcap | Stormsurge,Void Staff,,Lich Bane → Shadowflame → Rabadon's Deathcap → Void Staff ; Lich Bane → Shadowflame → Stormsurge,Blasting Wand → Aether Wisp → Sheen ; Sorcerer's Shoes → Blasting Wand → Aether Wisp,https://www.onetricks.gg/champions/builds/Azir
Bard,supp,16.19,,all,Bloodsong → Dead Man's Plate,Locket of the Iron Solari | Liandry's Torment | Bandlepipes,Knight's Vow | Locket of the Iron Solari | Mikael's Blessing,Knight's Vow | Zeke's Convergence | Liandry's Torment,Bloodsong → Dead Man's Plate → Locket of the Iron Solari → Bandlepipes ; Bloodsong → Dead Man's Plate → Mikael's Blessing → Locket of the Iron Solari ; Bloodsong → Dead Man's Plate → Locket of the Iron Solari → Knight's Vow,Winged Moonplate → Chain Vest ; Kindlegem → Cloth Armor → Null-Magic Mantle ; Kindlegem → Hextech Alternator,https://www.onetricks.gg/champions/builds/Bard
Bard,supp,16.19,,all,Solstice Sleigh → Locket of the Iron Solari,Bandlepipes | Knight's Vow | Mikael's Blessing,Knight's Vow | Mikael's Blessing | Kaenic Rookern,Redemption,Solstice Sleigh → Locket of the Iron Solari → Bandlepipes → Knight's Vow ; Solstice Sleigh → Locket of the Iron Solari → Knight's Vow → Mikael's Blessing ; Solstice Sleigh → Locket of the Iron Solari → Knight's Vow → Kaenic Rookern,Winged Moonplate → Chain Vest ; Kindlegem → Cloth Armor → Null-Magic Mantle ; Kindlegem → Hextech Alternator,https://www.onetricks.gg/champions/builds/Bard
Bard,supp,16.19,,all,Bloodsong → Hextech Rocketbelt,Zeke's Convergence | Kaenic Rookern | Mikael's Blessing,Knight's Vow | Frozen Heart | Randuin's Omen,Abyssal Mask | Thornmail | Knight's Vow,Bloodsong → Hextech Rocketbelt → Zeke's Convergence → Knight's Vow ; Bloodsong → Hextech Rocketbelt → Zeke's Convergence → Frozen Heart ; Bloodsong → Hextech Rocketbelt → Zeke's Convergence → Bloodletter's Curse,Winged Moonplate → Chain Vest ; Kindlegem → Cloth Armor → Null-Magic Mantle ; Kindlegem → Hextech Alternator,https://www.onetricks.gg/champions/builds/Bard
Bard,supp,16.19,,all,Bloodsong → Locket of the Iron Solari,Bandlepipes | Mikael's Blessing | Knight's Vow,Mikael's Blessing | Knight's Vow | Redemption,Mikael's Blessing | Wit's End,Bloodsong → Locket of the Iron Solari → Redemption → Mikael's Blessing ; Bloodsong → Locket of the Iron Solari → Dead Man's Plate → Mikael's Blessing ; Bloodsong → Locket of the Iron Solari → Bandlepipes → Knight's Vow,Winged Moonplate → Chain Vest ; Kindlegem → Cloth Armor → Null-Magic Mantle ; Kindlegem → Hextech Alternator,https://www.onetricks.gg/champions/builds/Bard
Belveth,jungle,16.19,,Kraken Slayer,Kraken Slayer → Blade of The Ruined King,Death's Dance | Wit's End | Guinsoo's Rageblade,Death's Dance | Guardian Angel | Wit's End,Randuin's Omen | Guardian Angel | Wit's End,Kraken Slayer → Blade of The Ruined King → Death's Dance → Guardian Angel ; Kraken Slayer → Blade of The Ruined King → Death's Dance → Wit's End ; Kraken Slayer → Blade of The Ruined King → Death's Dance → Randuin's Omen,Recurve Bow → Rectrix → Hearthbound Axe ; Recurve Bow → Hearthbound Axe → Rectrix ; Hearthbound Axe → Recurve Bow → Rectrix,https://www.onetricks.gg/champions/builds/Belveth
Belveth,jungle,16.19,,Kraken Slayer,Kraken Slayer → Hullbreaker,Death's Dance | Blade of The Ruined King | Navori Flickerblade,Wit's End | Death's Dance | Navori Flickerblade,,Kraken Slayer → Hullbreaker → Death's Dance → Wit's End ; Kraken Slayer → Hullbreaker → Death's Dance → Navori Flickerblade ; Kraken Slayer → Hullbreaker → Wit's End → Death's Dance,Recurve Bow → Rectrix → Hearthbound Axe ; Recurve Bow → Hearthbound Axe → Rectrix ; Hearthbound Axe → Recurve Bow → Rectrix,https://www.onetricks.gg/champions/builds/Belveth
Belveth,jungle,16.19,,Kraken Slayer,Kraken Slayer → Stridebreaker,Death's Dance | Terminus | Wit's End,Wit's End | Death's Dance | Guinsoo's Rageblade,Randuin's Omen | Blade of The Ruined King | Guinsoo's Rageblade,Kraken Slayer → Stridebreaker → Death's Dance → Guinsoo's Rageblade → Randuin's Omen ; Kraken Slayer → Stridebreaker → Terminus → Wit's End ; Kraken Slayer → Stridebreaker → Terminus → Death's Dance,Recurve Bow → Rectrix → Hearthbound Axe ; Recurve Bow → Hearthbound Axe → Rectrix ; Hearthbound Axe → Recurve Bow → Rectrix,https://www.onetricks.gg/champions/builds/Belveth
Belveth,jungle,16.19,,Kraken Slayer,Kraken Slayer → Guinsoo's Rageblade,Death's Dance | Randuin's Omen | Stridebreaker,Blade of The Ruined King | Death's Dance | Randuin's Omen,Kaenic Rookern,Kraken Slayer → Guinsoo's Rageblade → Navori Flickerblade → Randuin's Omen → Kaenic Rookern ; Kraken Slayer → Guinsoo's Rageblade → Death's Dance → Blade of The Ruined King ; Kraken Slayer → Guinsoo's Rageblade → Stridebreaker → Blade of The Ruined King,Recurve Bow → Rectrix → Hearthbound Axe ; Recurve Bow → Hearthbound Axe → Rectrix ; Hearthbound Axe → Recurve Bow → Rectrix,https://www.onetricks.gg/champions/builds/Belveth
Belveth,jungle,16.19,,Blade of The Ruined King,Blade of The Ruined King → Stridebreaker,Guinsoo's Rageblade,,,Blade of The Ruined King → Stridebreaker → Guinsoo's Rageblade,Recurve Bow → Pickaxe → Vampiric Scepter ; Pickaxe → Boots → Vampiric Scepter ; Pickaxe → Recurve Bow → Vampiric Scepter,https://www.onetricks.gg/champions/builds/Belveth
Belveth,jungle,16.19,,Blade of The Ruined King,Blade of The Ruined King → Heartsteel,Terminus,,,Blade of The Ruined King → Heartsteel → Terminus,Recurve Bow → Pickaxe → Vampiric Scepter ; Pickaxe → Boots → Vampiric Scepter ; Pickaxe → Recurve Bow → Vampiric Scepter,https://www.onetricks.gg/champions/builds/Belveth
Belveth,jungle,16.19,,Blade of The Ruined King,Blade of The Ruined King → Guinsoo's Rageblade,Wit's End,Black Cleaver,,Blade of The Ruined King → Guinsoo's Rageblade → Wit's End → Black Cleaver,Recurve Bow → Pickaxe → Vampiric Scepter ; Pickaxe → Boots → Vampiric Scepter ; Pickaxe → Recurve Bow → Vampiric Scepter,https://www.onetricks.gg/champions/builds/Belveth
Belveth,jungle,16.19,,Hullbreaker,Hullbreaker → Blade of The Ruined King,Wit's End | Death's Dance,Randuin's Omen,,Hullbreaker → Blade of The Ruined King → Wit's End → Randuin's Omen ; Hullbreaker → Blade of The Ruined King → Death's Dance,Pickaxe → Tunneler → Winged Moonplate,https://www.onetricks.gg/champions/builds/Belveth
Belveth,jungle,16.19,,Yun Tal Wildarrows,Yun Tal Wildarrows → Blade of The Ruined King,Death's Dance,Terminus,,Yun Tal Wildarrows → Blade of The Ruined King → Death's Dance → Terminus,Scout's Slingshot → B. F. Sword → Long Sword,https://www.onetricks.gg/champions/builds/Belveth
Belveth,jungle,16.19,,Spear of Shojin,Spear of Shojin → Stridebreaker,,,,,Tunneler → Pickaxe → Ruby Crystal,https://www.onetricks.gg/champions/builds/Belveth
Belveth,jungle,16.19,,The Collector,The Collector → Stridebreaker,Death's Dance | Randuin's Omen,Wit's End,,The Collector → Stridebreaker → Death's Dance ; The Collector → Stridebreaker → Randuin's Omen → Wit's End,Serrated Dirk → Pickaxe → Cloak of Agility,https://www.onetricks.gg/champions/builds/Belveth
Blitzcrank,supp,16.19,,Mikael's Blessing,Mikael's Blessing → Solstice Sleigh,Locket of the Iron Solari | Knight's Vow,Bandlepipes | Locket of the Iron Solari,,Mikael's Blessing → Solstice Sleigh → Locket of the Iron Solari → Bandlepipes ; Mikael's Blessing → Solstice Sleigh → Knight's Vow → Locket of the Iron Solari,Boots of Swiftness → Forbidden Idol → Kindlegem ; Boots of Swiftness → Kindlegem → Forbidden Idol ; Forbidden Idol → Boots of Swiftness → Kindlegem,https://www.onetricks.gg/champions/builds/Blitzcrank
Brand,bot,16.19,,Blackfire Torch,Blackfire Torch → Liandry's Torment,Rylai's Crystal Scepter | Zhonya's Hourglass | Shadowflame,Void Staff | Shadowflame | Rylai's Crystal Scepter,Bloodletter's Curse | Rylai's Crystal Scepter | Mejai's Soulstealer,Blackfire Torch → Liandry's Torment → Bloodletter's Curse → Rylai's Crystal Scepter ; Blackfire Torch → Liandry's Torment → Rylai's Crystal Scepter → Void Staff ; Blackfire Torch → Liandry's Torment → Rylai's Crystal Scepter → Zhonya's Hourglass,Lost Chapter → Fated Ashes ; Fated Ashes → Lost Chapter,https://www.onetricks.gg/champions/builds/Brand
Brand,bot,16.19,,Blackfire Torch,Blackfire Torch → Rylai's Crystal Scepter,Liandry's Torment | Rabadon's Deathcap | Zhonya's Hourglass,Zhonya's Hourglass | Bloodletter's Curse | Banshee's Veil,Zhonya's Hourglass | Morellonomicon,Blackfire Torch → Rylai's Crystal Scepter → Liandry's Torment → Zhonya's Hourglass ; Blackfire Torch → Rylai's Crystal Scepter → Liandry's Torment → Banshee's Veil ; Blackfire Torch → Rylai's Crystal Scepter → Liandry's Torment → Bloodletter's Curse,Lost Chapter → Fated Ashes ; Fated Ashes → Lost Chapter,https://www.onetricks.gg/champions/builds/Brand
Brand,bot,16.19,,Rylai's Crystal Scepter,Rylai's Crystal Scepter → Liandry's Torment,Zhonya's Hourglass | Shadowflame | Bloodletter's Curse,Morellonomicon | Shadowflame | Rabadon's Deathcap,Shadowflame | Banshee's Veil | Void Staff,Rylai's Crystal Scepter → Liandry's Torment → Zhonya's Hourglass → Morellonomicon ; Rylai's Crystal Scepter → Liandry's Torment → Zhonya's Hourglass → Shadowflame ; Rylai's Crystal Scepter → Liandry's Torment → Shadowflame → Void Staff,Blasting Wand → Giant's Belt → Amplifying Tome,https://www.onetricks.gg/champions/builds/Brand
Brand,bot,16.19,,Liandry's Torment,Liandry's Torment → Rylai's Crystal Scepter,Bloodletter's Curse | Blackfire Torch | Cryptbloom,Zhonya's Hourglass | Bloodletter's Curse | Shadowflame,Blackfire Torch,Liandry's Torment → Rylai's Crystal Scepter → Bloodletter's Curse → Zhonya's Hourglass → Blackfire Torch ; Liandry's Torment → Rylai's Crystal Scepter → Blackfire Torch → Bloodletter's Curse ; Liandry's Torment → Rylai's Crystal Scepter → Cryptbloom → Shadowflame,Fated Ashes → Haunting Guise ; Fated Ashes → Lost Chapter → Haunting Guise ; Haunting Guise → Fated Ashes,https://www.onetricks.gg/champions/builds/Brand
Brand,bot,16.19,,Liandry's Torment,Liandry's Torment → Blackfire Torch,Rylai's Crystal Scepter,Shadowflame | Bloodletter's Curse,,Liandry's Torment → Blackfire Torch → Rylai's Crystal Scepter → Shadowflame ; Liandry's Torment → Blackfire Torch → Rylai's Crystal Scepter → Bloodletter's Curse,Fated Ashes → Haunting Guise ; Fated Ashes → Lost Chapter → Haunting Guise ; Haunting Guise → Fated Ashes,https://www.onetricks.gg/champions/builds/Brand
Braum,supp,16.19,,all,Solstice Sleigh → Locket of the Iron Solari,Knight's Vow | Bandlepipes | Protoplasm Harness,Knight's Vow | Thornmail | Protoplasm Harness,Thornmail | Frozen Heart | Kaenic Rookern,Solstice Sleigh → Locket of the Iron Solari → Knight's Vow → Protoplasm Harness ; Solstice Sleigh → Locket of the Iron Solari → Knight's Vow → Bandlepipes ; Solstice Sleigh → Locket of the Iron Solari → Knight's Vow → Thornmail,Boots → Kindlegem → Cloth Armor ; Plated Steelcaps → Kindlegem → Cloth Armor ; Kindlegem → Null-Magic Mantle → Cloth Armor,https://www.onetricks.gg/champions/builds/Braum
Braum,supp,16.19,,all,Solstice Sleigh → Bandlepipes,Knight's Vow | Locket of the Iron Solari | Zeke's Convergence,Locket of the Iron Solari | Knight's Vow | Frozen Heart,Frozen Heart,Solstice Sleigh → Bandlepipes → Knight's Vow → Locket of the Iron Solari ; Solstice Sleigh → Bandlepipes → Locket of the Iron Solari → Knight's Vow ; Solstice Sleigh → Bandlepipes → Knight's Vow → Protoplasm Harness,Boots → Kindlegem → Cloth Armor ; Plated Steelcaps → Kindlegem → Cloth Armor ; Kindlegem → Null-Magic Mantle → Cloth Armor,https://www.onetricks.gg/champions/builds/Braum
Braum,supp,16.19,,all,Solstice Sleigh → Knight's Vow,Locket of the Iron Solari | Protoplasm Harness | Bandlepipes,Thornmail | Locket of the Iron Solari | Protoplasm Harness,Kaenic Rookern | Protoplasm Harness,Solstice Sleigh → Knight's Vow → Bandlepipes → Locket of the Iron Solari ; Solstice Sleigh → Knight's Vow → Locket of the Iron Solari → Thornmail ; Solstice Sleigh → Knight's Vow → Bandlepipes → Protoplasm Harness,Boots → Kindlegem → Cloth Armor ; Plated Steelcaps → Kindlegem → Cloth Armor ; Kindlegem → Null-Magic Mantle → Cloth Armor,https://www.onetricks.gg/champions/builds/Braum
Braum,supp,16.19,,all,Celestial Opposition → Locket of the Iron Solari,Knight's Vow | Bandlepipes | Mikael's Blessing,Bandlepipes | Frozen Heart | Knight's Vow,Zeke's Convergence,Celestial Opposition → Locket of the Iron Solari → Knight's Vow → Bandlepipes ; Celestial Opposition → Locket of the Iron Solari → Knight's Vow → Frozen Heart ; Celestial Opposition → Locket of the Iron Solari → Bandlepipes → Knight's Vow,Boots → Kindlegem → Cloth Armor ; Plated Steelcaps → Kindlegem → Cloth Armor ; Kindlegem → Null-Magic Mantle → Cloth Armor,https://www.onetricks.gg/champions/builds/Braum
Briar,jungle,16.19,,Titanic Hydra,Titanic Hydra → Black Cleaver,Death's Dance | Sterak's Gage | Spirit Visage,Spirit Visage | Endless Hunger | Guardian Angel,Guardian Angel | Spirit Visage | Endless Hunger,Titanic Hydra → Black Cleaver → Death's Dance → Spirit Visage ; Titanic Hydra → Black Cleaver → Death's Dance → Endless Hunger ; Titanic Hydra → Black Cleaver → Death's Dance → Guardian Angel,Tunneler → Boots → Tiamat ; Tunneler → Tiamat → Giant's Belt ; Boots → Tunneler → Tiamat,https://www.onetricks.gg/champions/builds/Briar
Briar,jungle,16.19,,The Collector,The Collector → Titanic Hydra,Lord Dominik's Regards | Mortal Reminder | Death's Dance,Death's Dance | Infinity Edge | Lord Dominik's Regards,Guardian Angel | Infinity Edge | Lord Dominik's Regards,The Collector → Titanic Hydra → Lord Dominik's Regards → Death's Dance ; The Collector → Titanic Hydra → Lord Dominik's Regards → Infinity Edge ; The Collector → Titanic Hydra → Mortal Reminder → Death's Dance,Pickaxe → Serrated Dirk → Cloak of Agility ; Serrated Dirk → Pickaxe → Cloak of Agility ; Pickaxe → Serrated Dirk → Boots,https://www.onetricks.gg/champions/builds/Briar
Briar,jungle,16.19,,The Collector,The Collector → Profane Hydra,Lord Dominik's Regards | Mortal Reminder | Edge of Night,Guardian Angel | Lord Dominik's Regards | Endless Hunger,Guardian Angel | Randuin's Omen | Endless Hunger,The Collector → Profane Hydra → Lord Dominik's Regards → Guardian Angel → Randuin's Omen ; The Collector → Profane Hydra → Lord Dominik's Regards → Guardian Angel → Endless Hunger ; The Collector → Profane Hydra → Edge of Night → Guardian Angel,Pickaxe → Serrated Dirk → Cloak of Agility ; Serrated Dirk → Pickaxe → Cloak of Agility ; Pickaxe → Serrated Dirk → Boots,https://www.onetricks.gg/champions/builds/Briar
Briar,jungle,16.19,,The Collector,The Collector → Serpent's Fang,Lord Dominik's Regards | Profane Hydra | Mortal Reminder,Guardian Angel | Lord Dominik's Regards | Edge of Night,,The Collector → Serpent's Fang → Mortal Reminder → Immortal Shieldbow ; The Collector → Serpent's Fang → Lord Dominik's Regards → Guardian Angel ; The Collector → Serpent's Fang → Lord Dominik's Regards → Edge of Night,Pickaxe → Serrated Dirk → Cloak of Agility ; Serrated Dirk → Pickaxe → Cloak of Agility ; Pickaxe → Serrated Dirk → Boots,https://www.onetricks.gg/champions/builds/Briar
Briar,jungle,16.19,,Black Cleaver,Black Cleaver → Titanic Hydra,Guardian Angel | Death's Dance | Sterak's Gage,Death's Dance,,Black Cleaver → Titanic Hydra → Guardian Angel ; Black Cleaver → Titanic Hydra → Death's Dance ; Black Cleaver → Titanic Hydra → Sterak's Gage → Death's Dance,Phage → Pickaxe → Kindlegem ; Phage → Kindlegem → Cloth Armor ; Boots → Phage → Kindlegem,https://www.onetricks.gg/champions/builds/Briar
Briar,jungle,16.19,,Eclipse,Eclipse → Black Cleaver,Death's Dance | Maw of Malmortius | Serpent's Fang,Guardian Angel,,Eclipse → Black Cleaver → Death's Dance → Guardian Angel ; Eclipse → Black Cleaver → Maw of Malmortius ; Eclipse → Black Cleaver → Serpent's Fang,Pickaxe → Boots → Caulfield's Warhammer ; Pickaxe → Caulfield's Warhammer → Long Sword,https://www.onetricks.gg/champions/builds/Briar
Briar,jungle,16.19,,Hubris,Hubris → The Collector,Titanic Hydra | Lord Dominik's Regards,Death's Dance,Infinity Edge,Hubris → The Collector → Titanic Hydra → Death's Dance ; Hubris → The Collector → Lord Dominik's Regards ; Hubris → The Collector → Titanic Hydra → Death's Dance → Infinity Edge,Serrated Dirk ; Serrated Dirk → Boots → Caulfield's Warhammer ; Boots → Serrated Dirk → Caulfield's Warhammer,https://www.onetricks.gg/champions/builds/Briar
Briar,jungle,16.19,,Blade of The Ruined King,Blade of The Ruined King → Black Cleaver,Death's Dance | Spirit Visage,Spirit Visage | Death's Dance,Endless Hunger,Blade of The Ruined King → Black Cleaver → Death's Dance → Spirit Visage → Endless Hunger ; Blade of The Ruined King → Black Cleaver → Spirit Visage → Death's Dance → Endless Hunger,Pickaxe → Recurve Bow → Vampiric Scepter,https://www.onetricks.gg/champions/builds/Briar
Caitlyn,bot,16.19,,Hexoptics C44,Hexoptics C44 → Infinity Edge,Lord Dominik's Regards | Mortal Reminder | Rapid Firecannon,Rapid Firecannon | Immortal Shieldbow | Lord Dominik's Regards,Bloodthirster | Guardian Angel | Mercurial Scimitar,Hexoptics C44 → Infinity Edge → Lord Dominik's Regards → Rapid Firecannon ; Hexoptics C44 → Infinity Edge → Lord Dominik's Regards → Immortal Shieldbow ; Hexoptics C44 → Infinity Edge → Mortal Reminder → Rapid Firecannon,Pickaxe → Noonquiver → Long Sword ; Cull → Pickaxe → Noonquiver ; Pickaxe → Cloak of Agility → Noonquiver,https://www.onetricks.gg/champions/builds/Caitlyn
Caitlyn,bot,16.19,,Hexoptics C44,Hexoptics C44 → Lord Dominik's Regards,Infinity Edge,Rapid Firecannon,,Hexoptics C44 → Lord Dominik's Regards → Infinity Edge → Rapid Firecannon,Pickaxe → Noonquiver → Long Sword ; Cull → Pickaxe → Noonquiver ; Pickaxe → Cloak of Agility → Noonquiver,https://www.onetricks.gg/champions/builds/Caitlyn
Caitlyn,bot,16.19,,The Collector,The Collector → Infinity Edge,Lord Dominik's Regards | Mortal Reminder | Hexoptics C44,Rapid Firecannon | Hexoptics C44 | Phantom Dancer,Guardian Angel | Bloodthirster | Voltaic Cyclosword,The Collector → Infinity Edge → Lord Dominik's Regards → Rapid Firecannon ; The Collector → Infinity Edge → Hexoptics C44 → Rapid Firecannon → Guardian Angel ; The Collector → Infinity Edge → Lord Dominik's Regards → Rapid Firecannon → Guardian Angel,Pickaxe → Serrated Dirk → Cloak of Agility ; Serrated Dirk → Pickaxe → Cloak of Agility ; Cull → Serrated Dirk → Pickaxe,https://www.onetricks.gg/champions/builds/Caitlyn
Caitlyn,bot,16.19,,The Collector,The Collector → Hexoptics C44,Infinity Edge,Mortal Reminder,,The Collector → Hexoptics C44 → Infinity Edge → Mortal Reminder,Pickaxe → Serrated Dirk → Cloak of Agility ; Serrated Dirk → Pickaxe → Cloak of Agility ; Cull → Serrated Dirk → Pickaxe,https://www.onetricks.gg/champions/builds/Caitlyn
Caitlyn,bot,16.19,,The Collector,The Collector → Mortal Reminder,Infinity Edge,Hexoptics C44 | Rapid Firecannon,,The Collector → Mortal Reminder → Infinity Edge → Hexoptics C44 ; The Collector → Mortal Reminder → Infinity Edge → Rapid Firecannon,Pickaxe → Serrated Dirk → Cloak of Agility ; Serrated Dirk → Pickaxe → Cloak of Agility ; Cull → Serrated Dirk → Pickaxe,https://www.onetricks.gg/champions/builds/Caitlyn
Caitlyn,bot,16.19,,Deprecated item,Deprecated item → Infinity Edge,Lord Dominik's Regards | Rapid Firecannon | Mortal Reminder,Mortal Reminder | Guardian Angel | Lord Dominik's Regards,The Collector | Mercurial Scimitar | Edge of Night,Deprecated item → Infinity Edge → Rapid Firecannon → Mortal Reminder ; Deprecated item → Infinity Edge → Maw of Malmortius → Mortal Reminder → Mercurial Scimitar ; Deprecated item → Infinity Edge → Rapid Firecannon → Mortal Reminder → The Collector,B. F. Sword → Scout's Slingshot → Cloak of Agility ; B. F. Sword → Cloak of Agility → Scout's Slingshot ; Cull → B. F. Sword → Cloak of Agility,https://www.onetricks.gg/champions/builds/Caitlyn
Caitlyn,bot,16.19,,Hubris,Hubris → The Collector,Lord Dominik's Regards | Infinity Edge,Lord Dominik's Regards | Infinity Edge,Rapid Firecannon | Hexoptics C44,Hubris → The Collector → Infinity Edge → Lord Dominik's Regards ; Hubris → The Collector → Lord Dominik's Regards → Infinity Edge → Rapid Firecannon ; Hubris → The Collector → Infinity Edge → Lord Dominik's Regards → Hexoptics C44,Serrated Dirk → Caulfield's Warhammer ; Cull → Serrated Dirk → Caulfield's Warhammer ; Serrated Dirk → Cull → Caulfield's Warhammer,https://www.onetricks.gg/champions/builds/Caitlyn
Caitlyn,bot,16.19,,Yun Tal Wildarrows,Yun Tal Wildarrows → Infinity Edge,Mortal Reminder | Lord Dominik's Regards,Rapid Firecannon | Phantom Dancer,Bloodthirster,Yun Tal Wildarrows → Infinity Edge → Lord Dominik's Regards → Rapid Firecannon → Bloodthirster ; Yun Tal Wildarrows → Infinity Edge → Mortal Reminder → Phantom Dancer,Cull → B. F. Sword → Scout's Slingshot ; B. F. Sword → Scout's Slingshot → Long Sword,https://www.onetricks.gg/champions/builds/Caitlyn
Caitlyn,bot,16.19,,Infinity Edge,Infinity Edge → Hexoptics C44,Phantom Dancer | Lord Dominik's Regards | Mortal Reminder,Immortal Shieldbow | Deprecated item,Bloodthirster,Infinity Edge → Hexoptics C44 → Lord Dominik's Regards → Immortal Shieldbow → Bloodthirster ; Infinity Edge → Hexoptics C44 → Mortal Reminder → Deprecated item → Bloodthirster,B. F. Sword → Pickaxe → Cloak of Agility ; B. F. Sword → Pickaxe → Berserker's Greaves,https://www.onetricks.gg/champions/builds/Caitlyn
Caitlyn,bot,16.19,,Infinity Edge,Infinity Edge → Lord Dominik's Regards,Rapid Firecannon,Guardian Angel,Bloodthirster | Randuin's Omen,Infinity Edge → Lord Dominik's Regards → Rapid Firecannon → Guardian Angel → Bloodthirster ; Infinity Edge → Lord Dominik's Regards → Rapid Firecannon → Guardian Angel → Randuin's Omen,B. F. Sword → Pickaxe → Cloak of Agility ; B. F. Sword → Pickaxe → Berserker's Greaves,https://www.onetricks.gg/champions/builds/Caitlyn
Camille,top,16.19,,Trinity Force,Trinity Force → Ravenous Hydra,Death's Dance | Sterak's Gage | Spear of Shojin,Death's Dance | Guardian Angel | Sterak's Gage,Guardian Angel | Chempunk Chainsword | Force of Nature,Trinity Force → Ravenous Hydra → Death's Dance → Sterak's Gage ; Trinity Force → Ravenous Hydra → Sterak's Gage → Death's Dance ; Trinity Force → Ravenous Hydra → Death's Dance → Guardian Angel,Sheen → Phage → Hearthbound Axe ; Phage → Sheen → Hearthbound Axe ; Sheen → Hearthbound Axe → Phage,https://www.onetricks.gg/champions/builds/Camille
Camille,top,16.19,,Trinity Force,Trinity Force → Death's Dance,Guardian Angel | Ravenous Hydra | Titanic Hydra,Guardian Angel,,Trinity Force → Death's Dance → Guardian Angel ; Trinity Force → Death's Dance → Ravenous Hydra ; Trinity Force → Death's Dance → Titanic Hydra → Guardian Angel,Sheen → Phage → Hearthbound Axe ; Phage → Sheen → Hearthbound Axe ; Sheen → Hearthbound Axe → Phage,https://www.onetricks.gg/champions/builds/Camille
Cassiopeia,mid,16.19,,Rod of Ages,Rod of Ages → Seraph's Embrace,Rylai's Crystal Scepter | Liandry's Torment | Zhonya's Hourglass,Zhonya's Hourglass | Rylai's Crystal Scepter | Hextech Rocketbelt,Cryptbloom | Zhonya's Hourglass | Cosmic Drive,Rod of Ages → Seraph's Embrace → Rylai's Crystal Scepter → Zhonya's Hourglass ; Rod of Ages → Seraph's Embrace → Rylai's Crystal Scepter → Hextech Rocketbelt ; Rod of Ages → Seraph's Embrace → Rylai's Crystal Scepter → Bloodletter's Curse,Tear of the Goddess → Catalyst of Aeons → Blasting Wand ; Dark Seal → Catalyst of Aeons → Blasting Wand ; Dark Seal → Boots of Swiftness → Blasting Wand,https://www.onetricks.gg/champions/builds/Cassiopeia
Cassiopeia,mid,16.19,,Rod of Ages,Rod of Ages → Rylai's Crystal Scepter,Hextech Rocketbelt | Seraph's Embrace | Mejai's Soulstealer,Mejai's Soulstealer | Liandry's Torment | Shurelya's Battlesong,Cosmic Drive,Rod of Ages → Rylai's Crystal Scepter → Zhonya's Hourglass → Liandry's Torment ; Rod of Ages → Rylai's Crystal Scepter → Mejai's Soulstealer → Shurelya's Battlesong ; Rod of Ages → Rylai's Crystal Scepter → Hextech Rocketbelt → Cryptbloom,Tear of the Goddess → Catalyst of Aeons → Blasting Wand ; Dark Seal → Catalyst of Aeons → Blasting Wand ; Dark Seal → Boots of Swiftness → Blasting Wand,https://www.onetricks.gg/champions/builds/Cassiopeia
Cassiopeia,mid,16.19,,Rod of Ages,Rod of Ages → Hextech Rocketbelt,Rylai's Crystal Scepter | Void Staff | Mejai's Soulstealer,Mejai's Soulstealer | Rabadon's Deathcap | Bloodletter's Curse,Rabadon's Deathcap | Mejai's Soulstealer,Rod of Ages → Hextech Rocketbelt → Rylai's Crystal Scepter → Mejai's Soulstealer ; Rod of Ages → Hextech Rocketbelt → Rylai's Crystal Scepter → Rabadon's Deathcap ; Rod of Ages → Hextech Rocketbelt → Rylai's Crystal Scepter → Bloodletter's Curse → Rabadon's Deathcap,Tear of the Goddess → Catalyst of Aeons → Blasting Wand ; Dark Seal → Catalyst of Aeons → Blasting Wand ; Dark Seal → Boots of Swiftness → Blasting Wand,https://www.onetricks.gg/champions/builds/Cassiopeia
Cassiopeia,mid,16.19,,Seraph's Embrace,Seraph's Embrace → Rylai's Crystal Scepter,Zhonya's Hourglass | Cryptbloom | Hextech Rocketbelt,Banshee's Veil | Shadowflame | Zhonya's Hourglass,Rabadon's Deathcap,Seraph's Embrace → Rylai's Crystal Scepter → Cryptbloom → Banshee's Veil ; Seraph's Embrace → Rylai's Crystal Scepter → Cosmic Drive → Shadowflame ; Seraph's Embrace → Rylai's Crystal Scepter → Zhonya's Hourglass → Rabadon's Deathcap,Tear of the Goddess → Lost Chapter ; Dark Seal → Lost Chapter ; Tear of the Goddess → Dark Seal → Lost Chapter,https://www.onetricks.gg/champions/builds/Cassiopeia
Cassiopeia,mid,16.19,,Seraph's Embrace,Seraph's Embrace → Cosmic Drive,Rylai's Crystal Scepter | Shadowflame | Rabadon's Deathcap,Rylai's Crystal Scepter | Shadowflame | Mejai's Soulstealer,Banshee's Veil,Seraph's Embrace → Cosmic Drive → Rylai's Crystal Scepter → Shadowflame ; Seraph's Embrace → Cosmic Drive → Shadowflame → Rylai's Crystal Scepter ; Seraph's Embrace → Cosmic Drive → Liandry's Torment → Rylai's Crystal Scepter → Banshee's Veil,Tear of the Goddess → Lost Chapter ; Dark Seal → Lost Chapter ; Tear of the Goddess → Dark Seal → Lost Chapter,https://www.onetricks.gg/champions/builds/Cassiopeia
Cassiopeia,mid,16.19,,Rylai's Crystal Scepter,Rylai's Crystal Scepter → Seraph's Embrace,Rabadon's Deathcap | Void Staff | Hextech Rocketbelt,Zhonya's Hourglass | Void Staff | Rabadon's Deathcap,Zhonya's Hourglass | Rabadon's Deathcap,Rylai's Crystal Scepter → Seraph's Embrace → Rabadon's Deathcap → Zhonya's Hourglass ; Rylai's Crystal Scepter → Seraph's Embrace → Liandry's Torment → Void Staff → Zhonya's Hourglass ; Rylai's Crystal Scepter → Seraph's Embrace → Rabadon's Deathcap → Cryptbloom,Tear of the Goddess → Boots of Swiftness → Blasting Wand ; Tear of the Goddess → Dark Seal → Blasting Wand ; Tear of the Goddess → Dark Seal → Boots of Swiftness,https://www.onetricks.gg/champions/builds/Cassiopeia
Cassiopeia,mid,16.19,,Blackfire Torch,Blackfire Torch → Seraph's Embrace,Rylai's Crystal Scepter | Zhonya's Hourglass | Void Staff,Rabadon's Deathcap,,Blackfire Torch → Seraph's Embrace → Rylai's Crystal Scepter ; Blackfire Torch → Seraph's Embrace → Zhonya's Hourglass ; Blackfire Torch → Seraph's Embrace → Void Staff → Rabadon's Deathcap,Dark Seal → Boots of Swiftness → Lost Chapter ; Tear of the Goddess → Lost Chapter → Boots of Swiftness ; Tear of the Goddess → Lost Chapter → Fated Ashes,https://www.onetricks.gg/champions/builds/Cassiopeia
Cassiopeia,mid,16.19,,Blackfire Torch,Blackfire Torch → Rylai's Crystal Scepter,Hextech Rocketbelt | Zhonya's Hourglass | Liandry's Torment,Bloodletter's Curse,,Blackfire Torch → Rylai's Crystal Scepter → Hextech Rocketbelt → Bloodletter's Curse ; Blackfire Torch → Rylai's Crystal Scepter → Zhonya's Hourglass → Bloodletter's Curse ; Blackfire Torch → Rylai's Crystal Scepter → Bloodletter's Curse,Dark Seal → Boots of Swiftness → Lost Chapter ; Tear of the Goddess → Lost Chapter → Boots of Swiftness ; Tear of the Goddess → Lost Chapter → Fated Ashes,https://www.onetricks.gg/champions/builds/Cassiopeia
Chogath,top,16.19,,Hextech Rocketbelt,Hextech Rocketbelt → Riftmaker,Dead Man's Plate | Shadowflame | Kaenic Rookern,"Dead Man's Plate | Jak'Sho, The Protean | Mejai's Soulstealer",Force of Nature | Kaenic Rookern | Randuin's Omen,"Hextech Rocketbelt → Riftmaker → Dead Man's Plate → Jak'Sho, The Protean ; Hextech Rocketbelt → Riftmaker → Kaenic Rookern → Dead Man's Plate ; Hextech Rocketbelt → Riftmaker → Mejai's Soulstealer → Dead Man's Plate",Hextech Alternator → Kindlegem → Fiendish Codex ; Dark Seal → Hextech Alternator → Fiendish Codex ; Dark Seal → Plated Steelcaps → Hextech Alternator,https://www.onetricks.gg/champions/builds/Chogath
Chogath,top,16.19,,Hextech Rocketbelt,Hextech Rocketbelt → Dead Man's Plate,"Riftmaker | Jak'Sho, The Protean",Randuin's Omen | Zhonya's Hourglass,Morellonomicon,Hextech Rocketbelt → Dead Man's Plate → Riftmaker → Randuin's Omen ; Hextech Rocketbelt → Dead Man's Plate → Riftmaker → Zhonya's Hourglass → Morellonomicon,Hextech Alternator → Kindlegem → Fiendish Codex ; Dark Seal → Hextech Alternator → Fiendish Codex ; Dark Seal → Plated Steelcaps → Hextech Alternator,https://www.onetricks.gg/champions/builds/Chogath
Chogath,top,16.19,,Hextech Rocketbelt,Hextech Rocketbelt → Frozen Heart,Knight's Vow | Kaenic Rookern,"Thornmail | Imperial Mandate | Jak'Sho, The Protean",Dead Man's Plate,"Hextech Rocketbelt → Frozen Heart → Knight's Vow → Thornmail ; Hextech Rocketbelt → Frozen Heart → Knight's Vow → Imperial Mandate ; Hextech Rocketbelt → Frozen Heart → Knight's Vow → Jak'Sho, The Protean",Hextech Alternator → Kindlegem → Fiendish Codex ; Dark Seal → Hextech Alternator → Fiendish Codex ; Dark Seal → Plated Steelcaps → Hextech Alternator,https://www.onetricks.gg/champions/builds/Chogath
Chogath,top,16.19,,Heartsteel,Heartsteel → Dead Man's Plate,Kaenic Rookern | Mejai's Soulstealer | Riftmaker,Riftmaker | Hextech Rocketbelt,Knight's Vow,Heartsteel → Dead Man's Plate → Mejai's Soulstealer → Riftmaker ; Heartsteel → Dead Man's Plate → Force of Nature → Hextech Rocketbelt → Knight's Vow,Giant's Belt → Giant's Belt → Crystalline Bracer ; Dark Seal → Giant's Belt → Giant's Belt ; Dark Seal → Spectre's Cowl → Giant's Belt,https://www.onetricks.gg/champions/builds/Chogath
Chogath,top,16.19,,Heartsteel,Heartsteel → Unending Despair,Hollow Radiance | Spirit Visage | Kaenic Rookern,Thornmail,Dead Man's Plate,Heartsteel → Unending Despair → Hollow Radiance → Thornmail → Dead Man's Plate ; Heartsteel → Unending Despair → Spirit Visage,Giant's Belt → Giant's Belt → Crystalline Bracer ; Dark Seal → Giant's Belt → Giant's Belt ; Dark Seal → Spectre's Cowl → Giant's Belt,https://www.onetricks.gg/champions/builds/Chogath
Chogath,top,16.19,,Riftmaker,Riftmaker → Dead Man's Plate,Kaenic Rookern | Thornmail | Force of Nature,Randuin's Omen | Kaenic Rookern | Rabadon's Deathcap,,Riftmaker → Dead Man's Plate → Thornmail → Randuin's Omen ; Riftmaker → Dead Man's Plate → Kaenic Rookern → Randuin's Omen ; Riftmaker → Dead Man's Plate → Thornmail → Kaenic Rookern,Dark Seal → Haunting Guise → Fiendish Codex ; Haunting Guise → Fiendish Codex ; Bramble Vest → Dark Seal → Haunting Guise,https://www.onetricks.gg/champions/builds/Chogath
Chogath,top,16.19,,Riftmaker,Riftmaker → Hextech Rocketbelt,Warmog's Armor,"Jak'Sho, The Protean",,"Riftmaker → Hextech Rocketbelt → Warmog's Armor → Jak'Sho, The Protean",Dark Seal → Haunting Guise → Fiendish Codex ; Haunting Guise → Fiendish Codex ; Bramble Vest → Dark Seal → Haunting Guise,https://www.onetricks.gg/champions/builds/Chogath
Chogath,top,16.19,,Riftmaker,Riftmaker → Kaenic Rookern,Dead Man's Plate | Heartsteel,Randuin's Omen | Dead Man's Plate,Titanic Hydra,Riftmaker → Kaenic Rookern → Dead Man's Plate → Randuin's Omen ; Riftmaker → Kaenic Rookern → Heartsteel → Dead Man's Plate → Titanic Hydra,Dark Seal → Haunting Guise → Fiendish Codex ; Haunting Guise → Fiendish Codex ; Bramble Vest → Dark Seal → Haunting Guise,https://www.onetricks.gg/champions/builds/Chogath
Chogath,top,16.19,,Liandry's Torment,Liandry's Torment → Riftmaker,Hextech Rocketbelt | Mejai's Soulstealer | Bloodletter's Curse,Hextech Rocketbelt | Morellonomicon | Horizon Focus,,Liandry's Torment → Riftmaker → Hextech Rocketbelt → Morellonomicon ; Liandry's Torment → Riftmaker → Hextech Rocketbelt → Horizon Focus ; Liandry's Torment → Riftmaker → Mejai's Soulstealer → Hextech Rocketbelt,Haunting Guise → Fated Ashes ; Fated Ashes → Haunting Guise ; Dark Seal → Haunting Guise → Fated Ashes,https://www.onetricks.gg/champions/builds/Chogath
Chogath,top,16.19,,Dead Man's Plate,Dead Man's Plate → Hextech Rocketbelt,Force of Nature | Riftmaker,Force of Nature,,Dead Man's Plate → Hextech Rocketbelt → Riftmaker → Force of Nature ; Dead Man's Plate → Hextech Rocketbelt → Force of Nature,Chain Vest → Winged Moonplate → Ruby Crystal ; Winged Moonplate → Chain Vest → Ruby Crystal ; Plated Steelcaps → Winged Moonplate → Chain Vest,https://www.onetricks.gg/champions/builds/Chogath
Chogath,top,16.19,,Dead Man's Plate,Dead Man's Plate → Force of Nature,Sunfire Aegis | Frozen Heart,,,Dead Man's Plate → Force of Nature → Sunfire Aegis ; Dead Man's Plate → Force of Nature → Frozen Heart,Chain Vest → Winged Moonplate → Ruby Crystal ; Winged Moonplate → Chain Vest → Ruby Crystal ; Plated Steelcaps → Winged Moonplate → Chain Vest,https://www.onetricks.gg/champions/builds/Chogath
Chogath,top,16.19,,Dead Man's Plate,Dead Man's Plate → Riftmaker,Bloodletter's Curse | Force of Nature,,,Dead Man's Plate → Riftmaker → Bloodletter's Curse ; Dead Man's Plate → Riftmaker → Force of Nature,Chain Vest → Winged Moonplate → Ruby Crystal ; Winged Moonplate → Chain Vest → Ruby Crystal ; Plated Steelcaps → Winged Moonplate → Chain Vest,https://www.onetricks.gg/champions/builds/Chogath
Chogath,top,16.19,,Kaenic Rookern,Kaenic Rookern → Riftmaker,Dead Man's Plate,Randuin's Omen,,Kaenic Rookern → Riftmaker → Dead Man's Plate → Randuin's Omen,Spectre's Cowl → Negatron Cloak,https://www.onetricks.gg/champions/builds/Chogath
Corki,bot,16.19,,Essence Reaver,Essence Reaver → The Collector,Infinity Edge | Lord Dominik's Regards | Mortal Reminder,Infinity Edge | Lord Dominik's Regards | Immortal Shieldbow,Guardian Angel | Bloodthirster | Mercurial Scimitar,Essence Reaver → The Collector → Infinity Edge → Lord Dominik's Regards ; Essence Reaver → The Collector → Lord Dominik's Regards → Infinity Edge ; Essence Reaver → The Collector → Infinity Edge → Immortal Shieldbow,Sheen → Caulfield's Warhammer → Cloak of Agility ; Caulfield's Warhammer → Sheen → Cloak of Agility ; Cull → Sheen → Caulfield's Warhammer,https://www.onetricks.gg/champions/builds/Corki
Corki,bot,16.19,,Essence Reaver,Essence Reaver → Infinity Edge,Lord Dominik's Regards | Hexoptics C44 | Rapid Firecannon,Immortal Shieldbow | Rapid Firecannon | Guardian Angel,Guardian Angel | Bloodthirster | Mercurial Scimitar,Essence Reaver → Infinity Edge → Lord Dominik's Regards → Immortal Shieldbow ; Essence Reaver → Infinity Edge → Lord Dominik's Regards → Rapid Firecannon → Bloodthirster ; Essence Reaver → Infinity Edge → Lord Dominik's Regards → The Collector → Guardian Angel,Sheen → Caulfield's Warhammer → Cloak of Agility ; Caulfield's Warhammer → Sheen → Cloak of Agility ; Cull → Sheen → Caulfield's Warhammer,https://www.onetricks.gg/champions/builds/Corki
Corki,bot,16.19,,Trinity Force,Trinity Force → Muramana,Lord Dominik's Regards | The Collector | Mortal Reminder,Infinity Edge | Immortal Shieldbow | Lord Dominik's Regards,The Collector | Mortal Reminder | Rapid Firecannon,Trinity Force → Muramana → Lord Dominik's Regards → Infinity Edge ; Trinity Force → Muramana → The Collector → Infinity Edge ; Trinity Force → Muramana → Mortal Reminder → Immortal Shieldbow,Tear of the Goddess → Phage → Hearthbound Axe ; Tear of the Goddess → Sheen → Phage ; Tear of the Goddess → Phage → Sheen,https://www.onetricks.gg/champions/builds/Corki
Corki,bot,16.19,,Trinity Force,Trinity Force → The Collector,Muramana,Infinity Edge,,Trinity Force → The Collector → Muramana → Infinity Edge,Tear of the Goddess → Phage → Hearthbound Axe ; Tear of the Goddess → Sheen → Phage ; Tear of the Goddess → Phage → Sheen,https://www.onetricks.gg/champions/builds/Corki
Corki,bot,16.19,,Serpent's Fang,Serpent's Fang → Muramana,Voltaic Cyclosword,Maw of Malmortius | Serylda's Grudge,,Serpent's Fang → Muramana → Voltaic Cyclosword → Serylda's Grudge ; Serpent's Fang → Muramana → Voltaic Cyclosword → Maw of Malmortius,Tear of the Goddess → Serrated Dirk → Pickaxe ; Serrated Dirk → Tear of the Goddess → Pickaxe,https://www.onetricks.gg/champions/builds/Corki
Corki,bot,16.19,,Serpent's Fang,Serpent's Fang → Bastionbreaker,Muramana,Voltaic Cyclosword,,Serpent's Fang → Bastionbreaker → Muramana → Voltaic Cyclosword,Tear of the Goddess → Serrated Dirk → Pickaxe ; Serrated Dirk → Tear of the Goddess → Pickaxe,https://www.onetricks.gg/champions/builds/Corki
Corki,bot,16.19,,Spear of Shojin,Spear of Shojin → Muramana,Lord Dominik's Regards,,,Spear of Shojin → Muramana → Lord Dominik's Regards,Tear of the Goddess → Pickaxe → Tunneler ; Tunneler → Gluttonous Greaves → Pickaxe,https://www.onetricks.gg/champions/builds/Corki
Corki,bot,16.19,,The Collector,The Collector → Essence Reaver,Infinity Edge | Mortal Reminder,Lord Dominik's Regards | Mortal Reminder,Rapid Firecannon,The Collector → Essence Reaver → Infinity Edge → Lord Dominik's Regards → Rapid Firecannon ; The Collector → Essence Reaver → Infinity Edge → Mortal Reminder,Serrated Dirk → Pickaxe → Cloak of Agility,https://www.onetricks.gg/champions/builds/Corki
Corki,bot,16.19,,Muramana,Muramana → Hexoptics C44,Lord Dominik's Regards | The Collector,,,Muramana → Hexoptics C44 → The Collector ; Muramana → Hexoptics C44 → Lord Dominik's Regards,Tear of the Goddess → Caulfield's Warhammer ; Caulfield's Warhammer → Tear of the Goddess,https://www.onetricks.gg/champions/builds/Corki
Darius,top,16.19,,Youmuu's Ghostblade,Youmuu's Ghostblade → Dead Man's Plate,Death's Dance | Force of Nature | Sterak's Gage,Force of Nature | Death's Dance | Sterak's Gage,Death's Dance | Randuin's Omen | Mortal Reminder,Youmuu's Ghostblade → Dead Man's Plate → Death's Dance → Mercurial Scimitar ; Youmuu's Ghostblade → Dead Man's Plate → Death's Dance → Force of Nature ; Youmuu's Ghostblade → Dead Man's Plate → Force of Nature → Death's Dance,Serrated Dirk → Rectrix → Long Sword ; Rectrix → Serrated Dirk → Long Sword ; Plated Steelcaps → Serrated Dirk → Rectrix,https://www.onetricks.gg/champions/builds/Darius
Darius,top,16.19,,Youmuu's Ghostblade,Youmuu's Ghostblade → Force of Nature,Sterak's Gage | Dead Man's Plate | Death's Dance,Sterak's Gage | Dead Man's Plate | Spear of Shojin,,Youmuu's Ghostblade → Force of Nature → Sterak's Gage → Dead Man's Plate ; Youmuu's Ghostblade → Force of Nature → Dead Man's Plate → Sterak's Gage ; Youmuu's Ghostblade → Force of Nature → Dead Man's Plate → Spear of Shojin,Serrated Dirk → Rectrix → Long Sword ; Rectrix → Serrated Dirk → Long Sword ; Plated Steelcaps → Serrated Dirk → Rectrix,https://www.onetricks.gg/champions/builds/Darius
Darius,top,16.19,,Youmuu's Ghostblade,Youmuu's Ghostblade → Death's Dance,Dead Man's Plate | Chempunk Chainsword | Force of Nature,Mercurial Scimitar | Randuin's Omen,"Jak'Sho, The Protean","Youmuu's Ghostblade → Death's Dance → Force of Nature → Mercurial Scimitar ; Youmuu's Ghostblade → Death's Dance → Sterak's Gage → Randuin's Omen → Jak'Sho, The Protean",Serrated Dirk → Rectrix → Long Sword ; Rectrix → Serrated Dirk → Long Sword ; Plated Steelcaps → Serrated Dirk → Rectrix,https://www.onetricks.gg/champions/builds/Darius
Darius,top,16.19,,Youmuu's Ghostblade,Youmuu's Ghostblade → Sterak's Gage,Dead Man's Plate | Thornmail | Force of Nature,Death's Dance | Force of Nature | Kaenic Rookern,,Youmuu's Ghostblade → Sterak's Gage → Dead Man's Plate → Death's Dance ; Youmuu's Ghostblade → Sterak's Gage → Dead Man's Plate → Kaenic Rookern ; Youmuu's Ghostblade → Sterak's Gage → Dead Man's Plate → Force of Nature,Serrated Dirk → Rectrix → Long Sword ; Rectrix → Serrated Dirk → Long Sword ; Plated Steelcaps → Serrated Dirk → Rectrix,https://www.onetricks.gg/champions/builds/Darius
Darius,top,16.19,,Stridebreaker,Stridebreaker → Sterak's Gage,Dead Man's Plate | Death's Dance | Force of Nature,Force of Nature | Randuin's Omen | Kaenic Rookern,Guardian Angel,Stridebreaker → Sterak's Gage → Death's Dance → Force of Nature ; Stridebreaker → Sterak's Gage → Randuin's Omen → Spirit Visage ; Stridebreaker → Sterak's Gage → Dead Man's Plate → Death's Dance,Plated Steelcaps → Phage → Tiamat ; Phage → Tiamat → Dagger ; Phage → Plated Steelcaps → Tiamat,https://www.onetricks.gg/champions/builds/Darius
Darius,top,16.19,,Stridebreaker,Stridebreaker → Dead Man's Plate,Death's Dance | Sterak's Gage | Force of Nature,Randuin's Omen | Force of Nature | Frozen Heart,,Stridebreaker → Dead Man's Plate → Sterak's Gage → Randuin's Omen ; Stridebreaker → Dead Man's Plate → Death's Dance → Randuin's Omen ; Stridebreaker → Dead Man's Plate → Sterak's Gage → Force of Nature,Plated Steelcaps → Phage → Tiamat ; Phage → Tiamat → Dagger ; Phage → Plated Steelcaps → Tiamat,https://www.onetricks.gg/champions/builds/Darius
Darius,top,16.19,,Trinity Force,Trinity Force → Sterak's Gage,Dead Man's Plate | Death's Dance | Kaenic Rookern,Dead Man's Plate | Kaenic Rookern | Death's Dance,,"Trinity Force → Sterak's Gage → Force of Nature → Dead Man's Plate ; Trinity Force → Sterak's Gage → Dead Man's Plate → Jak'Sho, The Protean ; Trinity Force → Sterak's Gage → Dead Man's Plate → Kaenic Rookern",Phage → Hearthbound Axe → Sheen ; Plated Steelcaps → Phage → Hearthbound Axe ; Phage → Sheen → Hearthbound Axe,https://www.onetricks.gg/champions/builds/Darius
Darius,top,16.19,,Trinity Force,Trinity Force → Spear of Shojin,Dead Man's Plate | Death's Dance | Sterak's Gage,Sterak's Gage,,Trinity Force → Spear of Shojin → Dead Man's Plate ; Trinity Force → Spear of Shojin → Sterak's Gage ; Trinity Force → Spear of Shojin → Death's Dance → Sterak's Gage,Phage → Hearthbound Axe → Sheen ; Plated Steelcaps → Phage → Hearthbound Axe ; Phage → Sheen → Hearthbound Axe,https://www.onetricks.gg/champions/builds/Darius
Darius,top,16.19,,Black Cleaver,Black Cleaver → Sterak's Gage,"Jak'Sho, The Protean | Death's Dance | Frozen Heart",,,"Black Cleaver → Sterak's Gage → Jak'Sho, The Protean ; Black Cleaver → Sterak's Gage → Death's Dance ; Black Cleaver → Sterak's Gage → Frozen Heart",Phage → Pickaxe → Kindlegem ; Phage → Kindlegem → Pickaxe,https://www.onetricks.gg/champions/builds/Darius
Darius,top,16.19,,Black Cleaver,Black Cleaver → Spear of Shojin,Maw of Malmortius | Serpent's Fang,Force of Nature | Death's Dance,,Black Cleaver → Spear of Shojin → Maw of Malmortius → Death's Dance ; Black Cleaver → Spear of Shojin → Serpent's Fang → Force of Nature,Phage → Pickaxe → Kindlegem ; Phage → Kindlegem → Pickaxe,https://www.onetricks.gg/champions/builds/Darius
Darius,top,16.19,,Black Cleaver,Black Cleaver → Dead Man's Plate,Sterak's Gage | Spear of Shojin,,,Black Cleaver → Dead Man's Plate → Sterak's Gage ; Black Cleaver → Dead Man's Plate → Spear of Shojin,Phage → Pickaxe → Kindlegem ; Phage → Kindlegem → Pickaxe,https://www.onetricks.gg/champions/builds/Darius
Darius,top,16.19,,Spear of Shojin,Spear of Shojin → Sterak's Gage,"Jak'Sho, The Protean | Death's Dance",Dead Man's Plate | Randuin's Omen,,"Spear of Shojin → Sterak's Gage → Jak'Sho, The Protean → Dead Man's Plate ; Spear of Shojin → Sterak's Gage → Death's Dance → Randuin's Omen",Tunneler → Pickaxe → Ruby Crystal,https://www.onetricks.gg/champions/builds/Darius
Diana,mid,16.19,,Stormsurge,Stormsurge → Shadowflame,Zhonya's Hourglass | Rabadon's Deathcap | Abyssal Mask,Rabadon's Deathcap | Void Staff | Banshee's Veil,Void Staff | Mejai's Soulstealer | Rabadon's Deathcap,Stormsurge → Shadowflame → Zhonya's Hourglass → Rabadon's Deathcap ; Stormsurge → Shadowflame → Rabadon's Deathcap → Void Staff ; Stormsurge → Shadowflame → Zhonya's Hourglass → Banshee's Veil,Dark Seal → Hextech Alternator → Aether Wisp ; Dark Seal → Sorcerer's Shoes → Hextech Alternator ; Hextech Alternator → Dark Seal → Aether Wisp,https://www.onetricks.gg/champions/builds/Diana
Diana,mid,16.19,,Lich Bane,Lich Bane → Shadowflame,Rabadon's Deathcap | Zhonya's Hourglass | Mejai's Soulstealer,Mejai's Soulstealer | Void Staff | Zhonya's Hourglass,,Lich Bane → Shadowflame → Rabadon's Deathcap → Mejai's Soulstealer ; Lich Bane → Shadowflame → Zhonya's Hourglass → Void Staff ; Lich Bane → Shadowflame → Stormsurge → Zhonya's Hourglass,Dark Seal → Blasting Wand → Aether Wisp ; Blasting Wand → Dark Seal → Aether Wisp ; Blasting Wand → Dark Seal → Sorcerer's Shoes,https://www.onetricks.gg/champions/builds/Diana
Diana,mid,16.19,,Lich Bane,Lich Bane → Stormsurge,Zhonya's Hourglass | Shadowflame,Banshee's Veil | Zhonya's Hourglass,,Lich Bane → Stormsurge → Zhonya's Hourglass → Banshee's Veil ; Lich Bane → Stormsurge → Shadowflame → Zhonya's Hourglass,Dark Seal → Blasting Wand → Aether Wisp ; Blasting Wand → Dark Seal → Aether Wisp ; Blasting Wand → Dark Seal → Sorcerer's Shoes,https://www.onetricks.gg/champions/builds/Diana
Diana,mid,16.19,,Hextech Rocketbelt,Hextech Rocketbelt → Zhonya's Hourglass,Shadowflame | Rabadon's Deathcap | Morellonomicon,Shadowflame,Stormsurge,Hextech Rocketbelt → Zhonya's Hourglass → Shadowflame ; Hextech Rocketbelt → Zhonya's Hourglass → Rabadon's Deathcap → Shadowflame → Stormsurge,Dark Seal → Hextech Alternator → Kindlegem ; Dark Seal → Hextech Alternator → Fiendish Codex ; Dark Seal → Hextech Alternator → Sorcerer's Shoes,https://www.onetricks.gg/champions/builds/Diana
Diana,mid,16.19,,Hextech Rocketbelt,Hextech Rocketbelt → Shadowflame,Void Staff | Zhonya's Hourglass | Lich Bane,Rabadon's Deathcap | Lich Bane | Void Staff,Banshee's Veil | Void Staff,Hextech Rocketbelt → Shadowflame → Lich Bane → Rabadon's Deathcap → Banshee's Veil ; Hextech Rocketbelt → Shadowflame → Zhonya's Hourglass → Rabadon's Deathcap ; Hextech Rocketbelt → Shadowflame → Void Staff → Zhonya's Hourglass,Dark Seal → Hextech Alternator → Kindlegem ; Dark Seal → Hextech Alternator → Fiendish Codex ; Dark Seal → Hextech Alternator → Sorcerer's Shoes,https://www.onetricks.gg/champions/builds/Diana
Diana,mid,16.19,,Liandry's Torment,Liandry's Torment → Shadowflame,Zhonya's Hourglass,,,Liandry's Torment → Shadowflame → Zhonya's Hourglass,Dark Seal → Haunting Guise → Fated Ashes ; Dark Seal → Null-Magic Mantle → Haunting Guise ; Dark Seal → Cloth Armor → Haunting Guise,https://www.onetricks.gg/champions/builds/Diana
Diana,mid,16.19,,Liandry's Torment,Liandry's Torment → Zhonya's Hourglass,Riftmaker | Shadowflame,,,Liandry's Torment → Zhonya's Hourglass → Riftmaker ; Liandry's Torment → Zhonya's Hourglass → Shadowflame,Dark Seal → Haunting Guise → Fated Ashes ; Dark Seal → Null-Magic Mantle → Haunting Guise ; Dark Seal → Cloth Armor → Haunting Guise,https://www.onetricks.gg/champions/builds/Diana
Diana,mid,16.19,,Zhonya's Hourglass,Zhonya's Hourglass → Shadowflame,Rabadon's Deathcap,,,Zhonya's Hourglass → Shadowflame → Rabadon's Deathcap,Dark Seal → Needlessly Large Rod → Seeker's Armguard ; Dark Seal → Hextech Alternator → Needlessly Large Rod,https://www.onetricks.gg/champions/builds/Diana
Diana,mid,16.19,,Kaenic Rookern,Kaenic Rookern → Force of Nature,,,,,,https://www.onetricks.gg/champions/builds/Diana
DrMundo,top,16.19,,Heartsteel,Heartsteel → Spirit Visage,"Thornmail | Jak'Sho, The Protean | Randuin's Omen",Thornmail,,"Heartsteel → Spirit Visage → Jak'Sho, The Protean → Thornmail ; Heartsteel → Spirit Visage → Randuin's Omen → Thornmail ; Heartsteel → Spirit Visage → Titanic Hydra → Thornmail",Giant's Belt → Giant's Belt → Crystalline Bracer ; Crystalline Bracer → Giant's Belt ; Bramble Vest → Giant's Belt → Giant's Belt,https://www.onetricks.gg/champions/builds/DrMundo
DrMundo,top,16.19,,Heartsteel,Heartsteel → Randuin's Omen,Spirit Visage | Serpent's Fang | Dead Man's Plate,Unending Despair | Thornmail,,Heartsteel → Randuin's Omen → Spirit Visage → Unending Despair ; Heartsteel → Randuin's Omen → Serpent's Fang → Thornmail ; Heartsteel → Randuin's Omen → Spirit Visage → Thornmail,Giant's Belt → Giant's Belt → Crystalline Bracer ; Crystalline Bracer → Giant's Belt ; Bramble Vest → Giant's Belt → Giant's Belt,https://www.onetricks.gg/champions/builds/DrMundo
DrMundo,top,16.19,,Heartsteel,Heartsteel → Warmog's Armor,Titanic Hydra | Spirit Visage,Randuin's Omen,,Heartsteel → Warmog's Armor → Titanic Hydra ; Heartsteel → Warmog's Armor → Spirit Visage → Randuin's Omen,Giant's Belt → Giant's Belt → Crystalline Bracer ; Crystalline Bracer → Giant's Belt ; Bramble Vest → Giant's Belt → Giant's Belt,https://www.onetricks.gg/champions/builds/DrMundo
DrMundo,top,16.19,,Heartsteel,Heartsteel → Titanic Hydra,Mortal Reminder | Unending Despair | Randuin's Omen,,,Heartsteel → Titanic Hydra → Mortal Reminder ; Heartsteel → Titanic Hydra → Randuin's Omen ; Heartsteel → Titanic Hydra → Unending Despair,Giant's Belt → Giant's Belt → Crystalline Bracer ; Crystalline Bracer → Giant's Belt ; Bramble Vest → Giant's Belt → Giant's Belt,https://www.onetricks.gg/champions/builds/DrMundo
DrMundo,top,16.19,,Warmog's Armor,Warmog's Armor → Heartsteel,Titanic Hydra | Thornmail | Spirit Visage,Titanic Hydra | Randuin's Omen | Thornmail,Spirit Visage | Randuin's Omen,Warmog's Armor → Heartsteel → Titanic Hydra → Dead Man's Plate ; Warmog's Armor → Heartsteel → Dead Man's Plate → Thornmail ; Warmog's Armor → Heartsteel → Titanic Hydra → Randuin's Omen,Giant's Belt → Giant's Belt → Giant's Belt ; Giant's Belt → Giant's Belt → Crystalline Bracer,https://www.onetricks.gg/champions/builds/DrMundo
DrMundo,top,16.19,,Spirit Visage,Spirit Visage → Heartsteel,"Jak'Sho, The Protean",Kaenic Rookern,,"Spirit Visage → Heartsteel → Jak'Sho, The Protean → Kaenic Rookern",Spectre's Cowl → Kindlegem,https://www.onetricks.gg/champions/builds/DrMundo
Draven,bot,16.19,,Hubris,Hubris → Hexoptics C44,Infinity Edge | Lord Dominik's Regards | Mortal Reminder,Lord Dominik's Regards | Infinity Edge | Mortal Reminder,Immortal Shieldbow | Rapid Firecannon | Phantom Dancer,Hubris → Hexoptics C44 → Infinity Edge → Lord Dominik's Regards ; Hubris → Hexoptics C44 → Lord Dominik's Regards → Infinity Edge ; Hubris → Hexoptics C44 → Infinity Edge → Lord Dominik's Regards → Immortal Shieldbow,Serrated Dirk → Caulfield's Warhammer ; Pickaxe → Serrated Dirk → Caulfield's Warhammer ; B. F. Sword → Serrated Dirk → Caulfield's Warhammer,https://www.onetricks.gg/champions/builds/Draven
Draven,bot,16.19,,Hubris,Hubris → The Collector,Infinity Edge | Lord Dominik's Regards | Mortal Reminder,Infinity Edge | Lord Dominik's Regards | Immortal Shieldbow,Mercurial Scimitar | Phantom Dancer | Infinity Edge,Hubris → The Collector → Lord Dominik's Regards → Infinity Edge ; Hubris → The Collector → Mortal Reminder → Infinity Edge ; Hubris → The Collector → Infinity Edge → Mortal Reminder,Serrated Dirk → Caulfield's Warhammer ; Pickaxe → Serrated Dirk → Caulfield's Warhammer ; B. F. Sword → Serrated Dirk → Caulfield's Warhammer,https://www.onetricks.gg/champions/builds/Draven
Draven,bot,16.19,,Hubris,Hubris → Bloodthirster,Infinity Edge | Mortal Reminder | Lord Dominik's Regards,Lord Dominik's Regards | Infinity Edge | Phantom Dancer,Lord Dominik's Regards | Phantom Dancer | Guardian Angel,Hubris → Bloodthirster → Infinity Edge → Lord Dominik's Regards → Phantom Dancer ; Hubris → Bloodthirster → Infinity Edge → Phantom Dancer → Lord Dominik's Regards ; Hubris → Bloodthirster → Lord Dominik's Regards → Infinity Edge → Guardian Angel,Serrated Dirk → Caulfield's Warhammer ; Pickaxe → Serrated Dirk → Caulfield's Warhammer ; B. F. Sword → Serrated Dirk → Caulfield's Warhammer,https://www.onetricks.gg/champions/builds/Draven
Draven,bot,16.19,,Hubris,Hubris → Bastionbreaker,Lord Dominik's Regards | Mortal Reminder | Edge of Night,The Collector | Infinity Edge | Hexoptics C44,Hexoptics C44 | The Collector,Hubris → Bastionbreaker → Lord Dominik's Regards → The Collector ; Hubris → Bastionbreaker → Lord Dominik's Regards → Infinity Edge ; Hubris → Bastionbreaker → Lord Dominik's Regards → The Collector → Hexoptics C44,Serrated Dirk → Caulfield's Warhammer ; Pickaxe → Serrated Dirk → Caulfield's Warhammer ; B. F. Sword → Serrated Dirk → Caulfield's Warhammer,https://www.onetricks.gg/champions/builds/Draven
Draven,bot,16.19,,Bloodthirster,Bloodthirster → Hexoptics C44,Infinity Edge | Lord Dominik's Regards | Mortal Reminder,Lord Dominik's Regards | Infinity Edge | Mortal Reminder,Immortal Shieldbow | Mercurial Scimitar | Phantom Dancer,Bloodthirster → Hexoptics C44 → Infinity Edge → Lord Dominik's Regards ; Bloodthirster → Hexoptics C44 → Infinity Edge → Mortal Reminder ; Bloodthirster → Hexoptics C44 → Lord Dominik's Regards → Infinity Edge,B. F. Sword → Pickaxe → Vampiric Scepter ; Vampiric Scepter → B. F. Sword → Pickaxe ; B. F. Sword → Vampiric Scepter → Pickaxe,https://www.onetricks.gg/champions/builds/Draven
Draven,bot,16.19,,Bloodthirster,Bloodthirster → The Collector,Infinity Edge | Rapid Firecannon | Lord Dominik's Regards,Lord Dominik's Regards | Infinity Edge | Rapid Firecannon,Immortal Shieldbow | Infinity Edge | Phantom Dancer,Bloodthirster → The Collector → Infinity Edge → Lord Dominik's Regards ; Bloodthirster → The Collector → Infinity Edge → Rapid Firecannon → Immortal Shieldbow ; Bloodthirster → The Collector → Infinity Edge → Lord Dominik's Regards → Immortal Shieldbow,B. F. Sword → Pickaxe → Vampiric Scepter ; Vampiric Scepter → B. F. Sword → Pickaxe ; B. F. Sword → Vampiric Scepter → Pickaxe,https://www.onetricks.gg/champions/builds/Draven
Draven,bot,16.19,,Hexoptics C44,Hexoptics C44 → Infinity Edge,Lord Dominik's Regards | Mortal Reminder | Immortal Shieldbow,Immortal Shieldbow | Rapid Firecannon | Phantom Dancer,Guardian Angel | Bloodthirster | Kaenic Rookern,Hexoptics C44 → Infinity Edge → Lord Dominik's Regards → Immortal Shieldbow ; Hexoptics C44 → Infinity Edge → Lord Dominik's Regards → Phantom Dancer ; Hexoptics C44 → Infinity Edge → Lord Dominik's Regards → Immortal Shieldbow → Guardian Angel,B. F. Sword → Pickaxe → Noonquiver ; Pickaxe → Gluttonous Greaves → Noonquiver,https://www.onetricks.gg/champions/builds/Draven
Draven,bot,16.19,,Hexoptics C44,Hexoptics C44 → The Collector,Infinity Edge | Lord Dominik's Regards,Lord Dominik's Regards | Bloodthirster,Randuin's Omen,Hexoptics C44 → The Collector → Infinity Edge → Lord Dominik's Regards → Randuin's Omen ; Hexoptics C44 → The Collector → Lord Dominik's Regards → Bloodthirster,B. F. Sword → Pickaxe → Noonquiver ; Pickaxe → Gluttonous Greaves → Noonquiver,https://www.onetricks.gg/champions/builds/Draven
Draven,bot,16.19,,The Collector,The Collector → Infinity Edge,Lord Dominik's Regards | Mortal Reminder | Hexoptics C44,Hexoptics C44 | Phantom Dancer | Immortal Shieldbow,Mercurial Scimitar | Guardian Angel | Youmuu's Ghostblade,The Collector → Infinity Edge → Lord Dominik's Regards → Hexoptics C44 → Mercurial Scimitar ; The Collector → Infinity Edge → Lord Dominik's Regards → Phantom Dancer ; The Collector → Infinity Edge → Mortal Reminder → Immortal Shieldbow,B. F. Sword → Serrated Dirk → Pickaxe ; Serrated Dirk → Pickaxe → Cloak of Agility ; Pickaxe → Serrated Dirk → Cloak of Agility,https://www.onetricks.gg/champions/builds/Draven
Draven,bot,16.19,,The Collector,The Collector → Hexoptics C44,Essence Reaver | Infinity Edge | Immortal Shieldbow,Infinity Edge | Rapid Firecannon,Voltaic Cyclosword,The Collector → Hexoptics C44 → Infinity Edge → Rapid Firecannon → Voltaic Cyclosword ; The Collector → Hexoptics C44 → Essence Reaver → Infinity Edge ; The Collector → Hexoptics C44 → Infinity Edge → Rapid Firecannon,B. F. Sword → Serrated Dirk → Pickaxe ; Serrated Dirk → Pickaxe → Cloak of Agility ; Pickaxe → Serrated Dirk → Cloak of Agility,https://www.onetricks.gg/champions/builds/Draven
Draven,bot,16.19,,Youmuu's Ghostblade,Youmuu's Ghostblade → The Collector,Lord Dominik's Regards | Hexoptics C44 | Mortal Reminder,Infinity Edge | Hexoptics C44 | Mercurial Scimitar,Hexoptics C44 | Mercurial Scimitar | Infinity Edge,Youmuu's Ghostblade → The Collector → Lord Dominik's Regards → Infinity Edge → Hexoptics C44 ; Youmuu's Ghostblade → The Collector → Lord Dominik's Regards → Mercurial Scimitar ; Youmuu's Ghostblade → The Collector → Lord Dominik's Regards → Hexoptics C44,Serrated Dirk → Rectrix → Long Sword ; Cull → Serrated Dirk → Rectrix,https://www.onetricks.gg/champions/builds/Draven
Draven,bot,16.19,,Youmuu's Ghostblade,Youmuu's Ghostblade → Hexoptics C44,Mortal Reminder | Lord Dominik's Regards,Infinity Edge | Immortal Shieldbow,Edge of Night,Youmuu's Ghostblade → Hexoptics C44 → Mortal Reminder → Infinity Edge → Edge of Night ; Youmuu's Ghostblade → Hexoptics C44 → Lord Dominik's Regards → Infinity Edge ; Youmuu's Ghostblade → Hexoptics C44 → Mortal Reminder → Immortal Shieldbow,Serrated Dirk → Rectrix → Long Sword ; Cull → Serrated Dirk → Rectrix,https://www.onetricks.gg/champions/builds/Draven
Draven,bot,16.19,,Yun Tal Wildarrows,Yun Tal Wildarrows → Infinity Edge,Lord Dominik's Regards,Hexoptics C44,,Yun Tal Wildarrows → Infinity Edge → Lord Dominik's Regards → Hexoptics C44,B. F. Sword,https://www.onetricks.gg/champions/builds/Draven
Ekko,mid,16.19,,Dusk and Dawn,Dusk and Dawn → Shadowflame,Rabadon's Deathcap | Zhonya's Hourglass | Void Staff,Void Staff | Mejai's Soulstealer | Zhonya's Hourglass,Zhonya's Hourglass | Hextech Gunblade | Mejai's Soulstealer,Dusk and Dawn → Shadowflame → Rabadon's Deathcap → Void Staff ; Dusk and Dawn → Shadowflame → Rabadon's Deathcap → Mejai's Soulstealer ; Dusk and Dawn → Shadowflame → Rabadon's Deathcap → Zhonya's Hourglass,Dark Seal → Blasting Wand → Sheen ; Blasting Wand → Sheen → Kindlegem ; Dark Seal → Blasting Wand → Kindlegem,https://www.onetricks.gg/champions/builds/Ekko
Ekko,mid,16.19,,Dusk and Dawn,Dusk and Dawn → Stormsurge,Rabadon's Deathcap | Void Staff | Shadowflame,Hextech Gunblade | Void Staff | Rabadon's Deathcap,,Dusk and Dawn → Stormsurge → Rabadon's Deathcap → Hextech Gunblade ; Dusk and Dawn → Stormsurge → Rabadon's Deathcap → Void Staff ; Dusk and Dawn → Stormsurge → Void Staff → Rabadon's Deathcap,Dark Seal → Blasting Wand → Sheen ; Blasting Wand → Sheen → Kindlegem ; Dark Seal → Blasting Wand → Kindlegem,https://www.onetricks.gg/champions/builds/Ekko
Ekko,mid,16.19,,Dusk and Dawn,Dusk and Dawn → Mejai's Soulstealer,Shadowflame | Stormsurge | Force of Nature,Rabadon's Deathcap | Zhonya's Hourglass | Void Staff,Void Staff,Dusk and Dawn → Mejai's Soulstealer → Shadowflame → Rabadon's Deathcap ; Dusk and Dawn → Mejai's Soulstealer → Force of Nature → Rabadon's Deathcap → Void Staff ; Dusk and Dawn → Mejai's Soulstealer → Shadowflame → Zhonya's Hourglass,Dark Seal → Blasting Wand → Sheen ; Blasting Wand → Sheen → Kindlegem ; Dark Seal → Blasting Wand → Kindlegem,https://www.onetricks.gg/champions/builds/Ekko
Ekko,mid,16.19,,Stormsurge,Stormsurge → Dusk and Dawn,Rabadon's Deathcap | Mejai's Soulstealer | Shadowflame,Void Staff | Hextech Gunblade | Zhonya's Hourglass,Shadowflame | Mejai's Soulstealer | Hextech Gunblade,Stormsurge → Dusk and Dawn → Rabadon's Deathcap → Void Staff ; Stormsurge → Dusk and Dawn → Rabadon's Deathcap → Hextech Gunblade ; Stormsurge → Dusk and Dawn → Rabadon's Deathcap → Banshee's Veil,Dark Seal → Hextech Alternator → Aether Wisp ; Hextech Alternator → Aether Wisp ; Dark Seal → Aether Wisp → Hextech Alternator,https://www.onetricks.gg/champions/builds/Ekko
Ekko,mid,16.19,,Stormsurge,Stormsurge → Mejai's Soulstealer,Dusk and Dawn,Rabadon's Deathcap,,Stormsurge → Mejai's Soulstealer → Dusk and Dawn → Rabadon's Deathcap,Dark Seal → Hextech Alternator → Aether Wisp ; Hextech Alternator → Aether Wisp ; Dark Seal → Aether Wisp → Hextech Alternator,https://www.onetricks.gg/champions/builds/Ekko
Ekko,mid,16.19,,Lich Bane,Lich Bane → Shadowflame,Rabadon's Deathcap,Void Staff | Zhonya's Hourglass | Banshee's Veil,Mejai's Soulstealer | Zhonya's Hourglass | Cryptbloom,Lich Bane → Shadowflame → Rabadon's Deathcap → Void Staff ; Lich Bane → Shadowflame → Rabadon's Deathcap → Zhonya's Hourglass ; Lich Bane → Shadowflame → Rabadon's Deathcap → Stormsurge → Zhonya's Hourglass,Dark Seal → Blasting Wand → Aether Wisp ; Dark Seal → Blasting Wand → Sheen ; Dark Seal → Aether Wisp → Blasting Wand,https://www.onetricks.gg/champions/builds/Ekko
Ekko,mid,16.19,,Lich Bane,Lich Bane → Stormsurge,Rabadon's Deathcap | Mejai's Soulstealer,Mejai's Soulstealer | Rabadon's Deathcap | Void Staff,,Lich Bane → Stormsurge → Rabadon's Deathcap → Mejai's Soulstealer ; Lich Bane → Stormsurge → Mejai's Soulstealer → Rabadon's Deathcap ; Lich Bane → Stormsurge → Rabadon's Deathcap → Void Staff,Dark Seal → Blasting Wand → Aether Wisp ; Dark Seal → Blasting Wand → Sheen ; Dark Seal → Aether Wisp → Blasting Wand,https://www.onetricks.gg/champions/builds/Ekko
Ekko,mid,16.19,,Lich Bane,Lich Bane → Nashor's Tooth,Rabadon's Deathcap | Shadowflame | Mejai's Soulstealer,Zhonya's Hourglass | Mejai's Soulstealer | Void Staff,,Lich Bane → Nashor's Tooth → Rabadon's Deathcap → Zhonya's Hourglass ; Lich Bane → Nashor's Tooth → Rabadon's Deathcap → Void Staff ; Lich Bane → Nashor's Tooth → Rabadon's Deathcap → Mejai's Soulstealer,Dark Seal → Blasting Wand → Aether Wisp ; Dark Seal → Blasting Wand → Sheen ; Dark Seal → Aether Wisp → Blasting Wand,https://www.onetricks.gg/champions/builds/Ekko
Ekko,mid,16.19,,Hextech Rocketbelt,Hextech Rocketbelt → Lich Bane,Rabadon's Deathcap | Zhonya's Hourglass | Shadowflame,Banshee's Veil | Void Staff | Rabadon's Deathcap,Mejai's Soulstealer,Hextech Rocketbelt → Lich Bane → Shadowflame → Void Staff ; Hextech Rocketbelt → Lich Bane → Rabadon's Deathcap → Banshee's Veil ; Hextech Rocketbelt → Lich Bane → Rabadon's Deathcap → Zhonya's Hourglass,Hextech Alternator ; Hextech Alternator → Sorcerer's Shoes → Kindlegem ; Dark Seal → Hextech Alternator → Kindlegem,https://www.onetricks.gg/champions/builds/Ekko
Ekko,mid,16.19,,Hextech Rocketbelt,Hextech Rocketbelt → Mejai's Soulstealer,Lich Bane,Zhonya's Hourglass,,Hextech Rocketbelt → Mejai's Soulstealer → Lich Bane → Zhonya's Hourglass,Hextech Alternator ; Hextech Alternator → Sorcerer's Shoes → Kindlegem ; Dark Seal → Hextech Alternator → Kindlegem,https://www.onetricks.gg/champions/builds/Ekko
Ekko,mid,16.19,,Nashor's Tooth,Nashor's Tooth → Dusk and Dawn,Rabadon's Deathcap | Shadowflame,Rabadon's Deathcap | Mejai's Soulstealer | Hextech Rocketbelt,Mejai's Soulstealer,Nashor's Tooth → Dusk and Dawn → Shadowflame → Rabadon's Deathcap → Mejai's Soulstealer ; Nashor's Tooth → Dusk and Dawn → Rabadon's Deathcap → Mejai's Soulstealer ; Nashor's Tooth → Dusk and Dawn → Rabadon's Deathcap → Hextech Rocketbelt,,https://www.onetricks.gg/champions/builds/Ekko
Elise,jungle,16.19,,Lich Bane,Lich Bane → Shadowflame,Void Staff | Zhonya's Hourglass | Rabadon's Deathcap,Zhonya's Hourglass | Void Staff | Rabadon's Deathcap,Banshee's Veil | Mejai's Soulstealer | Rabadon's Deathcap,Lich Bane → Shadowflame → Void Staff → Zhonya's Hourglass ; Lich Bane → Shadowflame → Rabadon's Deathcap → Void Staff ; Lich Bane → Shadowflame → Zhonya's Hourglass → Void Staff,Dark Seal → Boots → Blasting Wand ; Dark Seal → Blasting Wand → Aether Wisp ; Dark Seal → Blasting Wand → Sheen,https://www.onetricks.gg/champions/builds/Elise
Elise,jungle,16.19,,Lich Bane,Lich Bane → Mejai's Soulstealer,Shadowflame | Zhonya's Hourglass | Stormsurge,Rabadon's Deathcap | Void Staff | Zhonya's Hourglass,Void Staff | Zhonya's Hourglass,Lich Bane → Mejai's Soulstealer → Shadowflame → Rabadon's Deathcap ; Lich Bane → Mejai's Soulstealer → Zhonya's Hourglass → Void Staff ; Lich Bane → Mejai's Soulstealer → Shadowflame → Rabadon's Deathcap → Void Staff,Dark Seal → Boots → Blasting Wand ; Dark Seal → Blasting Wand → Aether Wisp ; Dark Seal → Blasting Wand → Sheen,https://www.onetricks.gg/champions/builds/Elise
Elise,jungle,16.19,,Stormsurge,Stormsurge → Shadowflame,Zhonya's Hourglass | Rabadon's Deathcap | Void Staff,Banshee's Veil | Void Staff | Zhonya's Hourglass,Void Staff | Rabadon's Deathcap | Lich Bane,Stormsurge → Shadowflame → Zhonya's Hourglass → Banshee's Veil ; Stormsurge → Shadowflame → Zhonya's Hourglass → Void Staff ; Stormsurge → Shadowflame → Rabadon's Deathcap → Banshee's Veil,Dark Seal → Hextech Alternator → Aether Wisp ; Dark Seal → Boots → Hextech Alternator ; Boots → Dark Seal → Hextech Alternator,https://www.onetricks.gg/champions/builds/Elise
Elise,jungle,16.19,,Stormsurge,Stormsurge → Zhonya's Hourglass,Shadowflame | Rabadon's Deathcap | Void Staff,Rabadon's Deathcap | Void Staff | Shadowflame,Banshee's Veil,Stormsurge → Zhonya's Hourglass → Void Staff → Rabadon's Deathcap → Banshee's Veil ; Stormsurge → Zhonya's Hourglass → Shadowflame → Rabadon's Deathcap → Banshee's Veil ; Stormsurge → Zhonya's Hourglass → Rabadon's Deathcap → Shadowflame → Banshee's Veil,Dark Seal → Hextech Alternator → Aether Wisp ; Dark Seal → Boots → Hextech Alternator ; Boots → Dark Seal → Hextech Alternator,https://www.onetricks.gg/champions/builds/Elise
Evelynn,jungle,16.19,,Lich Bane,Lich Bane → Rabadon's Deathcap,Void Staff | Shadowflame | Banshee's Veil,Banshee's Veil | Void Staff | Mejai's Soulstealer,Banshee's Veil | Mejai's Soulstealer | Shadowflame,Lich Bane → Rabadon's Deathcap → Void Staff → Banshee's Veil ; Lich Bane → Rabadon's Deathcap → Void Staff → Mejai's Soulstealer ; Lich Bane → Rabadon's Deathcap → Mejai's Soulstealer → Shadowflame,Dark Seal → Blasting Wand → Aether Wisp ; Dark Seal → Boots → Blasting Wand ; Dark Seal → Blasting Wand → Sheen,https://www.onetricks.gg/champions/builds/Evelynn
Evelynn,jungle,16.19,,Lich Bane,Lich Bane → Shadowflame,Cryptbloom | Rabadon's Deathcap | Hextech Rocketbelt,Rabadon's Deathcap | Cryptbloom | Banshee's Veil,Banshee's Veil | Cryptbloom,Lich Bane → Shadowflame → Cryptbloom → Rabadon's Deathcap ; Lich Bane → Shadowflame → Rabadon's Deathcap → Cryptbloom ; Lich Bane → Shadowflame → Rabadon's Deathcap → Banshee's Veil,Dark Seal → Blasting Wand → Aether Wisp ; Dark Seal → Boots → Blasting Wand ; Dark Seal → Blasting Wand → Sheen,https://www.onetricks.gg/champions/builds/Evelynn
Evelynn,jungle,16.19,,Lich Bane,Lich Bane → Mejai's Soulstealer,Rabadon's Deathcap | Hextech Rocketbelt | Cryptbloom,Void Staff | Rabadon's Deathcap | Banshee's Veil,Banshee's Veil | Shadowflame | Void Staff,Lich Bane → Mejai's Soulstealer → Rabadon's Deathcap → Void Staff ; Lich Bane → Mejai's Soulstealer → Rabadon's Deathcap → Banshee's Veil ; Lich Bane → Mejai's Soulstealer → Rabadon's Deathcap → Shadowflame,Dark Seal → Blasting Wand → Aether Wisp ; Dark Seal → Boots → Blasting Wand ; Dark Seal → Blasting Wand → Sheen,https://www.onetricks.gg/champions/builds/Evelynn
Evelynn,jungle,16.19,,Lich Bane,Lich Bane → Hextech Rocketbelt,Rabadon's Deathcap | Shadowflame | Mejai's Soulstealer,Rabadon's Deathcap | Banshee's Veil | Zhonya's Hourglass,Banshee's Veil,Lich Bane → Hextech Rocketbelt → Shadowflame → Rabadon's Deathcap → Banshee's Veil ; Lich Bane → Hextech Rocketbelt → Shadowflame → Banshee's Veil ; Lich Bane → Hextech Rocketbelt → Rabadon's Deathcap → Banshee's Veil,Dark Seal → Blasting Wand → Aether Wisp ; Dark Seal → Boots → Blasting Wand ; Dark Seal → Blasting Wand → Sheen,https://www.onetricks.gg/champions/builds/Evelynn
Ezreal,bot,16.19,,Trinity Force,Trinity Force → Muramana,Endless Hunger | Spear of Shojin | Serylda's Grudge,Spear of Shojin | Endless Hunger | Serylda's Grudge,Spear of Shojin | Serylda's Grudge | Frozen Heart,Trinity Force → Muramana → Endless Hunger → Spear of Shojin ; Trinity Force → Muramana → Spear of Shojin → Endless Hunger ; Trinity Force → Muramana → Endless Hunger → Serylda's Grudge,Tear of the Goddess → Sheen → Hearthbound Axe ; Tear of the Goddess → Sheen → Phage ; Sheen → Hearthbound Axe → Phage,https://www.onetricks.gg/champions/builds/Ezreal
Ezreal,bot,16.19,,Essence Reaver,Essence Reaver → Muramana,Endless Hunger | Spear of Shojin | Serylda's Grudge,Endless Hunger | Spear of Shojin | Lord Dominik's Regards,Spear of Shojin | Lord Dominik's Regards,Essence Reaver → Muramana → Spear of Shojin → Endless Hunger ; Essence Reaver → Muramana → Endless Hunger → Spear of Shojin → Lord Dominik's Regards ; Essence Reaver → Muramana → Endless Hunger → Lord Dominik's Regards → Spear of Shojin,Tear of the Goddess → Sheen → Caulfield's Warhammer ; Tear of the Goddess → Caulfield's Warhammer → Sheen ; Sheen → Caulfield's Warhammer → Cloak of Agility,https://www.onetricks.gg/champions/builds/Ezreal
Fiddlesticks,jungle,16.19,,Hextech Rocketbelt,Hextech Rocketbelt → Shadowflame,Zhonya's Hourglass | Mejai's Soulstealer | Banshee's Veil,Zhonya's Hourglass | Void Staff | Banshee's Veil,Banshee's Veil | Void Staff,Hextech Rocketbelt → Shadowflame → Zhonya's Hourglass → Void Staff ; Hextech Rocketbelt → Shadowflame → Mejai's Soulstealer → Zhonya's Hourglass ; Hextech Rocketbelt → Shadowflame → Banshee's Veil → Zhonya's Hourglass,Dark Seal → Sorcerer's Shoes → Hextech Alternator ; Sorcerer's Shoes → Dark Seal → Hextech Alternator ; Sorcerer's Shoes → Hextech Alternator → Kindlegem,https://www.onetricks.gg/champions/builds/Fiddlesticks
Fiddlesticks,jungle,16.19,,Hextech Rocketbelt,Hextech Rocketbelt → Zhonya's Hourglass,Void Staff | Banshee's Veil | Morellonomicon,Banshee's Veil | Shadowflame | Dead Man's Plate,,Hextech Rocketbelt → Zhonya's Hourglass → Morellonomicon → Dead Man's Plate ; Hextech Rocketbelt → Zhonya's Hourglass → Void Staff → Banshee's Veil ; Hextech Rocketbelt → Zhonya's Hourglass → Bloodletter's Curse → Shadowflame,Dark Seal → Sorcerer's Shoes → Hextech Alternator ; Sorcerer's Shoes → Dark Seal → Hextech Alternator ; Sorcerer's Shoes → Hextech Alternator → Kindlegem,https://www.onetricks.gg/champions/builds/Fiddlesticks
Fiddlesticks,jungle,16.19,,Hextech Rocketbelt,Hextech Rocketbelt → Malignance,Zhonya's Hourglass | Banshee's Veil | Shadowflame,Banshee's Veil | Void Staff | Zhonya's Hourglass,Banshee's Veil | Mejai's Soulstealer | Rabadon's Deathcap,Hextech Rocketbelt → Malignance → Zhonya's Hourglass → Void Staff ; Hextech Rocketbelt → Malignance → Zhonya's Hourglass → Banshee's Veil ; Hextech Rocketbelt → Malignance → Shadowflame → Banshee's Veil,Dark Seal → Sorcerer's Shoes → Hextech Alternator ; Sorcerer's Shoes → Dark Seal → Hextech Alternator ; Sorcerer's Shoes → Hextech Alternator → Kindlegem,https://www.onetricks.gg/champions/builds/Fiddlesticks
Fiddlesticks,jungle,16.19,,Hextech Rocketbelt,Hextech Rocketbelt → Liandry's Torment,Zhonya's Hourglass | Banshee's Veil | Mejai's Soulstealer,Void Staff | Zhonya's Hourglass,,Hextech Rocketbelt → Liandry's Torment → Zhonya's Hourglass → Void Staff ; Hextech Rocketbelt → Liandry's Torment → Banshee's Veil → Zhonya's Hourglass ; Hextech Rocketbelt → Liandry's Torment → Mejai's Soulstealer,Dark Seal → Sorcerer's Shoes → Hextech Alternator ; Sorcerer's Shoes → Dark Seal → Hextech Alternator ; Sorcerer's Shoes → Hextech Alternator → Kindlegem,https://www.onetricks.gg/champions/builds/Fiddlesticks
Fiddlesticks,jungle,16.19,,Malignance,Malignance → Shadowflame,Zhonya's Hourglass | Void Staff | Banshee's Veil,Banshee's Veil | Void Staff | Rabadon's Deathcap,,Malignance → Shadowflame → Zhonya's Hourglass → Banshee's Veil ; Malignance → Shadowflame → Zhonya's Hourglass → Void Staff ; Malignance → Shadowflame → Void Staff → Banshee's Veil,Sorcerer's Shoes → Dark Seal → Blasting Wand ; Sorcerer's Shoes → Dark Seal → Lost Chapter ; Sorcerer's Shoes → Blasting Wand → Lost Chapter,https://www.onetricks.gg/champions/builds/Fiddlesticks
Fiddlesticks,jungle,16.19,,Malignance,Malignance → Void Staff,Zhonya's Hourglass | Banshee's Veil | Shadowflame,Banshee's Veil | Rabadon's Deathcap | Zhonya's Hourglass,,Malignance → Void Staff → Zhonya's Hourglass → Banshee's Veil ; Malignance → Void Staff → Zhonya's Hourglass → Rabadon's Deathcap ; Malignance → Void Staff → Rabadon's Deathcap → Zhonya's Hourglass,Sorcerer's Shoes → Dark Seal → Blasting Wand ; Sorcerer's Shoes → Dark Seal → Lost Chapter ; Sorcerer's Shoes → Blasting Wand → Lost Chapter,https://www.onetricks.gg/champions/builds/Fiddlesticks
Fiddlesticks,jungle,16.19,,Malignance,Malignance → Zhonya's Hourglass,Void Staff | Shadowflame | Banshee's Veil,Banshee's Veil | Rabadon's Deathcap | Shadowflame,Banshee's Veil,Malignance → Zhonya's Hourglass → Void Staff → Banshee's Veil ; Malignance → Zhonya's Hourglass → Shadowflame → Rabadon's Deathcap ; Malignance → Zhonya's Hourglass → Banshee's Veil → Shadowflame,Sorcerer's Shoes → Dark Seal → Blasting Wand ; Sorcerer's Shoes → Dark Seal → Lost Chapter ; Sorcerer's Shoes → Blasting Wand → Lost Chapter,https://www.onetricks.gg/champions/builds/Fiddlesticks
Fiddlesticks,jungle,16.19,,Malignance,Malignance → Cryptbloom,Zhonya's Hourglass | Hextech Rocketbelt | Rabadon's Deathcap,Banshee's Veil | Zhonya's Hourglass | Shadowflame,Liandry's Torment,Malignance → Cryptbloom → Zhonya's Hourglass → Banshee's Veil ; Malignance → Cryptbloom → Zhonya's Hourglass → Shadowflame ; Malignance → Cryptbloom → Zhonya's Hourglass → Rabadon's Deathcap,Sorcerer's Shoes → Dark Seal → Blasting Wand ; Sorcerer's Shoes → Dark Seal → Lost Chapter ; Sorcerer's Shoes → Blasting Wand → Lost Chapter,https://www.onetricks.gg/champions/builds/Fiddlesticks
Fiddlesticks,jungle,16.19,,Liandry's Torment,Liandry's Torment → Dead Man's Plate,Abyssal Mask | Zhonya's Hourglass | Banshee's Veil,Abyssal Mask | Mejai's Soulstealer | Banshee's Veil,Banshee's Veil | Cryptbloom,Liandry's Torment → Dead Man's Plate → Zhonya's Hourglass → Abyssal Mask ; Liandry's Torment → Dead Man's Plate → Abyssal Mask → Void Staff → Banshee's Veil ; Liandry's Torment → Dead Man's Plate → Abyssal Mask → Banshee's Veil,Fated Ashes → Sorcerer's Shoes → Haunting Guise ; Fated Ashes → Dark Seal → Sorcerer's Shoes ; Sorcerer's Shoes → Fated Ashes → Haunting Guise,https://www.onetricks.gg/champions/builds/Fiddlesticks
Fiddlesticks,jungle,16.19,,Liandry's Torment,Liandry's Torment → Bloodletter's Curse,Riftmaker | Zhonya's Hourglass | Malignance,Hextech Rocketbelt,,Liandry's Torment → Bloodletter's Curse → Zhonya's Hourglass ; Liandry's Torment → Bloodletter's Curse → Riftmaker → Hextech Rocketbelt ; Liandry's Torment → Bloodletter's Curse → Malignance,Fated Ashes → Sorcerer's Shoes → Haunting Guise ; Fated Ashes → Dark Seal → Sorcerer's Shoes ; Sorcerer's Shoes → Fated Ashes → Haunting Guise,https://www.onetricks.gg/champions/builds/Fiddlesticks
Fiddlesticks,jungle,16.19,,Stormsurge,Stormsurge → Shadowflame,Mejai's Soulstealer | Void Staff,Void Staff | Zhonya's Hourglass | Rabadon's Deathcap,Rabadon's Deathcap | Zhonya's Hourglass,Stormsurge → Shadowflame → Mejai's Soulstealer → Void Staff ; Stormsurge → Shadowflame → Mejai's Soulstealer → Zhonya's Hourglass ; Stormsurge → Shadowflame → Mejai's Soulstealer → Void Staff → Rabadon's Deathcap,Hextech Alternator → Dark Seal → Aether Wisp ; Dark Seal → Hextech Alternator → Aether Wisp,https://www.onetricks.gg/champions/builds/Fiddlesticks
Fiora,top,16.19,,Ravenous Hydra,Ravenous Hydra → Trinity Force,Death's Dance | Maw of Malmortius | Endless Hunger,Endless Hunger | Maw of Malmortius | Death's Dance,Guardian Angel | Endless Hunger | Maw of Malmortius,Ravenous Hydra → Trinity Force → Death's Dance → Endless Hunger ; Ravenous Hydra → Trinity Force → Death's Dance → Maw of Malmortius ; Ravenous Hydra → Trinity Force → Death's Dance → Endless Hunger → Guardian Angel,Tiamat → Vampiric Scepter → Caulfield's Warhammer ; Tiamat → Caulfield's Warhammer → Vampiric Scepter ; Vampiric Scepter → Tiamat → Caulfield's Warhammer,https://www.onetricks.gg/champions/builds/Fiora
Fiora,top,16.19,,Ravenous Hydra,Ravenous Hydra → Eclipse,Death's Dance | Endless Hunger | Maw of Malmortius,Endless Hunger | Death's Dance | Maw of Malmortius,Guardian Angel | Endless Hunger | Serpent's Fang,Ravenous Hydra → Eclipse → Death's Dance → Endless Hunger ; Ravenous Hydra → Eclipse → Maw of Malmortius → Death's Dance ; Ravenous Hydra → Eclipse → Death's Dance → Maw of Malmortius,Tiamat → Vampiric Scepter → Caulfield's Warhammer ; Tiamat → Caulfield's Warhammer → Vampiric Scepter ; Vampiric Scepter → Tiamat → Caulfield's Warhammer,https://www.onetricks.gg/champions/builds/Fiora
Fiora,top,16.19,,Ravenous Hydra,Ravenous Hydra → Black Cleaver,Death's Dance | Serpent's Fang | Maw of Malmortius,Endless Hunger | Death's Dance,Maw of Malmortius,Ravenous Hydra → Black Cleaver → Death's Dance → Endless Hunger ; Ravenous Hydra → Black Cleaver → Serpent's Fang → Death's Dance ; Ravenous Hydra → Black Cleaver → Death's Dance → Endless Hunger → Maw of Malmortius,Tiamat → Vampiric Scepter → Caulfield's Warhammer ; Tiamat → Caulfield's Warhammer → Vampiric Scepter ; Vampiric Scepter → Tiamat → Caulfield's Warhammer,https://www.onetricks.gg/champions/builds/Fiora
Fiora,top,16.19,,Ravenous Hydra,Ravenous Hydra → Spear of Shojin,Death's Dance | Maw of Malmortius | Sterak's Gage,Endless Hunger | Sterak's Gage | Randuin's Omen,Guardian Angel | Randuin's Omen,Ravenous Hydra → Spear of Shojin → Death's Dance → Randuin's Omen → Guardian Angel ; Ravenous Hydra → Spear of Shojin → Death's Dance → Sterak's Gage → Randuin's Omen ; Ravenous Hydra → Spear of Shojin → Death's Dance → Endless Hunger,Tiamat → Vampiric Scepter → Caulfield's Warhammer ; Tiamat → Caulfield's Warhammer → Vampiric Scepter ; Vampiric Scepter → Tiamat → Caulfield's Warhammer,https://www.onetricks.gg/champions/builds/Fiora
Fiora,top,16.19,,Eclipse,Eclipse → Death's Dance,Ravenous Hydra | Maw of Malmortius | Profane Hydra,Guardian Angel | Maw of Malmortius,,Eclipse → Death's Dance → Ravenous Hydra → Maw of Malmortius ; Eclipse → Death's Dance → Ravenous Hydra → Guardian Angel ; Eclipse → Death's Dance → Profane Hydra,,https://www.onetricks.gg/champions/builds/Fiora
Fizz,mid,16.19,,Lich Bane,Lich Bane → Zhonya's Hourglass,Rabadon's Deathcap | Shadowflame | Cryptbloom,Cryptbloom | Void Staff | Rabadon's Deathcap,Shadowflame | Blackfire Torch | Cryptbloom,Lich Bane → Zhonya's Hourglass → Rabadon's Deathcap → Cryptbloom ; Lich Bane → Zhonya's Hourglass → Rabadon's Deathcap → Void Staff ; Lich Bane → Zhonya's Hourglass → Rabadon's Deathcap → Banshee's Veil,Dark Seal → Blasting Wand → Aether Wisp ; Dark Seal → Aether Wisp → Blasting Wand ; Dark Seal → Blasting Wand → Sheen,https://www.onetricks.gg/champions/builds/Fizz
Fizz,mid,16.19,,Lich Bane,Lich Bane → Mejai's Soulstealer,Zhonya's Hourglass | Rabadon's Deathcap,Rabadon's Deathcap | Shadowflame | Zhonya's Hourglass,Void Staff | Cryptbloom,Lich Bane → Mejai's Soulstealer → Zhonya's Hourglass → Rabadon's Deathcap ; Lich Bane → Mejai's Soulstealer → Zhonya's Hourglass → Shadowflame ; Lich Bane → Mejai's Soulstealer → Rabadon's Deathcap → Zhonya's Hourglass,Dark Seal → Blasting Wand → Aether Wisp ; Dark Seal → Aether Wisp → Blasting Wand ; Dark Seal → Blasting Wand → Sheen,https://www.onetricks.gg/champions/builds/Fizz
Fizz,mid,16.19,,Lich Bane,Lich Bane → Shadowflame,Zhonya's Hourglass | Rabadon's Deathcap,Rabadon's Deathcap | Cosmic Drive | Banshee's Veil,Banshee's Veil,Lich Bane → Shadowflame → Zhonya's Hourglass → Rabadon's Deathcap ; Lich Bane → Shadowflame → Zhonya's Hourglass → Cosmic Drive ; Lich Bane → Shadowflame → Zhonya's Hourglass → Rabadon's Deathcap → Banshee's Veil,Dark Seal → Blasting Wand → Aether Wisp ; Dark Seal → Aether Wisp → Blasting Wand ; Dark Seal → Blasting Wand → Sheen,https://www.onetricks.gg/champions/builds/Fizz
Fizz,mid,16.19,,Lich Bane,Lich Bane → Rabadon's Deathcap,Zhonya's Hourglass | Mejai's Soulstealer,Mejai's Soulstealer | Cryptbloom | Zhonya's Hourglass,Banshee's Veil | Mejai's Soulstealer | Shadowflame,Lich Bane → Rabadon's Deathcap → Zhonya's Hourglass → Mejai's Soulstealer ; Lich Bane → Rabadon's Deathcap → Zhonya's Hourglass → Cryptbloom ; Lich Bane → Rabadon's Deathcap → Mejai's Soulstealer → Zhonya's Hourglass,Dark Seal → Blasting Wand → Aether Wisp ; Dark Seal → Aether Wisp → Blasting Wand ; Dark Seal → Blasting Wand → Sheen,https://www.onetricks.gg/champions/builds/Fizz
Fizz,mid,16.19,,Blackfire Torch,Blackfire Torch → Zhonya's Hourglass,Lich Bane | Mejai's Soulstealer,Lich Bane | Bloodletter's Curse | Mejai's Soulstealer,Lich Bane | Stormsurge | Void Staff,Blackfire Torch → Zhonya's Hourglass → Mejai's Soulstealer → Lich Bane ; Blackfire Torch → Zhonya's Hourglass → Mejai's Soulstealer → Bloodletter's Curse → Lich Bane ; Blackfire Torch → Zhonya's Hourglass → Lich Bane → Mejai's Soulstealer,Dark Seal → Ionian Boots of Lucidity → Lost Chapter ; Dark Seal → Lost Chapter → Fated Ashes ; Dark Seal → Fated Ashes → Lost Chapter,https://www.onetricks.gg/champions/builds/Fizz
Fizz,mid,16.19,,Blackfire Torch,Blackfire Torch → Mejai's Soulstealer,Zhonya's Hourglass | Riftmaker | Bloodletter's Curse,Zhonya's Hourglass | Riftmaker | Liandry's Torment,,Blackfire Torch → Mejai's Soulstealer → Zhonya's Hourglass → Riftmaker ; Blackfire Torch → Mejai's Soulstealer → Zhonya's Hourglass → Liandry's Torment ; Blackfire Torch → Mejai's Soulstealer → Riftmaker → Zhonya's Hourglass,Dark Seal → Ionian Boots of Lucidity → Lost Chapter ; Dark Seal → Lost Chapter → Fated Ashes ; Dark Seal → Fated Ashes → Lost Chapter,https://www.onetricks.gg/champions/builds/Fizz
Fizz,mid,16.19,,Blackfire Torch,Blackfire Torch → Riftmaker,Zhonya's Hourglass,Liandry's Torment | Bloodletter's Curse,Bloodletter's Curse,Blackfire Torch → Riftmaker → Zhonya's Hourglass → Liandry's Torment → Bloodletter's Curse ; Blackfire Torch → Riftmaker → Zhonya's Hourglass → Bloodletter's Curse,Dark Seal → Ionian Boots of Lucidity → Lost Chapter ; Dark Seal → Lost Chapter → Fated Ashes ; Dark Seal → Fated Ashes → Lost Chapter,https://www.onetricks.gg/champions/builds/Fizz
Fizz,mid,16.19,,Dusk and Dawn,Dusk and Dawn → Stormsurge,Zhonya's Hourglass | Mejai's Soulstealer | Rabadon's Deathcap,Mejai's Soulstealer | Rabadon's Deathcap | Zhonya's Hourglass,Cryptbloom,Dusk and Dawn → Stormsurge → Zhonya's Hourglass → Rabadon's Deathcap → Cryptbloom ; Dusk and Dawn → Stormsurge → Zhonya's Hourglass → Mejai's Soulstealer ; Dusk and Dawn → Stormsurge → Zhonya's Hourglass → Rabadon's Deathcap,Dark Seal → Blasting Wand → Sheen ; Dark Seal → Blasting Wand → Kindlegem ; Dark Seal → Blasting Wand → Gluttonous Greaves,https://www.onetricks.gg/champions/builds/Fizz
Galio,mid,16.19,,Hextech Rocketbelt,Hextech Rocketbelt → Imperial Mandate,Zhonya's Hourglass | Cryptbloom | Rabadon's Deathcap,Rabadon's Deathcap | Mejai's Soulstealer | Void Staff,Rabadon's Deathcap | Mejai's Soulstealer,Hextech Rocketbelt → Imperial Mandate → Zhonya's Hourglass → Mejai's Soulstealer → Rabadon's Deathcap ; Hextech Rocketbelt → Imperial Mandate → Riftmaker → Mejai's Soulstealer ; Hextech Rocketbelt → Imperial Mandate → Zhonya's Hourglass → Void Staff,Dark Seal → Hextech Alternator → Kindlegem ; Dark Seal → Hextech Alternator → Fiendish Codex ; Dark Seal → Sorcerer's Shoes → Hextech Alternator,https://www.onetricks.gg/champions/builds/Galio
Galio,mid,16.19,,Hextech Rocketbelt,Hextech Rocketbelt → Mejai's Soulstealer,Imperial Mandate | Zhonya's Hourglass | Rabadon's Deathcap,Cryptbloom | Rabadon's Deathcap | Void Staff,Zhonya's Hourglass | Riftmaker,Hextech Rocketbelt → Mejai's Soulstealer → Imperial Mandate → Cryptbloom ; Hextech Rocketbelt → Mejai's Soulstealer → Imperial Mandate → Rabadon's Deathcap → Zhonya's Hourglass ; Hextech Rocketbelt → Mejai's Soulstealer → Rabadon's Deathcap → Void Staff,Dark Seal → Hextech Alternator → Kindlegem ; Dark Seal → Hextech Alternator → Fiendish Codex ; Dark Seal → Sorcerer's Shoes → Hextech Alternator,https://www.onetricks.gg/champions/builds/Galio
Galio,mid,16.19,,Hextech Rocketbelt,Hextech Rocketbelt → Shadowflame,Zhonya's Hourglass | Rabadon's Deathcap | Void Staff,Rabadon's Deathcap | Mejai's Soulstealer | Zhonya's Hourglass,Lich Bane | Banshee's Veil,Hextech Rocketbelt → Shadowflame → Zhonya's Hourglass → Rabadon's Deathcap → Lich Bane ; Hextech Rocketbelt → Shadowflame → Zhonya's Hourglass → Mejai's Soulstealer ; Hextech Rocketbelt → Shadowflame → Rabadon's Deathcap → Zhonya's Hourglass → Banshee's Veil,Dark Seal → Hextech Alternator → Kindlegem ; Dark Seal → Hextech Alternator → Fiendish Codex ; Dark Seal → Sorcerer's Shoes → Hextech Alternator,https://www.onetricks.gg/champions/builds/Galio
Galio,mid,16.19,,Hextech Rocketbelt,Hextech Rocketbelt → Zhonya's Hourglass,Imperial Mandate | Mejai's Soulstealer | Cryptbloom,Morellonomicon | Void Staff | Rabadon's Deathcap,Rabadon's Deathcap | Mejai's Soulstealer,Hextech Rocketbelt → Zhonya's Hourglass → Imperial Mandate → Morellonomicon ; Hextech Rocketbelt → Zhonya's Hourglass → Imperial Mandate → Void Staff → Rabadon's Deathcap ; Hextech Rocketbelt → Zhonya's Hourglass → Shadowflame → Rabadon's Deathcap → Mejai's Soulstealer,Dark Seal → Hextech Alternator → Kindlegem ; Dark Seal → Hextech Alternator → Fiendish Codex ; Dark Seal → Sorcerer's Shoes → Hextech Alternator,https://www.onetricks.gg/champions/builds/Galio
Galio,mid,16.19,,Stormsurge,Stormsurge → Shadowflame,Zhonya's Hourglass | Banshee's Veil | Abyssal Mask,Zhonya's Hourglass | Void Staff | Cryptbloom,Rabadon's Deathcap | Lich Bane,Stormsurge → Shadowflame → Zhonya's Hourglass → Void Staff ; Stormsurge → Shadowflame → Banshee's Veil → Zhonya's Hourglass → Rabadon's Deathcap ; Stormsurge → Shadowflame → Abyssal Mask → Zhonya's Hourglass,Dark Seal → Hextech Alternator → Aether Wisp ; Dark Seal → Hextech Alternator → Sorcerer's Shoes ; Dark Seal → Aether Wisp → Hextech Alternator,https://www.onetricks.gg/champions/builds/Galio
Galio,mid,16.19,,Stormsurge,Stormsurge → Zhonya's Hourglass,Shadowflame | Abyssal Mask | Void Staff,Mejai's Soulstealer | Imperial Mandate,Banshee's Veil,Stormsurge → Zhonya's Hourglass → Shadowflame → Mejai's Soulstealer → Banshee's Veil ; Stormsurge → Zhonya's Hourglass → Abyssal Mask → Imperial Mandate,Dark Seal → Hextech Alternator → Aether Wisp ; Dark Seal → Hextech Alternator → Sorcerer's Shoes ; Dark Seal → Aether Wisp → Hextech Alternator,https://www.onetricks.gg/champions/builds/Galio
Galio,mid,16.19,,Imperial Mandate,Imperial Mandate → Riftmaker,Kaenic Rookern | Knight's Vow | Zhonya's Hourglass,Randuin's Omen | Kaenic Rookern | Abyssal Mask,Mejai's Soulstealer | Randuin's Omen | Zhonya's Hourglass,Imperial Mandate → Riftmaker → Zhonya's Hourglass → Randuin's Omen ; Imperial Mandate → Riftmaker → Kaenic Rookern → Randuin's Omen ; Imperial Mandate → Riftmaker → Zhonya's Hourglass → Randuin's Omen → Mejai's Soulstealer,Dark Seal → Plated Steelcaps → Bandleglass Mirror ; Dark Seal → Bandleglass Mirror → Amplifying Tome ; Dark Seal → Bandleglass Mirror → Plated Steelcaps,https://www.onetricks.gg/champions/builds/Galio
Galio,mid,16.19,,Imperial Mandate,Imperial Mandate → Abyssal Mask,Liandry's Torment | Randuin's Omen | Zhonya's Hourglass,Randuin's Omen,,Imperial Mandate → Abyssal Mask → Liandry's Torment ; Imperial Mandate → Abyssal Mask → Riftmaker → Randuin's Omen ; Imperial Mandate → Abyssal Mask → Randuin's Omen,Dark Seal → Plated Steelcaps → Bandleglass Mirror ; Dark Seal → Bandleglass Mirror → Amplifying Tome ; Dark Seal → Bandleglass Mirror → Plated Steelcaps,https://www.onetricks.gg/champions/builds/Galio
Galio,mid,16.19,,Imperial Mandate,Imperial Mandate → Liandry's Torment,Abyssal Mask | Mejai's Soulstealer,Knight's Vow | Zhonya's Hourglass,Randuin's Omen,Imperial Mandate → Liandry's Torment → Abyssal Mask → Zhonya's Hourglass → Randuin's Omen ; Imperial Mandate → Liandry's Torment → Mejai's Soulstealer → Knight's Vow,Dark Seal → Plated Steelcaps → Bandleglass Mirror ; Dark Seal → Bandleglass Mirror → Amplifying Tome ; Dark Seal → Bandleglass Mirror → Plated Steelcaps,https://www.onetricks.gg/champions/builds/Galio
Galio,mid,16.19,,Abyssal Mask,Abyssal Mask → Imperial Mandate,Zhonya's Hourglass | Mejai's Soulstealer | Morellonomicon,Riftmaker,,Abyssal Mask → Imperial Mandate → Mejai's Soulstealer ; Abyssal Mask → Imperial Mandate → Morellonomicon ; Abyssal Mask → Imperial Mandate → Zhonya's Hourglass → Riftmaker,Dark Seal → Negatron Cloak → Kindlegem ; Dark Seal → Kindlegem → Negatron Cloak ; Negatron Cloak → Kindlegem → Dark Seal,https://www.onetricks.gg/champions/builds/Galio
Galio,mid,16.19,,Hollow Radiance,Hollow Radiance → Imperial Mandate,Zhonya's Hourglass | Rabadon's Deathcap | Riftmaker,Cryptbloom | Rabadon's Deathcap,Riftmaker,Hollow Radiance → Imperial Mandate → Zhonya's Hourglass → Cryptbloom ; Hollow Radiance → Imperial Mandate → Zhonya's Hourglass → Rabadon's Deathcap → Riftmaker,Dark Seal → Spectre's Cowl → Bami's Cinder ; Spectre's Cowl → Bami's Cinder ; Dark Seal → Mercury's Treads → Spectre's Cowl,https://www.onetricks.gg/champions/builds/Galio
Galio,mid,16.19,,Hollow Radiance,Hollow Radiance → Riftmaker,Zhonya's Hourglass,Void Staff | Abyssal Mask,,Hollow Radiance → Riftmaker → Zhonya's Hourglass → Void Staff ; Hollow Radiance → Riftmaker → Zhonya's Hourglass → Abyssal Mask,Dark Seal → Spectre's Cowl → Bami's Cinder ; Spectre's Cowl → Bami's Cinder ; Dark Seal → Mercury's Treads → Spectre's Cowl,https://www.onetricks.gg/champions/builds/Galio
Galio,mid,16.19,,Lich Bane,Lich Bane → Stormsurge,Mejai's Soulstealer | Zhonya's Hourglass | Rabadon's Deathcap,Zhonya's Hourglass | Rabadon's Deathcap | Void Staff,Cryptbloom,Lich Bane → Stormsurge → Mejai's Soulstealer → Zhonya's Hourglass ; Lich Bane → Stormsurge → Rabadon's Deathcap → Zhonya's Hourglass ; Lich Bane → Stormsurge → Mejai's Soulstealer → Zhonya's Hourglass → Cryptbloom,Dark Seal → Blasting Wand → Aether Wisp ; Dark Seal → Aether Wisp → Blasting Wand ; Dark Seal → Blasting Wand → Sorcerer's Shoes,https://www.onetricks.gg/champions/builds/Galio
Gangplank,top,16.19,,Essence Reaver,Essence Reaver → The Collector,Infinity Edge | Lord Dominik's Regards | Immortal Shieldbow,Infinity Edge | Lord Dominik's Regards | Mortal Reminder,Serpent's Fang | Voltaic Cyclosword | Death's Dance,Essence Reaver → The Collector → Infinity Edge → Lord Dominik's Regards ; Essence Reaver → The Collector → Infinity Edge → Mortal Reminder ; Essence Reaver → The Collector → Voltaic Cyclosword → Infinity Edge,Sheen → Caulfield's Warhammer → Cloak of Agility ; Sheen → Cloak of Agility → Caulfield's Warhammer ; Sheen → Plated Steelcaps → Caulfield's Warhammer,https://www.onetricks.gg/champions/builds/Gangplank
Gangplank,top,16.19,,Essence Reaver,Essence Reaver → Lord Dominik's Regards,Infinity Edge | Voltaic Cyclosword | Immortal Shieldbow,Immortal Shieldbow | Infinity Edge | Voltaic Cyclosword,Immortal Shieldbow | The Collector | Voltaic Cyclosword,Essence Reaver → Lord Dominik's Regards → Infinity Edge → Immortal Shieldbow ; Essence Reaver → Lord Dominik's Regards → Voltaic Cyclosword → Infinity Edge ; Essence Reaver → Lord Dominik's Regards → Infinity Edge → Voltaic Cyclosword,Sheen → Caulfield's Warhammer → Cloak of Agility ; Sheen → Cloak of Agility → Caulfield's Warhammer ; Sheen → Plated Steelcaps → Caulfield's Warhammer,https://www.onetricks.gg/champions/builds/Gangplank
Gangplank,top,16.19,,Essence Reaver,Essence Reaver → Immortal Shieldbow,Mortal Reminder | Infinity Edge | Lord Dominik's Regards,Infinity Edge | Mortal Reminder | Lord Dominik's Regards,Voltaic Cyclosword | Lord Dominik's Regards | Infinity Edge,Essence Reaver → Immortal Shieldbow → Mortal Reminder → Infinity Edge ; Essence Reaver → Immortal Shieldbow → Infinity Edge → Mortal Reminder ; Essence Reaver → Immortal Shieldbow → Lord Dominik's Regards → Infinity Edge,Sheen → Caulfield's Warhammer → Cloak of Agility ; Sheen → Cloak of Agility → Caulfield's Warhammer ; Sheen → Plated Steelcaps → Caulfield's Warhammer,https://www.onetricks.gg/champions/builds/Gangplank
Gangplank,top,16.19,,Essence Reaver,Essence Reaver → Mortal Reminder,Immortal Shieldbow | Infinity Edge | Serpent's Fang,Infinity Edge | Immortal Shieldbow | The Collector,Voltaic Cyclosword | Death's Dance | Serpent's Fang,Essence Reaver → Mortal Reminder → Immortal Shieldbow → Infinity Edge ; Essence Reaver → Mortal Reminder → Infinity Edge → Immortal Shieldbow → Voltaic Cyclosword ; Essence Reaver → Mortal Reminder → Infinity Edge → The Collector,Sheen → Caulfield's Warhammer → Cloak of Agility ; Sheen → Cloak of Agility → Caulfield's Warhammer ; Sheen → Plated Steelcaps → Caulfield's Warhammer,https://www.onetricks.gg/champions/builds/Gangplank
Gangplank,top,16.19,,Trinity Force,Trinity Force → The Collector,Lord Dominik's Regards,,,Trinity Force → The Collector → Lord Dominik's Regards,Sheen → Phage → Hearthbound Axe ; Sheen,https://www.onetricks.gg/champions/builds/Gangplank
Garen,top,16.19,,Stridebreaker,Stridebreaker → Youmuu's Ghostblade,Voltaic Cyclosword | Mortal Reminder | Phantom Dancer,Lord Dominik's Regards | Phantom Dancer | Serpent's Fang,Sterak's Gage | Dead Man's Plate | Guardian Angel,Stridebreaker → Youmuu's Ghostblade → Voltaic Cyclosword → Lord Dominik's Regards ; Stridebreaker → Youmuu's Ghostblade → Mortal Reminder → Serpent's Fang ; Stridebreaker → Youmuu's Ghostblade → Voltaic Cyclosword → Phantom Dancer,Tiamat → Phage → Dagger ; Phage → Tiamat → Dagger ; Berserker's Greaves → Phage → Tiamat,https://www.onetricks.gg/champions/builds/Garen
Garen,top,16.19,,Stridebreaker,Stridebreaker → Phantom Dancer,Black Cleaver | Sterak's Gage | Mortal Reminder,Spear of Shojin | Force of Nature | Infinity Edge,Death's Dance | Sterak's Gage | Spear of Shojin,Stridebreaker → Phantom Dancer → Lord Dominik's Regards → Infinity Edge ; Stridebreaker → Phantom Dancer → Sterak's Gage → Spear of Shojin ; Stridebreaker → Phantom Dancer → Black Cleaver → Force of Nature,Tiamat → Phage → Dagger ; Phage → Tiamat → Dagger ; Berserker's Greaves → Phage → Tiamat,https://www.onetricks.gg/champions/builds/Garen
Garen,top,16.19,,Stridebreaker,Stridebreaker → Serpent's Fang,Youmuu's Ghostblade | Dead Man's Plate | Black Cleaver,Randuin's Omen | Voltaic Cyclosword | Mortal Reminder,Lord Dominik's Regards,Stridebreaker → Serpent's Fang → Black Cleaver → Randuin's Omen ; Stridebreaker → Serpent's Fang → Youmuu's Ghostblade → Voltaic Cyclosword ; Stridebreaker → Serpent's Fang → Youmuu's Ghostblade → Mortal Reminder,Tiamat → Phage → Dagger ; Phage → Tiamat → Dagger ; Berserker's Greaves → Phage → Tiamat,https://www.onetricks.gg/champions/builds/Garen
Garen,top,16.19,,Stridebreaker,Stridebreaker → Black Cleaver,Sterak's Gage | Spear of Shojin | Dead Man's Plate,Chempunk Chainsword | Serpent's Fang | Randuin's Omen,,Stridebreaker → Black Cleaver → Sterak's Gage → Serpent's Fang ; Stridebreaker → Black Cleaver → Sterak's Gage → Chempunk Chainsword ; Stridebreaker → Black Cleaver → Sterak's Gage → Randuin's Omen,Tiamat → Phage → Dagger ; Phage → Tiamat → Dagger ; Berserker's Greaves → Phage → Tiamat,https://www.onetricks.gg/champions/builds/Garen
Garen,top,16.19,,Trinity Force,Trinity Force → Youmuu's Ghostblade,Lord Dominik's Regards | Phantom Dancer,Spear of Shojin | Force of Nature,Dead Man's Plate,Trinity Force → Youmuu's Ghostblade → Lord Dominik's Regards → Spear of Shojin ; Trinity Force → Youmuu's Ghostblade → Phantom Dancer → Force of Nature → Dead Man's Plate ; Trinity Force → Youmuu's Ghostblade → Phantom Dancer → Spear of Shojin,,https://www.onetricks.gg/champions/builds/Garen
Garen,top,16.19,,Dead Man's Plate,Dead Man's Plate → Youmuu's Ghostblade,Lord Dominik's Regards | Mortal Reminder | Randuin's Omen,"Randuin's Omen | Force of Nature | Jak'Sho, The Protean",,"Dead Man's Plate → Youmuu's Ghostblade → Lord Dominik's Regards → Randuin's Omen ; Dead Man's Plate → Youmuu's Ghostblade → Lord Dominik's Regards → Jak'Sho, The Protean ; Dead Man's Plate → Youmuu's Ghostblade → Lord Dominik's Regards → Force of Nature",Chain Vest → Winged Moonplate → Ruby Crystal,https://www.onetricks.gg/champions/builds/Garen
Gnar,top,16.19,,Trinity Force,Trinity Force → Black Cleaver,Sterak's Gage | Randuin's Omen | Wit's End,Randuin's Omen | Wit's End | Sterak's Gage,Randuin's Omen | Thornmail | Chempunk Chainsword,Trinity Force → Black Cleaver → Sterak's Gage → Randuin's Omen ; Trinity Force → Black Cleaver → Sterak's Gage → Wit's End ; Trinity Force → Black Cleaver → Wit's End → Sterak's Gage,Plated Steelcaps → Phage → Hearthbound Axe ; Plated Steelcaps → Phage → Sheen ; Phage → Hearthbound Axe → Sheen,https://www.onetricks.gg/champions/builds/Gnar
Gnar,top,16.19,,Trinity Force,Trinity Force → Sterak's Gage,Randuin's Omen | Black Cleaver | Wit's End,"Jak'Sho, The Protean | Wit's End | Randuin's Omen",Wit's End | Randuin's Omen,"Trinity Force → Sterak's Gage → Randuin's Omen → Jak'Sho, The Protean ; Trinity Force → Sterak's Gage → Randuin's Omen → Wit's End ; Trinity Force → Sterak's Gage → Randuin's Omen → Terminus",Plated Steelcaps → Phage → Hearthbound Axe ; Plated Steelcaps → Phage → Sheen ; Phage → Hearthbound Axe → Sheen,https://www.onetricks.gg/champions/builds/Gnar
Gnar,top,16.19,,Trinity Force,Trinity Force → Wit's End,Sterak's Gage | Black Cleaver,Randuin's Omen | Sterak's Gage,Randuin's Omen,Trinity Force → Wit's End → Sterak's Gage → Randuin's Omen ; Trinity Force → Wit's End → Black Cleaver → Sterak's Gage → Randuin's Omen,Plated Steelcaps → Phage → Hearthbound Axe ; Plated Steelcaps → Phage → Sheen ; Phage → Hearthbound Axe → Sheen,https://www.onetricks.gg/champions/builds/Gnar
Gnar,top,16.19,,Trinity Force,Trinity Force → Randuin's Omen,Sterak's Gage,"Wit's End | Jak'Sho, The Protean",,"Trinity Force → Randuin's Omen → Sterak's Gage → Wit's End ; Trinity Force → Randuin's Omen → Sterak's Gage → Jak'Sho, The Protean",Plated Steelcaps → Phage → Hearthbound Axe ; Plated Steelcaps → Phage → Sheen ; Phage → Hearthbound Axe → Sheen,https://www.onetricks.gg/champions/builds/Gnar
Gnar,top,16.19,,Black Cleaver,Black Cleaver → Trinity Force,"Jak'Sho, The Protean | Chempunk Chainsword | Wit's End",Sterak's Gage,Randuin's Omen,"Black Cleaver → Trinity Force → Jak'Sho, The Protean → Sterak's Gage → Randuin's Omen ; Black Cleaver → Trinity Force → Chempunk Chainsword",Cull → Phage → Pickaxe ; Phage → Pickaxe → Kindlegem ; Phage → Mercury's Treads → Pickaxe,https://www.onetricks.gg/champions/builds/Gnar
Gragas,top,16.19,,Lich Bane,Lich Bane → Shadowflame,Rabadon's Deathcap | Cryptbloom | Stormsurge,Stormsurge | Mejai's Soulstealer | Zhonya's Hourglass,Zhonya's Hourglass,Lich Bane → Shadowflame → Rabadon's Deathcap → Stormsurge ; Lich Bane → Shadowflame → Rabadon's Deathcap → Mejai's Soulstealer ; Lich Bane → Shadowflame → Rabadon's Deathcap → Zhonya's Hourglass,Lost Chapter → Blasting Wand → Aether Wisp ; Lost Chapter → Blasting Wand → Sorcerer's Shoes ; Dark Seal → Lost Chapter → Aether Wisp,https://www.onetricks.gg/champions/builds/Gragas
Gragas,top,16.19,,Lich Bane,Lich Bane → Stormsurge,Shadowflame | Luden's Echo | Zhonya's Hourglass,Void Staff | Shadowflame | Hextech Rocketbelt,Rabadon's Deathcap | Void Staff,Lich Bane → Stormsurge → Shadowflame → Void Staff → Rabadon's Deathcap ; Lich Bane → Stormsurge → Rabadon's Deathcap → Shadowflame → Void Staff ; Lich Bane → Stormsurge → Zhonya's Hourglass → Hextech Rocketbelt → Rabadon's Deathcap,Lost Chapter → Blasting Wand → Aether Wisp ; Lost Chapter → Blasting Wand → Sorcerer's Shoes ; Dark Seal → Lost Chapter → Aether Wisp,https://www.onetricks.gg/champions/builds/Gragas
Gragas,top,16.19,,Imperial Mandate,Imperial Mandate → Hextech Rocketbelt,Lich Bane | Zhonya's Hourglass | Abyssal Mask,Zhonya's Hourglass | Frozen Heart | Lich Bane,Mejai's Soulstealer | Rabadon's Deathcap | Void Staff,Imperial Mandate → Hextech Rocketbelt → Lich Bane → Zhonya's Hourglass ; Imperial Mandate → Hextech Rocketbelt → Abyssal Mask → Frozen Heart ; Imperial Mandate → Hextech Rocketbelt → Zhonya's Hourglass → Lich Bane,Ionian Boots of Lucidity → Bandleglass Mirror → Amplifying Tome ; Dark Seal → Ionian Boots of Lucidity → Bandleglass Mirror ; Dark Seal → Bandleglass Mirror → Ionian Boots of Lucidity,https://www.onetricks.gg/champions/builds/Gragas
Gragas,top,16.19,,Imperial Mandate,Imperial Mandate → Lich Bane,Zhonya's Hourglass | Mejai's Soulstealer | Cryptbloom,Zhonya's Hourglass | Mejai's Soulstealer | Cryptbloom,Mejai's Soulstealer | Liandry's Torment | Zhonya's Hourglass,Imperial Mandate → Lich Bane → Zhonya's Hourglass → Mejai's Soulstealer → Liandry's Torment ; Imperial Mandate → Lich Bane → Zhonya's Hourglass → Cryptbloom ; Imperial Mandate → Lich Bane → Cryptbloom → Zhonya's Hourglass → Mejai's Soulstealer,Ionian Boots of Lucidity → Bandleglass Mirror → Amplifying Tome ; Dark Seal → Ionian Boots of Lucidity → Bandleglass Mirror ; Dark Seal → Bandleglass Mirror → Ionian Boots of Lucidity,https://www.onetricks.gg/champions/builds/Gragas
Gragas,top,16.19,,Hextech Rocketbelt,Hextech Rocketbelt → Lich Bane,Zhonya's Hourglass | Luden's Echo | Shadowflame,Luden's Echo,,Hextech Rocketbelt → Lich Bane → Zhonya's Hourglass ; Hextech Rocketbelt → Lich Bane → Luden's Echo ; Hextech Rocketbelt → Lich Bane → Shadowflame → Luden's Echo,Lost Chapter → Hextech Alternator → Kindlegem ; Tear of the Goddess → Hextech Alternator → Kindlegem ; Lost Chapter → Hextech Alternator → Fiendish Codex,https://www.onetricks.gg/champions/builds/Gragas
Gragas,top,16.19,,Hextech Rocketbelt,Hextech Rocketbelt → Shadowflame,Zhonya's Hourglass | Stormsurge | Cosmic Drive,Rabadon's Deathcap,,Hextech Rocketbelt → Shadowflame → Zhonya's Hourglass ; Hextech Rocketbelt → Shadowflame → Stormsurge ; Hextech Rocketbelt → Shadowflame → Lich Bane → Rabadon's Deathcap,Lost Chapter → Hextech Alternator → Kindlegem ; Tear of the Goddess → Hextech Alternator → Kindlegem ; Lost Chapter → Hextech Alternator → Fiendish Codex,https://www.onetricks.gg/champions/builds/Gragas
Gragas,top,16.19,,Hextech Rocketbelt,Hextech Rocketbelt → Seraph's Embrace,Mejai's Soulstealer | Zhonya's Hourglass,Shadowflame,,Hextech Rocketbelt → Seraph's Embrace → Mejai's Soulstealer → Shadowflame ; Hextech Rocketbelt → Seraph's Embrace → Zhonya's Hourglass,Lost Chapter → Hextech Alternator → Kindlegem ; Tear of the Goddess → Hextech Alternator → Kindlegem ; Lost Chapter → Hextech Alternator → Fiendish Codex,https://www.onetricks.gg/champions/builds/Gragas
Gragas,top,16.19,,Hextech Rocketbelt,Hextech Rocketbelt → Cosmic Drive,Zhonya's Hourglass | Shadowflame,Force of Nature,Frozen Heart,Hextech Rocketbelt → Cosmic Drive → Zhonya's Hourglass → Force of Nature → Frozen Heart ; Hextech Rocketbelt → Cosmic Drive → Shadowflame,Lost Chapter → Hextech Alternator → Kindlegem ; Tear of the Goddess → Hextech Alternator → Kindlegem ; Lost Chapter → Hextech Alternator → Fiendish Codex,https://www.onetricks.gg/champions/builds/Gragas
Gragas,top,16.19,,Luden's Echo,Luden's Echo → Lich Bane,Shadowflame | Stormsurge | Mejai's Soulstealer,Shadowflame | Void Staff | Hextech Rocketbelt,Rabadon's Deathcap | Stormsurge,Luden's Echo → Lich Bane → Stormsurge → Shadowflame ; Luden's Echo → Lich Bane → Shadowflame → Void Staff → Rabadon's Deathcap ; Luden's Echo → Lich Bane → Shadowflame → Hextech Rocketbelt → Stormsurge,Lost Chapter ; Lost Chapter → Hextech Alternator,https://www.onetricks.gg/champions/builds/Gragas
Gragas,top,16.19,,Luden's Echo,Luden's Echo → Shadowflame,Lich Bane | Rabadon's Deathcap,Stormsurge | Void Staff,,Luden's Echo → Shadowflame → Lich Bane → Stormsurge ; Luden's Echo → Shadowflame → Rabadon's Deathcap → Void Staff,Lost Chapter ; Lost Chapter → Hextech Alternator,https://www.onetricks.gg/champions/builds/Gragas
Gragas,top,16.19,,Cosmic Drive,Cosmic Drive → Lich Bane,Rabadon's Deathcap,,,Cosmic Drive → Lich Bane → Rabadon's Deathcap,Tear of the Goddess → Fiendish Codex → Aether Wisp ; Lost Chapter → Fiendish Codex → Aether Wisp ; Lost Chapter → Oblivion Orb → Fiendish Codex,https://www.onetricks.gg/champions/builds/Gragas
Gragas,top,16.19,,Seraph's Embrace,Seraph's Embrace → Lich Bane,Void Staff | Cryptbloom,Rabadon's Deathcap,,Seraph's Embrace → Lich Bane → Cryptbloom ; Seraph's Embrace → Lich Bane → Void Staff → Rabadon's Deathcap,Tear of the Goddess → Lost Chapter → Fiendish Codex ; Dark Seal → Lost Chapter → Tear of the Goddess ; Tear of the Goddess → Lost Chapter,https://www.onetricks.gg/champions/builds/Gragas
Graves,jungle,16.19,,Hubris,Hubris → The Collector,Lord Dominik's Regards | Mortal Reminder | Immortal Shieldbow,Immortal Shieldbow | Lord Dominik's Regards | Infinity Edge,Infinity Edge | Guardian Angel | Immortal Shieldbow,Hubris → The Collector → Lord Dominik's Regards → Immortal Shieldbow ; Hubris → The Collector → Mortal Reminder → Immortal Shieldbow ; Hubris → The Collector → Immortal Shieldbow → Lord Dominik's Regards,Serrated Dirk → Caulfield's Warhammer ; Serrated Dirk ; Serrated Dirk → Boots → Caulfield's Warhammer,https://www.onetricks.gg/champions/builds/Graves
Graves,jungle,16.19,,Hubris,Hubris → Black Cleaver,Sundered Sky | Immortal Shieldbow | Randuin's Omen,"Jak'Sho, The Protean | Knight's Vow | Randuin's Omen",Thornmail | Sundered Sky,"Hubris → Black Cleaver → Sundered Sky → Jak'Sho, The Protean ; Hubris → Black Cleaver → Sundered Sky → Knight's Vow → Thornmail ; Hubris → Black Cleaver → Sundered Sky → Randuin's Omen",Serrated Dirk → Caulfield's Warhammer ; Serrated Dirk ; Serrated Dirk → Boots → Caulfield's Warhammer,https://www.onetricks.gg/champions/builds/Graves
Graves,jungle,16.19,,Hubris,Hubris → Sundered Sky,Black Cleaver | Lord Dominik's Regards,Maw of Malmortius | Sterak's Gage | Kaenic Rookern,Edge of Night | Endless Hunger | Mercurial Scimitar,Hubris → Sundered Sky → Black Cleaver → Maw of Malmortius ; Hubris → Sundered Sky → Black Cleaver → Sterak's Gage → Edge of Night ; Hubris → Sundered Sky → Black Cleaver → Kaenic Rookern,Serrated Dirk → Caulfield's Warhammer ; Serrated Dirk ; Serrated Dirk → Boots → Caulfield's Warhammer,https://www.onetricks.gg/champions/builds/Graves
Graves,jungle,16.19,,Youmuu's Ghostblade,Youmuu's Ghostblade → The Collector,Mortal Reminder | Lord Dominik's Regards | Immortal Shieldbow,Immortal Shieldbow | Lord Dominik's Regards | Maw of Malmortius,"Infinity Edge | Jak'Sho, The Protean | Guardian Angel",Youmuu's Ghostblade → The Collector → Lord Dominik's Regards → Immortal Shieldbow ; Youmuu's Ghostblade → The Collector → Mortal Reminder → Immortal Shieldbow ; Youmuu's Ghostblade → The Collector → Immortal Shieldbow → Lord Dominik's Regards,Serrated Dirk → Rectrix → Long Sword ; Serrated Dirk ; Serrated Dirk → Boots → Rectrix,https://www.onetricks.gg/champions/builds/Graves
Graves,jungle,16.19,,Umbral Glaive,Umbral Glaive → Sundered Sky,Black Cleaver | Lord Dominik's Regards | Edge of Night,Lord Dominik's Regards | Mercurial Scimitar | Maw of Malmortius,Knight's Vow | Maw of Malmortius | Randuin's Omen,"Umbral Glaive → Sundered Sky → Black Cleaver → Mercurial Scimitar ; Umbral Glaive → Sundered Sky → Black Cleaver → Maw of Malmortius ; Umbral Glaive → Sundered Sky → Black Cleaver → Jak'Sho, The Protean → Knight's Vow",Serrated Dirk ; Serrated Dirk → Boots → Caulfield's Warhammer ; Serrated Dirk → Caulfield's Warhammer,https://www.onetricks.gg/champions/builds/Graves
Graves,jungle,16.19,,Umbral Glaive,Umbral Glaive → Black Cleaver,Sundered Sky,"Jak'Sho, The Protean",,"Umbral Glaive → Black Cleaver → Sundered Sky → Jak'Sho, The Protean",Serrated Dirk ; Serrated Dirk → Boots → Caulfield's Warhammer ; Serrated Dirk → Caulfield's Warhammer,https://www.onetricks.gg/champions/builds/Graves
Graves,jungle,16.19,,The Collector,The Collector → Lord Dominik's Regards,Immortal Shieldbow | Infinity Edge | Bloodthirster,Guardian Angel | Infinity Edge | Immortal Shieldbow,Guardian Angel | Infinity Edge | Bloodthirster,The Collector → Lord Dominik's Regards → Immortal Shieldbow → Infinity Edge → Guardian Angel ; The Collector → Lord Dominik's Regards → Bloodthirster → Guardian Angel → Infinity Edge ; The Collector → Lord Dominik's Regards → Infinity Edge → Immortal Shieldbow → Bloodthirster,,https://www.onetricks.gg/champions/builds/Graves
Graves,jungle,16.19,,The Collector,The Collector → Immortal Shieldbow,Lord Dominik's Regards,Infinity Edge,Guardian Angel,The Collector → Immortal Shieldbow → Lord Dominik's Regards → Infinity Edge → Guardian Angel,,https://www.onetricks.gg/champions/builds/Graves
Gwen,top,16.19,,Dusk and Dawn,Dusk and Dawn → Shadowflame,Rabadon's Deathcap | Void Staff | Zhonya's Hourglass,Void Staff | Rabadon's Deathcap,Banshee's Veil | Malignance,Dusk and Dawn → Shadowflame → Rabadon's Deathcap → Void Staff → Banshee's Veil ; Dusk and Dawn → Shadowflame → Rabadon's Deathcap → Void Staff → Malignance ; Dusk and Dawn → Shadowflame → Void Staff → Rabadon's Deathcap,Blasting Wand → Kindlegem → Sheen ; Blasting Wand → Sheen → Kindlegem ; Dark Seal → Blasting Wand → Kindlegem,https://www.onetricks.gg/champions/builds/Gwen
Gwen,top,16.19,,Dusk and Dawn,Dusk and Dawn → Nashor's Tooth,Rabadon's Deathcap | Zhonya's Hourglass,Rabadon's Deathcap | Zhonya's Hourglass,,Dusk and Dawn → Nashor's Tooth → Rabadon's Deathcap → Zhonya's Hourglass ; Dusk and Dawn → Nashor's Tooth → Zhonya's Hourglass → Rabadon's Deathcap,Blasting Wand → Kindlegem → Sheen ; Blasting Wand → Sheen → Kindlegem ; Dark Seal → Blasting Wand → Kindlegem,https://www.onetricks.gg/champions/builds/Gwen
Gwen,top,16.19,,Riftmaker,Riftmaker → Nashor's Tooth,Zhonya's Hourglass | Dusk and Dawn | Rabadon's Deathcap,Banshee's Veil | Randuin's Omen | Zhonya's Hourglass,,Riftmaker → Nashor's Tooth → Zhonya's Hourglass → Banshee's Veil ; Riftmaker → Nashor's Tooth → Bloodletter's Curse → Randuin's Omen ; Riftmaker → Nashor's Tooth → Rabadon's Deathcap → Zhonya's Hourglass,Haunting Guise → Fiendish Codex ; Dark Seal → Fiendish Codex → Haunting Guise ; Dark Seal → Plated Steelcaps → Haunting Guise,https://www.onetricks.gg/champions/builds/Gwen
Gwen,top,16.19,,Riftmaker,Riftmaker → Dusk and Dawn,Shadowflame | Kaenic Rookern,Rabadon's Deathcap,,Riftmaker → Dusk and Dawn → Shadowflame → Rabadon's Deathcap ; Riftmaker → Dusk and Dawn → Kaenic Rookern,Haunting Guise → Fiendish Codex ; Dark Seal → Fiendish Codex → Haunting Guise ; Dark Seal → Plated Steelcaps → Haunting Guise,https://www.onetricks.gg/champions/builds/Gwen
Gwen,top,16.19,,Nashor's Tooth,Nashor's Tooth → Riftmaker,Dusk and Dawn,Zhonya's Hourglass,,Nashor's Tooth → Riftmaker → Dusk and Dawn → Zhonya's Hourglass,Blasting Wand → Fiendish Codex → Recurve Bow ; Blasting Wand → Recurve Bow → Fiendish Codex ; Dark Seal → Blasting Wand → Plated Steelcaps,https://www.onetricks.gg/champions/builds/Gwen
Gwen,top,16.19,,Nashor's Tooth,Nashor's Tooth → Dusk and Dawn,Shadowflame | Rabadon's Deathcap,Rabadon's Deathcap,,Nashor's Tooth → Dusk and Dawn → Shadowflame → Rabadon's Deathcap ; Nashor's Tooth → Dusk and Dawn → Rabadon's Deathcap,Blasting Wand → Fiendish Codex → Recurve Bow ; Blasting Wand → Recurve Bow → Fiendish Codex ; Dark Seal → Blasting Wand → Plated Steelcaps,https://www.onetricks.gg/champions/builds/Gwen
Gwen,top,16.19,,Lich Bane,Lich Bane → Malignance,Mejai's Soulstealer | Stormsurge | Rabadon's Deathcap,Stormsurge | Void Staff | Zhonya's Hourglass,Shurelya's Battlesong | Banshee's Veil,Lich Bane → Malignance → Mejai's Soulstealer → Stormsurge → Shurelya's Battlesong ; Lich Bane → Malignance → Rabadon's Deathcap → Void Staff ; Lich Bane → Malignance → Shadowflame → Zhonya's Hourglass → Banshee's Veil,Blasting Wand → Aether Wisp → Sheen ; Cull → Blasting Wand → Aether Wisp ; Dark Seal → Aether Wisp → Blasting Wand,https://www.onetricks.gg/champions/builds/Gwen
Gwen,top,16.19,,Lich Bane,Lich Bane → Shadowflame,Rabadon's Deathcap | Malignance,Zhonya's Hourglass,,Lich Bane → Shadowflame → Rabadon's Deathcap → Zhonya's Hourglass ; Lich Bane → Shadowflame → Malignance,Blasting Wand → Aether Wisp → Sheen ; Cull → Blasting Wand → Aether Wisp ; Dark Seal → Aether Wisp → Blasting Wand,https://www.onetricks.gg/champions/builds/Gwen
Hecarim,jungle,16.19,,Spear of Shojin,Spear of Shojin → Death's Dance,Endless Hunger | Maw of Malmortius | Black Cleaver,Endless Hunger | Maw of Malmortius | Serylda's Grudge,Guardian Angel | Spirit Visage | Black Cleaver,Spear of Shojin → Death's Dance → Maw of Malmortius → Endless Hunger ; Spear of Shojin → Death's Dance → Endless Hunger → Maw of Malmortius ; Spear of Shojin → Death's Dance → Endless Hunger → Serylda's Grudge,Ionian Boots of Lucidity → Pickaxe → Tunneler ; Ionian Boots of Lucidity → Tunneler → Pickaxe ; Pickaxe → Ionian Boots of Lucidity → Tunneler,https://www.onetricks.gg/champions/builds/Hecarim
Hecarim,jungle,16.19,,Spear of Shojin,Spear of Shojin → Black Cleaver,Death's Dance | Endless Hunger | Maw of Malmortius,Death's Dance | Maw of Malmortius | Endless Hunger,Randuin's Omen | Maw of Malmortius | Chempunk Chainsword,Spear of Shojin → Black Cleaver → Death's Dance → Maw of Malmortius ; Spear of Shojin → Black Cleaver → Endless Hunger → Death's Dance ; Spear of Shojin → Black Cleaver → Death's Dance → Endless Hunger,Ionian Boots of Lucidity → Pickaxe → Tunneler ; Ionian Boots of Lucidity → Tunneler → Pickaxe ; Pickaxe → Ionian Boots of Lucidity → Tunneler,https://www.onetricks.gg/champions/builds/Hecarim
Hecarim,jungle,16.19,,Spear of Shojin,Spear of Shojin → Maw of Malmortius,Death's Dance | Endless Hunger | Black Cleaver,Death's Dance | Kaenic Rookern | Endless Hunger,Guardian Angel,Spear of Shojin → Maw of Malmortius → Endless Hunger → Death's Dance → Guardian Angel ; Spear of Shojin → Maw of Malmortius → Death's Dance → Kaenic Rookern ; Spear of Shojin → Maw of Malmortius → Death's Dance → Endless Hunger,Ionian Boots of Lucidity → Pickaxe → Tunneler ; Ionian Boots of Lucidity → Tunneler → Pickaxe ; Pickaxe → Ionian Boots of Lucidity → Tunneler,https://www.onetricks.gg/champions/builds/Hecarim
Hecarim,jungle,16.19,,Black Cleaver,Black Cleaver → Death's Dance,Endless Hunger | Maw of Malmortius | Spear of Shojin,Spear of Shojin | Maw of Malmortius | Endless Hunger,Sterak's Gage | Spear of Shojin | Maw of Malmortius,Black Cleaver → Death's Dance → Endless Hunger → Spear of Shojin ; Black Cleaver → Death's Dance → Endless Hunger → Maw of Malmortius ; Black Cleaver → Death's Dance → Maw of Malmortius → Endless Hunger,Ionian Boots of Lucidity → Phage → Pickaxe ; Ionian Boots of Lucidity → Pickaxe → Phage ; Ionian Boots of Lucidity → Phage → Kindlegem,https://www.onetricks.gg/champions/builds/Hecarim
Hecarim,jungle,16.19,,Black Cleaver,Black Cleaver → Spear of Shojin,Death's Dance | Maw of Malmortius,Maw of Malmortius | Endless Hunger,Maw of Malmortius,Black Cleaver → Spear of Shojin → Death's Dance → Maw of Malmortius ; Black Cleaver → Spear of Shojin → Death's Dance → Endless Hunger → Maw of Malmortius,Ionian Boots of Lucidity → Phage → Pickaxe ; Ionian Boots of Lucidity → Pickaxe → Phage ; Ionian Boots of Lucidity → Phage → Kindlegem,https://www.onetricks.gg/champions/builds/Hecarim
Hecarim,jungle,16.19,,Hubris,Hubris → Death's Dance,Endless Hunger | Lord Dominik's Regards | Bastionbreaker,Serylda's Grudge | Endless Hunger | Maw of Malmortius,Randuin's Omen | Guardian Angel | Spear of Shojin,Hubris → Death's Dance → Endless Hunger → Serylda's Grudge ; Hubris → Death's Dance → Endless Hunger → Maw of Malmortius ; Hubris → Death's Dance → Endless Hunger → Serylda's Grudge → Randuin's Omen,Serrated Dirk ; Serrated Dirk → Boots → Caulfield's Warhammer ; Serrated Dirk → Caulfield's Warhammer,https://www.onetricks.gg/champions/builds/Hecarim
Hecarim,jungle,16.19,,Hubris,Hubris → Axiom Arc,Endless Hunger | Death's Dance | Spear of Shojin,Endless Hunger | Lord Dominik's Regards | Death's Dance,Death's Dance | Guardian Angel,Hubris → Axiom Arc → Endless Hunger → Lord Dominik's Regards ; Hubris → Axiom Arc → Spear of Shojin → Endless Hunger → Death's Dance ; Hubris → Axiom Arc → Endless Hunger → Death's Dance,Serrated Dirk ; Serrated Dirk → Boots → Caulfield's Warhammer ; Serrated Dirk → Caulfield's Warhammer,https://www.onetricks.gg/champions/builds/Hecarim
Hecarim,jungle,16.19,,Hubris,Hubris → Spear of Shojin,Death's Dance | Maw of Malmortius,Endless Hunger | Maw of Malmortius,,Hubris → Spear of Shojin → Maw of Malmortius ; Hubris → Spear of Shojin → Death's Dance → Maw of Malmortius ; Hubris → Spear of Shojin → Death's Dance → Endless Hunger,Serrated Dirk ; Serrated Dirk → Boots → Caulfield's Warhammer ; Serrated Dirk → Caulfield's Warhammer,https://www.onetricks.gg/champions/builds/Hecarim
Hecarim,jungle,16.19,,Hubris,Hubris → Endless Hunger,Mortal Reminder | Death's Dance,Death's Dance | Mortal Reminder,Eclipse,Hubris → Endless Hunger → Mortal Reminder → Death's Dance → Eclipse ; Hubris → Endless Hunger → Death's Dance → Mortal Reminder,Serrated Dirk ; Serrated Dirk → Boots → Caulfield's Warhammer ; Serrated Dirk → Caulfield's Warhammer,https://www.onetricks.gg/champions/builds/Hecarim
Hecarim,jungle,16.19,,Death's Dance,Death's Dance → Black Cleaver,Endless Hunger | Maw of Malmortius | Guardian Angel,Maw of Malmortius | Randuin's Omen | Endless Hunger,Kaenic Rookern | Guardian Angel,Death's Dance → Black Cleaver → Endless Hunger → Maw of Malmortius ; Death's Dance → Black Cleaver → Endless Hunger → Randuin's Omen ; Death's Dance → Black Cleaver → Endless Hunger → Spear of Shojin,Pickaxe → Boots → Steel Sigil ; Boots → Pickaxe → Steel Sigil ; Pickaxe → Boots → Caulfield's Warhammer,https://www.onetricks.gg/champions/builds/Hecarim
Hecarim,jungle,16.19,,Death's Dance,Death's Dance → Endless Hunger,Lord Dominik's Regards | Mortal Reminder | Serylda's Grudge,Spear of Shojin | Guardian Angel,Edge of Night,Death's Dance → Endless Hunger → Lord Dominik's Regards → Spear of Shojin → Edge of Night ; Death's Dance → Endless Hunger → Maw of Malmortius → Guardian Angel,Pickaxe → Boots → Steel Sigil ; Boots → Pickaxe → Steel Sigil ; Pickaxe → Boots → Caulfield's Warhammer,https://www.onetricks.gg/champions/builds/Hecarim
Hecarim,jungle,16.19,,Eclipse,Eclipse → Black Cleaver,Death's Dance | Chempunk Chainsword | Randuin's Omen,Endless Hunger | Chempunk Chainsword | Guardian Angel,Frozen Heart,Eclipse → Black Cleaver → Death's Dance → Endless Hunger ; Eclipse → Black Cleaver → Death's Dance → Chempunk Chainsword ; Eclipse → Black Cleaver → Randuin's Omen → Guardian Angel → Frozen Heart,Ionian Boots of Lucidity → Caulfield's Warhammer → Pickaxe ; Pickaxe → Caulfield's Warhammer → Long Sword ; Ionian Boots of Lucidity → Pickaxe → Caulfield's Warhammer,https://www.onetricks.gg/champions/builds/Hecarim
Hecarim,jungle,16.19,,Eclipse,Eclipse → Death's Dance,Maw of Malmortius,Frozen Heart,,Eclipse → Death's Dance → Maw of Malmortius → Frozen Heart,Ionian Boots of Lucidity → Caulfield's Warhammer → Pickaxe ; Pickaxe → Caulfield's Warhammer → Long Sword ; Ionian Boots of Lucidity → Pickaxe → Caulfield's Warhammer,https://www.onetricks.gg/champions/builds/Hecarim
Hecarim,jungle,16.19,,Voltaic Cyclosword,Voltaic Cyclosword → Axiom Arc,Serylda's Grudge,Endless Hunger,,Voltaic Cyclosword → Axiom Arc → Serylda's Grudge → Endless Hunger,The Brutalizer,https://www.onetricks.gg/champions/builds/Hecarim
Heimerdinger,top,16.19,,Blackfire Torch,Blackfire Torch → Rabadon's Deathcap,Shadowflame | Rylai's Crystal Scepter | Zhonya's Hourglass,Void Staff | Zhonya's Hourglass | Stormsurge,Liandry's Torment | Banshee's Veil | Mejai's Soulstealer,Blackfire Torch → Rabadon's Deathcap → Shadowflame → Void Staff ; Blackfire Torch → Rabadon's Deathcap → Shadowflame → Stormsurge → Banshee's Veil ; Blackfire Torch → Rabadon's Deathcap → Shadowflame → Void Staff → Liandry's Torment,Lost Chapter → Fated Ashes ; Dark Seal → Lost Chapter → Fated Ashes ; Fated Ashes → Lost Chapter,https://www.onetricks.gg/champions/builds/Heimerdinger
Heimerdinger,top,16.19,,Blackfire Torch,Blackfire Torch → Zhonya's Hourglass,Rabadon's Deathcap | Void Staff | Rylai's Crystal Scepter,Bloodletter's Curse | Shadowflame | Mejai's Soulstealer,Banshee's Veil,Blackfire Torch → Zhonya's Hourglass → Rylai's Crystal Scepter → Bloodletter's Curse → Banshee's Veil ; Blackfire Torch → Zhonya's Hourglass → Rabadon's Deathcap → Shadowflame ; Blackfire Torch → Zhonya's Hourglass → Rabadon's Deathcap → Mejai's Soulstealer,Lost Chapter → Fated Ashes ; Dark Seal → Lost Chapter → Fated Ashes ; Fated Ashes → Lost Chapter,https://www.onetricks.gg/champions/builds/Heimerdinger
Heimerdinger,top,16.19,,Blackfire Torch,Blackfire Torch → Liandry's Torment,Void Staff | Rabadon's Deathcap | Zhonya's Hourglass,Zhonya's Hourglass | Void Staff | Rabadon's Deathcap,Void Staff,Blackfire Torch → Liandry's Torment → Rabadon's Deathcap → Zhonya's Hourglass ; Blackfire Torch → Liandry's Torment → Void Staff → Zhonya's Hourglass ; Blackfire Torch → Liandry's Torment → Rylai's Crystal Scepter → Void Staff,Lost Chapter → Fated Ashes ; Dark Seal → Lost Chapter → Fated Ashes ; Fated Ashes → Lost Chapter,https://www.onetricks.gg/champions/builds/Heimerdinger
Heimerdinger,top,16.19,,Blackfire Torch,Blackfire Torch → Shadowflame,Rabadon's Deathcap | Void Staff | Zhonya's Hourglass,Void Staff | Rabadon's Deathcap,Liandry's Torment,Blackfire Torch → Shadowflame → Rabadon's Deathcap → Void Staff ; Blackfire Torch → Shadowflame → Void Staff → Rabadon's Deathcap → Liandry's Torment ; Blackfire Torch → Shadowflame → Zhonya's Hourglass → Void Staff,Lost Chapter → Fated Ashes ; Dark Seal → Lost Chapter → Fated Ashes ; Fated Ashes → Lost Chapter,https://www.onetricks.gg/champions/builds/Heimerdinger
Heimerdinger,top,16.19,,Rabadon's Deathcap,Rabadon's Deathcap → Shadowflame,Void Staff | Banshee's Veil | Zhonya's Hourglass,Blackfire Torch | Cryptbloom | Zhonya's Hourglass,Zhonya's Hourglass | Blackfire Torch | Mejai's Soulstealer,Rabadon's Deathcap → Shadowflame → Banshee's Veil → Blackfire Torch → Zhonya's Hourglass ; Rabadon's Deathcap → Shadowflame → Zhonya's Hourglass → Cryptbloom → Blackfire Torch ; Rabadon's Deathcap → Shadowflame → Void Staff → Zhonya's Hourglass,Needlessly Large Rod → Dark Seal → Needlessly Large Rod ; Needlessly Large Rod → Needlessly Large Rod ; Needlessly Large Rod → Needlessly Large Rod → Needlessly Large Rod,https://www.onetricks.gg/champions/builds/Heimerdinger
Heimerdinger,top,16.19,,Shadowflame,Shadowflame → Stormsurge,Rabadon's Deathcap | Void Staff,Void Staff | Rabadon's Deathcap,Actualizer | Mejai's Soulstealer | Hextech Rocketbelt,Shadowflame → Stormsurge → Rabadon's Deathcap → Void Staff ; Shadowflame → Stormsurge → Void Staff → Rabadon's Deathcap ; Shadowflame → Stormsurge → Rabadon's Deathcap → Void Staff → Actualizer,Dark Seal → Needlessly Large Rod → Hextech Alternator ; Needlessly Large Rod → Hextech Alternator ; Needlessly Large Rod → Dark Seal → Hextech Alternator,https://www.onetricks.gg/champions/builds/Heimerdinger
Heimerdinger,top,16.19,,Shadowflame,Shadowflame → Rabadon's Deathcap,Void Staff | Actualizer,Actualizer | Malignance | Stormsurge,Actualizer | Malignance | Void Staff,Shadowflame → Rabadon's Deathcap → Void Staff → Actualizer → Stormsurge ; Shadowflame → Rabadon's Deathcap → Void Staff → Actualizer → Malignance ; Shadowflame → Rabadon's Deathcap → Void Staff → Stormsurge → Actualizer,Dark Seal → Needlessly Large Rod → Hextech Alternator ; Needlessly Large Rod → Hextech Alternator ; Needlessly Large Rod → Dark Seal → Hextech Alternator,https://www.onetricks.gg/champions/builds/Heimerdinger
Heimerdinger,top,16.19,,Luden's Echo,Luden's Echo → Zhonya's Hourglass,Cryptbloom | Rabadon's Deathcap,Stormsurge | Void Staff,Banshee's Veil,Luden's Echo → Zhonya's Hourglass → Cryptbloom → Stormsurge ; Luden's Echo → Zhonya's Hourglass → Rabadon's Deathcap → Void Staff → Banshee's Veil,Lost Chapter ; Lost Chapter → Hextech Alternator ; Hextech Alternator → Lost Chapter,https://www.onetricks.gg/champions/builds/Heimerdinger
Heimerdinger,top,16.19,,Liandry's Torment,Liandry's Torment → Blackfire Torch,Rabadon's Deathcap | Cryptbloom,Mejai's Soulstealer,,Liandry's Torment → Blackfire Torch → Rabadon's Deathcap → Mejai's Soulstealer ; Liandry's Torment → Blackfire Torch → Cryptbloom,Fated Ashes → Cloth Armor → Haunting Guise ; Cull → Fated Ashes → Haunting Guise ; Dark Seal → Haunting Guise → Fated Ashes,https://www.onetricks.gg/champions/builds/Heimerdinger
Heimerdinger,top,16.19,,Liandry's Torment,Liandry's Torment → Zhonya's Hourglass,Rylai's Crystal Scepter,,,Liandry's Torment → Zhonya's Hourglass → Rylai's Crystal Scepter,Fated Ashes → Cloth Armor → Haunting Guise ; Cull → Fated Ashes → Haunting Guise ; Dark Seal → Haunting Guise → Fated Ashes,https://www.onetricks.gg/champions/builds/Heimerdinger
Heimerdinger,top,16.19,,Void Staff,Void Staff → Blackfire Torch,Liandry's Torment,Rylai's Crystal Scepter,,Void Staff → Blackfire Torch → Liandry's Torment → Rylai's Crystal Scepter,Blighting Jewel → Blasting Wand → Fated Ashes ; Blasting Wand → Blighting Jewel ; Blighting Jewel → Blasting Wand → Needlessly Large Rod,https://www.onetricks.gg/champions/builds/Heimerdinger
Heimerdinger,top,16.19,,Void Staff,Void Staff → Rabadon's Deathcap,Shadowflame,,,Void Staff → Rabadon's Deathcap → Shadowflame,Blighting Jewel → Blasting Wand → Fated Ashes ; Blasting Wand → Blighting Jewel ; Blighting Jewel → Blasting Wand → Needlessly Large Rod,https://www.onetricks.gg/champions/builds/Heimerdinger
Hwei,bot,16.19,,Blackfire Torch,Blackfire Torch → Horizon Focus,Shadowflame | Mejai's Soulstealer | Cryptbloom,Rabadon's Deathcap | Shadowflame | Zhonya's Hourglass,Rabadon's Deathcap | Cryptbloom | Zhonya's Hourglass,Blackfire Torch → Horizon Focus → Shadowflame → Rabadon's Deathcap ; Blackfire Torch → Horizon Focus → Mejai's Soulstealer → Shadowflame ; Blackfire Torch → Horizon Focus → Shadowflame → Zhonya's Hourglass,Dark Seal → Lost Chapter → Fated Ashes ; Lost Chapter → Fated Ashes ; Lost Chapter → Dark Seal → Fated Ashes,https://www.onetricks.gg/champions/builds/Hwei
Hwei,bot,16.19,,Blackfire Torch,Blackfire Torch → Shadowflame,Rabadon's Deathcap | Horizon Focus | Stormsurge,Cryptbloom | Zhonya's Hourglass | Mejai's Soulstealer,Rabadon's Deathcap | Banshee's Veil | Mejai's Soulstealer,Blackfire Torch → Shadowflame → Rabadon's Deathcap → Cryptbloom ; Blackfire Torch → Shadowflame → Rabadon's Deathcap → Zhonya's Hourglass ; Blackfire Torch → Shadowflame → Cosmic Drive → Cryptbloom,Dark Seal → Lost Chapter → Fated Ashes ; Lost Chapter → Fated Ashes ; Lost Chapter → Dark Seal → Fated Ashes,https://www.onetricks.gg/champions/builds/Hwei
Hwei,bot,16.19,,Blackfire Torch,Blackfire Torch → Liandry's Torment,Cryptbloom | Seraph's Embrace | Bloodletter's Curse,Rabadon's Deathcap | Morellonomicon | Imperial Mandate,Rabadon's Deathcap,Blackfire Torch → Liandry's Torment → Seraph's Embrace → Rabadon's Deathcap ; Blackfire Torch → Liandry's Torment → Zhonya's Hourglass → Rabadon's Deathcap ; Blackfire Torch → Liandry's Torment → Shadowflame → Rabadon's Deathcap,Dark Seal → Lost Chapter → Fated Ashes ; Lost Chapter → Fated Ashes ; Lost Chapter → Dark Seal → Fated Ashes,https://www.onetricks.gg/champions/builds/Hwei
Hwei,bot,16.19,,Blackfire Torch,Blackfire Torch → Stormsurge,Shadowflame | Cryptbloom | Zhonya's Hourglass,Rabadon's Deathcap | Void Staff | Shadowflame,Luden's Echo | Void Staff | Zhonya's Hourglass,Blackfire Torch → Stormsurge → Shadowflame → Rabadon's Deathcap ; Blackfire Torch → Stormsurge → Cryptbloom → Rabadon's Deathcap ; Blackfire Torch → Stormsurge → Shadowflame → Rabadon's Deathcap → Luden's Echo,Dark Seal → Lost Chapter → Fated Ashes ; Lost Chapter → Fated Ashes ; Lost Chapter → Dark Seal → Fated Ashes,https://www.onetricks.gg/champions/builds/Hwei
Hwei,bot,16.19,,Luden's Echo,Luden's Echo → Shadowflame,Rabadon's Deathcap | Zhonya's Hourglass | Hextech Rocketbelt,Rabadon's Deathcap | Banshee's Veil | Zhonya's Hourglass,,Luden's Echo → Shadowflame → Zhonya's Hourglass → Rabadon's Deathcap ; Luden's Echo → Shadowflame → Rabadon's Deathcap → Banshee's Veil ; Luden's Echo → Shadowflame → Rabadon's Deathcap → Zhonya's Hourglass,Lost Chapter ; Dark Seal → Lost Chapter → Hextech Alternator ; Dark Seal → Lost Chapter → Sorcerer's Shoes,https://www.onetricks.gg/champions/builds/Hwei
Hwei,bot,16.19,,Liandry's Torment,Liandry's Torment → Echoes of Helia,Diadem of Songs,Cosmic Drive,Mejai's Soulstealer,Liandry's Torment → Echoes of Helia → Diadem of Songs → Cosmic Drive → Mejai's Soulstealer,Tear of the Goddess → Dark Seal → Haunting Guise ; Tear of the Goddess → Dark Seal → Ionian Boots of Lucidity,https://www.onetricks.gg/champions/builds/Hwei
Hwei,bot,16.19,,Seraph's Embrace,Seraph's Embrace → Cosmic Drive,Liandry's Torment,Rabadon's Deathcap,,Seraph's Embrace → Cosmic Drive → Liandry's Torment → Rabadon's Deathcap,Tear of the Goddess → Lost Chapter → Ionian Boots of Lucidity ; Tear of the Goddess → Ionian Boots of Lucidity → Lost Chapter ; Tear of the Goddess → Lost Chapter,https://www.onetricks.gg/champions/builds/Hwei
Illaoi,top,16.19,,Black Cleaver,Black Cleaver → Sterak's Gage,Death's Dance | Spirit Visage | Randuin's Omen,Endless Hunger | Randuin's Omen | Kaenic Rookern,Edge of Night | Guardian Angel | Chempunk Chainsword,Black Cleaver → Sterak's Gage → Death's Dance → Endless Hunger ; Black Cleaver → Sterak's Gage → Spirit Visage → Iceborn Gauntlet ; Black Cleaver → Sterak's Gage → Spirit Visage → Randuin's Omen,Pickaxe → Phage → Kindlegem ; Phage → Pickaxe → Kindlegem ; Phage → Kindlegem → Pickaxe,https://www.onetricks.gg/champions/builds/Illaoi
Illaoi,top,16.19,,Black Cleaver,Black Cleaver → Iceborn Gauntlet,Sterak's Gage | Kaenic Rookern | Randuin's Omen,"Spirit Visage | Randuin's Omen | Jak'Sho, The Protean",Death's Dance,Black Cleaver → Iceborn Gauntlet → Sterak's Gage → Spirit Visage ; Black Cleaver → Iceborn Gauntlet → Sterak's Gage → Randuin's Omen ; Black Cleaver → Iceborn Gauntlet → Sterak's Gage → Spirit Visage → Death's Dance,Pickaxe → Phage → Kindlegem ; Phage → Pickaxe → Kindlegem ; Phage → Kindlegem → Pickaxe,https://www.onetricks.gg/champions/builds/Illaoi
Illaoi,top,16.19,,Black Cleaver,Black Cleaver → Spear of Shojin,Sterak's Gage | Death's Dance,Kaenic Rookern | Hullbreaker,,Black Cleaver → Spear of Shojin → Sterak's Gage ; Black Cleaver → Spear of Shojin → Death's Dance → Kaenic Rookern ; Black Cleaver → Spear of Shojin → Death's Dance → Hullbreaker,Pickaxe → Phage → Kindlegem ; Phage → Pickaxe → Kindlegem ; Phage → Kindlegem → Pickaxe,https://www.onetricks.gg/champions/builds/Illaoi
Illaoi,top,16.19,,Sundered Sky,Sundered Sky → Sterak's Gage,Iceborn Gauntlet | Death's Dance | Spirit Visage,"Randuin's Omen | Spirit Visage | Jak'Sho, The Protean",Iceborn Gauntlet | Randuin's Omen,Sundered Sky → Sterak's Gage → Iceborn Gauntlet → Randuin's Omen ; Sundered Sky → Sterak's Gage → Death's Dance → Randuin's Omen ; Sundered Sky → Sterak's Gage → Death's Dance → Spirit Visage,Tunneler → Caulfield's Warhammer → Ruby Crystal ; Chain Vest → Tunneler → Caulfield's Warhammer,https://www.onetricks.gg/champions/builds/Illaoi
Illaoi,top,16.19,,Sundered Sky,Sundered Sky → Black Cleaver,Sterak's Gage,Spirit Visage | Iceborn Gauntlet | Randuin's Omen,Death's Dance | Spirit Visage | Randuin's Omen,Sundered Sky → Black Cleaver → Sterak's Gage → Spirit Visage ; Sundered Sky → Black Cleaver → Sterak's Gage → Iceborn Gauntlet ; Sundered Sky → Black Cleaver → Sterak's Gage → Randuin's Omen,Tunneler → Caulfield's Warhammer → Ruby Crystal ; Chain Vest → Tunneler → Caulfield's Warhammer,https://www.onetricks.gg/champions/builds/Illaoi
Illaoi,top,16.19,,Iceborn Gauntlet,Iceborn Gauntlet → Black Cleaver,Sterak's Gage | Randuin's Omen | Death's Dance,Death's Dance | Sterak's Gage | Randuin's Omen,"Jak'Sho, The Protean | Spirit Visage | Maw of Malmortius","Iceborn Gauntlet → Black Cleaver → Sterak's Gage → Death's Dance ; Iceborn Gauntlet → Black Cleaver → Randuin's Omen → Sterak's Gage ; Iceborn Gauntlet → Black Cleaver → Sterak's Gage → Death's Dance → Jak'Sho, The Protean",Chain Vest → Sheen → Ruby Crystal ; Sheen → Chain Vest → Ruby Crystal ; Plated Steelcaps → Sheen → Chain Vest,https://www.onetricks.gg/champions/builds/Illaoi
Illaoi,top,16.19,,Iceborn Gauntlet,Iceborn Gauntlet → Sundered Sky,Black Cleaver | Death's Dance | Sterak's Gage,Force of Nature | Randuin's Omen,Maw of Malmortius,Iceborn Gauntlet → Sundered Sky → Black Cleaver → Force of Nature → Maw of Malmortius ; Iceborn Gauntlet → Sundered Sky → Sterak's Gage → Randuin's Omen,Chain Vest → Sheen → Ruby Crystal ; Sheen → Chain Vest → Ruby Crystal ; Plated Steelcaps → Sheen → Chain Vest,https://www.onetricks.gg/champions/builds/Illaoi
Illaoi,top,16.19,,Maw of Malmortius,Maw of Malmortius → Black Cleaver,Iceborn Gauntlet | Randuin's Omen | Death's Dance,Death's Dance | Spirit Visage | Guardian Angel,Death's Dance | Overlord's Bloodmail | Sundered Sky,Maw of Malmortius → Black Cleaver → Randuin's Omen → Spirit Visage ; Maw of Malmortius → Black Cleaver → Youmuu's Ghostblade → Death's Dance ; Maw of Malmortius → Black Cleaver → Randuin's Omen → Spirit Visage → Death's Dance,Hexdrinker → Caulfield's Warhammer ; Hexdrinker → Caulfield's Warhammer → Null-Magic Mantle ; Mercury's Treads → Hexdrinker → Caulfield's Warhammer,https://www.onetricks.gg/champions/builds/Illaoi
Illaoi,top,16.19,,Maw of Malmortius,Maw of Malmortius → Iceborn Gauntlet,Death's Dance | Black Cleaver,Randuin's Omen,,Maw of Malmortius → Iceborn Gauntlet → Death's Dance → Randuin's Omen ; Maw of Malmortius → Iceborn Gauntlet → Black Cleaver → Randuin's Omen,Hexdrinker → Caulfield's Warhammer ; Hexdrinker → Caulfield's Warhammer → Null-Magic Mantle ; Mercury's Treads → Hexdrinker → Caulfield's Warhammer,https://www.onetricks.gg/champions/builds/Illaoi
Illaoi,top,16.19,,Maw of Malmortius,Maw of Malmortius → Stridebreaker,Endless Hunger | Death's Dance,Black Cleaver | Guardian Angel,,Maw of Malmortius → Stridebreaker → Endless Hunger → Black Cleaver ; Maw of Malmortius → Stridebreaker → Death's Dance → Guardian Angel,Hexdrinker → Caulfield's Warhammer ; Hexdrinker → Caulfield's Warhammer → Null-Magic Mantle ; Mercury's Treads → Hexdrinker → Caulfield's Warhammer,https://www.onetricks.gg/champions/builds/Illaoi
Illaoi,top,16.19,,Spear of Shojin,Spear of Shojin → Sterak's Gage,Death's Dance | Randuin's Omen | Lord Dominik's Regards,Randuin's Omen | Endless Hunger | Black Cleaver,,Spear of Shojin → Sterak's Gage → Death's Dance → Randuin's Omen ; Spear of Shojin → Sterak's Gage → Death's Dance → Black Cleaver ; Spear of Shojin → Sterak's Gage → Lord Dominik's Regards → Endless Hunger,Pickaxe → Tunneler → Ruby Crystal ; Tunneler → Pickaxe → Ruby Crystal ; Plated Steelcaps → Pickaxe → Tunneler,https://www.onetricks.gg/champions/builds/Illaoi
Illaoi,top,16.19,,Stridebreaker,Stridebreaker → Death's Dance,Maw of Malmortius | Sterak's Gage | Hullbreaker,Guardian Angel | Kaenic Rookern | Endless Hunger,,Stridebreaker → Death's Dance → Maw of Malmortius → Guardian Angel ; Stridebreaker → Death's Dance → Maw of Malmortius → Endless Hunger ; Stridebreaker → Death's Dance → Sterak's Gage → Kaenic Rookern,Tiamat → Phage → Dagger ; Phage → Tiamat → Dagger,https://www.onetricks.gg/champions/builds/Illaoi
Illaoi,top,16.19,,Stridebreaker,Stridebreaker → Maw of Malmortius,Endless Hunger | Death's Dance | Kaenic Rookern,Death's Dance | Kaenic Rookern | Guardian Angel,,Stridebreaker → Maw of Malmortius → Endless Hunger → Death's Dance ; Stridebreaker → Maw of Malmortius → Death's Dance → Kaenic Rookern ; Stridebreaker → Maw of Malmortius → Black Cleaver → Guardian Angel,Tiamat → Phage → Dagger ; Phage → Tiamat → Dagger,https://www.onetricks.gg/champions/builds/Illaoi
Illaoi,top,16.19,,Stridebreaker,Stridebreaker → Mortal Reminder,Sterak's Gage | Death's Dance,Guardian Angel | Sterak's Gage | Spirit Visage,Zhonya's Hourglass,Stridebreaker → Mortal Reminder → Sterak's Gage → Guardian Angel → Zhonya's Hourglass ; Stridebreaker → Mortal Reminder → Sterak's Gage → Spirit Visage ; Stridebreaker → Mortal Reminder → Death's Dance → Sterak's Gage,Tiamat → Phage → Dagger ; Phage → Tiamat → Dagger,https://www.onetricks.gg/champions/builds/Illaoi
Irelia,top,16.19,,Blade of The Ruined King,Blade of The Ruined King → Hullbreaker,Wit's End | Death's Dance | Kraken Slayer,Guardian Angel | Death's Dance | Wit's End,Guardian Angel | Death's Dance | Randuin's Omen,Blade of The Ruined King → Hullbreaker → Wit's End → Death's Dance ; Blade of The Ruined King → Hullbreaker → Wit's End → Guardian Angel ; Blade of The Ruined King → Hullbreaker → Death's Dance → Guardian Angel,Vampiric Scepter → Pickaxe → Recurve Bow ; Recurve Bow → Vampiric Scepter → Pickaxe ; Recurve Bow → Pickaxe → Vampiric Scepter,https://www.onetricks.gg/champions/builds/Irelia
Irelia,top,16.19,,Blade of The Ruined King,Blade of The Ruined King → Kraken Slayer,Death's Dance | Wit's End | Serpent's Fang,Death's Dance | Wit's End | Endless Hunger,Guardian Angel | Mortal Reminder | Kaenic Rookern,Blade of The Ruined King → Kraken Slayer → Death's Dance → Wit's End → Guardian Angel ; Blade of The Ruined King → Kraken Slayer → Death's Dance → Endless Hunger ; Blade of The Ruined King → Kraken Slayer → Death's Dance → Guardian Angel,Vampiric Scepter → Pickaxe → Recurve Bow ; Recurve Bow → Vampiric Scepter → Pickaxe ; Recurve Bow → Pickaxe → Vampiric Scepter,https://www.onetricks.gg/champions/builds/Irelia
Irelia,top,16.19,,Blade of The Ruined King,Blade of The Ruined King → Wit's End,Hullbreaker | Kraken Slayer | Death's Dance,Death's Dance | Guardian Angel | Zhonya's Hourglass,Randuin's Omen,Blade of The Ruined King → Wit's End → Hullbreaker → Death's Dance ; Blade of The Ruined King → Wit's End → Hullbreaker → Guardian Angel ; Blade of The Ruined King → Wit's End → Kraken Slayer → Guardian Angel,Vampiric Scepter → Pickaxe → Recurve Bow ; Recurve Bow → Vampiric Scepter → Pickaxe ; Recurve Bow → Pickaxe → Vampiric Scepter,https://www.onetricks.gg/champions/builds/Irelia
Irelia,top,16.19,,Blade of The Ruined King,Blade of The Ruined King → Death's Dance,Zhonya's Hourglass | Hullbreaker | Wit's End,Rylai's Crystal Scepter | Maw of Malmortius | Guardian Angel,Sterak's Gage,Blade of The Ruined King → Death's Dance → Hullbreaker → Maw of Malmortius ; Blade of The Ruined King → Death's Dance → Zhonya's Hourglass → Rylai's Crystal Scepter ; Blade of The Ruined King → Death's Dance → Wit's End → Guardian Angel → Sterak's Gage,Vampiric Scepter → Pickaxe → Recurve Bow ; Recurve Bow → Vampiric Scepter → Pickaxe ; Recurve Bow → Pickaxe → Vampiric Scepter,https://www.onetricks.gg/champions/builds/Irelia
Ivern,jungle,16.19,,Redemption,Redemption → Moonstone Renewer,Dawncore | Ardent Censer | Mikael's Blessing,Mejai's Soulstealer | Mikael's Blessing | Staff of Flowing Water,Echoes of Helia | Zhonya's Hourglass | Cosmic Drive,Redemption → Moonstone Renewer → Dawncore → Mejai's Soulstealer ; Redemption → Moonstone Renewer → Dawncore → Zhonya's Hourglass ; Redemption → Moonstone Renewer → Dawncore → Staff of Flowing Water,Ionian Boots of Lucidity → Fiendish Codex → Forbidden Idol ; Ionian Boots of Lucidity → Dark Seal → Fiendish Codex ; Dark Seal → Ionian Boots of Lucidity → Fiendish Codex,https://www.onetricks.gg/champions/builds/Ivern
Ivern,jungle,16.19,,Redemption,Redemption → Echoes of Helia,Knight's Vow | Dawncore | Staff of Flowing Water,Mikael's Blessing | Dawncore | Knight's Vow,Moonstone Renewer | Mikael's Blessing,Redemption → Echoes of Helia → Knight's Vow → Mikael's Blessing → Moonstone Renewer ; Redemption → Echoes of Helia → Mikael's Blessing → Knight's Vow ; Redemption → Echoes of Helia → Dawncore → Mejai's Soulstealer → Moonstone Renewer,Ionian Boots of Lucidity → Fiendish Codex → Forbidden Idol ; Ionian Boots of Lucidity → Dark Seal → Fiendish Codex ; Dark Seal → Ionian Boots of Lucidity → Fiendish Codex,https://www.onetricks.gg/champions/builds/Ivern
Ivern,jungle,16.19,,Redemption,Redemption → Ardent Censer,Moonstone Renewer | Shurelya's Battlesong,Shurelya's Battlesong | Knight's Vow,,Redemption → Ardent Censer → Moonstone Renewer → Shurelya's Battlesong ; Redemption → Ardent Censer → Moonstone Renewer → Knight's Vow ; Redemption → Ardent Censer → Shurelya's Battlesong,Ionian Boots of Lucidity → Fiendish Codex → Forbidden Idol ; Ionian Boots of Lucidity → Dark Seal → Fiendish Codex ; Dark Seal → Ionian Boots of Lucidity → Fiendish Codex,https://www.onetricks.gg/champions/builds/Ivern
Ivern,jungle,16.19,,Redemption,Redemption → Mikael's Blessing,Moonstone Renewer | Echoes of Helia,Knight's Vow | Ardent Censer | Dawncore,,Redemption → Mikael's Blessing → Echoes of Helia → Knight's Vow ; Redemption → Mikael's Blessing → Moonstone Renewer → Ardent Censer ; Redemption → Mikael's Blessing → Moonstone Renewer → Dawncore,Ionian Boots of Lucidity → Fiendish Codex → Forbidden Idol ; Ionian Boots of Lucidity → Dark Seal → Fiendish Codex ; Dark Seal → Ionian Boots of Lucidity → Fiendish Codex,https://www.onetricks.gg/champions/builds/Ivern
Ivern,jungle,16.19,,Echoes of Helia,Echoes of Helia → Moonstone Renewer,Dawncore | Ardent Censer | Mikael's Blessing,Dawncore | Redemption | Mejai's Soulstealer,Mejai's Soulstealer | Dawncore | Mikael's Blessing,Echoes of Helia → Moonstone Renewer → Dawncore → Redemption ; Echoes of Helia → Moonstone Renewer → Mikael's Blessing → Dawncore → Mejai's Soulstealer ; Echoes of Helia → Moonstone Renewer → Staff of Flowing Water → Mejai's Soulstealer,Ionian Boots of Lucidity → Dark Seal → Kindlegem ; Dark Seal → Ionian Boots of Lucidity → Kindlegem ; Ionian Boots of Lucidity → Kindlegem → Bandleglass Mirror,https://www.onetricks.gg/champions/builds/Ivern
Ivern,jungle,16.19,,Echoes of Helia,Echoes of Helia → Shurelya's Battlesong,Mikael's Blessing | Mejai's Soulstealer | Ardent Censer,Ardent Censer | Moonstone Renewer | Mejai's Soulstealer,Dawncore | Zhonya's Hourglass,Echoes of Helia → Shurelya's Battlesong → Mikael's Blessing → Ardent Censer ; Echoes of Helia → Shurelya's Battlesong → Mejai's Soulstealer → Moonstone Renewer → Dawncore ; Echoes of Helia → Shurelya's Battlesong → Ardent Censer → Mejai's Soulstealer → Zhonya's Hourglass,Ionian Boots of Lucidity → Dark Seal → Kindlegem ; Dark Seal → Ionian Boots of Lucidity → Kindlegem ; Ionian Boots of Lucidity → Kindlegem → Bandleglass Mirror,https://www.onetricks.gg/champions/builds/Ivern
Ivern,jungle,16.19,,Echoes of Helia,Echoes of Helia → Imperial Mandate,Cosmic Drive | Moonstone Renewer | Mejai's Soulstealer,Ardent Censer | Mejai's Soulstealer | Zhonya's Hourglass,Zhonya's Hourglass,Echoes of Helia → Imperial Mandate → Moonstone Renewer → Ardent Censer ; Echoes of Helia → Imperial Mandate → Moonstone Renewer → Mejai's Soulstealer → Zhonya's Hourglass ; Echoes of Helia → Imperial Mandate → Cosmic Drive → Zhonya's Hourglass,Ionian Boots of Lucidity → Dark Seal → Kindlegem ; Dark Seal → Ionian Boots of Lucidity → Kindlegem ; Ionian Boots of Lucidity → Kindlegem → Bandleglass Mirror,https://www.onetricks.gg/champions/builds/Ivern
Ivern,jungle,16.19,,Echoes of Helia,Echoes of Helia → Mejai's Soulstealer,Moonstone Renewer | Imperial Mandate | Shurelya's Battlesong,Zhonya's Hourglass | Ardent Censer | Cosmic Drive,Shurelya's Battlesong | Zhonya's Hourglass,Echoes of Helia → Mejai's Soulstealer → Moonstone Renewer → Zhonya's Hourglass ; Echoes of Helia → Mejai's Soulstealer → Imperial Mandate → Zhonya's Hourglass → Shurelya's Battlesong ; Echoes of Helia → Mejai's Soulstealer → Moonstone Renewer → Ardent Censer → Shurelya's Battlesong,Ionian Boots of Lucidity → Dark Seal → Kindlegem ; Dark Seal → Ionian Boots of Lucidity → Kindlegem ; Ionian Boots of Lucidity → Kindlegem → Bandleglass Mirror,https://www.onetricks.gg/champions/builds/Ivern
Ivern,jungle,16.19,,Moonstone Renewer,Moonstone Renewer → Ardent Censer,Staff of Flowing Water | Diadem of Songs | Mikael's Blessing,Redemption | Mikael's Blessing | Shurelya's Battlesong,Mejai's Soulstealer | Shurelya's Battlesong | Redemption,Moonstone Renewer → Ardent Censer → Staff of Flowing Water → Redemption ; Moonstone Renewer → Ardent Censer → Staff of Flowing Water → Mikael's Blessing ; Moonstone Renewer → Ardent Censer → Staff of Flowing Water → Redemption → Shurelya's Battlesong,Ionian Boots of Lucidity → Dark Seal → Kindlegem ; Dark Seal → Ionian Boots of Lucidity → Bandleglass Mirror ; Dark Seal → Ionian Boots of Lucidity → Kindlegem,https://www.onetricks.gg/champions/builds/Ivern
Ivern,jungle,16.19,,Moonstone Renewer,Moonstone Renewer → Redemption,Dawncore | Mejai's Soulstealer | Zhonya's Hourglass,Shurelya's Battlesong | Knight's Vow | Dawncore,Mejai's Soulstealer,Moonstone Renewer → Redemption → Dawncore → Shurelya's Battlesong ; Moonstone Renewer → Redemption → Mejai's Soulstealer → Shurelya's Battlesong ; Moonstone Renewer → Redemption → Zhonya's Hourglass → Knight's Vow → Mejai's Soulstealer,Ionian Boots of Lucidity → Dark Seal → Kindlegem ; Dark Seal → Ionian Boots of Lucidity → Bandleglass Mirror ; Dark Seal → Ionian Boots of Lucidity → Kindlegem,https://www.onetricks.gg/champions/builds/Ivern
Ivern,jungle,16.19,,Moonstone Renewer,Moonstone Renewer → Staff of Flowing Water,Shurelya's Battlesong | Dawncore | Ardent Censer,Redemption | Mikael's Blessing,,Moonstone Renewer → Staff of Flowing Water → Shurelya's Battlesong → Redemption ; Moonstone Renewer → Staff of Flowing Water → Ardent Censer → Redemption ; Moonstone Renewer → Staff of Flowing Water → Dawncore → Mikael's Blessing,Ionian Boots of Lucidity → Dark Seal → Kindlegem ; Dark Seal → Ionian Boots of Lucidity → Bandleglass Mirror ; Dark Seal → Ionian Boots of Lucidity → Kindlegem,https://www.onetricks.gg/champions/builds/Ivern
Ivern,jungle,16.19,,Malignance,Malignance → Imperial Mandate,Cosmic Drive | Mikael's Blessing | Lich Bane,Lich Bane,Mejai's Soulstealer,Malignance → Imperial Mandate → Cosmic Drive → Lich Bane → Mejai's Soulstealer ; Malignance → Imperial Mandate → Mikael's Blessing,Ionian Boots of Lucidity → Dark Seal → Lost Chapter ; Ionian Boots of Lucidity → Lost Chapter → Blasting Wand ; Dark Seal → Ionian Boots of Lucidity → Lost Chapter,https://www.onetricks.gg/champions/builds/Ivern
Ivern,jungle,16.19,,Malignance,Malignance → Bloodletter's Curse,Mejai's Soulstealer | Zhonya's Hourglass,,,Malignance → Bloodletter's Curse → Mejai's Soulstealer ; Malignance → Bloodletter's Curse → Zhonya's Hourglass,Ionian Boots of Lucidity → Dark Seal → Lost Chapter ; Ionian Boots of Lucidity → Lost Chapter → Blasting Wand ; Dark Seal → Ionian Boots of Lucidity → Lost Chapter,https://www.onetricks.gg/champions/builds/Ivern
Ivern,jungle,16.19,,Malignance,Malignance → Zhonya's Hourglass,Rylai's Crystal Scepter | Shurelya's Battlesong | Mejai's Soulstealer,Shurelya's Battlesong | Bloodletter's Curse,Rabadon's Deathcap,Malignance → Zhonya's Hourglass → Rylai's Crystal Scepter → Shurelya's Battlesong ; Malignance → Zhonya's Hourglass → Mejai's Soulstealer → Bloodletter's Curse → Rabadon's Deathcap,Ionian Boots of Lucidity → Dark Seal → Lost Chapter ; Ionian Boots of Lucidity → Lost Chapter → Blasting Wand ; Dark Seal → Ionian Boots of Lucidity → Lost Chapter,https://www.onetricks.gg/champions/builds/Ivern
Ivern,jungle,16.19,,Malignance,Malignance → Shurelya's Battlesong,Redemption | Rylai's Crystal Scepter,Moonstone Renewer,,Malignance → Shurelya's Battlesong → Redemption ; Malignance → Shurelya's Battlesong → Rylai's Crystal Scepter → Moonstone Renewer,Ionian Boots of Lucidity → Dark Seal → Lost Chapter ; Ionian Boots of Lucidity → Lost Chapter → Blasting Wand ; Dark Seal → Ionian Boots of Lucidity → Lost Chapter,https://www.onetricks.gg/champions/builds/Ivern
Ivern,jungle,16.19,,Cosmic Drive,Cosmic Drive → Lich Bane,Rabadon's Deathcap | Zhonya's Hourglass,Zhonya's Hourglass | Rabadon's Deathcap,,Cosmic Drive → Lich Bane → Rabadon's Deathcap → Zhonya's Hourglass ; Cosmic Drive → Lich Bane → Zhonya's Hourglass → Rabadon's Deathcap,Ionian Boots of Lucidity → Dark Seal → Aether Wisp,https://www.onetricks.gg/champions/builds/Ivern
Ivern,jungle,16.19,,Ardent Censer,Ardent Censer → Moonstone Renewer,Staff of Flowing Water | Mikael's Blessing | Redemption,Echoes of Helia | Dawncore | Staff of Flowing Water,,Ardent Censer → Moonstone Renewer → Staff of Flowing Water → Dawncore ; Ardent Censer → Moonstone Renewer → Staff of Flowing Water → Echoes of Helia ; Ardent Censer → Moonstone Renewer → Redemption → Staff of Flowing Water,Ionian Boots of Lucidity → Forbidden Idol → Aether Wisp ; Ionian Boots of Lucidity → Aether Wisp → Forbidden Idol,https://www.onetricks.gg/champions/builds/Ivern
Ivern,jungle,16.19,,Ardent Censer,Ardent Censer → Echoes of Helia,Moonstone Renewer | Staff of Flowing Water | Mejai's Soulstealer,Mikael's Blessing | Staff of Flowing Water | Moonstone Renewer,,Ardent Censer → Echoes of Helia → Moonstone Renewer → Staff of Flowing Water ; Ardent Censer → Echoes of Helia → Moonstone Renewer → Mikael's Blessing ; Ardent Censer → Echoes of Helia → Staff of Flowing Water → Moonstone Renewer,Ionian Boots of Lucidity → Forbidden Idol → Aether Wisp ; Ionian Boots of Lucidity → Aether Wisp → Forbidden Idol,https://www.onetricks.gg/champions/builds/Ivern
Janna,supp,16.19,,all,Dream Maker → Moonstone Renewer,Redemption | Mikael's Blessing | Mejai's Soulstealer,Dawncore | Mejai's Soulstealer | Mikael's Blessing,Dawncore | Mejai's Soulstealer | Locket of the Iron Solari,Dream Maker → Moonstone Renewer → Redemption → Dawncore ; Dream Maker → Moonstone Renewer → Redemption → Mejai's Soulstealer ; Dream Maker → Moonstone Renewer → Redemption → Mikael's Blessing,Dark Seal → Boots of Swiftness → Bandleglass Mirror ; Dark Seal → Boots of Swiftness → Kindlegem ; Dark Seal → Boots of Swiftness → Aether Wisp,https://www.onetricks.gg/champions/builds/Janna
Janna,supp,16.19,,all,Solstice Sleigh → Shurelya's Battlesong,Moonstone Renewer | Mikael's Blessing | Locket of the Iron Solari,Moonstone Renewer | Locket of the Iron Solari | Dawncore,Dawncore | Ardent Censer | Mejai's Soulstealer,Solstice Sleigh → Shurelya's Battlesong → Locket of the Iron Solari → Moonstone Renewer ; Solstice Sleigh → Shurelya's Battlesong → Mikael's Blessing → Moonstone Renewer ; Solstice Sleigh → Shurelya's Battlesong → Moonstone Renewer → Locket of the Iron Solari,Dark Seal → Boots of Swiftness → Bandleglass Mirror ; Dark Seal → Boots of Swiftness → Kindlegem ; Dark Seal → Boots of Swiftness → Aether Wisp,https://www.onetricks.gg/champions/builds/Janna
Janna,supp,16.19,,all,Solstice Sleigh → Moonstone Renewer,Redemption | Locket of the Iron Solari | Shurelya's Battlesong,Dawncore | Mejai's Soulstealer | Redemption,Dawncore | Mejai's Soulstealer | Staff of Flowing Water,Solstice Sleigh → Moonstone Renewer → Redemption → Dawncore ; Solstice Sleigh → Moonstone Renewer → Redemption → Mejai's Soulstealer ; Solstice Sleigh → Moonstone Renewer → Redemption → Mikael's Blessing,Dark Seal → Boots of Swiftness → Bandleglass Mirror ; Dark Seal → Boots of Swiftness → Kindlegem ; Dark Seal → Boots of Swiftness → Aether Wisp,https://www.onetricks.gg/champions/builds/Janna
Janna,supp,16.19,,all,Dream Maker → Shurelya's Battlesong,Moonstone Renewer | Ardent Censer | Diadem of Songs,Moonstone Renewer | Staff of Flowing Water,Dawncore,Dream Maker → Shurelya's Battlesong → Mikael's Blessing → Moonstone Renewer ; Dream Maker → Shurelya's Battlesong → Ardent Censer → Moonstone Renewer ; Dream Maker → Shurelya's Battlesong → Moonstone Renewer → Staff of Flowing Water → Dawncore,Dark Seal → Boots of Swiftness → Bandleglass Mirror ; Dark Seal → Boots of Swiftness → Kindlegem ; Dark Seal → Boots of Swiftness → Aether Wisp,https://www.onetricks.gg/champions/builds/Janna
JarvanIV,jungle,16.19,,Profane Hydra,Profane Hydra → Voltaic Cyclosword,Bastionbreaker | Death's Dance | Edge of Night,Edge of Night | Death's Dance | Maw of Malmortius,Guardian Angel | Serylda's Grudge | Edge of Night,Profane Hydra → Voltaic Cyclosword → Bastionbreaker → Edge of Night ; Profane Hydra → Voltaic Cyclosword → Death's Dance → Maw of Malmortius ; Profane Hydra → Voltaic Cyclosword → Death's Dance → Guardian Angel,The Brutalizer ; Pickaxe ; The Brutalizer → Tiamat,https://www.onetricks.gg/champions/builds/JarvanIV
JarvanIV,jungle,16.19,,Profane Hydra,Profane Hydra → Axiom Arc,Death's Dance | Edge of Night | Voltaic Cyclosword,Guardian Angel | Edge of Night | Bastionbreaker,Guardian Angel | Edge of Night | Black Cleaver,Profane Hydra → Axiom Arc → Death's Dance → Guardian Angel ; Profane Hydra → Axiom Arc → Voltaic Cyclosword → Edge of Night ; Profane Hydra → Axiom Arc → Serylda's Grudge → Bastionbreaker → Edge of Night,The Brutalizer ; Pickaxe ; The Brutalizer → Tiamat,https://www.onetricks.gg/champions/builds/JarvanIV
JarvanIV,jungle,16.19,,Profane Hydra,Profane Hydra → Serpent's Fang,Voltaic Cyclosword | Death's Dance | Axiom Arc,Voltaic Cyclosword | Bastionbreaker | Guardian Angel,,Profane Hydra → Serpent's Fang → Axiom Arc → Voltaic Cyclosword ; Profane Hydra → Serpent's Fang → Voltaic Cyclosword → Bastionbreaker ; Profane Hydra → Serpent's Fang → Death's Dance → Mortal Reminder,The Brutalizer ; Pickaxe ; The Brutalizer → Tiamat,https://www.onetricks.gg/champions/builds/JarvanIV
JarvanIV,jungle,16.19,,Profane Hydra,Profane Hydra → Black Cleaver,Guardian Angel | Death's Dance,Death's Dance | Guardian Angel,,Profane Hydra → Black Cleaver → Guardian Angel → Death's Dance ; Profane Hydra → Black Cleaver → Death's Dance → Guardian Angel,The Brutalizer ; Pickaxe ; The Brutalizer → Tiamat,https://www.onetricks.gg/champions/builds/JarvanIV
JarvanIV,jungle,16.19,,Eclipse,Eclipse → Black Cleaver,Death's Dance | Spirit Visage | Randuin's Omen,Spirit Visage | Guardian Angel | Zeke's Convergence,Frozen Heart,Eclipse → Black Cleaver → Death's Dance → Spirit Visage ; Eclipse → Black Cleaver → Randuin's Omen → Guardian Angel → Frozen Heart ; Eclipse → Black Cleaver → Death's Dance → Guardian Angel,Pickaxe → Caulfield's Warhammer → Long Sword ; Caulfield's Warhammer → Pickaxe → Long Sword,https://www.onetricks.gg/champions/builds/JarvanIV
JarvanIV,jungle,16.19,,Eclipse,Eclipse → Sundered Sky,Randuin's Omen | Serpent's Fang | Death's Dance,Spirit Visage,Mortal Reminder,Eclipse → Sundered Sky → Randuin's Omen ; Eclipse → Sundered Sky → Serpent's Fang → Spirit Visage → Mortal Reminder,Pickaxe → Caulfield's Warhammer → Long Sword ; Caulfield's Warhammer → Pickaxe → Long Sword,https://www.onetricks.gg/champions/builds/JarvanIV
JarvanIV,jungle,16.19,,Eclipse,Eclipse → Death's Dance,Guardian Angel | Endless Hunger | Maw of Malmortius,Mortal Reminder | Black Cleaver,Frozen Heart,Eclipse → Death's Dance → Guardian Angel → Mortal Reminder → Frozen Heart ; Eclipse → Death's Dance → Guardian Angel → Black Cleaver,Pickaxe → Caulfield's Warhammer → Long Sword ; Caulfield's Warhammer → Pickaxe → Long Sword,https://www.onetricks.gg/champions/builds/JarvanIV
JarvanIV,jungle,16.19,,Sundered Sky,Sundered Sky → Black Cleaver,Guardian Angel | Maw of Malmortius | Death's Dance,Death's Dance | Guardian Angel,,Sundered Sky → Black Cleaver → Guardian Angel → Death's Dance ; Sundered Sky → Black Cleaver → Death's Dance → Guardian Angel ; Sundered Sky → Black Cleaver → Maw of Malmortius,Caulfield's Warhammer → Tunneler → Ruby Crystal ; Tunneler → Caulfield's Warhammer → Ruby Crystal,https://www.onetricks.gg/champions/builds/JarvanIV
JarvanIV,jungle,16.19,,Sundered Sky,Sundered Sky → Frozen Heart,Guardian Angel | Kaenic Rookern,Randuin's Omen,,Sundered Sky → Frozen Heart → Guardian Angel → Randuin's Omen ; Sundered Sky → Frozen Heart → Kaenic Rookern,Caulfield's Warhammer → Tunneler → Ruby Crystal ; Tunneler → Caulfield's Warhammer → Ruby Crystal,https://www.onetricks.gg/champions/builds/JarvanIV
JarvanIV,jungle,16.19,,Bastionbreaker,Bastionbreaker → Voltaic Cyclosword,Death's Dance | Edge of Night | Guardian Angel,Guardian Angel | Lord Dominik's Regards | Maw of Malmortius,Lord Dominik's Regards,Bastionbreaker → Voltaic Cyclosword → Edge of Night → Guardian Angel ; Bastionbreaker → Voltaic Cyclosword → Death's Dance → Guardian Angel ; Bastionbreaker → Voltaic Cyclosword → Death's Dance → Maw of Malmortius → Lord Dominik's Regards,The Brutalizer → Boots → Serrated Dirk ; Serrated Dirk → Boots → The Brutalizer ; Serrated Dirk → The Brutalizer,https://www.onetricks.gg/champions/builds/JarvanIV
JarvanIV,jungle,16.19,,Voltaic Cyclosword,Voltaic Cyclosword → Axiom Arc,Death's Dance | Serpent's Fang,Guardian Angel | Profane Hydra,Serylda's Grudge,Voltaic Cyclosword → Axiom Arc → Death's Dance → Profane Hydra → Serylda's Grudge ; Voltaic Cyclosword → Axiom Arc → Death's Dance → Guardian Angel,The Brutalizer,https://www.onetricks.gg/champions/builds/JarvanIV
JarvanIV,jungle,16.19,,Spear of Shojin,Spear of Shojin → Black Cleaver,Guardian Angel | Death's Dance,,,Spear of Shojin → Black Cleaver → Guardian Angel ; Spear of Shojin → Black Cleaver → Death's Dance,Pickaxe → Tunneler → Ruby Crystal ; Tunneler → Pickaxe → Ruby Crystal,https://www.onetricks.gg/champions/builds/JarvanIV
Jax,top,16.19,,Trinity Force,Trinity Force → Hextech Gunblade,Riftmaker | Zhonya's Hourglass | Frozen Heart,Riftmaker | Zhonya's Hourglass | Randuin's Omen,"Kaenic Rookern | Jak'Sho, The Protean | Death's Dance",Trinity Force → Hextech Gunblade → Zhonya's Hourglass → Riftmaker ; Trinity Force → Hextech Gunblade → Riftmaker → Zhonya's Hourglass ; Trinity Force → Hextech Gunblade → Spear of Shojin → Randuin's Omen → Kaenic Rookern,Sheen → Phage → Hearthbound Axe ; Phage → Sheen → Hearthbound Axe ; Phage → Hearthbound Axe → Sheen,https://www.onetricks.gg/champions/builds/Jax
Jax,top,16.19,,Trinity Force,Trinity Force → Stridebreaker,Zhonya's Hourglass | Death's Dance | Maw of Malmortius,"Black Cleaver | Hullbreaker | Jak'Sho, The Protean",Guardian Angel | Wit's End,"Trinity Force → Stridebreaker → Zhonya's Hourglass → Jak'Sho, The Protean ; Trinity Force → Stridebreaker → Maw of Malmortius → Hullbreaker ; Trinity Force → Stridebreaker → Sterak's Gage → Black Cleaver",Sheen → Phage → Hearthbound Axe ; Phage → Sheen → Hearthbound Axe ; Phage → Hearthbound Axe → Sheen,https://www.onetricks.gg/champions/builds/Jax
Jax,top,16.19,,Trinity Force,Trinity Force → Spear of Shojin,Zhonya's Hourglass | Randuin's Omen | Death's Dance,Wit's End | Guardian Angel | Randuin's Omen,Guardian Angel,Trinity Force → Spear of Shojin → Zhonya's Hourglass → Wit's End → Guardian Angel ; Trinity Force → Spear of Shojin → Zhonya's Hourglass → Randuin's Omen ; Trinity Force → Spear of Shojin → Zhonya's Hourglass → Guardian Angel,Sheen → Phage → Hearthbound Axe ; Phage → Sheen → Hearthbound Axe ; Phage → Hearthbound Axe → Sheen,https://www.onetricks.gg/champions/builds/Jax
Jax,top,16.19,,Trinity Force,Trinity Force → Death's Dance,Endless Hunger | Hextech Gunblade | Wit's End,Sterak's Gage | Zhonya's Hourglass | Endless Hunger,Spear of Shojin | Randuin's Omen | Sterak's Gage,Trinity Force → Death's Dance → Endless Hunger → Sterak's Gage → Spear of Shojin ; Trinity Force → Death's Dance → Sterak's Gage → Zhonya's Hourglass → Randuin's Omen ; Trinity Force → Death's Dance → Endless Hunger → Wit's End,Sheen → Phage → Hearthbound Axe ; Phage → Sheen → Hearthbound Axe ; Phage → Hearthbound Axe → Sheen,https://www.onetricks.gg/champions/builds/Jax
Jax,top,16.19,,Dusk and Dawn,Dusk and Dawn → Hextech Gunblade,Nashor's Tooth | Riftmaker | Zhonya's Hourglass,Zhonya's Hourglass | Riftmaker | Navori Flickerblade,,Dusk and Dawn → Hextech Gunblade → Nashor's Tooth → Zhonya's Hourglass ; Dusk and Dawn → Hextech Gunblade → Zhonya's Hourglass → Riftmaker ; Dusk and Dawn → Hextech Gunblade → Riftmaker → Navori Flickerblade,Sheen → Blasting Wand → Kindlegem ; Sheen → Kindlegem → Blasting Wand ; Dark Seal → Sheen → Kindlegem,https://www.onetricks.gg/champions/builds/Jax
Jax,top,16.19,,Dusk and Dawn,Dusk and Dawn → Nashor's Tooth,Hextech Rocketbelt | Rabadon's Deathcap | Zhonya's Hourglass,Void Staff | Riftmaker,,Dusk and Dawn → Nashor's Tooth → Hextech Rocketbelt → Void Staff ; Dusk and Dawn → Nashor's Tooth → Rabadon's Deathcap → Riftmaker ; Dusk and Dawn → Nashor's Tooth → Zhonya's Hourglass,Sheen → Blasting Wand → Kindlegem ; Sheen → Kindlegem → Blasting Wand ; Dark Seal → Sheen → Kindlegem,https://www.onetricks.gg/champions/builds/Jax
Jax,top,16.19,,Stridebreaker,Stridebreaker → Trinity Force,Hullbreaker | Death's Dance | Mortal Reminder,"Hullbreaker | Jak'Sho, The Protean",,"Stridebreaker → Trinity Force → Mortal Reminder ; Stridebreaker → Trinity Force → Death's Dance → Hullbreaker ; Stridebreaker → Trinity Force → Hullbreaker → Jak'Sho, The Protean",Phage → Tiamat → Dagger,https://www.onetricks.gg/champions/builds/Jax
Jax,top,16.19,,Blade of The Ruined King,Blade of The Ruined King → Trinity Force,Terminus | Kaenic Rookern | Zhonya's Hourglass,Spear of Shojin | Sterak's Gage,Maw of Malmortius | Zhonya's Hourglass,Blade of The Ruined King → Trinity Force → Terminus → Spear of Shojin → Maw of Malmortius ; Blade of The Ruined King → Trinity Force → Kaenic Rookern → Sterak's Gage → Zhonya's Hourglass,Vampiric Scepter → Pickaxe → Recurve Bow ; Cull → Vampiric Scepter → Recurve Bow,https://www.onetricks.gg/champions/builds/Jax
Jayce,top,16.19,,Youmuu's Ghostblade,Youmuu's Ghostblade → Muramana,Voltaic Cyclosword | Serylda's Grudge | Serpent's Fang,Serylda's Grudge | Voltaic Cyclosword | Serpent's Fang,Voltaic Cyclosword | Guardian Angel | Serylda's Grudge,Youmuu's Ghostblade → Muramana → Serylda's Grudge → Voltaic Cyclosword ; Youmuu's Ghostblade → Muramana → Serpent's Fang → Serylda's Grudge ; Youmuu's Ghostblade → Muramana → Voltaic Cyclosword → Serylda's Grudge,Tear of the Goddess → Serrated Dirk → Rectrix ; Serrated Dirk → Tear of the Goddess → Rectrix ; Serrated Dirk → Rectrix → Long Sword,https://www.onetricks.gg/champions/builds/Jayce
Jayce,top,16.19,,Youmuu's Ghostblade,Youmuu's Ghostblade → Voltaic Cyclosword,Muramana | Mortal Reminder | Edge of Night,Serylda's Grudge | Serpent's Fang | Umbral Glaive,Lord Dominik's Regards | Guardian Angel,Youmuu's Ghostblade → Voltaic Cyclosword → Muramana → Serylda's Grudge ; Youmuu's Ghostblade → Voltaic Cyclosword → Lord Dominik's Regards → Serpent's Fang ; Youmuu's Ghostblade → Voltaic Cyclosword → Bastionbreaker → Serylda's Grudge,Tear of the Goddess → Serrated Dirk → Rectrix ; Serrated Dirk → Tear of the Goddess → Rectrix ; Serrated Dirk → Rectrix → Long Sword,https://www.onetricks.gg/champions/builds/Jayce
Jayce,top,16.19,,Youmuu's Ghostblade,Youmuu's Ghostblade → Serpent's Fang,Voltaic Cyclosword | Mortal Reminder | Muramana,Bastionbreaker | Voltaic Cyclosword,,Youmuu's Ghostblade → Serpent's Fang → Voltaic Cyclosword → Bastionbreaker ; Youmuu's Ghostblade → Serpent's Fang → Serylda's Grudge → Voltaic Cyclosword ; Youmuu's Ghostblade → Serpent's Fang → Mortal Reminder → Bastionbreaker,Tear of the Goddess → Serrated Dirk → Rectrix ; Serrated Dirk → Tear of the Goddess → Rectrix ; Serrated Dirk → Rectrix → Long Sword,https://www.onetricks.gg/champions/builds/Jayce
Jayce,top,16.19,,Youmuu's Ghostblade,Youmuu's Ghostblade → Bastionbreaker,Muramana | Voltaic Cyclosword,Voltaic Cyclosword | Serylda's Grudge | Maw of Malmortius,Lord Dominik's Regards | Serpent's Fang,Youmuu's Ghostblade → Bastionbreaker → Muramana → Voltaic Cyclosword → Lord Dominik's Regards ; Youmuu's Ghostblade → Bastionbreaker → Voltaic Cyclosword → Serylda's Grudge → Serpent's Fang ; Youmuu's Ghostblade → Bastionbreaker → Muramana → Maw of Malmortius,Tear of the Goddess → Serrated Dirk → Rectrix ; Serrated Dirk → Tear of the Goddess → Rectrix ; Serrated Dirk → Rectrix → Long Sword,https://www.onetricks.gg/champions/builds/Jayce
Jayce,top,16.19,,Eclipse,Eclipse → Muramana,Mortal Reminder | Lord Dominik's Regards | Serylda's Grudge,Serpent's Fang | Youmuu's Ghostblade | Serylda's Grudge,Edge of Night | Serpent's Fang | Guardian Angel,Eclipse → Muramana → Lord Dominik's Regards → Serpent's Fang ; Eclipse → Muramana → Mortal Reminder → Youmuu's Ghostblade ; Eclipse → Muramana → Serylda's Grudge → Serpent's Fang → Edge of Night,Tear of the Goddess → Caulfield's Warhammer → Pickaxe ; Tear of the Goddess → Pickaxe → Caulfield's Warhammer ; Pickaxe → Caulfield's Warhammer → Long Sword,https://www.onetricks.gg/champions/builds/Jayce
Jayce,top,16.19,,Eclipse,Eclipse → Youmuu's Ghostblade,Serylda's Grudge | Muramana | Edge of Night,Serpent's Fang | Lord Dominik's Regards,Guardian Angel,Eclipse → Youmuu's Ghostblade → Serylda's Grudge → Serpent's Fang ; Eclipse → Youmuu's Ghostblade → Muramana → Lord Dominik's Regards → Guardian Angel,Tear of the Goddess → Caulfield's Warhammer → Pickaxe ; Tear of the Goddess → Pickaxe → Caulfield's Warhammer ; Pickaxe → Caulfield's Warhammer → Long Sword,https://www.onetricks.gg/champions/builds/Jayce
Jayce,top,16.19,,Eclipse,Eclipse → Serpent's Fang,Mortal Reminder | Serylda's Grudge,Bastionbreaker | Guardian Angel,Guardian Angel,Eclipse → Serpent's Fang → Mortal Reminder → Bastionbreaker → Guardian Angel ; Eclipse → Serpent's Fang → Mortal Reminder → Guardian Angel ; Eclipse → Serpent's Fang → Mortal Reminder → Bastionbreaker,Tear of the Goddess → Caulfield's Warhammer → Pickaxe ; Tear of the Goddess → Pickaxe → Caulfield's Warhammer ; Pickaxe → Caulfield's Warhammer → Long Sword,https://www.onetricks.gg/champions/builds/Jayce
Jayce,top,16.19,,Serpent's Fang,Serpent's Fang → Muramana,Voltaic Cyclosword | Serylda's Grudge | Lord Dominik's Regards,Serylda's Grudge | Voltaic Cyclosword | Bastionbreaker,Infinity Edge | Guardian Angel | Bastionbreaker,Serpent's Fang → Muramana → Voltaic Cyclosword → Serylda's Grudge ; Serpent's Fang → Muramana → Mortal Reminder → Voltaic Cyclosword ; Serpent's Fang → Muramana → Lord Dominik's Regards → Bastionbreaker,Tear of the Goddess → Serrated Dirk → Pickaxe ; Serrated Dirk → Tear of the Goddess → Pickaxe ; Tear of the Goddess → Pickaxe → Serrated Dirk,https://www.onetricks.gg/champions/builds/Jayce
Jayce,top,16.19,,Serpent's Fang,Serpent's Fang → Voltaic Cyclosword,Bastionbreaker | Muramana,Serylda's Grudge | Youmuu's Ghostblade | Edge of Night,Hubris | Serylda's Grudge,Serpent's Fang → Voltaic Cyclosword → Bastionbreaker → Serylda's Grudge ; Serpent's Fang → Voltaic Cyclosword → Bastionbreaker → Youmuu's Ghostblade ; Serpent's Fang → Voltaic Cyclosword → Bastionbreaker → Serylda's Grudge → Hubris,Tear of the Goddess → Serrated Dirk → Pickaxe ; Serrated Dirk → Tear of the Goddess → Pickaxe ; Tear of the Goddess → Pickaxe → Serrated Dirk,https://www.onetricks.gg/champions/builds/Jayce
Jayce,top,16.19,,Black Cleaver,Black Cleaver → Muramana,Serpent's Fang | Spear of Shojin | Voltaic Cyclosword,Serpent's Fang | Edge of Night | Voltaic Cyclosword,Youmuu's Ghostblade | Spear of Shojin | Guardian Angel,Black Cleaver → Muramana → Spear of Shojin → Edge of Night ; Black Cleaver → Muramana → Serpent's Fang → Voltaic Cyclosword ; Black Cleaver → Muramana → Voltaic Cyclosword → Bastionbreaker → Youmuu's Ghostblade,Tear of the Goddess → Pickaxe → Phage ; Tear of the Goddess → Phage → Pickaxe ; Tear of the Goddess → Kindlegem → Phage,https://www.onetricks.gg/champions/builds/Jayce
Jayce,top,16.19,,Voltaic Cyclosword,Voltaic Cyclosword → Bastionbreaker,Muramana | Serylda's Grudge | Youmuu's Ghostblade,Guardian Angel | Muramana | Lord Dominik's Regards,,Voltaic Cyclosword → Bastionbreaker → Serylda's Grudge → Guardian Angel ; Voltaic Cyclosword → Bastionbreaker → Muramana → Lord Dominik's Regards ; Voltaic Cyclosword → Bastionbreaker → Muramana → Serylda's Grudge,Tear of the Goddess → The Brutalizer → Long Sword ; Serrated Dirk → Tear of the Goddess → The Brutalizer ; Serrated Dirk → The Brutalizer → Long Sword,https://www.onetricks.gg/champions/builds/Jayce
Jayce,top,16.19,,Voltaic Cyclosword,Voltaic Cyclosword → Serpent's Fang,Lord Dominik's Regards | Muramana | Serylda's Grudge,Edge of Night,,Voltaic Cyclosword → Serpent's Fang → Lord Dominik's Regards ; Voltaic Cyclosword → Serpent's Fang → Muramana ; Voltaic Cyclosword → Serpent's Fang → Serylda's Grudge → Edge of Night,Tear of the Goddess → The Brutalizer → Long Sword ; Serrated Dirk → Tear of the Goddess → The Brutalizer ; Serrated Dirk → The Brutalizer → Long Sword,https://www.onetricks.gg/champions/builds/Jayce
Jayce,top,16.19,,Voltaic Cyclosword,Voltaic Cyclosword → Muramana,Serylda's Grudge | Serpent's Fang,Serylda's Grudge | Guardian Angel,Bastionbreaker,Voltaic Cyclosword → Muramana → Serpent's Fang → Serylda's Grudge ; Voltaic Cyclosword → Muramana → Serylda's Grudge → Guardian Angel → Bastionbreaker,Tear of the Goddess → The Brutalizer → Long Sword ; Serrated Dirk → Tear of the Goddess → The Brutalizer ; Serrated Dirk → The Brutalizer → Long Sword,https://www.onetricks.gg/champions/builds/Jayce
Jayce,top,16.19,,Bastionbreaker,Bastionbreaker → Voltaic Cyclosword,Muramana,Serylda's Grudge,,Bastionbreaker → Voltaic Cyclosword → Muramana → Serylda's Grudge,Tear of the Goddess → The Brutalizer → Serrated Dirk,https://www.onetricks.gg/champions/builds/Jayce
Jayce,top,16.19,,Bastionbreaker,Bastionbreaker → Muramana,Voltaic Cyclosword | Mortal Reminder,Edge of Night,,Bastionbreaker → Muramana → Voltaic Cyclosword → Edge of Night ; Bastionbreaker → Muramana → Mortal Reminder,Tear of the Goddess → The Brutalizer → Serrated Dirk,https://www.onetricks.gg/champions/builds/Jayce
Jhin,bot,16.19,,Hubris,Hubris → Phantom Dancer,Infinity Edge | Lord Dominik's Regards | Mortal Reminder,Lord Dominik's Regards | Infinity Edge | Mortal Reminder,Deprecated item | Guardian Angel | Rapid Firecannon,Hubris → Phantom Dancer → Infinity Edge → Lord Dominik's Regards ; Hubris → Phantom Dancer → Lord Dominik's Regards → Infinity Edge ; Hubris → Phantom Dancer → Infinity Edge → Mortal Reminder,Serrated Dirk → Caulfield's Warhammer ; Serrated Dirk → Boots of Swiftness → Caulfield's Warhammer ; Cull → Serrated Dirk → Caulfield's Warhammer,https://www.onetricks.gg/champions/builds/Jhin
Jhin,bot,16.19,,Hubris,Hubris → The Collector,Infinity Edge | Lord Dominik's Regards | Mortal Reminder,Infinity Edge | Rapid Firecannon | Lord Dominik's Regards,Rapid Firecannon | Infinity Edge | Hexoptics C44,Hubris → The Collector → Lord Dominik's Regards → Infinity Edge ; Hubris → The Collector → Infinity Edge → Lord Dominik's Regards ; Hubris → The Collector → Lord Dominik's Regards → Rapid Firecannon,Serrated Dirk → Caulfield's Warhammer ; Serrated Dirk → Boots of Swiftness → Caulfield's Warhammer ; Cull → Serrated Dirk → Caulfield's Warhammer,https://www.onetricks.gg/champions/builds/Jhin
Jhin,bot,16.19,,Hubris,Hubris → Rapid Firecannon,Infinity Edge | Deprecated item,Lord Dominik's Regards | Infinity Edge | Mortal Reminder,Mercurial Scimitar | Guardian Angel,Hubris → Rapid Firecannon → Infinity Edge → Lord Dominik's Regards ; Hubris → Rapid Firecannon → Deprecated item → Infinity Edge → Mercurial Scimitar ; Hubris → Rapid Firecannon → Infinity Edge → Mortal Reminder → Guardian Angel,Serrated Dirk → Caulfield's Warhammer ; Serrated Dirk → Boots of Swiftness → Caulfield's Warhammer ; Cull → Serrated Dirk → Caulfield's Warhammer,https://www.onetricks.gg/champions/builds/Jhin
Jhin,bot,16.19,,Hubris,Hubris → Youmuu's Ghostblade,Voltaic Cyclosword | The Collector | Lord Dominik's Regards,Lord Dominik's Regards | Mortal Reminder,Guardian Angel | Edge of Night | Serpent's Fang,Hubris → Youmuu's Ghostblade → Voltaic Cyclosword → Lord Dominik's Regards → Guardian Angel ; Hubris → Youmuu's Ghostblade → Voltaic Cyclosword → Lord Dominik's Regards → Edge of Night ; Hubris → Youmuu's Ghostblade → The Collector → Mortal Reminder → Serpent's Fang,Serrated Dirk → Caulfield's Warhammer ; Serrated Dirk → Boots of Swiftness → Caulfield's Warhammer ; Cull → Serrated Dirk → Caulfield's Warhammer,https://www.onetricks.gg/champions/builds/Jhin
Jhin,bot,16.19,,Youmuu's Ghostblade,Youmuu's Ghostblade → The Collector,Mortal Reminder | Infinity Edge | Lord Dominik's Regards,Lord Dominik's Regards | Serpent's Fang | Edge of Night,Edge of Night | Rapid Firecannon | Serpent's Fang,Youmuu's Ghostblade → The Collector → Mortal Reminder → Serpent's Fang ; Youmuu's Ghostblade → The Collector → Infinity Edge → Lord Dominik's Regards → Rapid Firecannon ; Youmuu's Ghostblade → The Collector → Serpent's Fang → Lord Dominik's Regards → Edge of Night,Serrated Dirk → Rectrix → Long Sword ; Rectrix → Serrated Dirk → Long Sword ; Serrated Dirk → Boots of Swiftness → Rectrix,https://www.onetricks.gg/champions/builds/Jhin
Jhin,bot,16.19,,Youmuu's Ghostblade,Youmuu's Ghostblade → Deprecated item,Rapid Firecannon | Mortal Reminder | Lord Dominik's Regards,Infinity Edge | Rapid Firecannon,Lord Dominik's Regards,Youmuu's Ghostblade → Deprecated item → Rapid Firecannon → Infinity Edge → Lord Dominik's Regards ; Youmuu's Ghostblade → Deprecated item → Mortal Reminder → Rapid Firecannon,Serrated Dirk → Rectrix → Long Sword ; Rectrix → Serrated Dirk → Long Sword ; Serrated Dirk → Boots of Swiftness → Rectrix,https://www.onetricks.gg/champions/builds/Jhin
Jhin,bot,16.19,,The Collector,The Collector → Infinity Edge,Lord Dominik's Regards | Rapid Firecannon,Hexoptics C44 | Lord Dominik's Regards | Mortal Reminder,Randuin's Omen,The Collector → Infinity Edge → Lord Dominik's Regards → Hexoptics C44 ; The Collector → Infinity Edge → Rapid Firecannon → Hexoptics C44 ; The Collector → Infinity Edge → Rapid Firecannon → Lord Dominik's Regards,Serrated Dirk → Pickaxe → Cloak of Agility ; Pickaxe → Serrated Dirk → Cloak of Agility,https://www.onetricks.gg/champions/builds/Jhin
Jhin,bot,16.19,,The Collector,The Collector → Hubris,Infinity Edge,Lord Dominik's Regards,,The Collector → Hubris → Infinity Edge → Lord Dominik's Regards,Serrated Dirk → Pickaxe → Cloak of Agility ; Pickaxe → Serrated Dirk → Cloak of Agility,https://www.onetricks.gg/champions/builds/Jhin
Jhin,bot,16.19,,Deprecated item,Deprecated item → Infinity Edge,Rapid Firecannon | Lord Dominik's Regards,Phantom Dancer,,Deprecated item → Infinity Edge → Rapid Firecannon ; Deprecated item → Infinity Edge → Lord Dominik's Regards → Phantom Dancer,Cull → B. F. Sword → Scout's Slingshot ; B. F. Sword → Cloak of Agility → Scout's Slingshot ; B. F. Sword → Scout's Slingshot → Boots of Swiftness,https://www.onetricks.gg/champions/builds/Jhin
Jhin,bot,16.19,,Voltaic Cyclosword,Voltaic Cyclosword → Axiom Arc,The Collector | Serylda's Grudge | Serpent's Fang,Muramana | Lord Dominik's Regards | Serylda's Grudge,Hubris | Infinity Edge | Muramana,Voltaic Cyclosword → Axiom Arc → Serylda's Grudge → Muramana → Hubris ; Voltaic Cyclosword → Axiom Arc → The Collector → Lord Dominik's Regards → Infinity Edge ; Voltaic Cyclosword → Axiom Arc → Serpent's Fang → Serylda's Grudge → Muramana,The Brutalizer,https://www.onetricks.gg/champions/builds/Jhin
Jhin,bot,16.19,,Voltaic Cyclosword,Voltaic Cyclosword → The Collector,Infinity Edge | Rapid Firecannon | Mortal Reminder,Rapid Firecannon,Bloodthirster,Voltaic Cyclosword → The Collector → Infinity Edge → Rapid Firecannon → Bloodthirster ; Voltaic Cyclosword → The Collector → Rapid Firecannon,The Brutalizer,https://www.onetricks.gg/champions/builds/Jhin
Jhin,bot,16.19,,Bastionbreaker,Bastionbreaker → Axiom Arc,The Collector | Lord Dominik's Regards,Serylda's Grudge,Serpent's Fang,Bastionbreaker → Axiom Arc → The Collector → Serylda's Grudge → Serpent's Fang ; Bastionbreaker → Axiom Arc → Lord Dominik's Regards,,https://www.onetricks.gg/champions/builds/Jhin
Jinx,bot,16.19,,Hexoptics C44,Hexoptics C44 → Runaan's Hurricane,Infinity Edge | Lord Dominik's Regards | Mortal Reminder,Infinity Edge | Lord Dominik's Regards | Mortal Reminder,Guardian Angel | Bloodthirster | Randuin's Omen,Hexoptics C44 → Runaan's Hurricane → Infinity Edge → Lord Dominik's Regards ; Hexoptics C44 → Runaan's Hurricane → Lord Dominik's Regards → Infinity Edge ; Hexoptics C44 → Runaan's Hurricane → Infinity Edge → Lord Dominik's Regards → Guardian Angel,Pickaxe → Noonquiver → Long Sword ; Cull → Pickaxe → Noonquiver ; Pickaxe → Cloak of Agility → Noonquiver,https://www.onetricks.gg/champions/builds/Jinx
Jinx,bot,16.19,,Hexoptics C44,Hexoptics C44 → Phantom Dancer,Infinity Edge | Lord Dominik's Regards | Immortal Shieldbow,Lord Dominik's Regards | Infinity Edge | Mortal Reminder,Maw of Malmortius | Guardian Angel | Bloodthirster,Hexoptics C44 → Phantom Dancer → Infinity Edge → Lord Dominik's Regards ; Hexoptics C44 → Phantom Dancer → Infinity Edge → Mortal Reminder ; Hexoptics C44 → Phantom Dancer → Infinity Edge → Lord Dominik's Regards → Maw of Malmortius,Pickaxe → Noonquiver → Long Sword ; Cull → Pickaxe → Noonquiver ; Pickaxe → Cloak of Agility → Noonquiver,https://www.onetricks.gg/champions/builds/Jinx
Jinx,bot,16.19,,Hexoptics C44,Hexoptics C44 → Infinity Edge,Runaan's Hurricane | Lord Dominik's Regards | Phantom Dancer,Lord Dominik's Regards | Immortal Shieldbow | Phantom Dancer,Guardian Angel | Edge of Night,Hexoptics C44 → Infinity Edge → Runaan's Hurricane → Lord Dominik's Regards ; Hexoptics C44 → Infinity Edge → Lord Dominik's Regards → Immortal Shieldbow ; Hexoptics C44 → Infinity Edge → Runaan's Hurricane → Lord Dominik's Regards → Guardian Angel,Pickaxe → Noonquiver → Long Sword ; Cull → Pickaxe → Noonquiver ; Pickaxe → Cloak of Agility → Noonquiver,https://www.onetricks.gg/champions/builds/Jinx
Jinx,bot,16.19,,Yun Tal Wildarrows,Yun Tal Wildarrows → Infinity Edge,Runaan's Hurricane | Lord Dominik's Regards | Mortal Reminder,Lord Dominik's Regards | Runaan's Hurricane | Mortal Reminder,Bloodthirster | Guardian Angel | Mercurial Scimitar,Yun Tal Wildarrows → Infinity Edge → Runaan's Hurricane → Lord Dominik's Regards ; Yun Tal Wildarrows → Infinity Edge → Runaan's Hurricane → Mortal Reminder ; Yun Tal Wildarrows → Infinity Edge → Lord Dominik's Regards → Runaan's Hurricane,B. F. Sword → Scout's Slingshot → Long Sword ; Cull → B. F. Sword → Scout's Slingshot ; Cull → Scout's Slingshot → B. F. Sword,https://www.onetricks.gg/champions/builds/Jinx
Jinx,bot,16.19,,Yun Tal Wildarrows,Yun Tal Wildarrows → Runaan's Hurricane,Infinity Edge | Lord Dominik's Regards | Mortal Reminder,Infinity Edge | Mortal Reminder | Lord Dominik's Regards,Guardian Angel | Mercurial Scimitar | Bloodthirster,Yun Tal Wildarrows → Runaan's Hurricane → Lord Dominik's Regards → Infinity Edge ; Yun Tal Wildarrows → Runaan's Hurricane → Infinity Edge → Mortal Reminder ; Yun Tal Wildarrows → Runaan's Hurricane → Infinity Edge → Lord Dominik's Regards,B. F. Sword → Scout's Slingshot → Long Sword ; Cull → B. F. Sword → Scout's Slingshot ; Cull → Scout's Slingshot → B. F. Sword,https://www.onetricks.gg/champions/builds/Jinx
Jinx,bot,16.19,,Yun Tal Wildarrows,Yun Tal Wildarrows → Hexoptics C44,Infinity Edge | Runaan's Hurricane,Lord Dominik's Regards | Infinity Edge,Mercurial Scimitar,Yun Tal Wildarrows → Hexoptics C44 → Infinity Edge → Lord Dominik's Regards → Mercurial Scimitar ; Yun Tal Wildarrows → Hexoptics C44 → Runaan's Hurricane → Infinity Edge,B. F. Sword → Scout's Slingshot → Long Sword ; Cull → B. F. Sword → Scout's Slingshot ; Cull → Scout's Slingshot → B. F. Sword,https://www.onetricks.gg/champions/builds/Jinx
Jinx,bot,16.19,,Kraken Slayer,Kraken Slayer → Hexoptics C44,Infinity Edge | Phantom Dancer | Runaan's Hurricane,Runaan's Hurricane | Lord Dominik's Regards | Infinity Edge,Guardian Angel | Mortal Reminder,Kraken Slayer → Hexoptics C44 → Infinity Edge → Runaan's Hurricane ; Kraken Slayer → Hexoptics C44 → Phantom Dancer → Lord Dominik's Regards → Guardian Angel ; Kraken Slayer → Hexoptics C44 → Infinity Edge → Runaan's Hurricane → Mortal Reminder,Cull → Hearthbound Axe → Rectrix ; Cull → Hearthbound Axe → Recurve Bow ; Recurve Bow → Hearthbound Axe → Rectrix,https://www.onetricks.gg/champions/builds/Jinx
Jinx,bot,16.19,,Kraken Slayer,Kraken Slayer → Runaan's Hurricane,Infinity Edge | Hexoptics C44 | Mortal Reminder,Mortal Reminder | Hexoptics C44 | Infinity Edge,Infinity Edge | Bloodthirster,Kraken Slayer → Runaan's Hurricane → Hexoptics C44 → Mortal Reminder → Infinity Edge ; Kraken Slayer → Runaan's Hurricane → Infinity Edge → Hexoptics C44 ; Kraken Slayer → Runaan's Hurricane → Hexoptics C44 → Infinity Edge → Bloodthirster,Cull → Hearthbound Axe → Rectrix ; Cull → Hearthbound Axe → Recurve Bow ; Recurve Bow → Hearthbound Axe → Rectrix,https://www.onetricks.gg/champions/builds/Jinx
Jinx,bot,16.19,,The Collector,The Collector → Infinity Edge,Lord Dominik's Regards | Mortal Reminder,Hexoptics C44 | Immortal Shieldbow,Guardian Angel,The Collector → Infinity Edge → Mortal Reminder → Hexoptics C44 → Guardian Angel ; The Collector → Infinity Edge → Lord Dominik's Regards → Hexoptics C44 ; The Collector → Infinity Edge → Lord Dominik's Regards → Immortal Shieldbow,Cull → Serrated Dirk → Pickaxe ; Serrated Dirk → Pickaxe → Cloak of Agility,https://www.onetricks.gg/champions/builds/Jinx
Jinx,bot,16.19,,The Collector,The Collector → Phantom Dancer,Infinity Edge,Lord Dominik's Regards,Bloodthirster | Mercurial Scimitar,The Collector → Phantom Dancer → Infinity Edge → Lord Dominik's Regards → Bloodthirster ; The Collector → Phantom Dancer → Infinity Edge → Lord Dominik's Regards → Mercurial Scimitar,Cull → Serrated Dirk → Pickaxe ; Serrated Dirk → Pickaxe → Cloak of Agility,https://www.onetricks.gg/champions/builds/Jinx
KSante,top,16.19,,Iceborn Gauntlet,"Iceborn Gauntlet → Jak'Sho, The Protean",Randuin's Omen | Spirit Visage | Thornmail,Spirit Visage | Thornmail | Randuin's Omen,,"Iceborn Gauntlet → Jak'Sho, The Protean → Randuin's Omen → Spirit Visage ; Iceborn Gauntlet → Jak'Sho, The Protean → Spirit Visage → Randuin's Omen ; Iceborn Gauntlet → Jak'Sho, The Protean → Knight's Vow → Kaenic Rookern",Bramble Vest → Chain Vest → Sheen ; Chain Vest → Sheen → Ruby Crystal ; Chain Vest → Plated Steelcaps → Sheen,https://www.onetricks.gg/champions/builds/KSante
KSante,top,16.19,,Iceborn Gauntlet,Iceborn Gauntlet → Unending Despair,"Spirit Visage | Jak'Sho, The Protean | Thornmail",Randuin's Omen | Spirit Visage | Frozen Heart,Thornmail | Force of Nature,"Iceborn Gauntlet → Unending Despair → Spirit Visage → Randuin's Omen ; Iceborn Gauntlet → Unending Despair → Jak'Sho, The Protean → Randuin's Omen ; Iceborn Gauntlet → Unending Despair → Jak'Sho, The Protean → Spirit Visage",Bramble Vest → Chain Vest → Sheen ; Chain Vest → Sheen → Ruby Crystal ; Chain Vest → Plated Steelcaps → Sheen,https://www.onetricks.gg/champions/builds/KSante
KSante,top,16.19,,Iceborn Gauntlet,Iceborn Gauntlet → Spirit Visage,"Thornmail | Randuin's Omen | Jak'Sho, The Protean","Jak'Sho, The Protean | Thornmail | Unending Despair","Jak'Sho, The Protean | Thornmail | Locket of the Iron Solari","Iceborn Gauntlet → Spirit Visage → Thornmail → Jak'Sho, The Protean ; Iceborn Gauntlet → Spirit Visage → Locket of the Iron Solari → Jak'Sho, The Protean ; Iceborn Gauntlet → Spirit Visage → Protoplasm Harness → Jak'Sho, The Protean",Bramble Vest → Chain Vest → Sheen ; Chain Vest → Sheen → Ruby Crystal ; Chain Vest → Plated Steelcaps → Sheen,https://www.onetricks.gg/champions/builds/KSante
KSante,top,16.19,,Iceborn Gauntlet,Iceborn Gauntlet → Thornmail,"Jak'Sho, The Protean | Spirit Visage | Frozen Heart","Jak'Sho, The Protean | Knight's Vow | Spirit Visage",Kaenic Rookern | Force of Nature | Frozen Heart,"Iceborn Gauntlet → Thornmail → Frozen Heart → Knight's Vow → Kaenic Rookern ; Iceborn Gauntlet → Thornmail → Spirit Visage → Jak'Sho, The Protean ; Iceborn Gauntlet → Thornmail → Jak'Sho, The Protean → Spirit Visage",Bramble Vest → Chain Vest → Sheen ; Chain Vest → Sheen → Ruby Crystal ; Chain Vest → Plated Steelcaps → Sheen,https://www.onetricks.gg/champions/builds/KSante
KSante,top,16.19,,Kaenic Rookern,Kaenic Rookern → Iceborn Gauntlet,Randuin's Omen | Thornmail | Spirit Visage,"Jak'Sho, The Protean | Randuin's Omen","Spirit Visage | Jak'Sho, The Protean","Kaenic Rookern → Iceborn Gauntlet → Thornmail → Jak'Sho, The Protean → Spirit Visage ; Kaenic Rookern → Iceborn Gauntlet → Force of Nature → Randuin's Omen → Jak'Sho, The Protean",Negatron Cloak → Spectre's Cowl ; Negatron Cloak → Null-Magic Mantle → Spectre's Cowl ; Bramble Vest → Negatron Cloak → Spectre's Cowl,https://www.onetricks.gg/champions/builds/KSante
KSante,top,16.19,,Kaenic Rookern,"Kaenic Rookern → Jak'Sho, The Protean",Unending Despair | Protoplasm Harness | Thornmail,Randuin's Omen | Spirit Visage,Spirit Visage,"Kaenic Rookern → Jak'Sho, The Protean → Protoplasm Harness → Randuin's Omen → Spirit Visage ; Kaenic Rookern → Jak'Sho, The Protean → Knight's Vow → Spirit Visage",Negatron Cloak → Spectre's Cowl ; Negatron Cloak → Null-Magic Mantle → Spectre's Cowl ; Bramble Vest → Negatron Cloak → Spectre's Cowl,https://www.onetricks.gg/champions/builds/KSante
KSante,top,16.19,,Zeke's Convergence,"Zeke's Convergence → Jak'Sho, The Protean",Randuin's Omen | Spirit Visage | Frozen Heart,Force of Nature | Randuin's Omen,Force of Nature,"Zeke's Convergence → Jak'Sho, The Protean → Frozen Heart → Force of Nature ; Zeke's Convergence → Jak'Sho, The Protean → Spirit Visage → Randuin's Omen → Force of Nature",Negatron Cloak → Cloth Armor → Mercury's Treads ; Null-Magic Mantle → Chain Vest → Kindlegem ; Glacial Buckler → Ionian Boots of Lucidity → Cloth Armor,https://www.onetricks.gg/champions/builds/KSante
KSante,top,16.19,,Zeke's Convergence,Zeke's Convergence → Frozen Heart,"Thornmail | Kaenic Rookern | Jak'Sho, The Protean","Jak'Sho, The Protean | Randuin's Omen",,"Zeke's Convergence → Frozen Heart → Thornmail ; Zeke's Convergence → Frozen Heart → Kaenic Rookern → Jak'Sho, The Protean ; Zeke's Convergence → Frozen Heart → Jak'Sho, The Protean → Randuin's Omen",Negatron Cloak → Cloth Armor → Mercury's Treads ; Null-Magic Mantle → Chain Vest → Kindlegem ; Glacial Buckler → Ionian Boots of Lucidity → Cloth Armor,https://www.onetricks.gg/champions/builds/KSante
KSante,top,16.19,,Frozen Heart,Frozen Heart → Spirit Visage,"Jak'Sho, The Protean | Zeke's Convergence","Jak'Sho, The Protean",,"Frozen Heart → Spirit Visage → Jak'Sho, The Protean ; Frozen Heart → Spirit Visage → Zeke's Convergence → Jak'Sho, The Protean",Warden's Mail → Plated Steelcaps → Glacial Buckler ; Plated Steelcaps → Warden's Mail → Glacial Buckler ; Warden's Mail → Glacial Buckler,https://www.onetricks.gg/champions/builds/KSante
KSante,top,16.19,,Frozen Heart,Frozen Heart → Zeke's Convergence,"Jak'Sho, The Protean | Spirit Visage | Iceborn Gauntlet","Force of Nature | Jak'Sho, The Protean | Randuin's Omen",Protoplasm Harness | Randuin's Omen,"Frozen Heart → Zeke's Convergence → Jak'Sho, The Protean → Force of Nature → Protoplasm Harness ; Frozen Heart → Zeke's Convergence → Spirit Visage → Jak'Sho, The Protean → Randuin's Omen ; Frozen Heart → Zeke's Convergence → Spirit Visage → Randuin's Omen",Warden's Mail → Plated Steelcaps → Glacial Buckler ; Plated Steelcaps → Warden's Mail → Glacial Buckler ; Warden's Mail → Glacial Buckler,https://www.onetricks.gg/champions/builds/KSante
KSante,top,16.19,,Thornmail,Thornmail → Iceborn Gauntlet,"Zeke's Convergence | Jak'Sho, The Protean | Spirit Visage",,,"Thornmail → Iceborn Gauntlet → Zeke's Convergence ; Thornmail → Iceborn Gauntlet → Jak'Sho, The Protean ; Thornmail → Iceborn Gauntlet → Spirit Visage",Bramble Vest → Chain Vest → Ruby Crystal ; Glacial Buckler → Bramble Vest → Chain Vest,https://www.onetricks.gg/champions/builds/KSante
KSante,top,16.19,,Thornmail,Thornmail → Zeke's Convergence,Frozen Heart,,,Thornmail → Zeke's Convergence → Frozen Heart,Bramble Vest → Chain Vest → Ruby Crystal ; Glacial Buckler → Bramble Vest → Chain Vest,https://www.onetricks.gg/champions/builds/KSante
KSante,top,16.19,,Spirit Visage,Spirit Visage → Iceborn Gauntlet,"Jak'Sho, The Protean | Randuin's Omen | Unending Despair",Randuin's Omen,,"Spirit Visage → Iceborn Gauntlet → Randuin's Omen ; Spirit Visage → Iceborn Gauntlet → Jak'Sho, The Protean → Randuin's Omen ; Spirit Visage → Iceborn Gauntlet → Unending Despair",Negatron Cloak → Spectre's Cowl → Kindlegem,https://www.onetricks.gg/champions/builds/KSante
Kaisa,bot,16.19,,Kraken Slayer,Kraken Slayer → Guinsoo's Rageblade,Terminus | Nashor's Tooth | Phantom Dancer,Zhonya's Hourglass | Runaan's Hurricane | Nashor's Tooth,Infinity Edge | Rabadon's Deathcap | Zhonya's Hourglass,Kraken Slayer → Guinsoo's Rageblade → Nashor's Tooth → Zhonya's Hourglass ; Kraken Slayer → Guinsoo's Rageblade → Terminus → Runaan's Hurricane ; Kraken Slayer → Guinsoo's Rageblade → Terminus → Zhonya's Hourglass,Cull → Hearthbound Axe → Rectrix ; Cull → Recurve Bow → Rectrix ; Cull → Recurve Bow → Hearthbound Axe,https://www.onetricks.gg/champions/builds/Kaisa
Kaisa,bot,16.19,,Statikk Shiv,Statikk Shiv → Guinsoo's Rageblade,Nashor's Tooth | Terminus | Dusk and Dawn,Zhonya's Hourglass | Terminus | Dusk and Dawn,Shadowflame | Zhonya's Hourglass | Rabadon's Deathcap,Statikk Shiv → Guinsoo's Rageblade → Nashor's Tooth → Zhonya's Hourglass ; Statikk Shiv → Guinsoo's Rageblade → Terminus → Dusk and Dawn ; Statikk Shiv → Guinsoo's Rageblade → Terminus → Zhonya's Hourglass,Cull → Pickaxe → Scout's Slingshot ; Cull → Scout's Slingshot → Pickaxe ; Pickaxe → Aether Wisp → Scout's Slingshot,https://www.onetricks.gg/champions/builds/Kaisa
Kaisa,bot,16.19,,Statikk Shiv,Statikk Shiv → Luden's Echo,Voltaic Cyclosword | Shadowflame,Shadowflame | Cryptbloom | Voltaic Cyclosword,Shadowflame | Cryptbloom,Statikk Shiv → Luden's Echo → Voltaic Cyclosword → Shadowflame ; Statikk Shiv → Luden's Echo → Voltaic Cyclosword → Cryptbloom ; Statikk Shiv → Luden's Echo → Shadowflame → Voltaic Cyclosword,Cull → Pickaxe → Scout's Slingshot ; Cull → Scout's Slingshot → Pickaxe ; Pickaxe → Aether Wisp → Scout's Slingshot,https://www.onetricks.gg/champions/builds/Kaisa
Kaisa,bot,16.19,,Statikk Shiv,Statikk Shiv → Voltaic Cyclosword,Luden's Echo | Blackfire Torch,Horizon Focus | Mejai's Soulstealer,Rabadon's Deathcap | Shadowflame,Statikk Shiv → Voltaic Cyclosword → Luden's Echo → Horizon Focus ; Statikk Shiv → Voltaic Cyclosword → Blackfire Torch → Mejai's Soulstealer ; Statikk Shiv → Voltaic Cyclosword → Luden's Echo → Horizon Focus → Rabadon's Deathcap,Cull → Pickaxe → Scout's Slingshot ; Cull → Scout's Slingshot → Pickaxe ; Pickaxe → Aether Wisp → Scout's Slingshot,https://www.onetricks.gg/champions/builds/Kaisa
Kaisa,bot,16.19,,Hubris,Hubris → The Collector,Runaan's Hurricane | Fiendhunter Bolts | Phantom Dancer,Infinity Edge | Mortal Reminder | Lord Dominik's Regards,Infinity Edge | Lord Dominik's Regards | Mortal Reminder,Hubris → The Collector → Runaan's Hurricane → Infinity Edge ; Hubris → The Collector → Runaan's Hurricane → Mortal Reminder ; Hubris → The Collector → Runaan's Hurricane → Lord Dominik's Regards → Infinity Edge,Serrated Dirk → Caulfield's Warhammer ; Cull → Serrated Dirk → Caulfield's Warhammer,https://www.onetricks.gg/champions/builds/Kaisa
Kaisa,bot,16.19,,Yun Tal Wildarrows,Yun Tal Wildarrows → Infinity Edge,Runaan's Hurricane,Lord Dominik's Regards | Bloodthirster,Lord Dominik's Regards | Bloodthirster,Yun Tal Wildarrows → Infinity Edge → Runaan's Hurricane → Lord Dominik's Regards → Bloodthirster ; Yun Tal Wildarrows → Infinity Edge → Runaan's Hurricane → Bloodthirster → Lord Dominik's Regards,Cull → Scout's Slingshot → B. F. Sword ; Scout's Slingshot → B. F. Sword → Long Sword ; Cull → B. F. Sword → Scout's Slingshot,https://www.onetricks.gg/champions/builds/Kaisa
Kaisa,bot,16.19,,Yun Tal Wildarrows,Yun Tal Wildarrows → The Collector,Runaan's Hurricane,Lord Dominik's Regards,Mercurial Scimitar | Bloodthirster,Yun Tal Wildarrows → The Collector → Runaan's Hurricane → Lord Dominik's Regards → Mercurial Scimitar ; Yun Tal Wildarrows → The Collector → Runaan's Hurricane → Lord Dominik's Regards → Bloodthirster,Cull → Scout's Slingshot → B. F. Sword ; Scout's Slingshot → B. F. Sword → Long Sword ; Cull → B. F. Sword → Scout's Slingshot,https://www.onetricks.gg/champions/builds/Kaisa
Kalista,bot,16.19,,Statikk Shiv,Statikk Shiv → Guinsoo's Rageblade,Terminus | Wit's End | Randuin's Omen,"Jak'Sho, The Protean | Randuin's Omen | Terminus","Guardian Angel | Randuin's Omen | Jak'Sho, The Protean","Statikk Shiv → Guinsoo's Rageblade → Terminus → Jak'Sho, The Protean ; Statikk Shiv → Guinsoo's Rageblade → Terminus → Randuin's Omen ; Statikk Shiv → Guinsoo's Rageblade → Terminus → Jak'Sho, The Protean → Guardian Angel",Pickaxe → Scout's Slingshot → Aether Wisp ; Scout's Slingshot → Pickaxe → Aether Wisp ; Pickaxe → Aether Wisp → Scout's Slingshot,https://www.onetricks.gg/champions/builds/Kalista
Kalista,bot,16.19,,Statikk Shiv,Statikk Shiv → Wit's End,Terminus | Guinsoo's Rageblade | Mercurial Scimitar,"Jak'Sho, The Protean | Guardian Angel | Runaan's Hurricane",Guardian Angel | Mercurial Scimitar,"Statikk Shiv → Wit's End → Terminus → Jak'Sho, The Protean ; Statikk Shiv → Wit's End → Guinsoo's Rageblade → Jak'Sho, The Protean ; Statikk Shiv → Wit's End → Terminus → Mercurial Scimitar → Guardian Angel",Pickaxe → Scout's Slingshot → Aether Wisp ; Scout's Slingshot → Pickaxe → Aether Wisp ; Pickaxe → Aether Wisp → Scout's Slingshot,https://www.onetricks.gg/champions/builds/Kalista
Kalista,bot,16.19,,Guinsoo's Rageblade,Guinsoo's Rageblade → Statikk Shiv,Terminus | Randuin's Omen,"Jak'Sho, The Protean | Wit's End",,"Guinsoo's Rageblade → Statikk Shiv → Terminus → Jak'Sho, The Protean ; Guinsoo's Rageblade → Statikk Shiv → Terminus → Wit's End ; Guinsoo's Rageblade → Statikk Shiv → Randuin's Omen",Recurve Bow → Pickaxe → Amplifying Tome ; Pickaxe → Recurve Bow → Amplifying Tome,https://www.onetricks.gg/champions/builds/Kalista
Kalista,bot,16.19,,Blade of The Ruined King,Blade of The Ruined King → Guinsoo's Rageblade,Terminus,"Jak'Sho, The Protean | Runaan's Hurricane | Randuin's Omen","Statikk Shiv | Mercurial Scimitar | Jak'Sho, The Protean","Blade of The Ruined King → Guinsoo's Rageblade → Terminus → Jak'Sho, The Protean ; Blade of The Ruined King → Guinsoo's Rageblade → Terminus → Runaan's Hurricane ; Blade of The Ruined King → Guinsoo's Rageblade → Terminus → Jak'Sho, The Protean → Mercurial Scimitar",Berserker's Greaves → Recurve Bow → Pickaxe,https://www.onetricks.gg/champions/builds/Kalista
Kalista,bot,16.19,,Blade of The Ruined King,Blade of The Ruined King → Statikk Shiv,Guinsoo's Rageblade | Terminus,"Terminus | Jak'Sho, The Protean",Bloodthirster | Randuin's Omen,"Blade of The Ruined King → Statikk Shiv → Guinsoo's Rageblade → Terminus → Bloodthirster ; Blade of The Ruined King → Statikk Shiv → Terminus → Jak'Sho, The Protean → Randuin's Omen ; Blade of The Ruined King → Statikk Shiv → Guinsoo's Rageblade → Terminus",Berserker's Greaves → Recurve Bow → Pickaxe,https://www.onetricks.gg/champions/builds/Kalista
Karma,supp,16.19,,all,Dream Maker → Echoes of Helia,Moonstone Renewer | Mikael's Blessing | Redemption,Dawncore | Mikael's Blessing | Moonstone Renewer,Shurelya's Battlesong | Mikael's Blessing | Moonstone Renewer,Dream Maker → Echoes of Helia → Moonstone Renewer → Dawncore ; Dream Maker → Echoes of Helia → Moonstone Renewer → Mikael's Blessing ; Dream Maker → Echoes of Helia → Moonstone Renewer → Shurelya's Battlesong,Bandleglass Mirror → Kindlegem ; Ionian Boots of Lucidity → Bandleglass Mirror → Kindlegem ; Boots → Bandleglass Mirror → Kindlegem,https://www.onetricks.gg/champions/builds/Karma
Karma,supp,16.19,,all,Dream Maker → Moonstone Renewer,Mikael's Blessing | Redemption | Ardent Censer,Mikael's Blessing | Knight's Vow | Shurelya's Battlesong,Redemption | Shurelya's Battlesong,Dream Maker → Moonstone Renewer → Redemption → Mikael's Blessing ; Dream Maker → Moonstone Renewer → Mikael's Blessing → Knight's Vow ; Dream Maker → Moonstone Renewer → Echoes of Helia → Shurelya's Battlesong,Bandleglass Mirror → Kindlegem ; Ionian Boots of Lucidity → Bandleglass Mirror → Kindlegem ; Boots → Bandleglass Mirror → Kindlegem,https://www.onetricks.gg/champions/builds/Karma
Karma,supp,16.19,,all,Celestial Opposition → Echoes of Helia,Moonstone Renewer | Shurelya's Battlesong | Mikael's Blessing,Redemption | Mikael's Blessing | Moonstone Renewer,Redemption | Staff of Flowing Water,Celestial Opposition → Echoes of Helia → Moonstone Renewer → Mikael's Blessing ; Celestial Opposition → Echoes of Helia → Mikael's Blessing → Redemption ; Celestial Opposition → Echoes of Helia → Moonstone Renewer → Redemption → Staff of Flowing Water,Bandleglass Mirror → Kindlegem ; Ionian Boots of Lucidity → Bandleglass Mirror → Kindlegem ; Boots → Bandleglass Mirror → Kindlegem,https://www.onetricks.gg/champions/builds/Karma
Karma,supp,16.19,,all,Dream Maker → Locket of the Iron Solari,Protoplasm Harness | Moonstone Renewer | Zeke's Convergence,Protoplasm Harness | Ardent Censer | Mikael's Blessing,,Dream Maker → Locket of the Iron Solari → Zeke's Convergence → Ardent Censer ; Dream Maker → Locket of the Iron Solari → Moonstone Renewer → Staff of Flowing Water ; Dream Maker → Locket of the Iron Solari → Protoplasm Harness → Mikael's Blessing,Bandleglass Mirror → Kindlegem ; Ionian Boots of Lucidity → Bandleglass Mirror → Kindlegem ; Boots → Bandleglass Mirror → Kindlegem,https://www.onetricks.gg/champions/builds/Karma
Karthus,bot,16.19,,Blackfire Torch,Blackfire Torch → Shadowflame,Stormsurge | Liandry's Torment | Rabadon's Deathcap,Void Staff | Liandry's Torment | Rabadon's Deathcap,Void Staff | Rabadon's Deathcap | Liandry's Torment,Blackfire Torch → Shadowflame → Stormsurge → Liandry's Torment ; Blackfire Torch → Shadowflame → Stormsurge → Void Staff ; Blackfire Torch → Shadowflame → Stormsurge → Rabadon's Deathcap,Lost Chapter → Fated Ashes ; Dark Seal → Lost Chapter → Fated Ashes ; Lost Chapter → Dark Seal → Fated Ashes,https://www.onetricks.gg/champions/builds/Karthus
Karthus,bot,16.19,,Blackfire Torch,Blackfire Torch → Liandry's Torment,Shadowflame | Zhonya's Hourglass | Rabadon's Deathcap,Rabadon's Deathcap | Void Staff | Cryptbloom,Void Staff | Zhonya's Hourglass | Rabadon's Deathcap,Blackfire Torch → Liandry's Torment → Shadowflame → Rabadon's Deathcap ; Blackfire Torch → Liandry's Torment → Zhonya's Hourglass → Cryptbloom ; Blackfire Torch → Liandry's Torment → Rabadon's Deathcap → Void Staff,Lost Chapter → Fated Ashes ; Dark Seal → Lost Chapter → Fated Ashes ; Lost Chapter → Dark Seal → Fated Ashes,https://www.onetricks.gg/champions/builds/Karthus
Karthus,bot,16.19,,Blackfire Torch,Blackfire Torch → Stormsurge,Shadowflame | Liandry's Torment | Zhonya's Hourglass,Liandry's Torment | Shadowflame | Void Staff,Void Staff | Cryptbloom | Rabadon's Deathcap,Blackfire Torch → Stormsurge → Shadowflame → Liandry's Torment → Void Staff ; Blackfire Torch → Stormsurge → Shadowflame → Liandry's Torment → Cryptbloom ; Blackfire Torch → Stormsurge → Liandry's Torment → Shadowflame → Void Staff,Lost Chapter → Fated Ashes ; Dark Seal → Lost Chapter → Fated Ashes ; Lost Chapter → Dark Seal → Fated Ashes,https://www.onetricks.gg/champions/builds/Karthus
Karthus,bot,16.19,,Blackfire Torch,Blackfire Torch → Zhonya's Hourglass,Liandry's Torment | Shadowflame,Rabadon's Deathcap | Cryptbloom,,Blackfire Torch → Zhonya's Hourglass → Shadowflame ; Blackfire Torch → Zhonya's Hourglass → Liandry's Torment → Rabadon's Deathcap ; Blackfire Torch → Zhonya's Hourglass → Liandry's Torment → Cryptbloom,Lost Chapter → Fated Ashes ; Dark Seal → Lost Chapter → Fated Ashes ; Lost Chapter → Dark Seal → Fated Ashes,https://www.onetricks.gg/champions/builds/Karthus
Kassadin,mid,16.19,,Rod of Ages,Rod of Ages → Seraph's Embrace,Malignance | Mejai's Soulstealer | Frozen Heart,Rabadon's Deathcap | Zhonya's Hourglass | Void Staff,Void Staff | Rabadon's Deathcap | Mejai's Soulstealer,Rod of Ages → Seraph's Embrace → Malignance → Zhonya's Hourglass ; Rod of Ages → Seraph's Embrace → Malignance → Rabadon's Deathcap ; Rod of Ages → Seraph's Embrace → Malignance → Void Staff,Tear of the Goddess → Blasting Wand → Catalyst of Aeons ; Blasting Wand → Tear of the Goddess → Catalyst of Aeons ; Tear of the Goddess → Catalyst of Aeons → Blasting Wand,https://www.onetricks.gg/champions/builds/Kassadin
Kassadin,mid,16.19,,Rod of Ages,Rod of Ages → Muramana,Seraph's Embrace | Malignance | Frozen Heart,Frozen Heart | Seraph's Embrace | Zhonya's Hourglass,Fimbulwinter | Zhonya's Hourglass | Mejai's Soulstealer,Rod of Ages → Muramana → Seraph's Embrace → Frozen Heart ; Rod of Ages → Muramana → Malignance → Mejai's Soulstealer ; Rod of Ages → Muramana → Seraph's Embrace → Frozen Heart → Mejai's Soulstealer,Tear of the Goddess → Blasting Wand → Catalyst of Aeons ; Blasting Wand → Tear of the Goddess → Catalyst of Aeons ; Tear of the Goddess → Catalyst of Aeons → Blasting Wand,https://www.onetricks.gg/champions/builds/Kassadin
Kassadin,mid,16.19,,Rod of Ages,Rod of Ages → Malignance,Seraph's Embrace | Lich Bane | Zhonya's Hourglass,Rabadon's Deathcap | Mejai's Soulstealer | Bloodletter's Curse,Rabadon's Deathcap | Mejai's Soulstealer,Rod of Ages → Malignance → Seraph's Embrace → Mejai's Soulstealer ; Rod of Ages → Malignance → Lich Bane → Bloodletter's Curse ; Rod of Ages → Malignance → Zhonya's Hourglass → Rabadon's Deathcap,Tear of the Goddess → Blasting Wand → Catalyst of Aeons ; Blasting Wand → Tear of the Goddess → Catalyst of Aeons ; Tear of the Goddess → Catalyst of Aeons → Blasting Wand,https://www.onetricks.gg/champions/builds/Kassadin
Kassadin,mid,16.19,,Malignance,Malignance → Seraph's Embrace,Shadowflame | Zhonya's Hourglass | Void Staff,Void Staff | Rabadon's Deathcap | Zhonya's Hourglass,Zhonya's Hourglass | Rabadon's Deathcap | Kaenic Rookern,Malignance → Seraph's Embrace → Shadowflame → Void Staff ; Malignance → Seraph's Embrace → Zhonya's Hourglass → Rabadon's Deathcap ; Malignance → Seraph's Embrace → Shadowflame → Zhonya's Hourglass,Tear of the Goddess → Blasting Wand → Lost Chapter ; Blasting Wand → Tear of the Goddess → Lost Chapter ; Tear of the Goddess → Lost Chapter → Blasting Wand,https://www.onetricks.gg/champions/builds/Kassadin
Kassadin,mid,16.19,,Malignance,Malignance → Lich Bane,Bloodletter's Curse | Seraph's Embrace,Zhonya's Hourglass | Bloodletter's Curse,,Malignance → Lich Bane → Bloodletter's Curse → Zhonya's Hourglass ; Malignance → Lich Bane → Seraph's Embrace → Bloodletter's Curse,Tear of the Goddess → Blasting Wand → Lost Chapter ; Blasting Wand → Tear of the Goddess → Lost Chapter ; Tear of the Goddess → Lost Chapter → Blasting Wand,https://www.onetricks.gg/champions/builds/Kassadin
Katarina,mid,16.19,,Lich Bane,Lich Bane → Shadowflame,Zhonya's Hourglass | Rabadon's Deathcap | Stormsurge,Void Staff | Rabadon's Deathcap | Zhonya's Hourglass,Void Staff | Kaenic Rookern | Zhonya's Hourglass,Lich Bane → Shadowflame → Zhonya's Hourglass → Void Staff ; Lich Bane → Shadowflame → Zhonya's Hourglass → Rabadon's Deathcap ; Lich Bane → Shadowflame → Rabadon's Deathcap → Zhonya's Hourglass → Void Staff,Blasting Wand → Aether Wisp → Sheen ; Dark Seal → Blasting Wand → Aether Wisp ; Dark Seal → Aether Wisp → Blasting Wand,https://www.onetricks.gg/champions/builds/Katarina
Katarina,mid,16.19,,Lich Bane,Lich Bane → Mejai's Soulstealer,Shadowflame | Stormsurge | Nashor's Tooth,Zhonya's Hourglass | Shadowflame | Void Staff,Rabadon's Deathcap,Lich Bane → Mejai's Soulstealer → Shadowflame → Zhonya's Hourglass ; Lich Bane → Mejai's Soulstealer → Stormsurge → Shadowflame ; Lich Bane → Mejai's Soulstealer → Shadowflame → Void Staff → Rabadon's Deathcap,Blasting Wand → Aether Wisp → Sheen ; Dark Seal → Blasting Wand → Aether Wisp ; Dark Seal → Aether Wisp → Blasting Wand,https://www.onetricks.gg/champions/builds/Katarina
Katarina,mid,16.19,,Lich Bane,Lich Bane → Stormsurge,Shadowflame | Void Staff,Rabadon's Deathcap | Zhonya's Hourglass | Shadowflame,,Lich Bane → Stormsurge → Shadowflame → Rabadon's Deathcap ; Lich Bane → Stormsurge → Shadowflame → Zhonya's Hourglass ; Lich Bane → Stormsurge → Void Staff → Shadowflame,Blasting Wand → Aether Wisp → Sheen ; Dark Seal → Blasting Wand → Aether Wisp ; Dark Seal → Aether Wisp → Blasting Wand,https://www.onetricks.gg/champions/builds/Katarina
Katarina,mid,16.19,,Kraken Slayer,Kraken Slayer → Terminus,Death's Dance | Blade of The Ruined King | Hextech Gunblade,Experimental Hexplate | Randuin's Omen | Death's Dance,Guardian Angel | Experimental Hexplate,Kraken Slayer → Terminus → Death's Dance → Experimental Hexplate ; Kraken Slayer → Terminus → Death's Dance → Randuin's Omen ; Kraken Slayer → Terminus → Blade of The Ruined King → Death's Dance,Recurve Bow → Hearthbound Axe → Rectrix ; Recurve Bow → Rectrix → Hearthbound Axe ; Hearthbound Axe → Recurve Bow → Rectrix,https://www.onetricks.gg/champions/builds/Katarina
Katarina,mid,16.19,,Kraken Slayer,Kraken Slayer → Blade of The Ruined King,Terminus | Stridebreaker | Death's Dance,"Jak'Sho, The Protean | Death's Dance | Experimental Hexplate","Jak'Sho, The Protean | Randuin's Omen | Titanic Hydra","Kraken Slayer → Blade of The Ruined King → Terminus → Jak'Sho, The Protean ; Kraken Slayer → Blade of The Ruined King → Terminus → Death's Dance ; Kraken Slayer → Blade of The Ruined King → Terminus → Experimental Hexplate → Jak'Sho, The Protean",Recurve Bow → Hearthbound Axe → Rectrix ; Recurve Bow → Rectrix → Hearthbound Axe ; Hearthbound Axe → Recurve Bow → Rectrix,https://www.onetricks.gg/champions/builds/Katarina
Katarina,mid,16.19,,Kraken Slayer,Kraken Slayer → Dusk and Dawn,Titanic Hydra | Zhonya's Hourglass,Terminus | Shadowflame,Experimental Hexplate,Kraken Slayer → Dusk and Dawn → Titanic Hydra → Terminus → Experimental Hexplate ; Kraken Slayer → Dusk and Dawn → Zhonya's Hourglass → Shadowflame,Recurve Bow → Hearthbound Axe → Rectrix ; Recurve Bow → Rectrix → Hearthbound Axe ; Hearthbound Axe → Recurve Bow → Rectrix,https://www.onetricks.gg/champions/builds/Katarina
Katarina,mid,16.19,,Nashor's Tooth,Nashor's Tooth → Shadowflame,Rabadon's Deathcap | Hextech Gunblade | Zhonya's Hourglass,Zhonya's Hourglass | Mejai's Soulstealer | Rabadon's Deathcap,Mejai's Soulstealer,Nashor's Tooth → Shadowflame → Hextech Gunblade → Zhonya's Hourglass → Mejai's Soulstealer ; Nashor's Tooth → Shadowflame → Rabadon's Deathcap → Mejai's Soulstealer ; Nashor's Tooth → Shadowflame → Zhonya's Hourglass → Rabadon's Deathcap,Blasting Wand → Recurve Bow → Fiendish Codex ; Dark Seal → Blasting Wand → Fiendish Codex,https://www.onetricks.gg/champions/builds/Katarina
Katarina,mid,16.19,,Nashor's Tooth,Nashor's Tooth → Riftmaker,Lich Bane | Zhonya's Hourglass,Void Staff | Rabadon's Deathcap | Bloodletter's Curse,Zhonya's Hourglass,Nashor's Tooth → Riftmaker → Zhonya's Hourglass → Void Staff ; Nashor's Tooth → Riftmaker → Lich Bane → Bloodletter's Curse → Zhonya's Hourglass ; Nashor's Tooth → Riftmaker → Lich Bane → Rabadon's Deathcap,Blasting Wand → Recurve Bow → Fiendish Codex ; Dark Seal → Blasting Wand → Fiendish Codex,https://www.onetricks.gg/champions/builds/Katarina
Katarina,mid,16.19,,Nashor's Tooth,Nashor's Tooth → Liandry's Torment,Riftmaker | Bloodletter's Curse,Void Staff | Zhonya's Hourglass,Mejai's Soulstealer,Nashor's Tooth → Liandry's Torment → Riftmaker → Void Staff ; Nashor's Tooth → Liandry's Torment → Bloodletter's Curse → Zhonya's Hourglass → Mejai's Soulstealer,Blasting Wand → Recurve Bow → Fiendish Codex ; Dark Seal → Blasting Wand → Fiendish Codex,https://www.onetricks.gg/champions/builds/Katarina
Katarina,mid,16.19,,Hextech Gunblade,Hextech Gunblade → Shadowflame,Rabadon's Deathcap | Zhonya's Hourglass,Zhonya's Hourglass,,Hextech Gunblade → Shadowflame → Zhonya's Hourglass ; Hextech Gunblade → Shadowflame → Rabadon's Deathcap → Zhonya's Hourglass,Dark Seal → Hextech Alternator → Vampiric Scepter ; Hextech Alternator → Vampiric Scepter → Amplifying Tome,https://www.onetricks.gg/champions/builds/Katarina
Katarina,mid,16.19,,Blade of The Ruined King,Blade of The Ruined King → Terminus,Death's Dance,Titanic Hydra,,Blade of The Ruined King → Terminus → Death's Dance → Titanic Hydra,,https://www.onetricks.gg/champions/builds/Katarina
Katarina,mid,16.19,,Stridebreaker,Stridebreaker → Kraken Slayer,Terminus,Death's Dance | Kaenic Rookern,Death's Dance,Stridebreaker → Kraken Slayer → Terminus → Death's Dance ; Stridebreaker → Kraken Slayer → Terminus → Kaenic Rookern → Death's Dance,Tiamat → Phage → Dagger,https://www.onetricks.gg/champions/builds/Katarina
Kayle,top,16.19,,Nashor's Tooth,Nashor's Tooth → Dusk and Dawn,Rabadon's Deathcap | Shadowflame | Zhonya's Hourglass,Shadowflame | Void Staff | Rabadon's Deathcap,Zhonya's Hourglass | Shadowflame | Void Staff,Nashor's Tooth → Dusk and Dawn → Rabadon's Deathcap → Shadowflame ; Nashor's Tooth → Dusk and Dawn → Rabadon's Deathcap → Void Staff ; Nashor's Tooth → Dusk and Dawn → Rabadon's Deathcap → Shadowflame → Void Staff,Boots of Swiftness → Recurve Bow → Blasting Wand ; Cull → Boots of Swiftness → Recurve Bow ; Recurve Bow → Boots of Swiftness → Blasting Wand,https://www.onetricks.gg/champions/builds/Kayle
Kayle,top,16.19,,Nashor's Tooth,Nashor's Tooth → Lich Bane,Shadowflame | Rabadon's Deathcap | Banshee's Veil,Rabadon's Deathcap | Shadowflame,Zhonya's Hourglass,Nashor's Tooth → Lich Bane → Rabadon's Deathcap → Shadowflame ; Nashor's Tooth → Lich Bane → Shadowflame → Rabadon's Deathcap ; Nashor's Tooth → Lich Bane → Banshee's Veil → Rabadon's Deathcap → Zhonya's Hourglass,Boots of Swiftness → Recurve Bow → Blasting Wand ; Cull → Boots of Swiftness → Recurve Bow ; Recurve Bow → Boots of Swiftness → Blasting Wand,https://www.onetricks.gg/champions/builds/Kayle
Kayle,top,16.19,,Nashor's Tooth,Nashor's Tooth → Rabadon's Deathcap,Shadowflame | Lich Bane | Zhonya's Hourglass,Lich Bane | Rylai's Crystal Scepter | Mejai's Soulstealer,Shadowflame,Nashor's Tooth → Rabadon's Deathcap → Shadowflame → Lich Bane ; Nashor's Tooth → Rabadon's Deathcap → Void Staff → Rylai's Crystal Scepter → Shadowflame ; Nashor's Tooth → Rabadon's Deathcap → Lich Bane → Mejai's Soulstealer,Boots of Swiftness → Recurve Bow → Blasting Wand ; Cull → Boots of Swiftness → Recurve Bow ; Recurve Bow → Boots of Swiftness → Blasting Wand,https://www.onetricks.gg/champions/builds/Kayle
Kayle,top,16.19,,Nashor's Tooth,Nashor's Tooth → Guinsoo's Rageblade,Chempunk Chainsword | Rylai's Crystal Scepter,Shadowflame | Terminus,,Nashor's Tooth → Guinsoo's Rageblade → Chempunk Chainsword → Shadowflame ; Nashor's Tooth → Guinsoo's Rageblade → Rylai's Crystal Scepter → Terminus,Boots of Swiftness → Recurve Bow → Blasting Wand ; Cull → Boots of Swiftness → Recurve Bow ; Recurve Bow → Boots of Swiftness → Blasting Wand,https://www.onetricks.gg/champions/builds/Kayle
Kayle,top,16.19,,Kraken Slayer,Kraken Slayer → Nashor's Tooth,Rabadon's Deathcap | Shadowflame | Dusk and Dawn,Shadowflame | Terminus | Mejai's Soulstealer,Mejai's Soulstealer,Kraken Slayer → Nashor's Tooth → Rabadon's Deathcap → Shadowflame ; Kraken Slayer → Nashor's Tooth → Rabadon's Deathcap → Terminus ; Kraken Slayer → Nashor's Tooth → Rabadon's Deathcap → Shadowflame → Mejai's Soulstealer,Hearthbound Axe → Recurve Bow → Rectrix ; Rectrix → Hearthbound Axe → Recurve Bow ; Boots of Swiftness → Rectrix → Hearthbound Axe,https://www.onetricks.gg/champions/builds/Kayle
Kayle,top,16.19,,Kraken Slayer,Kraken Slayer → Dusk and Dawn,Nashor's Tooth | Terminus | Muramana,Shadowflame | Guinsoo's Rageblade,Terminus,Kraken Slayer → Dusk and Dawn → Nashor's Tooth → Shadowflame ; Kraken Slayer → Dusk and Dawn → Muramana → Guinsoo's Rageblade → Terminus,Hearthbound Axe → Recurve Bow → Rectrix ; Rectrix → Hearthbound Axe → Recurve Bow ; Boots of Swiftness → Rectrix → Hearthbound Axe,https://www.onetricks.gg/champions/builds/Kayle
Kayle,top,16.19,,Kraken Slayer,Kraken Slayer → Terminus,Guinsoo's Rageblade | Wit's End,Hextech Gunblade | Rylai's Crystal Scepter,Maw of Malmortius,Kraken Slayer → Terminus → Guinsoo's Rageblade → Hextech Gunblade → Maw of Malmortius ; Kraken Slayer → Terminus → Guinsoo's Rageblade → Rylai's Crystal Scepter,Hearthbound Axe → Recurve Bow → Rectrix ; Rectrix → Hearthbound Axe → Recurve Bow ; Boots of Swiftness → Rectrix → Hearthbound Axe,https://www.onetricks.gg/champions/builds/Kayle
Kayle,top,16.19,,Kraken Slayer,Kraken Slayer → Guinsoo's Rageblade,Terminus,Zhonya's Hourglass | Bloodthirster,,Kraken Slayer → Guinsoo's Rageblade → Terminus → Zhonya's Hourglass ; Kraken Slayer → Guinsoo's Rageblade → Terminus → Bloodthirster,Hearthbound Axe → Recurve Bow → Rectrix ; Rectrix → Hearthbound Axe → Recurve Bow ; Boots of Swiftness → Rectrix → Hearthbound Axe,https://www.onetricks.gg/champions/builds/Kayle
Kayle,top,16.19,,Guinsoo's Rageblade,Guinsoo's Rageblade → Nashor's Tooth,Rylai's Crystal Scepter | Rabadon's Deathcap | Shadowflame,Shadowflame,Rabadon's Deathcap,Guinsoo's Rageblade → Nashor's Tooth → Rylai's Crystal Scepter → Shadowflame → Rabadon's Deathcap ; Guinsoo's Rageblade → Nashor's Tooth → Shadowflame,Recurve Bow → Berserker's Greaves → Pickaxe ; Recurve Bow → Pickaxe → Amplifying Tome ; Berserker's Greaves → Recurve Bow → Pickaxe,https://www.onetricks.gg/champions/builds/Kayle
Kayle,top,16.19,,Guinsoo's Rageblade,Guinsoo's Rageblade → Terminus,Rabadon's Deathcap | Hextech Gunblade,Rylai's Crystal Scepter | Shadowflame,Banshee's Veil,Guinsoo's Rageblade → Terminus → Rabadon's Deathcap → Rylai's Crystal Scepter → Banshee's Veil ; Guinsoo's Rageblade → Terminus → Hextech Gunblade → Rylai's Crystal Scepter ; Guinsoo's Rageblade → Terminus → Rabadon's Deathcap → Shadowflame,Recurve Bow → Berserker's Greaves → Pickaxe ; Recurve Bow → Pickaxe → Amplifying Tome ; Berserker's Greaves → Recurve Bow → Pickaxe,https://www.onetricks.gg/champions/builds/Kayle
Kayle,top,16.19,,Statikk Shiv,Statikk Shiv → Nashor's Tooth,Dusk and Dawn | Rabadon's Deathcap | Muramana,Void Staff,,Statikk Shiv → Nashor's Tooth → Dusk and Dawn → Void Staff ; Statikk Shiv → Nashor's Tooth → Rabadon's Deathcap ; Statikk Shiv → Nashor's Tooth → Muramana,Boots of Swiftness → Cull → Pickaxe,https://www.onetricks.gg/champions/builds/Kayle
Kayle,top,16.19,,Statikk Shiv,Statikk Shiv → Dusk and Dawn,Nashor's Tooth,,,Statikk Shiv → Dusk and Dawn → Nashor's Tooth,Boots of Swiftness → Cull → Pickaxe,https://www.onetricks.gg/champions/builds/Kayle
Kayle,top,16.19,,Terminus,Terminus → Nashor's Tooth,Rabadon's Deathcap | Dusk and Dawn | Guinsoo's Rageblade,Zhonya's Hourglass,,Terminus → Nashor's Tooth → Dusk and Dawn ; Terminus → Nashor's Tooth → Guinsoo's Rageblade ; Terminus → Nashor's Tooth → Rabadon's Deathcap → Zhonya's Hourglass,Cull → Recurve Bow → Hearthbound Axe,https://www.onetricks.gg/champions/builds/Kayle
Kayle,top,16.19,,Terminus,Terminus → Statikk Shiv,Hextech Gunblade,,,Terminus → Statikk Shiv → Hextech Gunblade,Cull → Recurve Bow → Hearthbound Axe,https://www.onetricks.gg/champions/builds/Kayle
Kayle,top,16.19,,Dusk and Dawn,Dusk and Dawn → Nashor's Tooth,Rabadon's Deathcap,Banshee's Veil | Shadowflame,Zhonya's Hourglass,Dusk and Dawn → Nashor's Tooth → Rabadon's Deathcap → Banshee's Veil ; Dusk and Dawn → Nashor's Tooth → Rabadon's Deathcap → Shadowflame → Zhonya's Hourglass,,https://www.onetricks.gg/champions/builds/Kayle
Kennen,top,16.19,,Hextech Rocketbelt,Hextech Rocketbelt → Shadowflame,Void Staff | Zhonya's Hourglass | Rabadon's Deathcap,Zhonya's Hourglass | Void Staff | Banshee's Veil,Void Staff | Rabadon's Deathcap,Hextech Rocketbelt → Shadowflame → Rabadon's Deathcap → Void Staff ; Hextech Rocketbelt → Shadowflame → Banshee's Veil → Zhonya's Hourglass → Void Staff ; Hextech Rocketbelt → Shadowflame → Void Staff → Zhonya's Hourglass → Rabadon's Deathcap,Hextech Alternator → Kindlegem → Fiendish Codex ; Dark Seal → Hextech Alternator → Kindlegem ; Dark Seal → Hextech Alternator → Fiendish Codex,https://www.onetricks.gg/champions/builds/Kennen
Kennen,top,16.19,,Hextech Rocketbelt,Hextech Rocketbelt → Zhonya's Hourglass,Void Staff | Shadowflame | Banshee's Veil,Banshee's Veil | Void Staff | Mejai's Soulstealer,Shadowflame | Stormsurge | Mejai's Soulstealer,Hextech Rocketbelt → Zhonya's Hourglass → Banshee's Veil → Void Staff ; Hextech Rocketbelt → Zhonya's Hourglass → Shadowflame → Mejai's Soulstealer → Stormsurge ; Hextech Rocketbelt → Zhonya's Hourglass → Void Staff → Banshee's Veil → Rabadon's Deathcap,Hextech Alternator → Kindlegem → Fiendish Codex ; Dark Seal → Hextech Alternator → Kindlegem ; Dark Seal → Hextech Alternator → Fiendish Codex,https://www.onetricks.gg/champions/builds/Kennen
Kennen,top,16.19,,Hextech Rocketbelt,Hextech Rocketbelt → Void Staff,Zhonya's Hourglass | Mejai's Soulstealer | Rabadon's Deathcap,Shadowflame | Mejai's Soulstealer,Zhonya's Hourglass,Hextech Rocketbelt → Void Staff → Zhonya's Hourglass → Shadowflame ; Hextech Rocketbelt → Void Staff → Zhonya's Hourglass → Mejai's Soulstealer ; Hextech Rocketbelt → Void Staff → Rabadon's Deathcap → Mejai's Soulstealer → Zhonya's Hourglass,Hextech Alternator → Kindlegem → Fiendish Codex ; Dark Seal → Hextech Alternator → Kindlegem ; Dark Seal → Hextech Alternator → Fiendish Codex,https://www.onetricks.gg/champions/builds/Kennen
Kennen,top,16.19,,Hextech Gunblade,Hextech Gunblade → Shadowflame,Stormsurge | Zhonya's Hourglass | Void Staff,Void Staff | Banshee's Veil | Zhonya's Hourglass,Banshee's Veil,Hextech Gunblade → Shadowflame → Stormsurge → Void Staff ; Hextech Gunblade → Shadowflame → Zhonya's Hourglass → Void Staff ; Hextech Gunblade → Shadowflame → Void Staff → Banshee's Veil,Hextech Alternator → Vampiric Scepter → Amplifying Tome ; Hextech Alternator → Sorcerer's Shoes → Vampiric Scepter ; Sorcerer's Shoes → Hextech Alternator → Vampiric Scepter,https://www.onetricks.gg/champions/builds/Kennen
Kennen,top,16.19,,Hextech Gunblade,Hextech Gunblade → Stormsurge,Zhonya's Hourglass | Void Staff,Void Staff,,Hextech Gunblade → Stormsurge → Zhonya's Hourglass → Void Staff ; Hextech Gunblade → Stormsurge → Void Staff,Hextech Alternator → Vampiric Scepter → Amplifying Tome ; Hextech Alternator → Sorcerer's Shoes → Vampiric Scepter ; Sorcerer's Shoes → Hextech Alternator → Vampiric Scepter,https://www.onetricks.gg/champions/builds/Kennen
Kennen,top,16.19,,Hextech Gunblade,Hextech Gunblade → Hextech Rocketbelt,Shadowflame | Rabadon's Deathcap,Rabadon's Deathcap | Zhonya's Hourglass,,Hextech Gunblade → Hextech Rocketbelt → Shadowflame → Rabadon's Deathcap ; Hextech Gunblade → Hextech Rocketbelt → Rabadon's Deathcap → Zhonya's Hourglass,Hextech Alternator → Vampiric Scepter → Amplifying Tome ; Hextech Alternator → Sorcerer's Shoes → Vampiric Scepter ; Sorcerer's Shoes → Hextech Alternator → Vampiric Scepter,https://www.onetricks.gg/champions/builds/Kennen
Kennen,top,16.19,,Shadowflame,Shadowflame → Hextech Rocketbelt,Rabadon's Deathcap | Void Staff | Zhonya's Hourglass,Banshee's Veil | Void Staff,Zhonya's Hourglass,Shadowflame → Hextech Rocketbelt → Rabadon's Deathcap → Void Staff → Zhonya's Hourglass ; Shadowflame → Hextech Rocketbelt → Zhonya's Hourglass → Banshee's Veil,Needlessly Large Rod → Dark Seal → Hextech Alternator ; Dark Seal → Needlessly Large Rod → Hextech Alternator ; Needlessly Large Rod → Hextech Alternator,https://www.onetricks.gg/champions/builds/Kennen
Kennen,top,16.19,,Stormsurge,Stormsurge → Cryptbloom,Hextech Rocketbelt,,,Stormsurge → Cryptbloom → Hextech Rocketbelt,Hextech Alternator → Aether Wisp ; Sorcerer's Shoes → Aether Wisp → Hextech Alternator,https://www.onetricks.gg/champions/builds/Kennen
Kennen,top,16.19,,Liandry's Torment,Liandry's Torment → Zhonya's Hourglass,,,,,,https://www.onetricks.gg/champions/builds/Kennen
Khazix,jungle,16.19,,Umbral Glaive,Umbral Glaive → Voltaic Cyclosword,Edge of Night | Bastionbreaker | Serpent's Fang,Serylda's Grudge | Lord Dominik's Regards | Edge of Night,Serpent's Fang | Guardian Angel | Bastionbreaker,Umbral Glaive → Voltaic Cyclosword → Edge of Night → Serylda's Grudge ; Umbral Glaive → Voltaic Cyclosword → Bastionbreaker → Lord Dominik's Regards ; Umbral Glaive → Voltaic Cyclosword → Bastionbreaker → Serylda's Grudge,Serrated Dirk ; Serrated Dirk → Caulfield's Warhammer ; Serrated Dirk → Caulfield's Warhammer → Boots,https://www.onetricks.gg/champions/builds/Khazix
Khazix,jungle,16.19,,Umbral Glaive,Umbral Glaive → Bastionbreaker,Voltaic Cyclosword | Serylda's Grudge | Edge of Night,Serylda's Grudge | Edge of Night | Voltaic Cyclosword,Endless Hunger | Edge of Night | Guardian Angel,Umbral Glaive → Bastionbreaker → Voltaic Cyclosword → Serylda's Grudge ; Umbral Glaive → Bastionbreaker → Voltaic Cyclosword → Edge of Night ; Umbral Glaive → Bastionbreaker → Serylda's Grudge → Voltaic Cyclosword,Serrated Dirk ; Serrated Dirk → Caulfield's Warhammer ; Serrated Dirk → Caulfield's Warhammer → Boots,https://www.onetricks.gg/champions/builds/Khazix
Khazix,jungle,16.19,,Umbral Glaive,Umbral Glaive → Serpent's Fang,Voltaic Cyclosword | Bastionbreaker | Serylda's Grudge,Serylda's Grudge | Lord Dominik's Regards | Maw of Malmortius,,Umbral Glaive → Serpent's Fang → Bastionbreaker → Serylda's Grudge ; Umbral Glaive → Serpent's Fang → Voltaic Cyclosword → Lord Dominik's Regards ; Umbral Glaive → Serpent's Fang → Voltaic Cyclosword → Maw of Malmortius,Serrated Dirk ; Serrated Dirk → Caulfield's Warhammer ; Serrated Dirk → Caulfield's Warhammer → Boots,https://www.onetricks.gg/champions/builds/Khazix
Khazix,jungle,16.19,,Umbral Glaive,Umbral Glaive → Edge of Night,Serylda's Grudge | Bastionbreaker | Mortal Reminder,Serpent's Fang | Maw of Malmortius,,Umbral Glaive → Edge of Night → Serylda's Grudge → Serpent's Fang ; Umbral Glaive → Edge of Night → Serylda's Grudge → Maw of Malmortius ; Umbral Glaive → Edge of Night → Mortal Reminder → Maw of Malmortius,Serrated Dirk ; Serrated Dirk → Caulfield's Warhammer ; Serrated Dirk → Caulfield's Warhammer → Boots,https://www.onetricks.gg/champions/builds/Khazix
Khazix,jungle,16.19,,Hubris,Hubris → Profane Hydra,Serylda's Grudge | Edge of Night | Serpent's Fang,Edge of Night | Maw of Malmortius | Serylda's Grudge,Guardian Angel | Lord Dominik's Regards,Hubris → Profane Hydra → Serylda's Grudge → Edge of Night ; Hubris → Profane Hydra → Serpent's Fang → Edge of Night ; Hubris → Profane Hydra → Edge of Night → Maw of Malmortius,Serrated Dirk ; Serrated Dirk → Boots → Caulfield's Warhammer ; Serrated Dirk → Caulfield's Warhammer → Boots,https://www.onetricks.gg/champions/builds/Khazix
Khazix,jungle,16.19,,Hubris,Hubris → Umbral Glaive,Edge of Night | Serpent's Fang | Bastionbreaker,Edge of Night | Guardian Angel | Maw of Malmortius,Profane Hydra,Hubris → Umbral Glaive → Serpent's Fang → Edge of Night ; Hubris → Umbral Glaive → Edge of Night → Serylda's Grudge → Profane Hydra ; Hubris → Umbral Glaive → Edge of Night → Maw of Malmortius,Serrated Dirk ; Serrated Dirk → Boots → Caulfield's Warhammer ; Serrated Dirk → Caulfield's Warhammer → Boots,https://www.onetricks.gg/champions/builds/Khazix
Khazix,jungle,16.19,,Hubris,Hubris → Serpent's Fang,Edge of Night | Lord Dominik's Regards | Serylda's Grudge,Guardian Angel | Mortal Reminder | Edge of Night,Endless Hunger,Hubris → Serpent's Fang → Edge of Night → Mortal Reminder → Endless Hunger ; Hubris → Serpent's Fang → Edge of Night → Profane Hydra ; Hubris → Serpent's Fang → Lord Dominik's Regards → Edge of Night,Serrated Dirk ; Serrated Dirk → Boots → Caulfield's Warhammer ; Serrated Dirk → Caulfield's Warhammer → Boots,https://www.onetricks.gg/champions/builds/Khazix
Kindred,jungle,16.19,,Trinity Force,Trinity Force → The Collector,Mortal Reminder | Lord Dominik's Regards | Serpent's Fang,Hexoptics C44 | Infinity Edge | Mortal Reminder,Guardian Angel | Infinity Edge | Randuin's Omen,Trinity Force → The Collector → Mortal Reminder → Hexoptics C44 ; Trinity Force → The Collector → Lord Dominik's Regards → Hexoptics C44 ; Trinity Force → The Collector → Mortal Reminder → Infinity Edge,Phage → Hearthbound Axe → Sheen ; Hearthbound Axe → Phage → Boots ; Hearthbound Axe → Phage → Sheen,https://www.onetricks.gg/champions/builds/Kindred
Kindred,jungle,16.19,,Trinity Force,Trinity Force → Hexoptics C44,Infinity Edge | Lord Dominik's Regards | Mortal Reminder,Infinity Edge | Immortal Shieldbow,Immortal Shieldbow | Guardian Angel,Trinity Force → Hexoptics C44 → Lord Dominik's Regards → Infinity Edge → Immortal Shieldbow ; Trinity Force → Hexoptics C44 → The Collector → Infinity Edge → Guardian Angel ; Trinity Force → Hexoptics C44 → Mortal Reminder → Immortal Shieldbow,Phage → Hearthbound Axe → Sheen ; Hearthbound Axe → Phage → Boots ; Hearthbound Axe → Phage → Sheen,https://www.onetricks.gg/champions/builds/Kindred
Kindred,jungle,16.19,,Trinity Force,Trinity Force → Lord Dominik's Regards,Serpent's Fang | Infinity Edge,Infinity Edge | Hexoptics C44,Immortal Shieldbow,Trinity Force → Lord Dominik's Regards → Serpent's Fang → Infinity Edge ; Trinity Force → Lord Dominik's Regards → Infinity Edge → Hexoptics C44 → Immortal Shieldbow,Phage → Hearthbound Axe → Sheen ; Hearthbound Axe → Phage → Boots ; Hearthbound Axe → Phage → Sheen,https://www.onetricks.gg/champions/builds/Kindred
Kindred,jungle,16.19,,Kraken Slayer,Kraken Slayer → The Collector,Mortal Reminder | Lord Dominik's Regards | Hexoptics C44,Hexoptics C44 | Infinity Edge | Guardian Angel,Guardian Angel | Infinity Edge,Kraken Slayer → The Collector → Mortal Reminder → Hexoptics C44 ; Kraken Slayer → The Collector → Lord Dominik's Regards → Hexoptics C44 ; Kraken Slayer → The Collector → Mortal Reminder → Guardian Angel,Hearthbound Axe → Rectrix → Recurve Bow ; Hearthbound Axe → Boots → Rectrix ; Rectrix → Hearthbound Axe → Recurve Bow,https://www.onetricks.gg/champions/builds/Kindred
Kindred,jungle,16.19,,Kraken Slayer,Kraken Slayer → Serpent's Fang,Mortal Reminder | Voltaic Cyclosword | The Collector,The Collector | Hexoptics C44,,Kraken Slayer → Serpent's Fang → Mortal Reminder → The Collector ; Kraken Slayer → Serpent's Fang → Mortal Reminder → Hexoptics C44 ; Kraken Slayer → Serpent's Fang → Voltaic Cyclosword,Hearthbound Axe → Rectrix → Recurve Bow ; Hearthbound Axe → Boots → Rectrix ; Rectrix → Hearthbound Axe → Recurve Bow,https://www.onetricks.gg/champions/builds/Kindred
Kindred,jungle,16.19,,The Collector,The Collector → Hexoptics C44,Infinity Edge | Lord Dominik's Regards | Mortal Reminder,Infinity Edge | Lord Dominik's Regards | Rapid Firecannon,Guardian Angel | Maw of Malmortius | Bloodthirster,The Collector → Hexoptics C44 → Lord Dominik's Regards → Infinity Edge ; The Collector → Hexoptics C44 → Mortal Reminder → Infinity Edge ; The Collector → Hexoptics C44 → Infinity Edge → Lord Dominik's Regards,Serrated Dirk → Pickaxe → Cloak of Agility ; Serrated Dirk → Cloak of Agility → Pickaxe ; Cloak of Agility → Serrated Dirk → Pickaxe,https://www.onetricks.gg/champions/builds/Kindred
Kindred,jungle,16.19,,Hexoptics C44,Hexoptics C44 → The Collector,Lord Dominik's Regards,Infinity Edge,,Hexoptics C44 → The Collector → Lord Dominik's Regards → Infinity Edge,,https://www.onetricks.gg/champions/builds/Kindred
Kindred,jungle,16.19,,Hexoptics C44,Hexoptics C44 → Infinity Edge,Lord Dominik's Regards,Immortal Shieldbow | Bloodthirster,,Hexoptics C44 → Infinity Edge → Lord Dominik's Regards → Immortal Shieldbow ; Hexoptics C44 → Infinity Edge → Lord Dominik's Regards → Bloodthirster,,https://www.onetricks.gg/champions/builds/Kindred
Kled,top,16.19,,Titanic Hydra,Titanic Hydra → Hullbreaker,Overlord's Bloodmail | Sterak's Gage | Black Cleaver,Sterak's Gage | Overlord's Bloodmail | Death's Dance,Randuin's Omen | Mortal Reminder | Guardian Angel,Titanic Hydra → Hullbreaker → Overlord's Bloodmail → Sterak's Gage ; Titanic Hydra → Hullbreaker → Sterak's Gage → Overlord's Bloodmail ; Titanic Hydra → Hullbreaker → Overlord's Bloodmail → Sterak's Gage → Guardian Angel,Tiamat → Tunneler → Giant's Belt ; Tiamat → Giant's Belt → Tunneler ; Tiamat → Plated Steelcaps → Tunneler,https://www.onetricks.gg/champions/builds/Kled
Kled,top,16.19,,Titanic Hydra,Titanic Hydra → Black Cleaver,Hullbreaker | Sterak's Gage | Overlord's Bloodmail,Hullbreaker | Overlord's Bloodmail | Sundered Sky,Randuin's Omen | Death's Dance | Sundered Sky,Titanic Hydra → Black Cleaver → Hullbreaker → Overlord's Bloodmail ; Titanic Hydra → Black Cleaver → Sterak's Gage → Sundered Sky ; Titanic Hydra → Black Cleaver → Death's Dance → Hullbreaker,Tiamat → Tunneler → Giant's Belt ; Tiamat → Giant's Belt → Tunneler ; Tiamat → Plated Steelcaps → Tunneler,https://www.onetricks.gg/champions/builds/Kled
Kled,top,16.19,,Titanic Hydra,Titanic Hydra → Heartsteel,Overlord's Bloodmail,Death's Dance | Sterak's Gage | Spirit Visage,Mortal Reminder | Sterak's Gage,Titanic Hydra → Heartsteel → Overlord's Bloodmail → Death's Dance → Sterak's Gage ; Titanic Hydra → Heartsteel → Overlord's Bloodmail → Sterak's Gage → Mortal Reminder ; Titanic Hydra → Heartsteel → Overlord's Bloodmail → Thornmail,Tiamat → Tunneler → Giant's Belt ; Tiamat → Giant's Belt → Tunneler ; Tiamat → Plated Steelcaps → Tunneler,https://www.onetricks.gg/champions/builds/Kled
Kled,top,16.19,,Titanic Hydra,Titanic Hydra → Mortal Reminder,Hullbreaker | Infinity Edge | The Collector,Overlord's Bloodmail | Sterak's Gage,,Titanic Hydra → Mortal Reminder → Infinity Edge → Overlord's Bloodmail ; Titanic Hydra → Mortal Reminder → The Collector ; Titanic Hydra → Mortal Reminder → Hullbreaker → Sterak's Gage,Tiamat → Tunneler → Giant's Belt ; Tiamat → Giant's Belt → Tunneler ; Tiamat → Plated Steelcaps → Tunneler,https://www.onetricks.gg/champions/builds/Kled
Kled,top,16.19,,Profane Hydra,Profane Hydra → Bastionbreaker,Lord Dominik's Regards,Death's Dance | Maw of Malmortius,Guardian Angel,Profane Hydra → Bastionbreaker → Lord Dominik's Regards → Death's Dance → Guardian Angel ; Profane Hydra → Bastionbreaker → Lord Dominik's Regards → Maw of Malmortius,Tiamat → Pickaxe → The Brutalizer ; Tiamat → Cloth Armor → The Brutalizer ; Tiamat → The Brutalizer,https://www.onetricks.gg/champions/builds/Kled
Kled,top,16.19,,Profane Hydra,Profane Hydra → Immortal Shieldbow,Mortal Reminder | Black Cleaver | Death's Dance,Black Cleaver | Death's Dance | The Collector,Youmuu's Ghostblade,Profane Hydra → Immortal Shieldbow → Mortal Reminder → The Collector ; Profane Hydra → Immortal Shieldbow → Death's Dance → Black Cleaver → Youmuu's Ghostblade ; Profane Hydra → Immortal Shieldbow → Black Cleaver → Death's Dance,Tiamat → Pickaxe → The Brutalizer ; Tiamat → Cloth Armor → The Brutalizer ; Tiamat → The Brutalizer,https://www.onetricks.gg/champions/builds/Kled
Kled,top,16.19,,Black Cleaver,Black Cleaver → Titanic Hydra,Overlord's Bloodmail | Hullbreaker | Randuin's Omen,"Sterak's Gage | Jak'Sho, The Protean | Hullbreaker",,"Black Cleaver → Titanic Hydra → Randuin's Omen → Sterak's Gage ; Black Cleaver → Titanic Hydra → Overlord's Bloodmail → Jak'Sho, The Protean ; Black Cleaver → Titanic Hydra → Overlord's Bloodmail → Hullbreaker",Tiamat → Phage → Kindlegem ; Tiamat → Phage → Pickaxe ; Tiamat → Pickaxe → Phage,https://www.onetricks.gg/champions/builds/Kled
Kled,top,16.19,,Black Cleaver,Black Cleaver → Profane Hydra,Immortal Shieldbow | Serpent's Fang,Guardian Angel,,Black Cleaver → Profane Hydra → Immortal Shieldbow → Guardian Angel ; Black Cleaver → Profane Hydra → Serpent's Fang,Tiamat → Phage → Kindlegem ; Tiamat → Phage → Pickaxe ; Tiamat → Pickaxe → Phage,https://www.onetricks.gg/champions/builds/Kled
Kled,top,16.19,,Immortal Shieldbow,Immortal Shieldbow → Profane Hydra,Black Cleaver | Mortal Reminder | Death's Dance,Guardian Angel | Mortal Reminder,,Immortal Shieldbow → Profane Hydra → Black Cleaver → Guardian Angel ; Immortal Shieldbow → Profane Hydra → Death's Dance → Mortal Reminder ; Immortal Shieldbow → Profane Hydra → Mortal Reminder,Tiamat → Pickaxe → Noonquiver,https://www.onetricks.gg/champions/builds/Kled
Kled,top,16.19,,Voltaic Cyclosword,Voltaic Cyclosword → Titanic Hydra,Lord Dominik's Regards,Mortal Reminder,,Voltaic Cyclosword → Titanic Hydra → Lord Dominik's Regards → Mortal Reminder,The Brutalizer,https://www.onetricks.gg/champions/builds/Kled
KogMaw,bot,16.19,,Guinsoo's Rageblade,Guinsoo's Rageblade → Runaan's Hurricane,Terminus | Blade of The Ruined King | Navori Flickerblade,"Randuin's Omen | Jak'Sho, The Protean | Phantom Dancer","Wit's End | Jak'Sho, The Protean | Zhonya's Hourglass","Guinsoo's Rageblade → Runaan's Hurricane → Terminus → Jak'Sho, The Protean ; Guinsoo's Rageblade → Runaan's Hurricane → Terminus → Randuin's Omen ; Guinsoo's Rageblade → Runaan's Hurricane → Blade of The Ruined King → Phantom Dancer",Pickaxe → Recurve Bow → Amplifying Tome ; Cull → Recurve Bow → Pickaxe ; Recurve Bow → Pickaxe → Amplifying Tome,https://www.onetricks.gg/champions/builds/KogMaw
KogMaw,bot,16.19,,Guinsoo's Rageblade,Guinsoo's Rageblade → Navori Flickerblade,Terminus | Blade of The Ruined King | Wit's End,"Jak'Sho, The Protean | Wit's End | Runaan's Hurricane","Jak'Sho, The Protean | Runaan's Hurricane | Blade of The Ruined King","Guinsoo's Rageblade → Navori Flickerblade → Terminus → Jak'Sho, The Protean ; Guinsoo's Rageblade → Navori Flickerblade → Terminus → Wit's End ; Guinsoo's Rageblade → Navori Flickerblade → Terminus → Runaan's Hurricane",Pickaxe → Recurve Bow → Amplifying Tome ; Cull → Recurve Bow → Pickaxe ; Recurve Bow → Pickaxe → Amplifying Tome,https://www.onetricks.gg/champions/builds/KogMaw
KogMaw,bot,16.19,,Guinsoo's Rageblade,Guinsoo's Rageblade → Terminus,Runaan's Hurricane | Wit's End | Dusk and Dawn,Blade of The Ruined King | Wit's End | Randuin's Omen,Blade of The Ruined King | Navori Flickerblade | Dusk and Dawn,Guinsoo's Rageblade → Terminus → Runaan's Hurricane → Blade of The Ruined King ; Guinsoo's Rageblade → Terminus → Runaan's Hurricane → Wit's End ; Guinsoo's Rageblade → Terminus → Wit's End → Randuin's Omen,Pickaxe → Recurve Bow → Amplifying Tome ; Cull → Recurve Bow → Pickaxe ; Recurve Bow → Pickaxe → Amplifying Tome,https://www.onetricks.gg/champions/builds/KogMaw
KogMaw,bot,16.19,,Guinsoo's Rageblade,Guinsoo's Rageblade → Blade of The Ruined King,Runaan's Hurricane | Terminus,"Jak'Sho, The Protean | Runaan's Hurricane | Wit's End",Terminus | Randuin's Omen,"Guinsoo's Rageblade → Blade of The Ruined King → Runaan's Hurricane → Jak'Sho, The Protean → Terminus ; Guinsoo's Rageblade → Blade of The Ruined King → Runaan's Hurricane → Wit's End ; Guinsoo's Rageblade → Blade of The Ruined King → Runaan's Hurricane → Terminus",Pickaxe → Recurve Bow → Amplifying Tome ; Cull → Recurve Bow → Pickaxe ; Recurve Bow → Pickaxe → Amplifying Tome,https://www.onetricks.gg/champions/builds/KogMaw
KogMaw,bot,16.19,,Dusk and Dawn,Dusk and Dawn → Shadowflame,Stormsurge | Rabadon's Deathcap | Void Staff,Banshee's Veil | Rabadon's Deathcap | Zhonya's Hourglass,Banshee's Veil | Void Staff | Rabadon's Deathcap,Dusk and Dawn → Shadowflame → Rabadon's Deathcap → Banshee's Veil ; Dusk and Dawn → Shadowflame → Stormsurge → Rabadon's Deathcap ; Dusk and Dawn → Shadowflame → Rabadon's Deathcap → Zhonya's Hourglass → Banshee's Veil,Blasting Wand → Sheen → Kindlegem ; Cull → Blasting Wand → Sheen ; Blasting Wand → Kindlegem → Sheen,https://www.onetricks.gg/champions/builds/KogMaw
KogMaw,bot,16.19,,Dusk and Dawn,Dusk and Dawn → Nashor's Tooth,Terminus,Guinsoo's Rageblade | Zhonya's Hourglass,Zhonya's Hourglass | Runaan's Hurricane | Guinsoo's Rageblade,Dusk and Dawn → Nashor's Tooth → Terminus → Guinsoo's Rageblade ; Dusk and Dawn → Nashor's Tooth → Terminus → Zhonya's Hourglass ; Dusk and Dawn → Nashor's Tooth → Terminus → Guinsoo's Rageblade → Zhonya's Hourglass,Blasting Wand → Sheen → Kindlegem ; Cull → Blasting Wand → Sheen ; Blasting Wand → Kindlegem → Sheen,https://www.onetricks.gg/champions/builds/KogMaw
KogMaw,bot,16.19,,Dusk and Dawn,Dusk and Dawn → Stormsurge,Shadowflame | Void Staff | Mejai's Soulstealer,Rabadon's Deathcap | Banshee's Veil | Void Staff,Rabadon's Deathcap | Zhonya's Hourglass | Mejai's Soulstealer,Dusk and Dawn → Stormsurge → Shadowflame → Rabadon's Deathcap ; Dusk and Dawn → Stormsurge → Shadowflame → Banshee's Veil → Rabadon's Deathcap ; Dusk and Dawn → Stormsurge → Shadowflame → Rabadon's Deathcap → Zhonya's Hourglass,Blasting Wand → Sheen → Kindlegem ; Cull → Blasting Wand → Sheen ; Blasting Wand → Kindlegem → Sheen,https://www.onetricks.gg/champions/builds/KogMaw
KogMaw,bot,16.19,,Blade of The Ruined King,Blade of The Ruined King → Guinsoo's Rageblade,"Terminus | Jak'Sho, The Protean | Randuin's Omen",Randuin's Omen | Runaan's Hurricane | Terminus,Wit's End | Randuin's Omen | Terminus,"Blade of The Ruined King → Guinsoo's Rageblade → Terminus → Randuin's Omen ; Blade of The Ruined King → Guinsoo's Rageblade → Terminus → Runaan's Hurricane ; Blade of The Ruined King → Guinsoo's Rageblade → Terminus → Jak'Sho, The Protean",Recurve Bow → Pickaxe → Vampiric Scepter ; Warden's Mail → Recurve Bow → Pickaxe ; Cull → Vampiric Scepter → Pickaxe,https://www.onetricks.gg/champions/builds/KogMaw
KogMaw,bot,16.19,,Blade of The Ruined King,Blade of The Ruined King → Navori Flickerblade,Guinsoo's Rageblade | Randuin's Omen,Terminus,Randuin's Omen,Blade of The Ruined King → Navori Flickerblade → Guinsoo's Rageblade → Terminus → Randuin's Omen ; Blade of The Ruined King → Navori Flickerblade → Randuin's Omen,Recurve Bow → Pickaxe → Vampiric Scepter ; Warden's Mail → Recurve Bow → Pickaxe ; Cull → Vampiric Scepter → Pickaxe,https://www.onetricks.gg/champions/builds/KogMaw
KogMaw,bot,16.19,,Luden's Echo,Luden's Echo → Shadowflame,Stormsurge | Rabadon's Deathcap,Void Staff | Zhonya's Hourglass | Mejai's Soulstealer,Rabadon's Deathcap | Void Staff | Horizon Focus,Luden's Echo → Shadowflame → Stormsurge → Void Staff ; Luden's Echo → Shadowflame → Rabadon's Deathcap → Zhonya's Hourglass ; Luden's Echo → Shadowflame → Rabadon's Deathcap → Mejai's Soulstealer,Lost Chapter ; Lost Chapter → Hextech Alternator ; Hextech Alternator → Lost Chapter,https://www.onetricks.gg/champions/builds/KogMaw
KogMaw,bot,16.19,,Terminus,Terminus → Navori Flickerblade,Guinsoo's Rageblade,"Runaan's Hurricane | Jak'Sho, The Protean","Jak'Sho, The Protean","Terminus → Navori Flickerblade → Guinsoo's Rageblade → Runaan's Hurricane ; Terminus → Navori Flickerblade → Guinsoo's Rageblade → Jak'Sho, The Protean ; Terminus → Navori Flickerblade → Guinsoo's Rageblade → Runaan's Hurricane → Jak'Sho, The Protean",Hearthbound Axe → Recurve Bow ; Cull → Recurve Bow → Hearthbound Axe,https://www.onetricks.gg/champions/builds/KogMaw
KogMaw,bot,16.19,,Kraken Slayer,Kraken Slayer → Guinsoo's Rageblade,Runaan's Hurricane | Randuin's Omen,"Zhonya's Hourglass | Blade of The Ruined King | Jak'Sho, The Protean",Terminus,"Kraken Slayer → Guinsoo's Rageblade → Runaan's Hurricane → Zhonya's Hourglass ; Kraken Slayer → Guinsoo's Rageblade → Runaan's Hurricane → Blade of The Ruined King ; Kraken Slayer → Guinsoo's Rageblade → Runaan's Hurricane → Jak'Sho, The Protean",Recurve Bow → Rectrix → Hearthbound Axe ; Recurve Bow → Hearthbound Axe → Rectrix,https://www.onetricks.gg/champions/builds/KogMaw
Leblanc,mid,16.19,,Luden's Echo,Luden's Echo → Shadowflame,Rabadon's Deathcap | Void Staff | Zhonya's Hourglass,Zhonya's Hourglass | Void Staff | Rabadon's Deathcap,Banshee's Veil | Void Staff | Rabadon's Deathcap,Luden's Echo → Shadowflame → Zhonya's Hourglass → Void Staff ; Luden's Echo → Shadowflame → Rabadon's Deathcap → Zhonya's Hourglass ; Luden's Echo → Shadowflame → Mejai's Soulstealer → Rabadon's Deathcap,Dark Seal → Lost Chapter → Hextech Alternator ; Dark Seal → Hextech Alternator → Lost Chapter ; Dark Seal → Lost Chapter → Sorcerer's Shoes,https://www.onetricks.gg/champions/builds/Leblanc
Leblanc,mid,16.19,,Luden's Echo,Luden's Echo → Mejai's Soulstealer,Shadowflame | Stormsurge | Zhonya's Hourglass,Rabadon's Deathcap | Zhonya's Hourglass | Void Staff,Void Staff,Luden's Echo → Mejai's Soulstealer → Stormsurge → Rabadon's Deathcap ; Luden's Echo → Mejai's Soulstealer → Shadowflame → Zhonya's Hourglass ; Luden's Echo → Mejai's Soulstealer → Stormsurge → Rabadon's Deathcap → Void Staff,Dark Seal → Lost Chapter → Hextech Alternator ; Dark Seal → Hextech Alternator → Lost Chapter ; Dark Seal → Lost Chapter → Sorcerer's Shoes,https://www.onetricks.gg/champions/builds/Leblanc
Leblanc,mid,16.19,,Luden's Echo,Luden's Echo → Stormsurge,Zhonya's Hourglass | Mejai's Soulstealer | Shadowflame,Void Staff | Rabadon's Deathcap,,Luden's Echo → Stormsurge → Zhonya's Hourglass → Void Staff ; Luden's Echo → Stormsurge → Shadowflame ; Luden's Echo → Stormsurge → Mejai's Soulstealer → Rabadon's Deathcap,Dark Seal → Lost Chapter → Hextech Alternator ; Dark Seal → Hextech Alternator → Lost Chapter ; Dark Seal → Lost Chapter → Sorcerer's Shoes,https://www.onetricks.gg/champions/builds/Leblanc
Leblanc,mid,16.19,,Luden's Echo,Luden's Echo → Cryptbloom,Zhonya's Hourglass | Mejai's Soulstealer | Cosmic Drive,Mejai's Soulstealer | Rabadon's Deathcap,,Luden's Echo → Cryptbloom → Zhonya's Hourglass → Mejai's Soulstealer ; Luden's Echo → Cryptbloom → Cosmic Drive → Rabadon's Deathcap ; Luden's Echo → Cryptbloom → Zhonya's Hourglass → Rabadon's Deathcap,Dark Seal → Lost Chapter → Hextech Alternator ; Dark Seal → Hextech Alternator → Lost Chapter ; Dark Seal → Lost Chapter → Sorcerer's Shoes,https://www.onetricks.gg/champions/builds/Leblanc
Leblanc,mid,16.19,,Hextech Gunblade,Hextech Gunblade → Shadowflame,Zhonya's Hourglass | Rabadon's Deathcap | Void Staff,Zhonya's Hourglass | Void Staff,Rabadon's Deathcap,Hextech Gunblade → Shadowflame → Rabadon's Deathcap → Zhonya's Hourglass ; Hextech Gunblade → Shadowflame → Zhonya's Hourglass → Void Staff ; Hextech Gunblade → Shadowflame → Void Staff → Zhonya's Hourglass → Rabadon's Deathcap,Dark Seal → Hextech Alternator → Vampiric Scepter ; Dark Seal → Sorcerer's Shoes → Hextech Alternator ; Hextech Alternator → Dark Seal → Vampiric Scepter,https://www.onetricks.gg/champions/builds/Leblanc
Leblanc,mid,16.19,,Hextech Gunblade,Hextech Gunblade → Mejai's Soulstealer,Shadowflame | Rabadon's Deathcap | Zhonya's Hourglass,Void Staff | Banshee's Veil,Cryptbloom,Hextech Gunblade → Mejai's Soulstealer → Shadowflame → Void Staff ; Hextech Gunblade → Mejai's Soulstealer → Shadowflame → Banshee's Veil → Cryptbloom,Dark Seal → Hextech Alternator → Vampiric Scepter ; Dark Seal → Sorcerer's Shoes → Hextech Alternator ; Hextech Alternator → Dark Seal → Vampiric Scepter,https://www.onetricks.gg/champions/builds/Leblanc
Leblanc,mid,16.19,,Stormsurge,Stormsurge → Shadowflame,Cryptbloom | Mejai's Soulstealer | Rabadon's Deathcap,Zhonya's Hourglass | Rabadon's Deathcap | Banshee's Veil,Zhonya's Hourglass | Mejai's Soulstealer,Stormsurge → Shadowflame → Cryptbloom → Zhonya's Hourglass ; Stormsurge → Shadowflame → Cryptbloom → Rabadon's Deathcap → Zhonya's Hourglass ; Stormsurge → Shadowflame → Cryptbloom → Banshee's Veil,Dark Seal → Hextech Alternator → Aether Wisp ; Dark Seal → Aether Wisp → Hextech Alternator ; Dark Seal → Sorcerer's Shoes → Hextech Alternator,https://www.onetricks.gg/champions/builds/Leblanc
LeeSin,jungle,16.19,,Eclipse,Eclipse → Black Cleaver,Death's Dance | Guardian Angel | Maw of Malmortius,Guardian Angel | Death's Dance | Sterak's Gage,Guardian Angel | Hubris,Eclipse → Black Cleaver → Death's Dance → Guardian Angel ; Eclipse → Black Cleaver → Death's Dance → Sterak's Gage ; Eclipse → Black Cleaver → Guardian Angel → Death's Dance,Pickaxe → Caulfield's Warhammer → Long Sword ; Caulfield's Warhammer → Pickaxe → Long Sword,https://www.onetricks.gg/champions/builds/LeeSin
LeeSin,jungle,16.19,,Eclipse,Eclipse → Sundered Sky,Death's Dance | Black Cleaver | Maw of Malmortius,Guardian Angel | Maw of Malmortius | Death's Dance,Sterak's Gage | Death's Dance,Eclipse → Sundered Sky → Death's Dance → Guardian Angel ; Eclipse → Sundered Sky → Black Cleaver → Guardian Angel ; Eclipse → Sundered Sky → Death's Dance → Maw of Malmortius,Pickaxe → Caulfield's Warhammer → Long Sword ; Caulfield's Warhammer → Pickaxe → Long Sword,https://www.onetricks.gg/champions/builds/LeeSin
LeeSin,jungle,16.19,,Eclipse,Eclipse → Death's Dance,Black Cleaver | Guardian Angel | Maw of Malmortius,Guardian Angel | Black Cleaver | Lord Dominik's Regards,Sterak's Gage | Infinity Edge,Eclipse → Death's Dance → Black Cleaver → Guardian Angel ; Eclipse → Death's Dance → Serpent's Fang → Black Cleaver → Sterak's Gage ; Eclipse → Death's Dance → Guardian Angel → Lord Dominik's Regards → Infinity Edge,Pickaxe → Caulfield's Warhammer → Long Sword ; Caulfield's Warhammer → Pickaxe → Long Sword,https://www.onetricks.gg/champions/builds/LeeSin
LeeSin,jungle,16.19,,Eclipse,Eclipse → Voltaic Cyclosword,Edge of Night | Black Cleaver | Death's Dance,Death's Dance | Maw of Malmortius | Serpent's Fang,Guardian Angel | Randuin's Omen,Eclipse → Voltaic Cyclosword → Black Cleaver → Death's Dance ; Eclipse → Voltaic Cyclosword → Edge of Night → Death's Dance ; Eclipse → Voltaic Cyclosword → Black Cleaver → Death's Dance → Guardian Angel,Pickaxe → Caulfield's Warhammer → Long Sword ; Caulfield's Warhammer → Pickaxe → Long Sword,https://www.onetricks.gg/champions/builds/LeeSin
LeeSin,jungle,16.19,,Profane Hydra,Profane Hydra → Voltaic Cyclosword,Edge of Night | Bastionbreaker | Death's Dance,Guardian Angel | Edge of Night | Bastionbreaker,Death's Dance | Guardian Angel | Serpent's Fang,Profane Hydra → Voltaic Cyclosword → Edge of Night → Guardian Angel ; Profane Hydra → Voltaic Cyclosword → Death's Dance → Guardian Angel ; Profane Hydra → Voltaic Cyclosword → Edge of Night → Guardian Angel → Death's Dance,The Brutalizer ; Pickaxe ; The Brutalizer → Tiamat,https://www.onetricks.gg/champions/builds/LeeSin
LeeSin,jungle,16.19,,Profane Hydra,Profane Hydra → Death's Dance,Maw of Malmortius | Black Cleaver | Edge of Night,Guardian Angel | Maw of Malmortius | Endless Hunger,Maw of Malmortius | Guardian Angel | Sundered Sky,Profane Hydra → Death's Dance → Maw of Malmortius → Guardian Angel ; Profane Hydra → Death's Dance → Black Cleaver → Endless Hunger → Maw of Malmortius ; Profane Hydra → Death's Dance → Maw of Malmortius → Guardian Angel → Sundered Sky,The Brutalizer ; Pickaxe ; The Brutalizer → Tiamat,https://www.onetricks.gg/champions/builds/LeeSin
LeeSin,jungle,16.19,,Profane Hydra,Profane Hydra → Sundered Sky,Black Cleaver | Death's Dance,Guardian Angel | Maw of Malmortius,Sterak's Gage,Profane Hydra → Sundered Sky → Black Cleaver → Guardian Angel → Sterak's Gage ; Profane Hydra → Sundered Sky → Black Cleaver → Maw of Malmortius,The Brutalizer ; Pickaxe ; The Brutalizer → Tiamat,https://www.onetricks.gg/champions/builds/LeeSin
LeeSin,jungle,16.19,,Hubris,Hubris → Voltaic Cyclosword,Edge of Night | Serpent's Fang,Serylda's Grudge | Guardian Angel,Death's Dance,Hubris → Voltaic Cyclosword → Edge of Night → Serylda's Grudge → Death's Dance ; Hubris → Voltaic Cyclosword → Serpent's Fang → Guardian Angel,Serrated Dirk → Caulfield's Warhammer ; Serrated Dirk → Caulfield's Warhammer → Boots,https://www.onetricks.gg/champions/builds/LeeSin
LeeSin,jungle,16.19,,Hubris,Hubris → Profane Hydra,Edge of Night | Lord Dominik's Regards,Edge of Night,,Hubris → Profane Hydra → Edge of Night ; Hubris → Profane Hydra → Lord Dominik's Regards → Edge of Night,Serrated Dirk → Caulfield's Warhammer ; Serrated Dirk → Caulfield's Warhammer → Boots,https://www.onetricks.gg/champions/builds/LeeSin
LeeSin,jungle,16.19,,Voltaic Cyclosword,Voltaic Cyclosword → Bastionbreaker,Death's Dance | Edge of Night | Serpent's Fang,Death's Dance | Edge of Night | Guardian Angel,,Voltaic Cyclosword → Bastionbreaker → Serpent's Fang → Edge of Night ; Voltaic Cyclosword → Bastionbreaker → Edge of Night → Death's Dance ; Voltaic Cyclosword → Bastionbreaker → Death's Dance → Guardian Angel,The Brutalizer ; Pickaxe,https://www.onetricks.gg/champions/builds/LeeSin
LeeSin,jungle,16.19,,Bastionbreaker,Bastionbreaker → Voltaic Cyclosword,Edge of Night | Lord Dominik's Regards,Death's Dance | Guardian Angel,Maw of Malmortius,Bastionbreaker → Voltaic Cyclosword → Lord Dominik's Regards → Death's Dance → Maw of Malmortius ; Bastionbreaker → Voltaic Cyclosword → Edge of Night → Guardian Angel,The Brutalizer → Serrated Dirk ; Serrated Dirk → The Brutalizer,https://www.onetricks.gg/champions/builds/LeeSin
LeeSin,jungle,16.19,,Sundered Sky,Sundered Sky → Black Cleaver,Death's Dance,Maw of Malmortius | Sterak's Gage,Titanic Hydra,Sundered Sky → Black Cleaver → Death's Dance → Maw of Malmortius ; Sundered Sky → Black Cleaver → Death's Dance → Sterak's Gage → Titanic Hydra,Tunneler → Caulfield's Warhammer → Ruby Crystal,https://www.onetricks.gg/champions/builds/LeeSin
Leona,supp,16.19,,all,Bloodsong → Locket of the Iron Solari,Knight's Vow | Protoplasm Harness | Zeke's Convergence,Knight's Vow | Protoplasm Harness | Zeke's Convergence,,Bloodsong → Locket of the Iron Solari → Knight's Vow → Protoplasm Harness ; Bloodsong → Locket of the Iron Solari → Zeke's Convergence → Knight's Vow ; Bloodsong → Locket of the Iron Solari → Knight's Vow → Bandlepipes,Kindlegem → Cloth Armor → Null-Magic Mantle ; Boots → Cloth Armor → Kindlegem ; Kindlegem → Mercury's Treads → Cloth Armor,https://www.onetricks.gg/champions/builds/Leona
Leona,supp,16.19,,all,Celestial Opposition → Locket of the Iron Solari,Knight's Vow | Protoplasm Harness | Abyssal Mask,Protoplasm Harness | Knight's Vow | Bandlepipes,,Celestial Opposition → Locket of the Iron Solari → Knight's Vow → Protoplasm Harness ; Celestial Opposition → Locket of the Iron Solari → Protoplasm Harness → Knight's Vow ; Celestial Opposition → Locket of the Iron Solari → Abyssal Mask → Knight's Vow,Kindlegem → Cloth Armor → Null-Magic Mantle ; Boots → Cloth Armor → Kindlegem ; Kindlegem → Mercury's Treads → Cloth Armor,https://www.onetricks.gg/champions/builds/Leona
Leona,supp,16.19,,all,Bloodsong → Knight's Vow,Locket of the Iron Solari | Protoplasm Harness | Bandlepipes,Randuin's Omen | Thornmail | Abyssal Mask,,Bloodsong → Knight's Vow → Protoplasm Harness → Randuin's Omen ; Bloodsong → Knight's Vow → Locket of the Iron Solari → Protoplasm Harness ; Bloodsong → Knight's Vow → Locket of the Iron Solari → Randuin's Omen,Kindlegem → Cloth Armor → Null-Magic Mantle ; Boots → Cloth Armor → Kindlegem ; Kindlegem → Mercury's Treads → Cloth Armor,https://www.onetricks.gg/champions/builds/Leona
Leona,supp,16.19,,all,Bloodsong → Zeke's Convergence,Knight's Vow | Locket of the Iron Solari | Protoplasm Harness,Knight's Vow | Locket of the Iron Solari | Titanic Hydra,,Bloodsong → Zeke's Convergence → Knight's Vow → Locket of the Iron Solari ; Bloodsong → Zeke's Convergence → Locket of the Iron Solari → Titanic Hydra ; Bloodsong → Zeke's Convergence → Locket of the Iron Solari → Knight's Vow,Kindlegem → Cloth Armor → Null-Magic Mantle ; Boots → Cloth Armor → Kindlegem ; Kindlegem → Mercury's Treads → Cloth Armor,https://www.onetricks.gg/champions/builds/Leona
Lillia,jungle,16.19,,Liandry's Torment,Liandry's Torment → Riftmaker,Zhonya's Hourglass | Mejai's Soulstealer | Rabadon's Deathcap,Rabadon's Deathcap | Zhonya's Hourglass | Rylai's Crystal Scepter,Bloodletter's Curse | Rabadon's Deathcap | Mejai's Soulstealer,Liandry's Torment → Riftmaker → Zhonya's Hourglass → Rabadon's Deathcap ; Liandry's Torment → Riftmaker → Zhonya's Hourglass → Rylai's Crystal Scepter ; Liandry's Torment → Riftmaker → Mejai's Soulstealer → Zhonya's Hourglass,Fated Ashes → Dark Seal → Haunting Guise ; Dark Seal → Fated Ashes → Haunting Guise ; Fated Ashes → Haunting Guise,https://www.onetricks.gg/champions/builds/Lillia
Lillia,jungle,16.19,,Liandry's Torment,Liandry's Torment → Rylai's Crystal Scepter,Zhonya's Hourglass | Riftmaker | Bloodletter's Curse,Riftmaker | Zhonya's Hourglass | Bloodletter's Curse,"Bloodletter's Curse | Morellonomicon | Jak'Sho, The Protean",Liandry's Torment → Rylai's Crystal Scepter → Zhonya's Hourglass → Riftmaker ; Liandry's Torment → Rylai's Crystal Scepter → Riftmaker → Zhonya's Hourglass ; Liandry's Torment → Rylai's Crystal Scepter → Zhonya's Hourglass → Mejai's Soulstealer,Fated Ashes → Dark Seal → Haunting Guise ; Dark Seal → Fated Ashes → Haunting Guise ; Fated Ashes → Haunting Guise,https://www.onetricks.gg/champions/builds/Lillia
Lillia,jungle,16.19,,Liandry's Torment,Liandry's Torment → Zhonya's Hourglass,Riftmaker | Bloodletter's Curse | Rabadon's Deathcap,Riftmaker | Rylai's Crystal Scepter | Mejai's Soulstealer,Banshee's Veil | Kaenic Rookern | Rabadon's Deathcap,"Liandry's Torment → Zhonya's Hourglass → Riftmaker → Rylai's Crystal Scepter ; Liandry's Torment → Zhonya's Hourglass → Jak'Sho, The Protean → Riftmaker ; Liandry's Torment → Zhonya's Hourglass → Rabadon's Deathcap → Void Staff → Banshee's Veil",Fated Ashes → Dark Seal → Haunting Guise ; Dark Seal → Fated Ashes → Haunting Guise ; Fated Ashes → Haunting Guise,https://www.onetricks.gg/champions/builds/Lillia
Lillia,jungle,16.19,,Liandry's Torment,Liandry's Torment → Mejai's Soulstealer,Riftmaker | Rabadon's Deathcap | Zhonya's Hourglass,Zhonya's Hourglass | Bloodletter's Curse | Rabadon's Deathcap,Rabadon's Deathcap | Rylai's Crystal Scepter | Zhonya's Hourglass,Liandry's Torment → Mejai's Soulstealer → Riftmaker → Zhonya's Hourglass ; Liandry's Torment → Mejai's Soulstealer → Rabadon's Deathcap → Zhonya's Hourglass ; Liandry's Torment → Mejai's Soulstealer → Hextech Rocketbelt → Zhonya's Hourglass → Rabadon's Deathcap,Fated Ashes → Dark Seal → Haunting Guise ; Dark Seal → Fated Ashes → Haunting Guise ; Fated Ashes → Haunting Guise,https://www.onetricks.gg/champions/builds/Lillia
Lillia,jungle,16.19,,Blackfire Torch,Blackfire Torch → Liandry's Torment,Zhonya's Hourglass | Riftmaker | Mejai's Soulstealer,Bloodletter's Curse | Rabadon's Deathcap | Mejai's Soulstealer,Mejai's Soulstealer | Rabadon's Deathcap | Zhonya's Hourglass,Blackfire Torch → Liandry's Torment → Zhonya's Hourglass → Bloodletter's Curse ; Blackfire Torch → Liandry's Torment → Zhonya's Hourglass → Rabadon's Deathcap ; Blackfire Torch → Liandry's Torment → Zhonya's Hourglass → Randuin's Omen,Fated Ashes → Boots → Lost Chapter ; Fated Ashes → Dark Seal → Lost Chapter ; Dark Seal → Fated Ashes → Lost Chapter,https://www.onetricks.gg/champions/builds/Lillia
Lillia,jungle,16.19,,Blackfire Torch,Blackfire Torch → Shadowflame,Zhonya's Hourglass | Riftmaker | Liandry's Torment,Mejai's Soulstealer | Liandry's Torment,Liandry's Torment,Blackfire Torch → Shadowflame → Zhonya's Hourglass → Mejai's Soulstealer → Liandry's Torment ; Blackfire Torch → Shadowflame → Riftmaker → Liandry's Torment ; Blackfire Torch → Shadowflame → Zhonya's Hourglass → Mejai's Soulstealer,Fated Ashes → Boots → Lost Chapter ; Fated Ashes → Dark Seal → Lost Chapter ; Dark Seal → Fated Ashes → Lost Chapter,https://www.onetricks.gg/champions/builds/Lillia
Lillia,jungle,16.19,,Shadowflame,Shadowflame → Blackfire Torch,Zhonya's Hourglass | Liandry's Torment,Zhonya's Hourglass | Rabadon's Deathcap | Liandry's Torment,Morellonomicon,Shadowflame → Blackfire Torch → Liandry's Torment → Zhonya's Hourglass ; Shadowflame → Blackfire Torch → Zhonya's Hourglass → Rabadon's Deathcap → Morellonomicon ; Shadowflame → Blackfire Torch → Zhonya's Hourglass → Liandry's Torment,,https://www.onetricks.gg/champions/builds/Lillia
Lissandra,mid,16.19,,Blackfire Torch,Blackfire Torch → Hextech Rocketbelt,Zhonya's Hourglass | Cryptbloom | Rabadon's Deathcap,Mejai's Soulstealer | Zhonya's Hourglass | Shadowflame,Redemption | Liandry's Torment,Blackfire Torch → Hextech Rocketbelt → Zhonya's Hourglass → Mejai's Soulstealer ; Blackfire Torch → Hextech Rocketbelt → Zhonya's Hourglass → Shadowflame ; Blackfire Torch → Hextech Rocketbelt → Zhonya's Hourglass → Void Staff,Dark Seal → Lost Chapter → Fated Ashes ; Lost Chapter → Fated Ashes ; Dark Seal → Lost Chapter → Ionian Boots of Lucidity,https://www.onetricks.gg/champions/builds/Lissandra
Lissandra,mid,16.19,,Blackfire Torch,Blackfire Torch → Zhonya's Hourglass,Liandry's Torment | Banshee's Veil | Hextech Rocketbelt,Shadowflame | Void Staff | Banshee's Veil,Banshee's Veil,Blackfire Torch → Zhonya's Hourglass → Liandry's Torment → Void Staff ; Blackfire Torch → Zhonya's Hourglass → Banshee's Veil → Shadowflame ; Blackfire Torch → Zhonya's Hourglass → Rabadon's Deathcap → Shadowflame → Banshee's Veil,Dark Seal → Lost Chapter → Fated Ashes ; Lost Chapter → Fated Ashes ; Dark Seal → Lost Chapter → Ionian Boots of Lucidity,https://www.onetricks.gg/champions/builds/Lissandra
Lissandra,mid,16.19,,Blackfire Torch,Blackfire Torch → Liandry's Torment,Zhonya's Hourglass | Morellonomicon | Cryptbloom,Void Staff | Zhonya's Hourglass | Hextech Rocketbelt,Banshee's Veil,Blackfire Torch → Liandry's Torment → Zhonya's Hourglass → Void Staff ; Blackfire Torch → Liandry's Torment → Bloodletter's Curse → Zhonya's Hourglass ; Blackfire Torch → Liandry's Torment → Zhonya's Hourglass → Shadowflame → Banshee's Veil,Dark Seal → Lost Chapter → Fated Ashes ; Lost Chapter → Fated Ashes ; Dark Seal → Lost Chapter → Ionian Boots of Lucidity,https://www.onetricks.gg/champions/builds/Lissandra
Lissandra,mid,16.19,,Blackfire Torch,Blackfire Torch → Shadowflame,Zhonya's Hourglass | Banshee's Veil | Rabadon's Deathcap,Rabadon's Deathcap | Banshee's Veil | Void Staff,,Blackfire Torch → Shadowflame → Zhonya's Hourglass → Rabadon's Deathcap ; Blackfire Torch → Shadowflame → Rabadon's Deathcap → Void Staff ; Blackfire Torch → Shadowflame → Rabadon's Deathcap → Morellonomicon,Dark Seal → Lost Chapter → Fated Ashes ; Lost Chapter → Fated Ashes ; Dark Seal → Lost Chapter → Ionian Boots of Lucidity,https://www.onetricks.gg/champions/builds/Lissandra
Lissandra,mid,16.19,,Malignance,Malignance → Shadowflame,Zhonya's Hourglass | Rabadon's Deathcap | Mejai's Soulstealer,Rabadon's Deathcap | Void Staff | Zhonya's Hourglass,,Malignance → Shadowflame → Zhonya's Hourglass → Rabadon's Deathcap ; Malignance → Shadowflame → Zhonya's Hourglass → Void Staff ; Malignance → Shadowflame → Rabadon's Deathcap → Zhonya's Hourglass,Dark Seal → Lost Chapter → Blasting Wand ; Lost Chapter → Blasting Wand ; Dark Seal → Lost Chapter → Sorcerer's Shoes,https://www.onetricks.gg/champions/builds/Lissandra
Lissandra,mid,16.19,,Malignance,Malignance → Zhonya's Hourglass,Rabadon's Deathcap | Void Staff | Imperial Mandate,Hextech Rocketbelt | Shadowflame,,Malignance → Zhonya's Hourglass → Rabadon's Deathcap ; Malignance → Zhonya's Hourglass → Imperial Mandate → Shadowflame ; Malignance → Zhonya's Hourglass → Void Staff → Hextech Rocketbelt,Dark Seal → Lost Chapter → Blasting Wand ; Lost Chapter → Blasting Wand ; Dark Seal → Lost Chapter → Sorcerer's Shoes,https://www.onetricks.gg/champions/builds/Lissandra
Lissandra,mid,16.19,,Malignance,Malignance → Hextech Rocketbelt,Mejai's Soulstealer | Rabadon's Deathcap | Shadowflame,Bloodletter's Curse | Zhonya's Hourglass,Liandry's Torment | Void Staff,Malignance → Hextech Rocketbelt → Imperial Mandate → Bloodletter's Curse → Liandry's Torment ; Malignance → Hextech Rocketbelt → Shadowflame → Zhonya's Hourglass → Void Staff,Dark Seal → Lost Chapter → Blasting Wand ; Lost Chapter → Blasting Wand ; Dark Seal → Lost Chapter → Sorcerer's Shoes,https://www.onetricks.gg/champions/builds/Lissandra
Lissandra,mid,16.19,,Malignance,Malignance → Rabadon's Deathcap,Zhonya's Hourglass | Shadowflame | Void Staff,Cryptbloom | Zhonya's Hourglass,,Malignance → Rabadon's Deathcap → Zhonya's Hourglass ; Malignance → Rabadon's Deathcap → Shadowflame → Cryptbloom ; Malignance → Rabadon's Deathcap → Void Staff → Zhonya's Hourglass,Dark Seal → Lost Chapter → Blasting Wand ; Lost Chapter → Blasting Wand ; Dark Seal → Lost Chapter → Sorcerer's Shoes,https://www.onetricks.gg/champions/builds/Lissandra
Lissandra,mid,16.19,,Hextech Rocketbelt,Hextech Rocketbelt → Shadowflame,Zhonya's Hourglass | Rabadon's Deathcap | Void Staff,Zhonya's Hourglass,,Hextech Rocketbelt → Shadowflame → Zhonya's Hourglass ; Hextech Rocketbelt → Shadowflame → Rabadon's Deathcap → Zhonya's Hourglass ; Hextech Rocketbelt → Shadowflame → Void Staff → Zhonya's Hourglass,Dark Seal → Sorcerer's Shoes → Hextech Alternator ; Dark Seal → Hextech Alternator → Kindlegem ; Dark Seal → Mercury's Treads → Hextech Alternator,https://www.onetricks.gg/champions/builds/Lissandra
Lissandra,mid,16.19,,Hextech Rocketbelt,Hextech Rocketbelt → Imperial Mandate,Zhonya's Hourglass,,,Hextech Rocketbelt → Imperial Mandate → Zhonya's Hourglass,Dark Seal → Sorcerer's Shoes → Hextech Alternator ; Dark Seal → Hextech Alternator → Kindlegem ; Dark Seal → Mercury's Treads → Hextech Alternator,https://www.onetricks.gg/champions/builds/Lissandra
Lissandra,mid,16.19,,Hextech Rocketbelt,Hextech Rocketbelt → Malignance,Void Staff | Zhonya's Hourglass,,,Hextech Rocketbelt → Malignance → Void Staff ; Hextech Rocketbelt → Malignance → Zhonya's Hourglass,Dark Seal → Sorcerer's Shoes → Hextech Alternator ; Dark Seal → Hextech Alternator → Kindlegem ; Dark Seal → Mercury's Treads → Hextech Alternator,https://www.onetricks.gg/champions/builds/Lissandra
Lissandra,mid,16.19,,Luden's Echo,Luden's Echo → Shadowflame,Rabadon's Deathcap | Void Staff | Mejai's Soulstealer,Rabadon's Deathcap | Zhonya's Hourglass,,Luden's Echo → Shadowflame → Mejai's Soulstealer → Rabadon's Deathcap ; Luden's Echo → Shadowflame → Zhonya's Hourglass → Rabadon's Deathcap ; Luden's Echo → Shadowflame → Rabadon's Deathcap → Zhonya's Hourglass,Dark Seal → Lost Chapter → Hextech Alternator ; Dark Seal → Ionian Boots of Lucidity → Lost Chapter ; Dark Seal → Sorcerer's Shoes → Lost Chapter,https://www.onetricks.gg/champions/builds/Lissandra
Locke,mid,16.19,,Lich Bane,Lich Bane → Shadowflame,Zhonya's Hourglass | Mejai's Soulstealer | Bloodletter's Curse,Zhonya's Hourglass | Rabadon's Deathcap | Banshee's Veil,Mejai's Soulstealer | Zhonya's Hourglass | Rabadon's Deathcap,Lich Bane → Shadowflame → Mejai's Soulstealer → Zhonya's Hourglass ; Lich Bane → Shadowflame → Zhonya's Hourglass → Rabadon's Deathcap ; Lich Bane → Shadowflame → Zhonya's Hourglass → Mejai's Soulstealer,Dark Seal → Blasting Wand → Aether Wisp ; Blasting Wand → Dark Seal → Aether Wisp ; Dark Seal → Blasting Wand → Sheen,https://www.onetricks.gg/champions/builds/Locke
Locke,mid,16.19,,Lich Bane,Lich Bane → Stormsurge,Shadowflame | Rabadon's Deathcap | Zhonya's Hourglass,Zhonya's Hourglass | Rabadon's Deathcap | Mejai's Soulstealer,Mejai's Soulstealer | Rabadon's Deathcap | Zhonya's Hourglass,Lich Bane → Stormsurge → Shadowflame → Rabadon's Deathcap ; Lich Bane → Stormsurge → Rabadon's Deathcap → Zhonya's Hourglass → Mejai's Soulstealer ; Lich Bane → Stormsurge → Rabadon's Deathcap → Mejai's Soulstealer,Dark Seal → Blasting Wand → Aether Wisp ; Blasting Wand → Dark Seal → Aether Wisp ; Dark Seal → Blasting Wand → Sheen,https://www.onetricks.gg/champions/builds/Locke
Locke,mid,16.19,,Lich Bane,Lich Bane → Bloodletter's Curse,Zhonya's Hourglass | Rabadon's Deathcap | Mejai's Soulstealer,Zhonya's Hourglass | Rabadon's Deathcap | Banshee's Veil,Mejai's Soulstealer | Banshee's Veil,Lich Bane → Bloodletter's Curse → Rabadon's Deathcap → Zhonya's Hourglass ; Lich Bane → Bloodletter's Curse → Rabadon's Deathcap → Banshee's Veil ; Lich Bane → Bloodletter's Curse → Zhonya's Hourglass → Rabadon's Deathcap,Dark Seal → Blasting Wand → Aether Wisp ; Blasting Wand → Dark Seal → Aether Wisp ; Dark Seal → Blasting Wand → Sheen,https://www.onetricks.gg/champions/builds/Locke
Locke,mid,16.19,,Lich Bane,Lich Bane → Mejai's Soulstealer,Shadowflame | Zhonya's Hourglass | Hextech Rocketbelt,Rabadon's Deathcap | Void Staff,Zhonya's Hourglass,Lich Bane → Mejai's Soulstealer → Shadowflame → Rabadon's Deathcap ; Lich Bane → Mejai's Soulstealer → Bloodletter's Curse → Rabadon's Deathcap → Zhonya's Hourglass ; Lich Bane → Mejai's Soulstealer → Hextech Rocketbelt → Rabadon's Deathcap,Dark Seal → Blasting Wand → Aether Wisp ; Blasting Wand → Dark Seal → Aether Wisp ; Dark Seal → Blasting Wand → Sheen,https://www.onetricks.gg/champions/builds/Locke
Locke,mid,16.19,,Stormsurge,Stormsurge → Lich Bane,Zhonya's Hourglass | Mejai's Soulstealer | Rabadon's Deathcap,Zhonya's Hourglass | Mejai's Soulstealer | Rabadon's Deathcap,Cryptbloom,Stormsurge → Lich Bane → Mejai's Soulstealer → Zhonya's Hourglass ; Stormsurge → Lich Bane → Zhonya's Hourglass → Mejai's Soulstealer ; Stormsurge → Lich Bane → Rabadon's Deathcap → Zhonya's Hourglass → Cryptbloom,Dark Seal → Hextech Alternator → Aether Wisp ; Dark Seal → Aether Wisp → Hextech Alternator ; Hextech Alternator → Aether Wisp,https://www.onetricks.gg/champions/builds/Locke
Locke,mid,16.19,,Stormsurge,Stormsurge → Mejai's Soulstealer,Lich Bane,Zhonya's Hourglass | Rabadon's Deathcap,Banshee's Veil | Zhonya's Hourglass,Stormsurge → Mejai's Soulstealer → Lich Bane → Zhonya's Hourglass ; Stormsurge → Mejai's Soulstealer → Lich Bane → Rabadon's Deathcap ; Stormsurge → Mejai's Soulstealer → Lich Bane → Zhonya's Hourglass → Banshee's Veil,Dark Seal → Hextech Alternator → Aether Wisp ; Dark Seal → Aether Wisp → Hextech Alternator ; Hextech Alternator → Aether Wisp,https://www.onetricks.gg/champions/builds/Locke
Locke,mid,16.19,,Shadowflame,Shadowflame → Zhonya's Hourglass,Lich Bane | Mejai's Soulstealer | Rabadon's Deathcap,Mejai's Soulstealer | Lich Bane | Void Staff,,Shadowflame → Zhonya's Hourglass → Lich Bane → Mejai's Soulstealer ; Shadowflame → Zhonya's Hourglass → Mejai's Soulstealer → Lich Bane ; Shadowflame → Zhonya's Hourglass → Rabadon's Deathcap → Void Staff,Dark Seal → Needlessly Large Rod → Hextech Alternator ; Dark Seal → Needlessly Large Rod → Sorcerer's Shoes,https://www.onetricks.gg/champions/builds/Locke
Locke,mid,16.19,,Shadowflame,Shadowflame → Mejai's Soulstealer,Zhonya's Hourglass,Lich Bane,,Shadowflame → Mejai's Soulstealer → Zhonya's Hourglass → Lich Bane,Dark Seal → Needlessly Large Rod → Hextech Alternator ; Dark Seal → Needlessly Large Rod → Sorcerer's Shoes,https://www.onetricks.gg/champions/builds/Locke
Locke,mid,16.19,,Dusk and Dawn,Dusk and Dawn → Zhonya's Hourglass,Bloodletter's Curse,,,Dusk and Dawn → Zhonya's Hourglass → Bloodletter's Curse,Blasting Wand → Sheen → Kindlegem,https://www.onetricks.gg/champions/builds/Locke
Lucian,bot,16.19,,Essence Reaver,Essence Reaver → Navori Flickerblade,Infinity Edge | Mortal Reminder | Black Cleaver,Lord Dominik's Regards | Infinity Edge | Maw of Malmortius,Guardian Angel | Bloodthirster,Essence Reaver → Navori Flickerblade → Infinity Edge → Lord Dominik's Regards → Guardian Angel ; Essence Reaver → Navori Flickerblade → Lord Dominik's Regards → Infinity Edge ; Essence Reaver → Navori Flickerblade → Infinity Edge → Lord Dominik's Regards → Bloodthirster,Sheen → Caulfield's Warhammer → Cloak of Agility ; Caulfield's Warhammer → Sheen → Cloak of Agility ; Cull → Sheen → Caulfield's Warhammer,https://www.onetricks.gg/champions/builds/Lucian
Lucian,bot,16.19,,Essence Reaver,Essence Reaver → Infinity Edge,Navori Flickerblade | Serpent's Fang | Black Cleaver,Lord Dominik's Regards | Mortal Reminder | Navori Flickerblade,Guardian Angel | Maw of Malmortius | Bloodthirster,Essence Reaver → Infinity Edge → Navori Flickerblade → Lord Dominik's Regards ; Essence Reaver → Infinity Edge → Navori Flickerblade → Mortal Reminder ; Essence Reaver → Infinity Edge → Black Cleaver → Navori Flickerblade → Maw of Malmortius,Sheen → Caulfield's Warhammer → Cloak of Agility ; Caulfield's Warhammer → Sheen → Cloak of Agility ; Cull → Sheen → Caulfield's Warhammer,https://www.onetricks.gg/champions/builds/Lucian
Lucian,bot,16.19,,Essence Reaver,Essence Reaver → The Collector,Infinity Edge | Navori Flickerblade,Lord Dominik's Regards | Navori Flickerblade | Immortal Shieldbow,Bloodthirster,Essence Reaver → The Collector → Infinity Edge → Navori Flickerblade → Bloodthirster ; Essence Reaver → The Collector → Infinity Edge → Lord Dominik's Regards ; Essence Reaver → The Collector → Navori Flickerblade → Lord Dominik's Regards,Sheen → Caulfield's Warhammer → Cloak of Agility ; Caulfield's Warhammer → Sheen → Cloak of Agility ; Cull → Sheen → Caulfield's Warhammer,https://www.onetricks.gg/champions/builds/Lucian
Lucian,bot,16.19,,Kraken Slayer,Kraken Slayer → Essence Reaver,Infinity Edge | Navori Flickerblade,Navori Flickerblade,,Kraken Slayer → Essence Reaver → Infinity Edge → Navori Flickerblade ; Kraken Slayer → Essence Reaver → Navori Flickerblade,Rectrix → Hearthbound Axe → Recurve Bow ; Hearthbound Axe → Rectrix → Recurve Bow,https://www.onetricks.gg/champions/builds/Lucian
Lucian,bot,16.19,,Kraken Slayer,Kraken Slayer → Blade of The Ruined King,Essence Reaver,Navori Flickerblade,Infinity Edge,Kraken Slayer → Blade of The Ruined King → Essence Reaver → Navori Flickerblade → Infinity Edge,Rectrix → Hearthbound Axe → Recurve Bow ; Hearthbound Axe → Rectrix → Recurve Bow,https://www.onetricks.gg/champions/builds/Lucian
Lucian,bot,16.19,,Hubris,Hubris → The Collector,Navori Flickerblade,,,Hubris → The Collector → Navori Flickerblade,Serrated Dirk,https://www.onetricks.gg/champions/builds/Lucian
Lulu,supp,16.19,,all,Dream Maker → Ardent Censer,Mikael's Blessing | Moonstone Renewer | Shurelya's Battlesong,Knight's Vow | Mikael's Blessing | Shurelya's Battlesong,Moonstone Renewer | Mikael's Blessing | Knight's Vow,Dream Maker → Ardent Censer → Mikael's Blessing → Knight's Vow ; Dream Maker → Ardent Censer → Moonstone Renewer → Knight's Vow ; Dream Maker → Ardent Censer → Knight's Vow → Mikael's Blessing,Aether Wisp → Forbidden Idol ; Forbidden Idol → Aether Wisp ; Boots → Aether Wisp → Forbidden Idol,https://www.onetricks.gg/champions/builds/Lulu
Lulu,supp,16.19,,all,Dream Maker → Redemption,Knight's Vow | Mikael's Blessing | Moonstone Renewer,Locket of the Iron Solari | Knight's Vow | Moonstone Renewer,Mikael's Blessing | Protoplasm Harness | Locket of the Iron Solari,Dream Maker → Redemption → Knight's Vow → Locket of the Iron Solari ; Dream Maker → Redemption → Mikael's Blessing → Knight's Vow ; Dream Maker → Redemption → Knight's Vow → Moonstone Renewer,Aether Wisp → Forbidden Idol ; Forbidden Idol → Aether Wisp ; Boots → Aether Wisp → Forbidden Idol,https://www.onetricks.gg/champions/builds/Lulu
Lulu,supp,16.19,,all,Dream Maker → Mikael's Blessing,Ardent Censer | Knight's Vow | Shurelya's Battlesong,Knight's Vow | Ardent Censer | Shurelya's Battlesong,Shurelya's Battlesong,Dream Maker → Mikael's Blessing → Ardent Censer → Shurelya's Battlesong ; Dream Maker → Mikael's Blessing → Ardent Censer → Knight's Vow ; Dream Maker → Mikael's Blessing → Shurelya's Battlesong → Ardent Censer,Aether Wisp → Forbidden Idol ; Forbidden Idol → Aether Wisp ; Boots → Aether Wisp → Forbidden Idol,https://www.onetricks.gg/champions/builds/Lulu
Lulu,supp,16.19,,all,Dream Maker → Shurelya's Battlesong,Mikael's Blessing | Ardent Censer | Knight's Vow,Knight's Vow | Ardent Censer | Morellonomicon,Morellonomicon | Locket of the Iron Solari,Dream Maker → Shurelya's Battlesong → Mikael's Blessing → Ardent Censer ; Dream Maker → Shurelya's Battlesong → Ardent Censer → Morellonomicon ; Dream Maker → Shurelya's Battlesong → Moonstone Renewer → Knight's Vow,Aether Wisp → Forbidden Idol ; Forbidden Idol → Aether Wisp ; Boots → Aether Wisp → Forbidden Idol,https://www.onetricks.gg/champions/builds/Lulu
Lux,mid,16.19,,Luden's Echo,Luden's Echo → Stormsurge,Shadowflame | Zhonya's Hourglass | Mejai's Soulstealer,Mejai's Soulstealer | Rabadon's Deathcap | Shadowflame,Cryptbloom | Rabadon's Deathcap | Mejai's Soulstealer,Luden's Echo → Stormsurge → Shadowflame → Mejai's Soulstealer ; Luden's Echo → Stormsurge → Shadowflame → Rabadon's Deathcap ; Luden's Echo → Stormsurge → Shadowflame → Mejai's Soulstealer → Cryptbloom,Dark Seal → Lost Chapter → Hextech Alternator ; Lost Chapter → Hextech Alternator ; Lost Chapter → Sorcerer's Shoes → Hextech Alternator,https://www.onetricks.gg/champions/builds/Lux
Lux,mid,16.19,,Luden's Echo,Luden's Echo → Shadowflame,Rabadon's Deathcap | Void Staff | Mejai's Soulstealer,Mejai's Soulstealer | Rabadon's Deathcap,Banshee's Veil | Morellonomicon,Luden's Echo → Shadowflame → Rabadon's Deathcap → Mejai's Soulstealer ; Luden's Echo → Shadowflame → Void Staff → Rabadon's Deathcap ; Luden's Echo → Shadowflame → Rabadon's Deathcap → Mejai's Soulstealer → Banshee's Veil,Dark Seal → Lost Chapter → Hextech Alternator ; Lost Chapter → Hextech Alternator ; Lost Chapter → Sorcerer's Shoes → Hextech Alternator,https://www.onetricks.gg/champions/builds/Lux
Lux,mid,16.19,,Luden's Echo,Luden's Echo → Zhonya's Hourglass,Shadowflame | Mejai's Soulstealer | Rabadon's Deathcap,Mejai's Soulstealer | Rabadon's Deathcap,,Luden's Echo → Zhonya's Hourglass → Shadowflame → Mejai's Soulstealer ; Luden's Echo → Zhonya's Hourglass → Mejai's Soulstealer → Rabadon's Deathcap ; Luden's Echo → Zhonya's Hourglass → Rabadon's Deathcap,Dark Seal → Lost Chapter → Hextech Alternator ; Lost Chapter → Hextech Alternator ; Lost Chapter → Sorcerer's Shoes → Hextech Alternator,https://www.onetricks.gg/champions/builds/Lux
Lux,mid,16.19,,Luden's Echo,Luden's Echo → Mejai's Soulstealer,Shadowflame | Stormsurge,Rabadon's Deathcap | Zhonya's Hourglass,Shadowflame,Luden's Echo → Mejai's Soulstealer → Stormsurge → Rabadon's Deathcap → Shadowflame ; Luden's Echo → Mejai's Soulstealer → Stormsurge → Zhonya's Hourglass ; Luden's Echo → Mejai's Soulstealer → Stormsurge → Rabadon's Deathcap,Dark Seal → Lost Chapter → Hextech Alternator ; Lost Chapter → Hextech Alternator ; Lost Chapter → Sorcerer's Shoes → Hextech Alternator,https://www.onetricks.gg/champions/builds/Lux
Lux,mid,16.19,,Malignance,Malignance → Stormsurge,Shadowflame | Void Staff | Zhonya's Hourglass,Void Staff | Rabadon's Deathcap | Zhonya's Hourglass,Rabadon's Deathcap,Malignance → Stormsurge → Shadowflame → Void Staff → Rabadon's Deathcap ; Malignance → Stormsurge → Shadowflame → Rabadon's Deathcap ; Malignance → Stormsurge → Horizon Focus → Zhonya's Hourglass → Rabadon's Deathcap,Dark Seal → Lost Chapter → Blasting Wand ; Dark Seal → Blasting Wand → Lost Chapter ; Lost Chapter → Dark Seal → Blasting Wand,https://www.onetricks.gg/champions/builds/Lux
Lux,mid,16.19,,Malignance,Malignance → Shadowflame,Rabadon's Deathcap | Void Staff | Zhonya's Hourglass,Rabadon's Deathcap | Void Staff | Mejai's Soulstealer,Banshee's Veil,Malignance → Shadowflame → Void Staff → Rabadon's Deathcap → Banshee's Veil ; Malignance → Shadowflame → Rabadon's Deathcap → Void Staff ; Malignance → Shadowflame → Rabadon's Deathcap → Mejai's Soulstealer,Dark Seal → Lost Chapter → Blasting Wand ; Dark Seal → Blasting Wand → Lost Chapter ; Lost Chapter → Dark Seal → Blasting Wand,https://www.onetricks.gg/champions/builds/Lux
Lux,mid,16.19,,Malignance,Malignance → Mejai's Soulstealer,Horizon Focus | Stormsurge | Hextech Rocketbelt,Rabadon's Deathcap | Banshee's Veil | Horizon Focus,,Malignance → Mejai's Soulstealer → Hextech Rocketbelt → Rabadon's Deathcap ; Malignance → Mejai's Soulstealer → Stormsurge → Banshee's Veil ; Malignance → Mejai's Soulstealer → Stormsurge → Horizon Focus,Dark Seal → Lost Chapter → Blasting Wand ; Dark Seal → Blasting Wand → Lost Chapter ; Lost Chapter → Dark Seal → Blasting Wand,https://www.onetricks.gg/champions/builds/Lux
Lux,mid,16.19,,Stormsurge,Stormsurge → Shadowflame,Rabadon's Deathcap | Mejai's Soulstealer | Horizon Focus,Void Staff,,Stormsurge → Shadowflame → Rabadon's Deathcap → Void Staff ; Stormsurge → Shadowflame → Mejai's Soulstealer ; Stormsurge → Shadowflame → Horizon Focus,Dark Seal → Lost Chapter → Sorcerer's Shoes ; Aether Wisp → Hextech Alternator ; Dark Seal → Lost Chapter → Hextech Alternator,https://www.onetricks.gg/champions/builds/Lux
Lux,mid,16.19,,Stormsurge,Stormsurge → Malignance,Mejai's Soulstealer | Shadowflame | Zhonya's Hourglass,Void Staff | Cryptbloom,Banshee's Veil,Stormsurge → Malignance → Mejai's Soulstealer → Void Staff → Banshee's Veil ; Stormsurge → Malignance → Zhonya's Hourglass → Cryptbloom,Dark Seal → Lost Chapter → Sorcerer's Shoes ; Aether Wisp → Hextech Alternator ; Dark Seal → Lost Chapter → Hextech Alternator,https://www.onetricks.gg/champions/builds/Lux
Lux,mid,16.19,,Blackfire Torch,Blackfire Torch → Horizon Focus,,,,,Lost Chapter → Fated Ashes,https://www.onetricks.gg/champions/builds/Lux
Malphite,top,16.19,,Sunfire Aegis,Sunfire Aegis → Thornmail,"Kaenic Rookern | Jak'Sho, The Protean | Abyssal Mask","Jak'Sho, The Protean | Kaenic Rookern",Randuin's Omen,"Sunfire Aegis → Thornmail → Kaenic Rookern → Jak'Sho, The Protean ; Sunfire Aegis → Thornmail → Jak'Sho, The Protean → Kaenic Rookern ; Sunfire Aegis → Thornmail → Kaenic Rookern → Jak'Sho, The Protean → Randuin's Omen",Bami's Cinder → Chain Vest → Ruby Crystal ; Plated Steelcaps → Chain Vest → Bami's Cinder ; Bramble Vest → Bami's Cinder → Plated Steelcaps,https://www.onetricks.gg/champions/builds/Malphite
Malphite,top,16.19,,Sunfire Aegis,Sunfire Aegis → Frozen Heart,Thornmail | Kaenic Rookern | Abyssal Mask,Thornmail | Randuin's Omen | Unending Despair,Iceborn Gauntlet | Randuin's Omen,Sunfire Aegis → Frozen Heart → Thornmail → Randuin's Omen → Iceborn Gauntlet ; Sunfire Aegis → Frozen Heart → Kaenic Rookern → Thornmail ; Sunfire Aegis → Frozen Heart → Thornmail → Kaenic Rookern → Randuin's Omen,Bami's Cinder → Chain Vest → Ruby Crystal ; Plated Steelcaps → Chain Vest → Bami's Cinder ; Bramble Vest → Bami's Cinder → Plated Steelcaps,https://www.onetricks.gg/champions/builds/Malphite
Malphite,top,16.19,,Sunfire Aegis,Sunfire Aegis → Kaenic Rookern,"Thornmail | Frozen Heart | Jak'Sho, The Protean","Jak'Sho, The Protean | Abyssal Mask",,"Sunfire Aegis → Kaenic Rookern → Frozen Heart ; Sunfire Aegis → Kaenic Rookern → Thornmail → Jak'Sho, The Protean ; Sunfire Aegis → Kaenic Rookern → Thornmail → Abyssal Mask",Bami's Cinder → Chain Vest → Ruby Crystal ; Plated Steelcaps → Chain Vest → Bami's Cinder ; Bramble Vest → Bami's Cinder → Plated Steelcaps,https://www.onetricks.gg/champions/builds/Malphite
Malphite,top,16.19,,Malignance,Malignance → Stormsurge,Shadowflame | Zhonya's Hourglass,Zhonya's Hourglass | Shadowflame,Rabadon's Deathcap,Malignance → Stormsurge → Shadowflame → Zhonya's Hourglass → Rabadon's Deathcap ; Malignance → Stormsurge → Zhonya's Hourglass → Shadowflame,Dark Seal → Lost Chapter → Blasting Wand ; Blasting Wand → Lost Chapter ; Dark Seal → Aether Wisp → Lost Chapter,https://www.onetricks.gg/champions/builds/Malphite
Malphite,top,16.19,,Malignance,Malignance → Sunfire Aegis,Thornmail,Frozen Heart,,Malignance → Sunfire Aegis → Thornmail → Frozen Heart,Dark Seal → Lost Chapter → Blasting Wand ; Blasting Wand → Lost Chapter ; Dark Seal → Aether Wisp → Lost Chapter,https://www.onetricks.gg/champions/builds/Malphite
Malphite,top,16.19,,Hollow Radiance,Hollow Radiance → Frozen Heart,"Jak'Sho, The Protean | Abyssal Mask | Thornmail","Jak'Sho, The Protean | Thornmail",,"Hollow Radiance → Frozen Heart → Abyssal Mask → Jak'Sho, The Protean ; Hollow Radiance → Frozen Heart → Thornmail ; Hollow Radiance → Frozen Heart → Jak'Sho, The Protean → Thornmail",Bami's Cinder → Spectre's Cowl ; Bami's Cinder → Null-Magic Mantle → Spectre's Cowl ; Bramble Vest → Mercury's Treads → Bami's Cinder,https://www.onetricks.gg/champions/builds/Malphite
Malphite,top,16.19,,Hollow Radiance,Hollow Radiance → Thornmail,"Jak'Sho, The Protean | Abyssal Mask",Abyssal Mask,,"Hollow Radiance → Thornmail → Jak'Sho, The Protean → Abyssal Mask ; Hollow Radiance → Thornmail → Abyssal Mask",Bami's Cinder → Spectre's Cowl ; Bami's Cinder → Null-Magic Mantle → Spectre's Cowl ; Bramble Vest → Mercury's Treads → Bami's Cinder,https://www.onetricks.gg/champions/builds/Malphite
Malphite,top,16.19,,Eclipse,"Eclipse → Jak'Sho, The Protean",Zhonya's Hourglass | Dead Man's Plate | Thornmail,Randuin's Omen | Zhonya's Hourglass,,"Eclipse → Jak'Sho, The Protean → Thornmail ; Eclipse → Jak'Sho, The Protean → Dead Man's Plate → Zhonya's Hourglass ; Eclipse → Jak'Sho, The Protean → Zhonya's Hourglass → Randuin's Omen",Bramble Vest → Caulfield's Warhammer → Pickaxe ; Negatron Cloak → Caulfield's Warhammer → Pickaxe ; Chain Vest → Caulfield's Warhammer → Pickaxe,https://www.onetricks.gg/champions/builds/Malphite
Malphite,top,16.19,,Eclipse,Eclipse → Dead Man's Plate,Kaenic Rookern | Wit's End | Randuin's Omen,"Thornmail | Jak'Sho, The Protean",,"Eclipse → Dead Man's Plate → Zhonya's Hourglass → Jak'Sho, The Protean ; Eclipse → Dead Man's Plate → Kaenic Rookern → Thornmail ; Eclipse → Dead Man's Plate → Randuin's Omen",Bramble Vest → Caulfield's Warhammer → Pickaxe ; Negatron Cloak → Caulfield's Warhammer → Pickaxe ; Chain Vest → Caulfield's Warhammer → Pickaxe,https://www.onetricks.gg/champions/builds/Malphite
Malphite,top,16.19,,Eclipse,Eclipse → Kaenic Rookern,Thornmail | Dead Man's Plate,"Jak'Sho, The Protean | Thornmail | Zhonya's Hourglass",,"Eclipse → Kaenic Rookern → Thornmail → Jak'Sho, The Protean ; Eclipse → Kaenic Rookern → Thornmail → Zhonya's Hourglass ; Eclipse → Kaenic Rookern → Dead Man's Plate → Thornmail",Bramble Vest → Caulfield's Warhammer → Pickaxe ; Negatron Cloak → Caulfield's Warhammer → Pickaxe ; Chain Vest → Caulfield's Warhammer → Pickaxe,https://www.onetricks.gg/champions/builds/Malphite
Malphite,top,16.19,,Kaenic Rookern,Kaenic Rookern → Frozen Heart,Thornmail,,,Kaenic Rookern → Frozen Heart → Thornmail,Negatron Cloak → Spectre's Cowl ; Negatron Cloak → Bami's Cinder → Spectre's Cowl ; Spectre's Cowl → Dark Seal → Negatron Cloak,https://www.onetricks.gg/champions/builds/Malphite
Malphite,top,16.19,,Kaenic Rookern,Kaenic Rookern → Hollow Radiance,Frozen Heart,,,Kaenic Rookern → Hollow Radiance → Frozen Heart,Negatron Cloak → Spectre's Cowl ; Negatron Cloak → Bami's Cinder → Spectre's Cowl ; Spectre's Cowl → Dark Seal → Negatron Cloak,https://www.onetricks.gg/champions/builds/Malphite
Malphite,top,16.19,,Kaenic Rookern,Kaenic Rookern → Sunfire Aegis,"Frozen Heart | Jak'Sho, The Protean",,,"Kaenic Rookern → Sunfire Aegis → Frozen Heart ; Kaenic Rookern → Sunfire Aegis → Jak'Sho, The Protean",Negatron Cloak → Spectre's Cowl ; Negatron Cloak → Bami's Cinder → Spectre's Cowl ; Spectre's Cowl → Dark Seal → Negatron Cloak,https://www.onetricks.gg/champions/builds/Malphite
Malphite,top,16.19,,Thornmail,Thornmail → Sunfire Aegis,Kaenic Rookern | Frozen Heart | Randuin's Omen,,,Thornmail → Sunfire Aegis → Kaenic Rookern ; Thornmail → Sunfire Aegis → Frozen Heart ; Thornmail → Sunfire Aegis → Randuin's Omen,Bramble Vest → Cloth Armor → Chain Vest ; Bramble Vest → Chain Vest → Ionian Boots of Lucidity ; Bramble Vest → Bami's Cinder → Plated Steelcaps,https://www.onetricks.gg/champions/builds/Malphite
Malphite,top,16.19,,Thornmail,Thornmail → Abyssal Mask,"Jak'Sho, The Protean",,,"Thornmail → Abyssal Mask → Jak'Sho, The Protean",Bramble Vest → Cloth Armor → Chain Vest ; Bramble Vest → Chain Vest → Ionian Boots of Lucidity ; Bramble Vest → Bami's Cinder → Plated Steelcaps,https://www.onetricks.gg/champions/builds/Malphite
Malzahar,mid,16.19,,Blackfire Torch,Blackfire Torch → Rylai's Crystal Scepter,Liandry's Torment | Zhonya's Hourglass | Bloodletter's Curse,Zhonya's Hourglass | Rabadon's Deathcap | Morellonomicon,Rabadon's Deathcap | Zhonya's Hourglass | Morellonomicon,Blackfire Torch → Rylai's Crystal Scepter → Liandry's Torment → Zhonya's Hourglass ; Blackfire Torch → Rylai's Crystal Scepter → Liandry's Torment → Rabadon's Deathcap ; Blackfire Torch → Rylai's Crystal Scepter → Liandry's Torment → Morellonomicon,Lost Chapter → Fated Ashes ; Dark Seal → Lost Chapter → Fated Ashes,https://www.onetricks.gg/champions/builds/Malzahar
Malzahar,mid,16.19,,Blackfire Torch,Blackfire Torch → Liandry's Torment,Rylai's Crystal Scepter | Shadowflame | Zhonya's Hourglass,Zhonya's Hourglass | Void Staff | Shadowflame,Rabadon's Deathcap | Cryptbloom | Void Staff,Blackfire Torch → Liandry's Torment → Rylai's Crystal Scepter → Zhonya's Hourglass ; Blackfire Torch → Liandry's Torment → Rylai's Crystal Scepter → Shadowflame ; Blackfire Torch → Liandry's Torment → Rylai's Crystal Scepter → Void Staff,Lost Chapter → Fated Ashes ; Dark Seal → Lost Chapter → Fated Ashes,https://www.onetricks.gg/champions/builds/Malzahar
Malzahar,mid,16.19,,Blackfire Torch,Blackfire Torch → Hextech Rocketbelt,Rylai's Crystal Scepter | Liandry's Torment | Mejai's Soulstealer,Zhonya's Hourglass | Stormsurge | Rylai's Crystal Scepter,Mejai's Soulstealer | Zhonya's Hourglass | Shadowflame,Blackfire Torch → Hextech Rocketbelt → Rylai's Crystal Scepter → Zhonya's Hourglass ; Blackfire Torch → Hextech Rocketbelt → Liandry's Torment → Stormsurge ; Blackfire Torch → Hextech Rocketbelt → Rylai's Crystal Scepter → Zhonya's Hourglass → Mejai's Soulstealer,Lost Chapter → Fated Ashes ; Dark Seal → Lost Chapter → Fated Ashes,https://www.onetricks.gg/champions/builds/Malzahar
Malzahar,mid,16.19,,Blackfire Torch,Blackfire Torch → Malignance,Liandry's Torment | Zhonya's Hourglass,Zhonya's Hourglass | Void Staff,Zhonya's Hourglass,Blackfire Torch → Malignance → Liandry's Torment → Zhonya's Hourglass ; Blackfire Torch → Malignance → Liandry's Torment → Void Staff → Zhonya's Hourglass,Lost Chapter → Fated Ashes ; Dark Seal → Lost Chapter → Fated Ashes,https://www.onetricks.gg/champions/builds/Malzahar
Malzahar,mid,16.19,,Malignance,Malignance → Liandry's Torment,Rabadon's Deathcap | Rylai's Crystal Scepter | Shadowflame,Rylai's Crystal Scepter | Zhonya's Hourglass | Morellonomicon,,Malignance → Liandry's Torment → Zhonya's Hourglass → Rylai's Crystal Scepter ; Malignance → Liandry's Torment → Rabadon's Deathcap → Morellonomicon ; Malignance → Liandry's Torment → Rabadon's Deathcap → Zhonya's Hourglass,Lost Chapter → Blasting Wand ; Lost Chapter → Dark Seal → Blasting Wand,https://www.onetricks.gg/champions/builds/Malzahar
Malzahar,mid,16.19,,Malignance,Malignance → Zhonya's Hourglass,Liandry's Torment | Rabadon's Deathcap,Void Staff,Liandry's Torment,Malignance → Zhonya's Hourglass → Liandry's Torment ; Malignance → Zhonya's Hourglass → Rabadon's Deathcap → Void Staff → Liandry's Torment,Lost Chapter → Blasting Wand ; Lost Chapter → Dark Seal → Blasting Wand,https://www.onetricks.gg/champions/builds/Malzahar
Malzahar,mid,16.19,,Rylai's Crystal Scepter,Rylai's Crystal Scepter → Blackfire Torch,Liandry's Torment | Zhonya's Hourglass | Malignance,Zhonya's Hourglass | Liandry's Torment | Stormsurge,Hextech Rocketbelt,Rylai's Crystal Scepter → Blackfire Torch → Liandry's Torment → Zhonya's Hourglass ; Rylai's Crystal Scepter → Blackfire Torch → Liandry's Torment → Stormsurge ; Rylai's Crystal Scepter → Blackfire Torch → Luden's Echo → Liandry's Torment,Blasting Wand → Giant's Belt → Amplifying Tome,https://www.onetricks.gg/champions/builds/Malzahar
Maokai,supp,16.19,,all,Solstice Sleigh → Locket of the Iron Solari,Bandlepipes | Knight's Vow | Protoplasm Harness,Thornmail | Knight's Vow | Abyssal Mask,Thornmail | Knight's Vow,Solstice Sleigh → Locket of the Iron Solari → Bandlepipes → Thornmail ; Solstice Sleigh → Locket of the Iron Solari → Bandlepipes → Knight's Vow ; Solstice Sleigh → Locket of the Iron Solari → Bandlepipes → Abyssal Mask,Cloth Armor → Kindlegem → Null-Magic Mantle ; Boots of Swiftness → Winged Moonplate → Chain Vest ; Boots → Kindlegem → Cloth Armor,https://www.onetricks.gg/champions/builds/Maokai
Maokai,supp,16.19,,all,Celestial Opposition → Locket of the Iron Solari,Protoplasm Harness | Morellonomicon | Mikael's Blessing,Thornmail | Force of Nature,,Celestial Opposition → Locket of the Iron Solari → Protoplasm Harness ; Celestial Opposition → Locket of the Iron Solari → Bandlepipes → Thornmail ; Celestial Opposition → Locket of the Iron Solari → Bandlepipes → Force of Nature,Cloth Armor → Kindlegem → Null-Magic Mantle ; Boots of Swiftness → Winged Moonplate → Chain Vest ; Boots → Kindlegem → Cloth Armor,https://www.onetricks.gg/champions/builds/Maokai
Maokai,supp,16.19,,all,Solstice Sleigh → Dead Man's Plate,Locket of the Iron Solari | Bandlepipes | Knight's Vow,Thornmail | Randuin's Omen | Morellonomicon,,Solstice Sleigh → Dead Man's Plate → Locket of the Iron Solari → Randuin's Omen ; Solstice Sleigh → Dead Man's Plate → Locket of the Iron Solari → Thornmail ; Solstice Sleigh → Dead Man's Plate → Bandlepipes → Morellonomicon,Cloth Armor → Kindlegem → Null-Magic Mantle ; Boots of Swiftness → Winged Moonplate → Chain Vest ; Boots → Kindlegem → Cloth Armor,https://www.onetricks.gg/champions/builds/Maokai
Maokai,supp,16.19,,all,Solstice Sleigh → Bandlepipes,Locket of the Iron Solari | Knight's Vow | Dead Man's Plate,Spirit Visage | Morellonomicon | Dead Man's Plate,,Solstice Sleigh → Bandlepipes → Locket of the Iron Solari → Spirit Visage ; Solstice Sleigh → Bandlepipes → Locket of the Iron Solari → Morellonomicon ; Solstice Sleigh → Bandlepipes → Knight's Vow → Dead Man's Plate,Cloth Armor → Kindlegem → Null-Magic Mantle ; Boots of Swiftness → Winged Moonplate → Chain Vest ; Boots → Kindlegem → Cloth Armor,https://www.onetricks.gg/champions/builds/Maokai
MasterYi,jungle,16.19,,Kraken Slayer,Kraken Slayer → The Collector,Lord Dominik's Regards | Infinity Edge | Mortal Reminder,Infinity Edge | Immortal Shieldbow | Lord Dominik's Regards,Immortal Shieldbow | Guardian Angel | Infinity Edge,Kraken Slayer → The Collector → Lord Dominik's Regards → Infinity Edge ; Kraken Slayer → The Collector → Lord Dominik's Regards → Immortal Shieldbow ; Kraken Slayer → The Collector → Infinity Edge → Lord Dominik's Regards,Recurve Bow ; Recurve Bow → Rectrix → Hearthbound Axe ; Recurve Bow → Hearthbound Axe → Rectrix,https://www.onetricks.gg/champions/builds/MasterYi
MasterYi,jungle,16.19,,Kraken Slayer,Kraken Slayer → Guinsoo's Rageblade,Terminus | Death's Dance | Experimental Hexplate,Death's Dance | Endless Hunger | Experimental Hexplate,Wit's End | Endless Hunger | Maw of Malmortius,Kraken Slayer → Guinsoo's Rageblade → Terminus → Death's Dance ; Kraken Slayer → Guinsoo's Rageblade → Wit's End → Death's Dance ; Kraken Slayer → Guinsoo's Rageblade → Terminus → Death's Dance → Wit's End,Recurve Bow ; Recurve Bow → Rectrix → Hearthbound Axe ; Recurve Bow → Hearthbound Axe → Rectrix,https://www.onetricks.gg/champions/builds/MasterYi
MasterYi,jungle,16.19,,Kraken Slayer,Kraken Slayer → Blade of The Ruined King,Death's Dance | Maw of Malmortius | Endless Hunger,Endless Hunger | Death's Dance | Maw of Malmortius,Randuin's Omen | Guardian Angel | Terminus,Kraken Slayer → Blade of The Ruined King → Death's Dance → Endless Hunger ; Kraken Slayer → Blade of The Ruined King → Maw of Malmortius → Death's Dance ; Kraken Slayer → Blade of The Ruined King → Death's Dance → Endless Hunger → Randuin's Omen,Recurve Bow ; Recurve Bow → Rectrix → Hearthbound Axe ; Recurve Bow → Hearthbound Axe → Rectrix,https://www.onetricks.gg/champions/builds/MasterYi
MasterYi,jungle,16.19,,Kraken Slayer,Kraken Slayer → Experimental Hexplate,Death's Dance | Mortal Reminder | Lord Dominik's Regards,Death's Dance | Maw of Malmortius | Guardian Angel,Guardian Angel | Infinity Edge,Kraken Slayer → Experimental Hexplate → Mortal Reminder → Death's Dance ; Kraken Slayer → Experimental Hexplate → Death's Dance → Maw of Malmortius ; Kraken Slayer → Experimental Hexplate → Death's Dance → Guardian Angel,Recurve Bow ; Recurve Bow → Rectrix → Hearthbound Axe ; Recurve Bow → Hearthbound Axe → Rectrix,https://www.onetricks.gg/champions/builds/MasterYi
MasterYi,jungle,16.19,,Statikk Shiv,Statikk Shiv → The Collector,Blade of The Ruined King | Ravenous Hydra | Mortal Reminder,Ravenous Hydra,Lord Dominik's Regards,Statikk Shiv → The Collector → Blade of The Ruined King → Ravenous Hydra ; Statikk Shiv → The Collector → Ravenous Hydra ; Statikk Shiv → The Collector → Blade of The Ruined King → Ravenous Hydra → Lord Dominik's Regards,Boots → Tiamat → Scout's Slingshot,https://www.onetricks.gg/champions/builds/MasterYi
MasterYi,jungle,16.19,,Yun Tal Wildarrows,Yun Tal Wildarrows → Infinity Edge,Lord Dominik's Regards | Immortal Shieldbow,Immortal Shieldbow | Lord Dominik's Regards,Death's Dance,Yun Tal Wildarrows → Infinity Edge → Lord Dominik's Regards → Immortal Shieldbow → Death's Dance ; Yun Tal Wildarrows → Infinity Edge → Immortal Shieldbow → Lord Dominik's Regards,B. F. Sword → Scout's Slingshot → Boots,https://www.onetricks.gg/champions/builds/MasterYi
MasterYi,jungle,16.19,,Hubris,Hubris → Navori Flickerblade,Endless Hunger,Death's Dance,,Hubris → Navori Flickerblade → Endless Hunger → Death's Dance,,https://www.onetricks.gg/champions/builds/MasterYi
MasterYi,jungle,16.19,,Blade of The Ruined King,Blade of The Ruined King → The Collector,Death's Dance,Kraken Slayer,Mortal Reminder,Blade of The Ruined King → The Collector → Death's Dance → Kraken Slayer → Mortal Reminder,Recurve Bow → Vampiric Scepter → Pickaxe,https://www.onetricks.gg/champions/builds/MasterYi
MasterYi,jungle,16.19,,Blade of The Ruined King,Blade of The Ruined King → Guinsoo's Rageblade,Experimental Hexplate,Death's Dance,,Blade of The Ruined King → Guinsoo's Rageblade → Experimental Hexplate → Death's Dance,Recurve Bow → Vampiric Scepter → Pickaxe,https://www.onetricks.gg/champions/builds/MasterYi
Mel,mid,16.19,,Luden's Echo,Luden's Echo → Shadowflame,Rabadon's Deathcap | Zhonya's Hourglass | Mejai's Soulstealer,Zhonya's Hourglass | Rabadon's Deathcap | Mejai's Soulstealer,Void Staff | Banshee's Veil | Zhonya's Hourglass,Luden's Echo → Shadowflame → Rabadon's Deathcap → Zhonya's Hourglass ; Luden's Echo → Shadowflame → Zhonya's Hourglass → Rabadon's Deathcap → Void Staff ; Luden's Echo → Shadowflame → Rabadon's Deathcap → Zhonya's Hourglass → Banshee's Veil,Lost Chapter → Hextech Alternator ; Lost Chapter ; Dark Seal → Lost Chapter → Hextech Alternator,https://www.onetricks.gg/champions/builds/Mel
Mel,mid,16.19,,Luden's Echo,Luden's Echo → Hextech Rocketbelt,Rabadon's Deathcap | Zhonya's Hourglass | Shadowflame,Rabadon's Deathcap | Shadowflame | Void Staff,Rabadon's Deathcap | Zhonya's Hourglass,Luden's Echo → Hextech Rocketbelt → Zhonya's Hourglass → Rabadon's Deathcap ; Luden's Echo → Hextech Rocketbelt → Zhonya's Hourglass → Shadowflame ; Luden's Echo → Hextech Rocketbelt → Rabadon's Deathcap → Mejai's Soulstealer → Zhonya's Hourglass,Lost Chapter → Hextech Alternator ; Lost Chapter ; Dark Seal → Lost Chapter → Hextech Alternator,https://www.onetricks.gg/champions/builds/Mel
Mel,mid,16.19,,Luden's Echo,Luden's Echo → Stormsurge,Rabadon's Deathcap | Shadowflame | Void Staff,Mejai's Soulstealer | Rabadon's Deathcap | Void Staff,Cryptbloom | Shadowflame | Zhonya's Hourglass,Luden's Echo → Stormsurge → Shadowflame → Rabadon's Deathcap → Cryptbloom ; Luden's Echo → Stormsurge → Rabadon's Deathcap → Mejai's Soulstealer → Zhonya's Hourglass ; Luden's Echo → Stormsurge → Rabadon's Deathcap → Void Staff → Shadowflame,Lost Chapter → Hextech Alternator ; Lost Chapter ; Dark Seal → Lost Chapter → Hextech Alternator,https://www.onetricks.gg/champions/builds/Mel
Mel,mid,16.19,,Luden's Echo,Luden's Echo → Zhonya's Hourglass,Shadowflame | Rabadon's Deathcap,Rabadon's Deathcap | Banshee's Veil | Stormsurge,,Luden's Echo → Zhonya's Hourglass → Shadowflame → Stormsurge ; Luden's Echo → Zhonya's Hourglass → Shadowflame → Rabadon's Deathcap ; Luden's Echo → Zhonya's Hourglass → Shadowflame → Banshee's Veil,Lost Chapter → Hextech Alternator ; Lost Chapter ; Dark Seal → Lost Chapter → Hextech Alternator,https://www.onetricks.gg/champions/builds/Mel
Mel,mid,16.19,,Blackfire Torch,Blackfire Torch → Liandry's Torment,Zhonya's Hourglass | Void Staff,Morellonomicon,,Blackfire Torch → Liandry's Torment → Zhonya's Hourglass ; Blackfire Torch → Liandry's Torment → Void Staff → Morellonomicon,Lost Chapter → Fated Ashes ; Dark Seal → Lost Chapter → Fated Ashes ; Lost Chapter → Dark Seal → Fated Ashes,https://www.onetricks.gg/champions/builds/Mel
Mel,mid,16.19,,Blackfire Torch,Blackfire Torch → Shadowflame,Zhonya's Hourglass,Cryptbloom | Rabadon's Deathcap,Rabadon's Deathcap,Blackfire Torch → Shadowflame → Zhonya's Hourglass → Cryptbloom → Rabadon's Deathcap ; Blackfire Torch → Shadowflame → Zhonya's Hourglass → Rabadon's Deathcap,Lost Chapter → Fated Ashes ; Dark Seal → Lost Chapter → Fated Ashes ; Lost Chapter → Dark Seal → Fated Ashes,https://www.onetricks.gg/champions/builds/Mel
Mel,mid,16.19,,Blackfire Torch,Blackfire Torch → Hextech Rocketbelt,Zhonya's Hourglass | Liandry's Torment,Liandry's Torment | Rabadon's Deathcap | Void Staff,,Blackfire Torch → Hextech Rocketbelt → Zhonya's Hourglass → Liandry's Torment ; Blackfire Torch → Hextech Rocketbelt → Zhonya's Hourglass → Rabadon's Deathcap ; Blackfire Torch → Hextech Rocketbelt → Liandry's Torment → Void Staff,Lost Chapter → Fated Ashes ; Dark Seal → Lost Chapter → Fated Ashes ; Lost Chapter → Dark Seal → Fated Ashes,https://www.onetricks.gg/champions/builds/Mel
Mel,mid,16.19,,Hextech Rocketbelt,Hextech Rocketbelt → Luden's Echo,Rabadon's Deathcap,,,Hextech Rocketbelt → Luden's Echo → Rabadon's Deathcap,Lost Chapter → Kindlegem → Hextech Alternator ; Lost Chapter → Hextech Alternator → Kindlegem,https://www.onetricks.gg/champions/builds/Mel
Mel,mid,16.19,,Lich Bane,Lich Bane → Seraph's Embrace,Actualizer,Void Staff | Zhonya's Hourglass,Rabadon's Deathcap,Lich Bane → Seraph's Embrace → Actualizer → Void Staff → Rabadon's Deathcap ; Lich Bane → Seraph's Embrace → Actualizer → Zhonya's Hourglass ; Lich Bane → Seraph's Embrace → Actualizer → Void Staff,Tear of the Goddess → Blasting Wand → Aether Wisp,https://www.onetricks.gg/champions/builds/Mel
Mel,mid,16.19,,Stormsurge,Stormsurge → Imperial Mandate,Cryptbloom | Hextech Rocketbelt,Void Staff,,Stormsurge → Imperial Mandate → Hextech Rocketbelt → Void Staff ; Stormsurge → Imperial Mandate → Cryptbloom,Hextech Alternator → Sorcerer's Shoes → Aether Wisp ; Aether Wisp → Hextech Alternator,https://www.onetricks.gg/champions/builds/Mel
Milio,supp,16.19,,all,Dream Maker → Echoes of Helia,Moonstone Renewer | Ardent Censer | Mikael's Blessing,Moonstone Renewer | Shurelya's Battlesong | Ardent Censer,Shurelya's Battlesong | Redemption | Morellonomicon,Dream Maker → Echoes of Helia → Ardent Censer → Moonstone Renewer ; Dream Maker → Echoes of Helia → Moonstone Renewer → Shurelya's Battlesong ; Dream Maker → Echoes of Helia → Moonstone Renewer → Ardent Censer,Bandleglass Mirror → Kindlegem ; Ionian Boots of Lucidity → Bandleglass Mirror → Kindlegem ; Bandleglass Mirror → Boots → Kindlegem,https://www.onetricks.gg/champions/builds/Milio
Milio,supp,16.19,,all,Dream Maker → Ardent Censer,Moonstone Renewer | Echoes of Helia | Mikael's Blessing,Moonstone Renewer | Mikael's Blessing | Morellonomicon,Shurelya's Battlesong | Mikael's Blessing | Dawncore,Dream Maker → Ardent Censer → Moonstone Renewer → Mikael's Blessing ; Dream Maker → Ardent Censer → Echoes of Helia → Moonstone Renewer ; Dream Maker → Ardent Censer → Moonstone Renewer → Redemption,Bandleglass Mirror → Kindlegem ; Ionian Boots of Lucidity → Bandleglass Mirror → Kindlegem ; Bandleglass Mirror → Boots → Kindlegem,https://www.onetricks.gg/champions/builds/Milio
Milio,supp,16.19,,all,Dream Maker → Moonstone Renewer,Echoes of Helia | Ardent Censer | Mikael's Blessing,Redemption | Dawncore | Mikael's Blessing,Ardent Censer | Redemption | Locket of the Iron Solari,Dream Maker → Moonstone Renewer → Echoes of Helia → Redemption ; Dream Maker → Moonstone Renewer → Diadem of Songs → Echoes of Helia ; Dream Maker → Moonstone Renewer → Ardent Censer → Mikael's Blessing,Bandleglass Mirror → Kindlegem ; Ionian Boots of Lucidity → Bandleglass Mirror → Kindlegem ; Bandleglass Mirror → Boots → Kindlegem,https://www.onetricks.gg/champions/builds/Milio
Milio,supp,16.19,,all,Dream Maker → Shurelya's Battlesong,Moonstone Renewer | Ardent Censer | Staff of Flowing Water,Moonstone Renewer | Redemption | Mikael's Blessing,Moonstone Renewer | Echoes of Helia | Redemption,Dream Maker → Shurelya's Battlesong → Moonstone Renewer → Redemption ; Dream Maker → Shurelya's Battlesong → Knight's Vow → Ardent Censer ; Dream Maker → Shurelya's Battlesong → Moonstone Renewer → Redemption → Echoes of Helia,Bandleglass Mirror → Kindlegem ; Ionian Boots of Lucidity → Bandleglass Mirror → Kindlegem ; Bandleglass Mirror → Boots → Kindlegem,https://www.onetricks.gg/champions/builds/Milio
MissFortune,bot,16.19,,Hubris,Hubris → The Collector,Infinity Edge | Lord Dominik's Regards | Mortal Reminder,Infinity Edge | Lord Dominik's Regards | Mortal Reminder,Bloodthirster | Guardian Angel | Infinity Edge,Hubris → The Collector → Infinity Edge → Lord Dominik's Regards ; Hubris → The Collector → Lord Dominik's Regards → Infinity Edge ; Hubris → The Collector → Infinity Edge → Mortal Reminder,Serrated Dirk → Caulfield's Warhammer ; Tear of the Goddess → Serrated Dirk → Caulfield's Warhammer ; Cull → Serrated Dirk → Caulfield's Warhammer,https://www.onetricks.gg/champions/builds/MissFortune
MissFortune,bot,16.19,,Hubris,Hubris → Edge of Night,Lord Dominik's Regards | Serylda's Grudge | Muramana,Muramana | Serylda's Grudge | Guardian Angel,The Collector | Guardian Angel | Bloodthirster,Hubris → Edge of Night → Lord Dominik's Regards → Muramana → The Collector ; Hubris → Edge of Night → The Collector → Serylda's Grudge ; Hubris → Edge of Night → Muramana → Guardian Angel,Serrated Dirk → Caulfield's Warhammer ; Tear of the Goddess → Serrated Dirk → Caulfield's Warhammer ; Cull → Serrated Dirk → Caulfield's Warhammer,https://www.onetricks.gg/champions/builds/MissFortune
MissFortune,bot,16.19,,Hubris,Hubris → Youmuu's Ghostblade,Umbral Glaive | Serpent's Fang | Serylda's Grudge,Serylda's Grudge | Edge of Night | Maw of Malmortius,Serylda's Grudge | Guardian Angel | Edge of Night,Hubris → Youmuu's Ghostblade → Umbral Glaive → Serylda's Grudge ; Hubris → Youmuu's Ghostblade → Umbral Glaive → Edge of Night → Serylda's Grudge ; Hubris → Youmuu's Ghostblade → Umbral Glaive → Maw of Malmortius,Serrated Dirk → Caulfield's Warhammer ; Tear of the Goddess → Serrated Dirk → Caulfield's Warhammer ; Cull → Serrated Dirk → Caulfield's Warhammer,https://www.onetricks.gg/champions/builds/MissFortune
MissFortune,bot,16.19,,Hubris,Hubris → Axiom Arc,Muramana | Edge of Night,Edge of Night | Serylda's Grudge | Muramana,Serylda's Grudge | Muramana,Hubris → Axiom Arc → Muramana → Edge of Night → Serylda's Grudge ; Hubris → Axiom Arc → Muramana → Serylda's Grudge ; Hubris → Axiom Arc → Edge of Night → Muramana → Serylda's Grudge,Serrated Dirk → Caulfield's Warhammer ; Tear of the Goddess → Serrated Dirk → Caulfield's Warhammer ; Cull → Serrated Dirk → Caulfield's Warhammer,https://www.onetricks.gg/champions/builds/MissFortune
MissFortune,bot,16.19,,Bloodthirster,Bloodthirster → The Collector,Infinity Edge | Lord Dominik's Regards | Mortal Reminder,Lord Dominik's Regards | Infinity Edge | Mortal Reminder,Guardian Angel | Rapid Firecannon | Infinity Edge,Bloodthirster → The Collector → Infinity Edge → Lord Dominik's Regards → Guardian Angel ; Bloodthirster → The Collector → Lord Dominik's Regards → Infinity Edge ; Bloodthirster → The Collector → Infinity Edge → Mortal Reminder,B. F. Sword → Pickaxe → Vampiric Scepter ; Vampiric Scepter → Pickaxe → B. F. Sword ; Vampiric Scepter → B. F. Sword → Pickaxe,https://www.onetricks.gg/champions/builds/MissFortune
MissFortune,bot,16.19,,Bloodthirster,Bloodthirster → Hexoptics C44,Infinity Edge | Mortal Reminder,Infinity Edge,,Bloodthirster → Hexoptics C44 → Infinity Edge ; Bloodthirster → Hexoptics C44 → Mortal Reminder → Infinity Edge,B. F. Sword → Pickaxe → Vampiric Scepter ; Vampiric Scepter → Pickaxe → B. F. Sword ; Vampiric Scepter → B. F. Sword → Pickaxe,https://www.onetricks.gg/champions/builds/MissFortune
MissFortune,bot,16.19,,The Collector,The Collector → Infinity Edge,Lord Dominik's Regards | Hexoptics C44 | Phantom Dancer,Phantom Dancer | Lord Dominik's Regards | Mortal Reminder,Edge of Night | Guardian Angel | Mortal Reminder,The Collector → Infinity Edge → Lord Dominik's Regards → Phantom Dancer ; The Collector → Infinity Edge → Hexoptics C44 → Lord Dominik's Regards → Edge of Night ; The Collector → Infinity Edge → Lord Dominik's Regards → Phantom Dancer → Guardian Angel,Pickaxe → Serrated Dirk → Cloak of Agility ; B. F. Sword → Serrated Dirk → Pickaxe,https://www.onetricks.gg/champions/builds/MissFortune
MissFortune,bot,16.19,,The Collector,The Collector → Hubris,Infinity Edge,Lord Dominik's Regards | Bloodthirster,Edge of Night,The Collector → Hubris → Infinity Edge → Lord Dominik's Regards → Edge of Night ; The Collector → Hubris → Infinity Edge → Bloodthirster,Pickaxe → Serrated Dirk → Cloak of Agility ; B. F. Sword → Serrated Dirk → Pickaxe,https://www.onetricks.gg/champions/builds/MissFortune
MissFortune,bot,16.19,,Youmuu's Ghostblade,Youmuu's Ghostblade → The Collector,Serylda's Grudge | Rapid Firecannon | Infinity Edge,Lord Dominik's Regards | Edge of Night | Infinity Edge,Rapid Firecannon | Guardian Angel | Infinity Edge,Youmuu's Ghostblade → The Collector → Serylda's Grudge → Edge of Night ; Youmuu's Ghostblade → The Collector → Infinity Edge → Lord Dominik's Regards → Rapid Firecannon ; Youmuu's Ghostblade → The Collector → Rapid Firecannon → Lord Dominik's Regards,Serrated Dirk → Rectrix → Long Sword,https://www.onetricks.gg/champions/builds/MissFortune
MissFortune,bot,16.19,,Yun Tal Wildarrows,Yun Tal Wildarrows → Infinity Edge,Fiendhunter Bolts | Hexoptics C44 | Mortal Reminder,Lord Dominik's Regards | Mortal Reminder,Edge of Night | Voltaic Cyclosword | Guardian Angel,Yun Tal Wildarrows → Infinity Edge → Fiendhunter Bolts → Lord Dominik's Regards ; Yun Tal Wildarrows → Infinity Edge → Rapid Firecannon → Mortal Reminder → Edge of Night ; Yun Tal Wildarrows → Infinity Edge → Hexoptics C44 → Mortal Reminder → Voltaic Cyclosword,B. F. Sword → Scout's Slingshot → Long Sword ; Cull → B. F. Sword → Scout's Slingshot ; Scout's Slingshot → B. F. Sword → Long Sword,https://www.onetricks.gg/champions/builds/MissFortune
MissFortune,bot,16.19,,Yun Tal Wildarrows,Yun Tal Wildarrows → Hexoptics C44,Infinity Edge | Mortal Reminder,Mortal Reminder | Infinity Edge,Bastionbreaker | Mercurial Scimitar,Yun Tal Wildarrows → Hexoptics C44 → Infinity Edge → Mortal Reminder → Bastionbreaker ; Yun Tal Wildarrows → Hexoptics C44 → Infinity Edge → Mortal Reminder → Mercurial Scimitar ; Yun Tal Wildarrows → Hexoptics C44 → Mortal Reminder → Infinity Edge,B. F. Sword → Scout's Slingshot → Long Sword ; Cull → B. F. Sword → Scout's Slingshot ; Scout's Slingshot → B. F. Sword → Long Sword,https://www.onetricks.gg/champions/builds/MissFortune
MissFortune,bot,16.19,,Axiom Arc,Axiom Arc → The Collector,Mortal Reminder | Lord Dominik's Regards,Infinity Edge,Bloodthirster | Guardian Angel,Axiom Arc → The Collector → Mortal Reminder → Infinity Edge → Bloodthirster ; Axiom Arc → The Collector → Lord Dominik's Regards → Infinity Edge → Bloodthirster ; Axiom Arc → The Collector → Mortal Reminder → Infinity Edge → Guardian Angel,,https://www.onetricks.gg/champions/builds/MissFortune
MonkeyKing,jungle,16.19,,Trinity Force,Trinity Force → Black Cleaver,Death's Dance | Guardian Angel | Maw of Malmortius,Guardian Angel | Maw of Malmortius | Sterak's Gage,Guardian Angel | Death's Dance | Serpent's Fang,Trinity Force → Black Cleaver → Death's Dance → Guardian Angel ; Trinity Force → Black Cleaver → Death's Dance → Maw of Malmortius ; Trinity Force → Black Cleaver → Death's Dance → Sterak's Gage,Sheen → Phage → Hearthbound Axe ; Hearthbound Axe → Sheen → Phage ; Hearthbound Axe → Phage → Sheen,https://www.onetricks.gg/champions/builds/MonkeyKing
MonkeyKing,jungle,16.19,,Trinity Force,Trinity Force → Sundered Sky,Black Cleaver | Death's Dance | Maw of Malmortius,Guardian Angel | Death's Dance | Sterak's Gage,Maw of Malmortius,Trinity Force → Sundered Sky → Death's Dance → Guardian Angel ; Trinity Force → Sundered Sky → Black Cleaver → Death's Dance ; Trinity Force → Sundered Sky → Black Cleaver → Guardian Angel,Sheen → Phage → Hearthbound Axe ; Hearthbound Axe → Sheen → Phage ; Hearthbound Axe → Phage → Sheen,https://www.onetricks.gg/champions/builds/MonkeyKing
MonkeyKing,jungle,16.19,,Trinity Force,Trinity Force → Death's Dance,Black Cleaver | Guardian Angel | Serpent's Fang,Guardian Angel | Black Cleaver,,Trinity Force → Death's Dance → Guardian Angel ; Trinity Force → Death's Dance → Black Cleaver → Guardian Angel ; Trinity Force → Death's Dance → Sterak's Gage → Black Cleaver,Sheen → Phage → Hearthbound Axe ; Hearthbound Axe → Sheen → Phage ; Hearthbound Axe → Phage → Sheen,https://www.onetricks.gg/champions/builds/MonkeyKing
MonkeyKing,jungle,16.19,,Profane Hydra,Profane Hydra → Youmuu's Ghostblade,Black Cleaver | Mortal Reminder | Edge of Night,Death's Dance | Guardian Angel | Black Cleaver,Death's Dance | Guardian Angel | Kaenic Rookern,Profane Hydra → Youmuu's Ghostblade → Black Cleaver → Death's Dance ; Profane Hydra → Youmuu's Ghostblade → Black Cleaver → Guardian Angel ; Profane Hydra → Youmuu's Ghostblade → Mortal Reminder → Death's Dance,The Brutalizer ; The Brutalizer → Tiamat ; Tiamat → Boots → The Brutalizer,https://www.onetricks.gg/champions/builds/MonkeyKing
MonkeyKing,jungle,16.19,,Profane Hydra,Profane Hydra → Trinity Force,Death's Dance | Black Cleaver | Maw of Malmortius,Serpent's Fang | Death's Dance | Mortal Reminder,Guardian Angel,Profane Hydra → Trinity Force → Death's Dance → Serpent's Fang → Guardian Angel ; Profane Hydra → Trinity Force → Black Cleaver → Death's Dance ; Profane Hydra → Trinity Force → Maw of Malmortius → Death's Dance,The Brutalizer ; The Brutalizer → Tiamat ; Tiamat → Boots → The Brutalizer,https://www.onetricks.gg/champions/builds/MonkeyKing
MonkeyKing,jungle,16.19,,Profane Hydra,Profane Hydra → Black Cleaver,Youmuu's Ghostblade | Death's Dance | Sterak's Gage,Death's Dance | Sundered Sky | Kaenic Rookern,Guardian Angel,Profane Hydra → Black Cleaver → Death's Dance → Sundered Sky ; Profane Hydra → Black Cleaver → Youmuu's Ghostblade → Death's Dance → Guardian Angel ; Profane Hydra → Black Cleaver → Sterak's Gage → Death's Dance,The Brutalizer ; The Brutalizer → Tiamat ; Tiamat → Boots → The Brutalizer,https://www.onetricks.gg/champions/builds/MonkeyKing
MonkeyKing,jungle,16.19,,Profane Hydra,Profane Hydra → Voltaic Cyclosword,Serpent's Fang | Axiom Arc,Mortal Reminder | Maw of Malmortius | Death's Dance,Mortal Reminder | Black Cleaver,Profane Hydra → Voltaic Cyclosword → Serpent's Fang → Maw of Malmortius → Mortal Reminder ; Profane Hydra → Voltaic Cyclosword → Serpent's Fang → Mortal Reminder ; Profane Hydra → Voltaic Cyclosword → Axiom Arc → Death's Dance → Black Cleaver,The Brutalizer ; The Brutalizer → Tiamat ; Tiamat → Boots → The Brutalizer,https://www.onetricks.gg/champions/builds/MonkeyKing
MonkeyKing,jungle,16.19,,Youmuu's Ghostblade,Youmuu's Ghostblade → Profane Hydra,Black Cleaver | Edge of Night | Serylda's Grudge,Death's Dance | Edge of Night | Serylda's Grudge,Guardian Angel | Serpent's Fang | Kaenic Rookern,Youmuu's Ghostblade → Profane Hydra → Black Cleaver → Death's Dance ; Youmuu's Ghostblade → Profane Hydra → Serylda's Grudge → Edge of Night ; Youmuu's Ghostblade → Profane Hydra → Edge of Night → Serylda's Grudge,Rectrix → Serrated Dirk → Long Sword ; Serrated Dirk → Rectrix → Long Sword,https://www.onetricks.gg/champions/builds/MonkeyKing
MonkeyKing,jungle,16.19,,Eclipse,Eclipse → Black Cleaver,Death's Dance | Maw of Malmortius | Sterak's Gage,Sterak's Gage | Death's Dance | Voltaic Cyclosword,Guardian Angel,Eclipse → Black Cleaver → Death's Dance → Sterak's Gage ; Eclipse → Black Cleaver → Sterak's Gage → Voltaic Cyclosword → Guardian Angel ; Eclipse → Black Cleaver → Chempunk Chainsword → Death's Dance,Pickaxe → Caulfield's Warhammer → Boots,https://www.onetricks.gg/champions/builds/MonkeyKing
Mordekaiser,top,16.19,,Riftmaker,Riftmaker → Dusk and Dawn,Hextech Rocketbelt | Zhonya's Hourglass | Spirit Visage,Experimental Hexplate | Hextech Rocketbelt | Morellonomicon,"Experimental Hexplate | Hextech Rocketbelt | Jak'Sho, The Protean",Riftmaker → Dusk and Dawn → Hextech Rocketbelt → Experimental Hexplate ; Riftmaker → Dusk and Dawn → Zhonya's Hourglass → Hextech Rocketbelt ; Riftmaker → Dusk and Dawn → Hextech Rocketbelt → Morellonomicon,Haunting Guise → Fiendish Codex ; Plated Steelcaps → Haunting Guise → Fiendish Codex ; Haunting Guise → Plated Steelcaps → Fiendish Codex,https://www.onetricks.gg/champions/builds/Mordekaiser
Mordekaiser,top,16.19,,Riftmaker,Riftmaker → Liandry's Torment,Zhonya's Hourglass | Thornmail | Bloodletter's Curse,Death's Dance | Thornmail | Spirit Visage,Randuin's Omen,Riftmaker → Liandry's Torment → Zhonya's Hourglass → Death's Dance ; Riftmaker → Liandry's Torment → Dusk and Dawn → Thornmail ; Riftmaker → Liandry's Torment → Thornmail → Death's Dance,Haunting Guise → Fiendish Codex ; Plated Steelcaps → Haunting Guise → Fiendish Codex ; Haunting Guise → Plated Steelcaps → Fiendish Codex,https://www.onetricks.gg/champions/builds/Mordekaiser
Mordekaiser,top,16.19,,Riftmaker,Riftmaker → Experimental Hexplate,Zhonya's Hourglass | Liandry's Torment | Rylai's Crystal Scepter,Liandry's Torment | Thornmail | Zhonya's Hourglass,Bloodletter's Curse,"Riftmaker → Experimental Hexplate → Zhonya's Hourglass → Liandry's Torment ; Riftmaker → Experimental Hexplate → Zhonya's Hourglass → Thornmail → Bloodletter's Curse ; Riftmaker → Experimental Hexplate → Rylai's Crystal Scepter → Jak'Sho, The Protean",Haunting Guise → Fiendish Codex ; Plated Steelcaps → Haunting Guise → Fiendish Codex ; Haunting Guise → Plated Steelcaps → Fiendish Codex,https://www.onetricks.gg/champions/builds/Mordekaiser
Mordekaiser,top,16.19,,Riftmaker,Riftmaker → Rylai's Crystal Scepter,Liandry's Torment | Dusk and Dawn | Mejai's Soulstealer,Zhonya's Hourglass | Spirit Visage,Morellonomicon,Riftmaker → Rylai's Crystal Scepter → Dusk and Dawn → Zhonya's Hourglass → Morellonomicon ; Riftmaker → Rylai's Crystal Scepter → Liandry's Torment → Spirit Visage,Haunting Guise → Fiendish Codex ; Plated Steelcaps → Haunting Guise → Fiendish Codex ; Haunting Guise → Plated Steelcaps → Fiendish Codex,https://www.onetricks.gg/champions/builds/Mordekaiser
Mordekaiser,top,16.19,,Rylai's Crystal Scepter,Rylai's Crystal Scepter → Riftmaker,"Liandry's Torment | Jak'Sho, The Protean | Randuin's Omen",Spirit Visage | Thornmail | Zhonya's Hourglass,Hextech Rocketbelt | Death's Dance,"Rylai's Crystal Scepter → Riftmaker → Liandry's Torment → Zhonya's Hourglass ; Rylai's Crystal Scepter → Riftmaker → Jak'Sho, The Protean → Dusk and Dawn ; Rylai's Crystal Scepter → Riftmaker → Zhonya's Hourglass → Spirit Visage → Hextech Rocketbelt",Blasting Wand → Giant's Belt → Amplifying Tome ; Giant's Belt → Blasting Wand → Amplifying Tome ; Bramble Vest → Blasting Wand → Giant's Belt,https://www.onetricks.gg/champions/builds/Mordekaiser
Mordekaiser,top,16.19,,Rylai's Crystal Scepter,Rylai's Crystal Scepter → Dusk and Dawn,Riftmaker | Hextech Rocketbelt | Nashor's Tooth,Randuin's Omen | Spirit Visage | Hextech Rocketbelt,Thornmail | Randuin's Omen,"Rylai's Crystal Scepter → Dusk and Dawn → Nashor's Tooth → Spirit Visage ; Rylai's Crystal Scepter → Dusk and Dawn → Experimental Hexplate → Randuin's Omen ; Rylai's Crystal Scepter → Dusk and Dawn → Riftmaker → Jak'Sho, The Protean",Blasting Wand → Giant's Belt → Amplifying Tome ; Giant's Belt → Blasting Wand → Amplifying Tome ; Bramble Vest → Blasting Wand → Giant's Belt,https://www.onetricks.gg/champions/builds/Mordekaiser
Mordekaiser,top,16.19,,Rylai's Crystal Scepter,Rylai's Crystal Scepter → Liandry's Torment,Spirit Visage | Randuin's Omen | Riftmaker,"Experimental Hexplate | Jak'Sho, The Protean | Randuin's Omen",Morellonomicon,"Rylai's Crystal Scepter → Liandry's Torment → Hextech Rocketbelt → Experimental Hexplate ; Rylai's Crystal Scepter → Liandry's Torment → Experimental Hexplate → Jak'Sho, The Protean ; Rylai's Crystal Scepter → Liandry's Torment → Spirit Visage → Randuin's Omen → Morellonomicon",Blasting Wand → Giant's Belt → Amplifying Tome ; Giant's Belt → Blasting Wand → Amplifying Tome ; Bramble Vest → Blasting Wand → Giant's Belt,https://www.onetricks.gg/champions/builds/Mordekaiser
Mordekaiser,top,16.19,,Rylai's Crystal Scepter,Rylai's Crystal Scepter → Hextech Rocketbelt,Experimental Hexplate | Spirit Visage | Kaenic Rookern,Dusk and Dawn | Liandry's Torment | Zhonya's Hourglass,Liandry's Torment,Rylai's Crystal Scepter → Hextech Rocketbelt → Experimental Hexplate → Dusk and Dawn ; Rylai's Crystal Scepter → Hextech Rocketbelt → Kaenic Rookern → Liandry's Torment ; Rylai's Crystal Scepter → Hextech Rocketbelt → Experimental Hexplate → Zhonya's Hourglass,Blasting Wand → Giant's Belt → Amplifying Tome ; Giant's Belt → Blasting Wand → Amplifying Tome ; Bramble Vest → Blasting Wand → Giant's Belt,https://www.onetricks.gg/champions/builds/Mordekaiser
Mordekaiser,top,16.19,,Dusk and Dawn,Dusk and Dawn → Riftmaker,Hextech Rocketbelt | Zhonya's Hourglass | Randuin's Omen,Zhonya's Hourglass | Randuin's Omen | Spirit Visage,Force of Nature | Randuin's Omen,Dusk and Dawn → Riftmaker → Hextech Rocketbelt → Zhonya's Hourglass → Force of Nature ; Dusk and Dawn → Riftmaker → Hextech Rocketbelt → Randuin's Omen ; Dusk and Dawn → Riftmaker → Hextech Rocketbelt → Rylai's Crystal Scepter → Randuin's Omen,Blasting Wand → Kindlegem → Sheen ; Plated Steelcaps → Blasting Wand → Kindlegem ; Blasting Wand → Sheen → Kindlegem,https://www.onetricks.gg/champions/builds/Mordekaiser
Mordekaiser,top,16.19,,Dusk and Dawn,Dusk and Dawn → Hextech Rocketbelt,Experimental Hexplate | Randuin's Omen | Riftmaker,Experimental Hexplate | Riftmaker | Liandry's Torment,,Dusk and Dawn → Hextech Rocketbelt → Mejai's Soulstealer → Experimental Hexplate ; Dusk and Dawn → Hextech Rocketbelt → Riftmaker → Liandry's Torment ; Dusk and Dawn → Hextech Rocketbelt → Spirit Visage → Riftmaker,Blasting Wand → Kindlegem → Sheen ; Plated Steelcaps → Blasting Wand → Kindlegem ; Blasting Wand → Sheen → Kindlegem,https://www.onetricks.gg/champions/builds/Mordekaiser
Mordekaiser,top,16.19,,Dusk and Dawn,Dusk and Dawn → Rylai's Crystal Scepter,Riftmaker | Hextech Rocketbelt | Bloodletter's Curse,Riftmaker | Hextech Rocketbelt | Hextech Gunblade,Zhonya's Hourglass | Thornmail | Randuin's Omen,Dusk and Dawn → Rylai's Crystal Scepter → Hextech Rocketbelt → Riftmaker → Zhonya's Hourglass ; Dusk and Dawn → Rylai's Crystal Scepter → Riftmaker → Hextech Rocketbelt ; Dusk and Dawn → Rylai's Crystal Scepter → Riftmaker → Zhonya's Hourglass → Thornmail,Blasting Wand → Kindlegem → Sheen ; Plated Steelcaps → Blasting Wand → Kindlegem ; Blasting Wand → Sheen → Kindlegem,https://www.onetricks.gg/champions/builds/Mordekaiser
Mordekaiser,top,16.19,,Hextech Rocketbelt,Hextech Rocketbelt → Dusk and Dawn,Riftmaker | Zhonya's Hourglass | Frozen Heart,Experimental Hexplate | Riftmaker | Spirit Visage,"Spirit Visage | Jak'Sho, The Protean","Hextech Rocketbelt → Dusk and Dawn → Riftmaker → Experimental Hexplate ; Hextech Rocketbelt → Dusk and Dawn → Zhonya's Hourglass → Riftmaker ; Hextech Rocketbelt → Dusk and Dawn → Experimental Hexplate → Spirit Visage → Jak'Sho, The Protean",Hextech Alternator → Kindlegem → Fiendish Codex ; Plated Steelcaps → Hextech Alternator → Kindlegem ; Dark Seal → Hextech Alternator → Kindlegem,https://www.onetricks.gg/champions/builds/Mordekaiser
Mordekaiser,top,16.19,,Hextech Rocketbelt,Hextech Rocketbelt → Riftmaker,Zhonya's Hourglass | Dusk and Dawn | Randuin's Omen,Abyssal Mask | Death's Dance | Spirit Visage,,Hextech Rocketbelt → Riftmaker → Zhonya's Hourglass → Abyssal Mask ; Hextech Rocketbelt → Riftmaker → Randuin's Omen → Death's Dance ; Hextech Rocketbelt → Riftmaker → Dusk and Dawn → Spirit Visage,Hextech Alternator → Kindlegem → Fiendish Codex ; Plated Steelcaps → Hextech Alternator → Kindlegem ; Dark Seal → Hextech Alternator → Kindlegem,https://www.onetricks.gg/champions/builds/Mordekaiser
Mordekaiser,top,16.19,,Liandry's Torment,Liandry's Torment → Riftmaker,Zhonya's Hourglass | Dusk and Dawn,Abyssal Mask,,Liandry's Torment → Riftmaker → Zhonya's Hourglass → Abyssal Mask ; Liandry's Torment → Riftmaker → Dusk and Dawn,Haunting Guise → Fated Ashes,https://www.onetricks.gg/champions/builds/Mordekaiser
Mordekaiser,top,16.19,,Liandry's Torment,Liandry's Torment → Dusk and Dawn,Experimental Hexplate | Rylai's Crystal Scepter,Zhonya's Hourglass | Force of Nature,Hextech Rocketbelt | Zhonya's Hourglass,Liandry's Torment → Dusk and Dawn → Experimental Hexplate → Zhonya's Hourglass → Hextech Rocketbelt ; Liandry's Torment → Dusk and Dawn → Rylai's Crystal Scepter → Force of Nature → Zhonya's Hourglass,Haunting Guise → Fated Ashes,https://www.onetricks.gg/champions/builds/Mordekaiser
Mordekaiser,top,16.19,,Liandry's Torment,Liandry's Torment → Zhonya's Hourglass,"Thornmail | Jak'Sho, The Protean",,,"Liandry's Torment → Zhonya's Hourglass → Thornmail ; Liandry's Torment → Zhonya's Hourglass → Jak'Sho, The Protean",Haunting Guise → Fated Ashes,https://www.onetricks.gg/champions/builds/Mordekaiser
Mordekaiser,top,16.19,,Bloodletter's Curse,Bloodletter's Curse → Riftmaker,Liandry's Torment,Morellonomicon | Dusk and Dawn,,Bloodletter's Curse → Riftmaker → Liandry's Torment → Morellonomicon ; Bloodletter's Curse → Riftmaker → Liandry's Torment → Dusk and Dawn,Haunting Guise → Fiendish Codex,https://www.onetricks.gg/champions/builds/Mordekaiser
Morgana,supp,16.19,,all,Solstice Sleigh → Rylai's Crystal Scepter,Zhonya's Hourglass | Bandlepipes | Mikael's Blessing,Morellonomicon | Redemption | Imperial Mandate,,Solstice Sleigh → Rylai's Crystal Scepter → Zhonya's Hourglass → Morellonomicon ; Solstice Sleigh → Rylai's Crystal Scepter → Zhonya's Hourglass → Imperial Mandate ; Solstice Sleigh → Rylai's Crystal Scepter → Mikael's Blessing → Redemption,Fated Ashes → Haunting Guise ; Blasting Wand → Giant's Belt ; Giant's Belt → Blasting Wand,https://www.onetricks.gg/champions/builds/Morgana
Morgana,supp,16.19,,all,Zaz'Zak's Realmspike → Liandry's Torment,Rylai's Crystal Scepter | Zhonya's Hourglass | Morellonomicon,Morellonomicon | Zhonya's Hourglass | Abyssal Mask,Morellonomicon | Blackfire Torch | Kaenic Rookern,Zaz'Zak's Realmspike → Liandry's Torment → Rylai's Crystal Scepter → Morellonomicon ; Zaz'Zak's Realmspike → Liandry's Torment → Rylai's Crystal Scepter → Zhonya's Hourglass → Morellonomicon ; Zaz'Zak's Realmspike → Liandry's Torment → Rylai's Crystal Scepter → Abyssal Mask,Fated Ashes → Haunting Guise ; Blasting Wand → Giant's Belt ; Giant's Belt → Blasting Wand,https://www.onetricks.gg/champions/builds/Morgana
Morgana,supp,16.19,,all,Zaz'Zak's Realmspike → Blackfire Torch,Zhonya's Hourglass | Liandry's Torment | Imperial Mandate,Morellonomicon | Rylai's Crystal Scepter | Zhonya's Hourglass,Morellonomicon,Zaz'Zak's Realmspike → Blackfire Torch → Zhonya's Hourglass → Morellonomicon ; Zaz'Zak's Realmspike → Blackfire Torch → Imperial Mandate → Rylai's Crystal Scepter ; Zaz'Zak's Realmspike → Blackfire Torch → Liandry's Torment → Zhonya's Hourglass,Fated Ashes → Haunting Guise ; Blasting Wand → Giant's Belt ; Giant's Belt → Blasting Wand,https://www.onetricks.gg/champions/builds/Morgana
Morgana,supp,16.19,,all,Zaz'Zak's Realmspike → Zhonya's Hourglass,Rylai's Crystal Scepter | Blackfire Torch | Liandry's Torment,Morellonomicon | Rylai's Crystal Scepter | Imperial Mandate,,Zaz'Zak's Realmspike → Zhonya's Hourglass → Rylai's Crystal Scepter → Morellonomicon ; Zaz'Zak's Realmspike → Zhonya's Hourglass → Morellonomicon → Rylai's Crystal Scepter ; Zaz'Zak's Realmspike → Zhonya's Hourglass → Morellonomicon → Imperial Mandate,Fated Ashes → Haunting Guise ; Blasting Wand → Giant's Belt ; Giant's Belt → Blasting Wand,https://www.onetricks.gg/champions/builds/Morgana
Naafiri,jungle,16.19,,Voltaic Cyclosword,Voltaic Cyclosword → Black Cleaver,Death's Dance | Spear of Shojin | Serpent's Fang,Spear of Shojin | Serpent's Fang | Maw of Malmortius,Maw of Malmortius | Guardian Angel | Spear of Shojin,Voltaic Cyclosword → Black Cleaver → Death's Dance → Spear of Shojin ; Voltaic Cyclosword → Black Cleaver → Death's Dance → Serpent's Fang ; Voltaic Cyclosword → Black Cleaver → Death's Dance → Guardian Angel,The Brutalizer ; Pickaxe ; The Brutalizer → Boots → Long Sword,https://www.onetricks.gg/champions/builds/Naafiri
Naafiri,jungle,16.19,,Voltaic Cyclosword,Voltaic Cyclosword → Bastionbreaker,Black Cleaver | Edge of Night | Death's Dance,Serylda's Grudge | Endless Hunger,,Voltaic Cyclosword → Bastionbreaker → Black Cleaver ; Voltaic Cyclosword → Bastionbreaker → Edge of Night → Serylda's Grudge ; Voltaic Cyclosword → Bastionbreaker → Death's Dance → Endless Hunger,The Brutalizer ; Pickaxe ; The Brutalizer → Boots → Long Sword,https://www.onetricks.gg/champions/builds/Naafiri
Naafiri,jungle,16.19,,Voltaic Cyclosword,Voltaic Cyclosword → Serpent's Fang,Spear of Shojin | Black Cleaver | Guardian Angel,Black Cleaver | Spear of Shojin | Death's Dance,Death's Dance,Voltaic Cyclosword → Serpent's Fang → Black Cleaver → Death's Dance ; Voltaic Cyclosword → Serpent's Fang → Black Cleaver → Spear of Shojin ; Voltaic Cyclosword → Serpent's Fang → Guardian Angel → Black Cleaver → Death's Dance,The Brutalizer ; Pickaxe ; The Brutalizer → Boots → Long Sword,https://www.onetricks.gg/champions/builds/Naafiri
Naafiri,jungle,16.19,,Profane Hydra,Profane Hydra → Axiom Arc,Serylda's Grudge | Edge of Night | Serpent's Fang,Death's Dance | Serpent's Fang | Edge of Night,Guardian Angel,Profane Hydra → Axiom Arc → Serylda's Grudge → Death's Dance ; Profane Hydra → Axiom Arc → Serpent's Fang → Edge of Night ; Profane Hydra → Axiom Arc → Serylda's Grudge → Serpent's Fang → Guardian Angel,The Brutalizer ; The Brutalizer → Tiamat ; The Brutalizer → Boots → Tiamat,https://www.onetricks.gg/champions/builds/Naafiri
Naafiri,jungle,16.19,,Eclipse,Eclipse → Black Cleaver,Death's Dance | Spear of Shojin,Endless Hunger | Spear of Shojin | Serpent's Fang,Endless Hunger,Eclipse → Black Cleaver → Death's Dance → Endless Hunger ; Eclipse → Black Cleaver → Death's Dance → Spear of Shojin → Endless Hunger ; Eclipse → Black Cleaver → Death's Dance → Serpent's Fang → Endless Hunger,Pickaxe ; Pickaxe → Caulfield's Warhammer → Long Sword,https://www.onetricks.gg/champions/builds/Naafiri
Naafiri,jungle,16.19,,Hubris,Hubris → Voltaic Cyclosword,,,,,Serrated Dirk → Caulfield's Warhammer,https://www.onetricks.gg/champions/builds/Naafiri
Nami,supp,16.19,,all,Solstice Sleigh → Echoes of Helia,Mejai's Soulstealer | Moonstone Renewer | Shurelya's Battlesong,Shurelya's Battlesong | Morellonomicon | Knight's Vow,Dawncore | Mejai's Soulstealer | Shurelya's Battlesong,Solstice Sleigh → Echoes of Helia → Mejai's Soulstealer → Shurelya's Battlesong → Dawncore ; Solstice Sleigh → Echoes of Helia → Mejai's Soulstealer → Moonstone Renewer ; Solstice Sleigh → Echoes of Helia → Shurelya's Battlesong → Dawncore,Dark Seal → Bandleglass Mirror → Kindlegem ; Bandleglass Mirror → Kindlegem ; Boots → Bandleglass Mirror → Kindlegem,https://www.onetricks.gg/champions/builds/Nami
Nami,supp,16.19,,all,Dream Maker → Echoes of Helia,Moonstone Renewer | Staff of Flowing Water | Mikael's Blessing,Moonstone Renewer | Redemption | Staff of Flowing Water,Knight's Vow | Mejai's Soulstealer,Dream Maker → Echoes of Helia → Staff of Flowing Water → Moonstone Renewer ; Dream Maker → Echoes of Helia → Moonstone Renewer → Staff of Flowing Water ; Dream Maker → Echoes of Helia → Moonstone Renewer → Redemption,Dark Seal → Bandleglass Mirror → Kindlegem ; Bandleglass Mirror → Kindlegem ; Boots → Bandleglass Mirror → Kindlegem,https://www.onetricks.gg/champions/builds/Nami
Nami,supp,16.19,,all,Solstice Sleigh → Staff of Flowing Water,Echoes of Helia | Shurelya's Battlesong | Mikael's Blessing,Redemption | Echoes of Helia | Morellonomicon,Morellonomicon,Solstice Sleigh → Staff of Flowing Water → Shurelya's Battlesong → Echoes of Helia ; Solstice Sleigh → Staff of Flowing Water → Moonstone Renewer → Redemption ; Solstice Sleigh → Staff of Flowing Water → Echoes of Helia → Redemption,Dark Seal → Bandleglass Mirror → Kindlegem ; Bandleglass Mirror → Kindlegem ; Boots → Bandleglass Mirror → Kindlegem,https://www.onetricks.gg/champions/builds/Nami
Nami,supp,16.19,,all,Dream Maker → Staff of Flowing Water,Moonstone Renewer | Knight's Vow | Mikael's Blessing,Echoes of Helia | Shurelya's Battlesong | Zhonya's Hourglass,Mejai's Soulstealer,Dream Maker → Staff of Flowing Water → Echoes of Helia → Shurelya's Battlesong → Mejai's Soulstealer ; Dream Maker → Staff of Flowing Water → Shurelya's Battlesong → Zhonya's Hourglass ; Dream Maker → Staff of Flowing Water → Moonstone Renewer → Redemption,Dark Seal → Bandleglass Mirror → Kindlegem ; Bandleglass Mirror → Kindlegem ; Boots → Bandleglass Mirror → Kindlegem,https://www.onetricks.gg/champions/builds/Nami
Nasus,top,16.19,,Trinity Force,Trinity Force → Frozen Heart,"Randuin's Omen | Protoplasm Harness | Jak'Sho, The Protean",Spirit Visage | Randuin's Omen | Thornmail,Force of Nature,Trinity Force → Frozen Heart → Protoplasm Harness → Randuin's Omen → Force of Nature ; Trinity Force → Frozen Heart → Protoplasm Harness → Spirit Visage ; Trinity Force → Frozen Heart → Randuin's Omen → Thornmail,Sheen → Phage → Hearthbound Axe ; Sheen → Ionian Boots of Lucidity → Phage ; Sheen → Phage → Mercury's Treads,https://www.onetricks.gg/champions/builds/Nasus
Nasus,top,16.19,,Trinity Force,Trinity Force → Spirit Visage,Frozen Heart | Randuin's Omen,Force of Nature | Thornmail | Randuin's Omen,Force of Nature,Trinity Force → Spirit Visage → Frozen Heart → Force of Nature ; Trinity Force → Spirit Visage → Frozen Heart → Thornmail ; Trinity Force → Spirit Visage → Frozen Heart → Randuin's Omen → Force of Nature,Sheen → Phage → Hearthbound Axe ; Sheen → Ionian Boots of Lucidity → Phage ; Sheen → Phage → Mercury's Treads,https://www.onetricks.gg/champions/builds/Nasus
Nasus,top,16.19,,Trinity Force,Trinity Force → Protoplasm Harness,"Jak'Sho, The Protean",Force of Nature | Spirit Visage | Randuin's Omen,Thornmail,"Trinity Force → Protoplasm Harness → Jak'Sho, The Protean → Force of Nature → Thornmail ; Trinity Force → Protoplasm Harness → Jak'Sho, The Protean → Spirit Visage ; Trinity Force → Protoplasm Harness → Jak'Sho, The Protean → Randuin's Omen",Sheen → Phage → Hearthbound Axe ; Sheen → Ionian Boots of Lucidity → Phage ; Sheen → Phage → Mercury's Treads,https://www.onetricks.gg/champions/builds/Nasus
Nasus,top,16.19,,Iceborn Gauntlet,Iceborn Gauntlet → Frozen Heart,Bandlepipes | Protoplasm Harness | Spirit Visage,Protoplasm Harness | Randuin's Omen | Spirit Visage,Force of Nature,Iceborn Gauntlet → Frozen Heart → Bandlepipes → Protoplasm Harness → Force of Nature ; Iceborn Gauntlet → Frozen Heart → Protoplasm Harness → Randuin's Omen ; Iceborn Gauntlet → Frozen Heart → Spirit Visage → Protoplasm Harness,Glacial Buckler → Cloth Armor → Sheen ; Sheen → Cloth Armor → Ruby Crystal ; Chain Vest → Glacial Buckler → Sheen,https://www.onetricks.gg/champions/builds/Nasus
Nasus,top,16.19,,Iceborn Gauntlet,Iceborn Gauntlet → Spirit Visage,Protoplasm Harness | Frozen Heart,Frozen Heart | Protoplasm Harness,Thornmail,Iceborn Gauntlet → Spirit Visage → Protoplasm Harness → Frozen Heart ; Iceborn Gauntlet → Spirit Visage → Frozen Heart → Protoplasm Harness → Thornmail,Glacial Buckler → Cloth Armor → Sheen ; Sheen → Cloth Armor → Ruby Crystal ; Chain Vest → Glacial Buckler → Sheen,https://www.onetricks.gg/champions/builds/Nasus
Nasus,top,16.19,,Spirit Visage,Spirit Visage → Iceborn Gauntlet,Protoplasm Harness | Frozen Heart,Frozen Heart,,Spirit Visage → Iceborn Gauntlet → Protoplasm Harness → Frozen Heart ; Spirit Visage → Iceborn Gauntlet → Frozen Heart,Spectre's Cowl → Kindlegem → Ionian Boots of Lucidity ; Spectre's Cowl → Ionian Boots of Lucidity → Kindlegem,https://www.onetricks.gg/champions/builds/Nasus
Nasus,top,16.19,,Spirit Visage,Spirit Visage → Trinity Force,Protoplasm Harness | Frozen Heart | Bandlepipes,Bandlepipes | Frozen Heart,,Spirit Visage → Trinity Force → Frozen Heart ; Spirit Visage → Trinity Force → Protoplasm Harness → Bandlepipes ; Spirit Visage → Trinity Force → Protoplasm Harness → Frozen Heart,Spectre's Cowl → Kindlegem → Ionian Boots of Lucidity ; Spectre's Cowl → Ionian Boots of Lucidity → Kindlegem,https://www.onetricks.gg/champions/builds/Nasus
Nasus,top,16.19,,Spirit Visage,Spirit Visage → Protoplasm Harness,Lord Dominik's Regards | Trinity Force | Frozen Heart,Frozen Heart,,Spirit Visage → Protoplasm Harness → Trinity Force → Frozen Heart ; Spirit Visage → Protoplasm Harness → Lord Dominik's Regards → Frozen Heart ; Spirit Visage → Protoplasm Harness → Frozen Heart,Spectre's Cowl → Kindlegem → Ionian Boots of Lucidity ; Spectre's Cowl → Ionian Boots of Lucidity → Kindlegem,https://www.onetricks.gg/champions/builds/Nasus
Nasus,top,16.19,,Frozen Heart,Frozen Heart → Iceborn Gauntlet,Spirit Visage,,,Frozen Heart → Iceborn Gauntlet → Spirit Visage,Glacial Buckler → Cull → Sheen ; Glacial Buckler → Plated Steelcaps → Sheen ; Glacial Buckler → Kindlegem → Warden's Mail,https://www.onetricks.gg/champions/builds/Nasus
Nasus,top,16.19,,Frozen Heart,Frozen Heart → Spirit Visage,Iceborn Gauntlet | Bandlepipes | Thornmail,Protoplasm Harness,,Frozen Heart → Spirit Visage → Iceborn Gauntlet ; Frozen Heart → Spirit Visage → Bandlepipes → Protoplasm Harness ; Frozen Heart → Spirit Visage → Thornmail,Glacial Buckler → Cull → Sheen ; Glacial Buckler → Plated Steelcaps → Sheen ; Glacial Buckler → Kindlegem → Warden's Mail,https://www.onetricks.gg/champions/builds/Nasus
Nasus,top,16.19,,Protoplasm Harness,Protoplasm Harness → Frozen Heart,,,,,Negatron Cloak → Sheen → Ionian Boots of Lucidity,https://www.onetricks.gg/champions/builds/Nasus
Nasus,top,16.19,,Essence Reaver,Essence Reaver → Mortal Reminder,Randuin's Omen,,,Essence Reaver → Mortal Reminder → Randuin's Omen,,https://www.onetricks.gg/champions/builds/Nasus
Nasus,top,16.19,,Essence Reaver,Essence Reaver → Randuin's Omen,,,,,,https://www.onetricks.gg/champions/builds/Nasus
Nasus,top,16.19,,Essence Reaver,Essence Reaver → Spear of Shojin,Thornmail,,,Essence Reaver → Spear of Shojin → Thornmail,,https://www.onetricks.gg/champions/builds/Nasus
Nautilus,supp,16.19,,all,Celestial Opposition → Locket of the Iron Solari,Knight's Vow | Protoplasm Harness | Bandlepipes,Protoplasm Harness | Knight's Vow | Thornmail,Mikael's Blessing,Celestial Opposition → Locket of the Iron Solari → Knight's Vow → Protoplasm Harness ; Celestial Opposition → Locket of the Iron Solari → Knight's Vow → Thornmail ; Celestial Opposition → Locket of the Iron Solari → Protoplasm Harness → Knight's Vow,Boots → Kindlegem → Cloth Armor ; Boots → Cloth Armor → Kindlegem ; Kindlegem → Cloth Armor → Null-Magic Mantle,https://www.onetricks.gg/champions/builds/Nautilus
Nautilus,supp,16.19,,all,Bloodsong → Locket of the Iron Solari,Knight's Vow | Protoplasm Harness | Mikael's Blessing,Protoplasm Harness | Abyssal Mask | Bandlepipes,,Bloodsong → Locket of the Iron Solari → Knight's Vow → Protoplasm Harness ; Bloodsong → Locket of the Iron Solari → Knight's Vow → Abyssal Mask ; Bloodsong → Locket of the Iron Solari → Knight's Vow → Kaenic Rookern,Boots → Kindlegem → Cloth Armor ; Boots → Cloth Armor → Kindlegem ; Kindlegem → Cloth Armor → Null-Magic Mantle,https://www.onetricks.gg/champions/builds/Nautilus
Nautilus,supp,16.19,,all,Celestial Opposition → Protoplasm Harness,Locket of the Iron Solari | Knight's Vow | Thornmail,Knight's Vow | Thornmail | Bandlepipes,,Celestial Opposition → Protoplasm Harness → Locket of the Iron Solari → Knight's Vow ; Celestial Opposition → Protoplasm Harness → Abyssal Mask → Knight's Vow ; Celestial Opposition → Protoplasm Harness → Locket of the Iron Solari → Thornmail,Boots → Kindlegem → Cloth Armor ; Boots → Cloth Armor → Kindlegem ; Kindlegem → Cloth Armor → Null-Magic Mantle,https://www.onetricks.gg/champions/builds/Nautilus
Nautilus,supp,16.19,,all,Celestial Opposition → Knight's Vow,Locket of the Iron Solari | Protoplasm Harness | Bandlepipes,Protoplasm Harness | Thornmail | Zeke's Convergence,,Celestial Opposition → Knight's Vow → Locket of the Iron Solari → Thornmail ; Celestial Opposition → Knight's Vow → Locket of the Iron Solari → Protoplasm Harness ; Celestial Opposition → Knight's Vow → Bandlepipes → Zeke's Convergence,Boots → Kindlegem → Cloth Armor ; Boots → Cloth Armor → Kindlegem ; Kindlegem → Cloth Armor → Null-Magic Mantle,https://www.onetricks.gg/champions/builds/Nautilus
Neeko,supp,16.19,,all,Celestial Opposition → Hextech Rocketbelt,Zhonya's Hourglass | Frozen Heart | Dead Man's Plate,Knight's Vow | Imperial Mandate | Shurelya's Battlesong,Locket of the Iron Solari,Celestial Opposition → Hextech Rocketbelt → Imperial Mandate → Shurelya's Battlesong ; Celestial Opposition → Hextech Rocketbelt → Zhonya's Hourglass → Imperial Mandate ; Celestial Opposition → Hextech Rocketbelt → Zhonya's Hourglass → Mejai's Soulstealer,Hextech Alternator → Kindlegem ; Ionian Boots of Lucidity → Hextech Alternator → Kindlegem ; Hextech Alternator,https://www.onetricks.gg/champions/builds/Neeko
Neeko,supp,16.19,,all,Solstice Sleigh → Hextech Rocketbelt,Randuin's Omen | Banshee's Veil | Frozen Heart,Abyssal Mask | Banshee's Veil | Zhonya's Hourglass,,Solstice Sleigh → Hextech Rocketbelt → Randuin's Omen → Abyssal Mask ; Solstice Sleigh → Hextech Rocketbelt → Randuin's Omen → Banshee's Veil ; Solstice Sleigh → Hextech Rocketbelt → Randuin's Omen → Zhonya's Hourglass,Hextech Alternator → Kindlegem ; Ionian Boots of Lucidity → Hextech Alternator → Kindlegem ; Hextech Alternator,https://www.onetricks.gg/champions/builds/Neeko
Nidalee,jungle,16.19,,Lich Bane,Lich Bane → Hextech Rocketbelt,Zhonya's Hourglass | Mejai's Soulstealer | Shadowflame,Void Staff | Rabadon's Deathcap | Zhonya's Hourglass,Banshee's Veil | Void Staff | Rabadon's Deathcap,Lich Bane → Hextech Rocketbelt → Zhonya's Hourglass → Void Staff ; Lich Bane → Hextech Rocketbelt → Zhonya's Hourglass → Rabadon's Deathcap ; Lich Bane → Hextech Rocketbelt → Zhonya's Hourglass → Mejai's Soulstealer,Blasting Wand → Dark Seal → Sheen ; Blasting Wand → Dark Seal → Boots ; Dark Seal → Blasting Wand → Sheen,https://www.onetricks.gg/champions/builds/Nidalee
Nidalee,jungle,16.19,,Lich Bane,Lich Bane → Shadowflame,Void Staff | Zhonya's Hourglass | Mejai's Soulstealer,Rabadon's Deathcap | Void Staff | Zhonya's Hourglass,Rabadon's Deathcap | Hextech Rocketbelt | Banshee's Veil,Lich Bane → Shadowflame → Void Staff → Rabadon's Deathcap ; Lich Bane → Shadowflame → Rabadon's Deathcap → Void Staff ; Lich Bane → Shadowflame → Void Staff → Zhonya's Hourglass → Rabadon's Deathcap,Blasting Wand → Dark Seal → Sheen ; Blasting Wand → Dark Seal → Boots ; Dark Seal → Blasting Wand → Sheen,https://www.onetricks.gg/champions/builds/Nidalee
Nidalee,jungle,16.19,,Lich Bane,Lich Bane → Zhonya's Hourglass,Shadowflame | Rabadon's Deathcap | Mejai's Soulstealer,Void Staff | Banshee's Veil | Cryptbloom,Banshee's Veil | Echoes of Helia,Lich Bane → Zhonya's Hourglass → Shadowflame → Cryptbloom ; Lich Bane → Zhonya's Hourglass → Shadowflame → Banshee's Veil ; Lich Bane → Zhonya's Hourglass → Mejai's Soulstealer → Void Staff,Blasting Wand → Dark Seal → Sheen ; Blasting Wand → Dark Seal → Boots ; Dark Seal → Blasting Wand → Sheen,https://www.onetricks.gg/champions/builds/Nidalee
Nidalee,jungle,16.19,,Lich Bane,Lich Bane → Mejai's Soulstealer,Hextech Rocketbelt | Zhonya's Hourglass | Shadowflame,Void Staff | Zhonya's Hourglass | Rabadon's Deathcap,Void Staff,Lich Bane → Mejai's Soulstealer → Hextech Rocketbelt → Zhonya's Hourglass ; Lich Bane → Mejai's Soulstealer → Hextech Rocketbelt → Void Staff ; Lich Bane → Mejai's Soulstealer → Hextech Rocketbelt → Zhonya's Hourglass → Void Staff,Blasting Wand → Dark Seal → Sheen ; Blasting Wand → Dark Seal → Boots ; Dark Seal → Blasting Wand → Sheen,https://www.onetricks.gg/champions/builds/Nidalee
Nidalee,jungle,16.19,,Blackfire Torch,Blackfire Torch → Liandry's Torment,Mejai's Soulstealer | Stormsurge | Rabadon's Deathcap,Mejai's Soulstealer | Rabadon's Deathcap | Zhonya's Hourglass,Rabadon's Deathcap | Void Staff | Cryptbloom,Blackfire Torch → Liandry's Torment → Rabadon's Deathcap → Mejai's Soulstealer → Stormsurge ; Blackfire Torch → Liandry's Torment → Mejai's Soulstealer → Zhonya's Hourglass ; Blackfire Torch → Liandry's Torment → Mejai's Soulstealer → Rabadon's Deathcap,Fated Ashes → Dark Seal → Lost Chapter ; Dark Seal → Fated Ashes → Boots ; Dark Seal → Fated Ashes → Sorcerer's Shoes,https://www.onetricks.gg/champions/builds/Nidalee
Nidalee,jungle,16.19,,Blackfire Torch,Blackfire Torch → Mejai's Soulstealer,Liandry's Torment,Stormsurge,Rabadon's Deathcap,Blackfire Torch → Mejai's Soulstealer → Liandry's Torment → Stormsurge → Rabadon's Deathcap,Fated Ashes → Dark Seal → Lost Chapter ; Dark Seal → Fated Ashes → Boots ; Dark Seal → Fated Ashes → Sorcerer's Shoes,https://www.onetricks.gg/champions/builds/Nidalee
Nidalee,jungle,16.19,,Hextech Rocketbelt,Hextech Rocketbelt → Lich Bane,Zhonya's Hourglass | Mejai's Soulstealer,Rabadon's Deathcap,Void Staff,Hextech Rocketbelt → Lich Bane → Zhonya's Hourglass ; Hextech Rocketbelt → Lich Bane → Mejai's Soulstealer → Rabadon's Deathcap → Void Staff,Dark Seal → Boots → Hextech Alternator,https://www.onetricks.gg/champions/builds/Nidalee
Nidalee,jungle,16.19,,Hextech Rocketbelt,Hextech Rocketbelt → Mejai's Soulstealer,Lich Bane,,,Hextech Rocketbelt → Mejai's Soulstealer → Lich Bane,Dark Seal → Boots → Hextech Alternator,https://www.onetricks.gg/champions/builds/Nidalee
Nidalee,jungle,16.19,,Liandry's Torment,Liandry's Torment → Lich Bane,Zhonya's Hourglass,Cryptbloom,,Liandry's Torment → Lich Bane → Zhonya's Hourglass → Cryptbloom,,https://www.onetricks.gg/champions/builds/Nidalee
Nidalee,jungle,16.19,,Luden's Echo,Luden's Echo → Bloodletter's Curse,Horizon Focus,,,Luden's Echo → Bloodletter's Curse → Horizon Focus,,https://www.onetricks.gg/champions/builds/Nidalee
Nilah,bot,16.19,,The Collector,The Collector → Infinity Edge,Lord Dominik's Regards | Mortal Reminder | Immortal Shieldbow,Death's Dance | Phantom Dancer | Immortal Shieldbow,Death's Dance | Immortal Shieldbow | Guardian Angel,The Collector → Infinity Edge → Lord Dominik's Regards → Death's Dance ; The Collector → Infinity Edge → Lord Dominik's Regards → Phantom Dancer → Death's Dance ; The Collector → Infinity Edge → Mortal Reminder → Death's Dance,Pickaxe → Serrated Dirk → Cloak of Agility ; Serrated Dirk → Pickaxe → Cloak of Agility ; Cull → Pickaxe → Serrated Dirk,https://www.onetricks.gg/champions/builds/Nilah
Nilah,bot,16.19,,The Collector,The Collector → Yun Tal Wildarrows,Infinity Edge | Mortal Reminder,Lord Dominik's Regards | Infinity Edge,Death's Dance,The Collector → Yun Tal Wildarrows → Infinity Edge → Lord Dominik's Regards ; The Collector → Yun Tal Wildarrows → Mortal Reminder → Infinity Edge ; The Collector → Yun Tal Wildarrows → Infinity Edge → Lord Dominik's Regards → Death's Dance,Pickaxe → Serrated Dirk → Cloak of Agility ; Serrated Dirk → Pickaxe → Cloak of Agility ; Cull → Pickaxe → Serrated Dirk,https://www.onetricks.gg/champions/builds/Nilah
Nilah,bot,16.19,,The Collector,The Collector → Lord Dominik's Regards,Infinity Edge | Death's Dance | Maw of Malmortius,Death's Dance | Infinity Edge | Phantom Dancer,Immortal Shieldbow,The Collector → Lord Dominik's Regards → Infinity Edge → Death's Dance ; The Collector → Lord Dominik's Regards → Infinity Edge → Phantom Dancer ; The Collector → Lord Dominik's Regards → Infinity Edge → Death's Dance → Immortal Shieldbow,Pickaxe → Serrated Dirk → Cloak of Agility ; Serrated Dirk → Pickaxe → Cloak of Agility ; Cull → Pickaxe → Serrated Dirk,https://www.onetricks.gg/champions/builds/Nilah
Nilah,bot,16.19,,Yun Tal Wildarrows,Yun Tal Wildarrows → Infinity Edge,Lord Dominik's Regards | Mortal Reminder | Immortal Shieldbow,Immortal Shieldbow | Death's Dance | Phantom Dancer,Death's Dance | Experimental Hexplate | Guardian Angel,Yun Tal Wildarrows → Infinity Edge → Lord Dominik's Regards → Immortal Shieldbow ; Yun Tal Wildarrows → Infinity Edge → Immortal Shieldbow → Lord Dominik's Regards ; Yun Tal Wildarrows → Infinity Edge → Mortal Reminder → Death's Dance,B. F. Sword → Scout's Slingshot → Long Sword ; Cull → Scout's Slingshot → B. F. Sword ; Cull → B. F. Sword → Scout's Slingshot,https://www.onetricks.gg/champions/builds/Nilah
Nilah,bot,16.19,,Yun Tal Wildarrows,Yun Tal Wildarrows → Immortal Shieldbow,Infinity Edge | Lord Dominik's Regards,Phantom Dancer | Lord Dominik's Regards,,Yun Tal Wildarrows → Immortal Shieldbow → Infinity Edge → Phantom Dancer ; Yun Tal Wildarrows → Immortal Shieldbow → Infinity Edge → Lord Dominik's Regards ; Yun Tal Wildarrows → Immortal Shieldbow → Lord Dominik's Regards,B. F. Sword → Scout's Slingshot → Long Sword ; Cull → Scout's Slingshot → B. F. Sword ; Cull → B. F. Sword → Scout's Slingshot,https://www.onetricks.gg/champions/builds/Nilah
Nilah,bot,16.19,,Hubris,Hubris → The Collector,Lord Dominik's Regards | Infinity Edge | Mortal Reminder,Infinity Edge | Lord Dominik's Regards | Serpent's Fang,Death's Dance | Fiendhunter Bolts | Maw of Malmortius,Hubris → The Collector → Lord Dominik's Regards → Serpent's Fang ; Hubris → The Collector → Lord Dominik's Regards → Infinity Edge ; Hubris → The Collector → Infinity Edge → Lord Dominik's Regards,Serrated Dirk → Caulfield's Warhammer ; Cull → Serrated Dirk → Caulfield's Warhammer,https://www.onetricks.gg/champions/builds/Nilah
Nilah,bot,16.19,,Infinity Edge,Infinity Edge → Lord Dominik's Regards,Phantom Dancer | Immortal Shieldbow,Death's Dance | Maw of Malmortius,Bloodthirster | Mercurial Scimitar | Death's Dance,Infinity Edge → Lord Dominik's Regards → Phantom Dancer → Death's Dance → Bloodthirster ; Infinity Edge → Lord Dominik's Regards → Phantom Dancer → Death's Dance → Mercurial Scimitar ; Infinity Edge → Lord Dominik's Regards → Phantom Dancer → Maw of Malmortius → Death's Dance,Pickaxe → B. F. Sword → Cloak of Agility,https://www.onetricks.gg/champions/builds/Nilah
Nilah,bot,16.19,,Infinity Edge,Infinity Edge → Phantom Dancer,Immortal Shieldbow,Lord Dominik's Regards,,Infinity Edge → Phantom Dancer → Immortal Shieldbow → Lord Dominik's Regards,Pickaxe → B. F. Sword → Cloak of Agility,https://www.onetricks.gg/champions/builds/Nilah
Nilah,bot,16.19,,Youmuu's Ghostblade,Youmuu's Ghostblade → The Collector,Infinity Edge,Lord Dominik's Regards,Phantom Dancer,Youmuu's Ghostblade → The Collector → Infinity Edge → Lord Dominik's Regards → Phantom Dancer,Serrated Dirk → Rectrix → Long Sword,https://www.onetricks.gg/champions/builds/Nilah
Nilah,bot,16.19,,Serpent's Fang,Serpent's Fang → The Collector,Mortal Reminder | Infinity Edge | Lord Dominik's Regards,,,Serpent's Fang → The Collector → Mortal Reminder ; Serpent's Fang → The Collector → Lord Dominik's Regards ; Serpent's Fang → The Collector → Infinity Edge,Pickaxe,https://www.onetricks.gg/champions/builds/Nilah
Nilah,bot,16.19,,Serpent's Fang,Serpent's Fang → Bastionbreaker,Mortal Reminder,The Collector,,Serpent's Fang → Bastionbreaker → Mortal Reminder → The Collector,Pickaxe,https://www.onetricks.gg/champions/builds/Nilah
Nocturne,jungle,16.19,,Profane Hydra,Profane Hydra → Axiom Arc,Voltaic Cyclosword | Serpent's Fang | The Collector,Lord Dominik's Regards | Death's Dance | Guardian Angel,Guardian Angel | Infinity Edge | Maw of Malmortius,Profane Hydra → Axiom Arc → Voltaic Cyclosword → Lord Dominik's Regards ; Profane Hydra → Axiom Arc → The Collector → Lord Dominik's Regards ; Profane Hydra → Axiom Arc → Voltaic Cyclosword → Death's Dance,Tiamat → Boots → The Brutalizer ; Tiamat → The Brutalizer ; The Brutalizer → Boots → Tiamat,https://www.onetricks.gg/champions/builds/Nocturne
Nocturne,jungle,16.19,,Profane Hydra,Profane Hydra → Voltaic Cyclosword,Experimental Hexplate | The Collector | Axiom Arc,Black Cleaver | Lord Dominik's Regards,Blade of The Ruined King,Profane Hydra → Voltaic Cyclosword → Experimental Hexplate → Black Cleaver → Blade of The Ruined King ; Profane Hydra → Voltaic Cyclosword → The Collector → Lord Dominik's Regards ; Profane Hydra → Voltaic Cyclosword → Axiom Arc → Lord Dominik's Regards,Tiamat → Boots → The Brutalizer ; Tiamat → The Brutalizer ; The Brutalizer → Boots → Tiamat,https://www.onetricks.gg/champions/builds/Nocturne
Nocturne,jungle,16.19,,Profane Hydra,Profane Hydra → Serpent's Fang,Randuin's Omen | Edge of Night,Zeke's Convergence | Voltaic Cyclosword,,Profane Hydra → Serpent's Fang → Randuin's Omen → Zeke's Convergence ; Profane Hydra → Serpent's Fang → Edge of Night → Voltaic Cyclosword,Tiamat → Boots → The Brutalizer ; Tiamat → The Brutalizer ; The Brutalizer → Boots → Tiamat,https://www.onetricks.gg/champions/builds/Nocturne
Nocturne,jungle,16.19,,Experimental Hexplate,Experimental Hexplate → Stridebreaker,Black Cleaver | Death's Dance | Guardian Angel,Guardian Angel | Black Cleaver | Death's Dance,Guardian Angel | Blade of The Ruined King,Experimental Hexplate → Stridebreaker → Death's Dance → Guardian Angel ; Experimental Hexplate → Stridebreaker → Black Cleaver → Guardian Angel ; Experimental Hexplate → Stridebreaker → Black Cleaver → Death's Dance,Tunneler → Phage → Dagger ; Phage → Boots → Tunneler ; Boots → Tunneler → Phage,https://www.onetricks.gg/champions/builds/Nocturne
Nocturne,jungle,16.19,,Experimental Hexplate,Experimental Hexplate → Black Cleaver,Guardian Angel | Death's Dance | Maw of Malmortius,Maw of Malmortius | Death's Dance | Edge of Night,,Experimental Hexplate → Black Cleaver → Death's Dance → Maw of Malmortius ; Experimental Hexplate → Black Cleaver → Guardian Angel → Death's Dance ; Experimental Hexplate → Black Cleaver → Guardian Angel → Edge of Night,Tunneler → Phage → Dagger ; Phage → Boots → Tunneler ; Boots → Tunneler → Phage,https://www.onetricks.gg/champions/builds/Nocturne
Nocturne,jungle,16.19,,Experimental Hexplate,Experimental Hexplate → Serpent's Fang,Black Cleaver | Stridebreaker,Death's Dance | Stridebreaker,Guardian Angel,Experimental Hexplate → Serpent's Fang → Stridebreaker → Death's Dance ; Experimental Hexplate → Serpent's Fang → Black Cleaver → Stridebreaker ; Experimental Hexplate → Serpent's Fang → Stridebreaker → Death's Dance → Guardian Angel,Tunneler → Phage → Dagger ; Phage → Boots → Tunneler ; Boots → Tunneler → Phage,https://www.onetricks.gg/champions/builds/Nocturne
Nocturne,jungle,16.19,,Stridebreaker,Stridebreaker → Experimental Hexplate,Black Cleaver | Guardian Angel | Death's Dance,Black Cleaver | Guardian Angel | Death's Dance,Thornmail | Death's Dance | Guardian Angel,Stridebreaker → Experimental Hexplate → Guardian Angel → Black Cleaver ; Stridebreaker → Experimental Hexplate → Black Cleaver → Death's Dance ; Stridebreaker → Experimental Hexplate → Death's Dance → Guardian Angel,Tiamat → Boots → Phage ; Tiamat → Phage → Dagger ; Boots → Tiamat → Phage,https://www.onetricks.gg/champions/builds/Nocturne
Nocturne,jungle,16.19,,Axiom Arc,Axiom Arc → Profane Hydra,Voltaic Cyclosword | Edge of Night | Serpent's Fang,Lord Dominik's Regards | Edge of Night | Voltaic Cyclosword,Guardian Angel | Edge of Night | Infinity Edge,Axiom Arc → Profane Hydra → Voltaic Cyclosword → Lord Dominik's Regards ; Axiom Arc → Profane Hydra → Voltaic Cyclosword → Edge of Night ; Axiom Arc → Profane Hydra → Serpent's Fang → Voltaic Cyclosword,The Brutalizer ; Pickaxe ; The Brutalizer → Boots → Caulfield's Warhammer,https://www.onetricks.gg/champions/builds/Nocturne
Nocturne,jungle,16.19,,Axiom Arc,Axiom Arc → Voltaic Cyclosword,Profane Hydra | Mortal Reminder | Immortal Shieldbow,Serylda's Grudge | Serpent's Fang | Mortal Reminder,Bastionbreaker | Experimental Hexplate | Mortal Reminder,Axiom Arc → Voltaic Cyclosword → Profane Hydra → Serylda's Grudge → Bastionbreaker ; Axiom Arc → Voltaic Cyclosword → Profane Hydra → Serpent's Fang ; Axiom Arc → Voltaic Cyclosword → Profane Hydra → Mortal Reminder,The Brutalizer ; Pickaxe ; The Brutalizer → Boots → Caulfield's Warhammer,https://www.onetricks.gg/champions/builds/Nocturne
Nunu,jungle,16.19,,Liandry's Torment,Liandry's Torment → Dead Man's Plate,"Abyssal Mask | Spirit Visage | Jak'Sho, The Protean","Jak'Sho, The Protean | Randuin's Omen | Spirit Visage","Mejai's Soulstealer | Jak'Sho, The Protean | Banshee's Veil","Liandry's Torment → Dead Man's Plate → Jak'Sho, The Protean → Randuin's Omen ; Liandry's Torment → Dead Man's Plate → Frozen Heart → Thornmail → Mejai's Soulstealer ; Liandry's Torment → Dead Man's Plate → Abyssal Mask → Jak'Sho, The Protean",Dark Seal → Boots → Fated Ashes ; Fated Ashes → Boots → Haunting Guise ; Fated Ashes → Boots → Dark Seal,https://www.onetricks.gg/champions/builds/Nunu
Nunu,jungle,16.19,,Liandry's Torment,Liandry's Torment → Mejai's Soulstealer,Dead Man's Plate | Hextech Rocketbelt | Kaenic Rookern,"Jak'Sho, The Protean | Kaenic Rookern | Randuin's Omen",,"Liandry's Torment → Mejai's Soulstealer → Dead Man's Plate → Jak'Sho, The Protean ; Liandry's Torment → Mejai's Soulstealer → Dead Man's Plate → Kaenic Rookern ; Liandry's Torment → Mejai's Soulstealer → Dead Man's Plate → Randuin's Omen",Dark Seal → Boots → Fated Ashes ; Fated Ashes → Boots → Haunting Guise ; Fated Ashes → Boots → Dark Seal,https://www.onetricks.gg/champions/builds/Nunu
Nunu,jungle,16.19,,Liandry's Torment,Liandry's Torment → Fimbulwinter,"Frozen Heart | Spirit Visage | Jak'Sho, The Protean",Frozen Heart | Mejai's Soulstealer | Kaenic Rookern,"Thornmail | Frozen Heart | Jak'Sho, The Protean","Liandry's Torment → Fimbulwinter → Jak'Sho, The Protean → Frozen Heart ; Liandry's Torment → Fimbulwinter → Spirit Visage → Mejai's Soulstealer ; Liandry's Torment → Fimbulwinter → Frozen Heart → Kaenic Rookern",Dark Seal → Boots → Fated Ashes ; Fated Ashes → Boots → Haunting Guise ; Fated Ashes → Boots → Dark Seal,https://www.onetricks.gg/champions/builds/Nunu
Nunu,jungle,16.19,,Liandry's Torment,Liandry's Torment → Hextech Rocketbelt,Randuin's Omen | Stormsurge | Kaenic Rookern,Abyssal Mask | Shadowflame | Spirit Visage,Zhonya's Hourglass | Mejai's Soulstealer,Liandry's Torment → Hextech Rocketbelt → Stormsurge → Shadowflame → Zhonya's Hourglass ; Liandry's Torment → Hextech Rocketbelt → Randuin's Omen → Abyssal Mask ; Liandry's Torment → Hextech Rocketbelt → Frozen Heart → Spirit Visage → Mejai's Soulstealer,Dark Seal → Boots → Fated Ashes ; Fated Ashes → Boots → Haunting Guise ; Fated Ashes → Boots → Dark Seal,https://www.onetricks.gg/champions/builds/Nunu
Nunu,jungle,16.19,,Hextech Rocketbelt,Hextech Rocketbelt → Zhonya's Hourglass,Banshee's Veil | Randuin's Omen | Frozen Heart,Banshee's Veil | Shadowflame | Mejai's Soulstealer,Banshee's Veil | Rabadon's Deathcap | Mejai's Soulstealer,Hextech Rocketbelt → Zhonya's Hourglass → Randuin's Omen → Banshee's Veil ; Hextech Rocketbelt → Zhonya's Hourglass → Banshee's Veil → Shadowflame ; Hextech Rocketbelt → Zhonya's Hourglass → Frozen Heart → Mejai's Soulstealer → Banshee's Veil,Dark Seal → Boots → Hextech Alternator ; Boots → Dark Seal → Hextech Alternator ; Dark Seal → Hextech Alternator → Boots,https://www.onetricks.gg/champions/builds/Nunu
Nunu,jungle,16.19,,Hextech Rocketbelt,Hextech Rocketbelt → Mejai's Soulstealer,Randuin's Omen | Zhonya's Hourglass | Bandlepipes,Banshee's Veil | Kaenic Rookern,Cryptbloom,Hextech Rocketbelt → Mejai's Soulstealer → Zhonya's Hourglass → Banshee's Veil ; Hextech Rocketbelt → Mejai's Soulstealer → Randuin's Omen → Kaenic Rookern ; Hextech Rocketbelt → Mejai's Soulstealer → Zhonya's Hourglass → Banshee's Veil → Cryptbloom,Dark Seal → Boots → Hextech Alternator ; Boots → Dark Seal → Hextech Alternator ; Dark Seal → Hextech Alternator → Boots,https://www.onetricks.gg/champions/builds/Nunu
Nunu,jungle,16.19,,Sunfire Aegis,Sunfire Aegis → Bandlepipes,Protoplasm Harness | Abyssal Mask | Knight's Vow,Unending Despair | Protoplasm Harness | Kaenic Rookern,,Sunfire Aegis → Bandlepipes → Abyssal Mask → Protoplasm Harness ; Sunfire Aegis → Bandlepipes → Knight's Vow → Unending Despair ; Sunfire Aegis → Bandlepipes → Protoplasm Harness → Randuin's Omen,Bami's Cinder → Dark Seal → Boots ; Dark Seal → Boots → Bami's Cinder ; Bami's Cinder → Boots → Cloth Armor,https://www.onetricks.gg/champions/builds/Nunu
Nunu,jungle,16.19,,Sunfire Aegis,Sunfire Aegis → Frozen Heart,Kaenic Rookern | Randuin's Omen | Abyssal Mask,Kaenic Rookern | Thornmail | Knight's Vow,Randuin's Omen,Sunfire Aegis → Frozen Heart → Kaenic Rookern → Knight's Vow → Randuin's Omen ; Sunfire Aegis → Frozen Heart → Kaenic Rookern → Thornmail ; Sunfire Aegis → Frozen Heart → Randuin's Omen → Kaenic Rookern,Bami's Cinder → Dark Seal → Boots ; Dark Seal → Boots → Bami's Cinder ; Bami's Cinder → Boots → Cloth Armor,https://www.onetricks.gg/champions/builds/Nunu
Nunu,jungle,16.19,,Bloodletter's Curse,Bloodletter's Curse → Dead Man's Plate,"Abyssal Mask | Randuin's Omen | Jak'Sho, The Protean",Bandlepipes | Mejai's Soulstealer | Randuin's Omen,Mejai's Soulstealer,Bloodletter's Curse → Dead Man's Plate → Abyssal Mask → Randuin's Omen ; Bloodletter's Curse → Dead Man's Plate → Abyssal Mask → Mejai's Soulstealer ; Bloodletter's Curse → Dead Man's Plate → Abyssal Mask → Randuin's Omen → Mejai's Soulstealer,Dark Seal → Boots → Haunting Guise ; Dark Seal → Boots → Fiendish Codex,https://www.onetricks.gg/champions/builds/Nunu
Nunu,jungle,16.19,,Dead Man's Plate,Dead Man's Plate → Liandry's Torment,Spirit Visage | Thornmail,Thornmail | Spirit Visage | Stormsurge,,Dead Man's Plate → Liandry's Torment → Spirit Visage → Thornmail ; Dead Man's Plate → Liandry's Torment → Spirit Visage → Stormsurge ; Dead Man's Plate → Liandry's Torment → Thornmail → Spirit Visage,Boots of Swiftness → Winged Moonplate → Chain Vest ; Boots of Swiftness → Fated Ashes → Winged Moonplate,https://www.onetricks.gg/champions/builds/Nunu
Nunu,jungle,16.19,,Dead Man's Plate,Dead Man's Plate → Thornmail,Liandry's Torment,Spirit Visage | Stormsurge,,Dead Man's Plate → Thornmail → Liandry's Torment → Stormsurge ; Dead Man's Plate → Thornmail → Liandry's Torment → Spirit Visage,Boots of Swiftness → Winged Moonplate → Chain Vest ; Boots of Swiftness → Fated Ashes → Winged Moonplate,https://www.onetricks.gg/champions/builds/Nunu
Nunu,jungle,16.19,,Riftmaker,Riftmaker → Warmog's Armor,Randuin's Omen | Protoplasm Harness,Mejai's Soulstealer,Bandlepipes,Riftmaker → Warmog's Armor → Randuin's Omen ; Riftmaker → Warmog's Armor → Protoplasm Harness → Mejai's Soulstealer → Bandlepipes,Bami's Cinder → Dark Seal → Boots,https://www.onetricks.gg/champions/builds/Nunu
Olaf,top,16.19,,Ravenous Hydra,Ravenous Hydra → Death's Dance,Maw of Malmortius | Fiendhunter Bolts | Lord Dominik's Regards,Fiendhunter Bolts | Mortal Reminder | Serpent's Fang,Youmuu's Ghostblade | Mortal Reminder | Maw of Malmortius,Ravenous Hydra → Death's Dance → Maw of Malmortius → Fiendhunter Bolts ; Ravenous Hydra → Death's Dance → Fiendhunter Bolts → Serpent's Fang → Youmuu's Ghostblade ; Ravenous Hydra → Death's Dance → Immortal Shieldbow → Mortal Reminder,Tiamat → Vampiric Scepter → Caulfield's Warhammer ; Vampiric Scepter → Tiamat → Caulfield's Warhammer ; Tiamat → Caulfield's Warhammer → Vampiric Scepter,https://www.onetricks.gg/champions/builds/Olaf
Olaf,top,16.19,,Ravenous Hydra,Ravenous Hydra → Experimental Hexplate,Death's Dance | Fiendhunter Bolts | Maw of Malmortius,Randuin's Omen | Maw of Malmortius | Mortal Reminder,,Ravenous Hydra → Experimental Hexplate → Death's Dance → Maw of Malmortius ; Ravenous Hydra → Experimental Hexplate → Fiendhunter Bolts → Randuin's Omen ; Ravenous Hydra → Experimental Hexplate → Maw of Malmortius → Mortal Reminder,Tiamat → Vampiric Scepter → Caulfield's Warhammer ; Vampiric Scepter → Tiamat → Caulfield's Warhammer ; Tiamat → Caulfield's Warhammer → Vampiric Scepter,https://www.onetricks.gg/champions/builds/Olaf
Olaf,top,16.19,,Ravenous Hydra,Ravenous Hydra → Fiendhunter Bolts,Death's Dance | Lord Dominik's Regards | Experimental Hexplate,Mortal Reminder | Immortal Shieldbow | Infinity Edge,Infinity Edge | Randuin's Omen,Ravenous Hydra → Fiendhunter Bolts → Death's Dance → Mortal Reminder ; Ravenous Hydra → Fiendhunter Bolts → Death's Dance → Immortal Shieldbow ; Ravenous Hydra → Fiendhunter Bolts → Death's Dance → Infinity Edge,Tiamat → Vampiric Scepter → Caulfield's Warhammer ; Vampiric Scepter → Tiamat → Caulfield's Warhammer ; Tiamat → Caulfield's Warhammer → Vampiric Scepter,https://www.onetricks.gg/champions/builds/Olaf
Olaf,top,16.19,,Stridebreaker,Stridebreaker → Experimental Hexplate,Death's Dance | Maw of Malmortius | Sterak's Gage,Death's Dance | Maw of Malmortius | Randuin's Omen,,Stridebreaker → Experimental Hexplate → Death's Dance → Maw of Malmortius ; Stridebreaker → Experimental Hexplate → Maw of Malmortius → Death's Dance ; Stridebreaker → Experimental Hexplate → Death's Dance → Randuin's Omen,Phage → Tiamat → Dagger ; Tiamat → Phage → Dagger ; Plated Steelcaps → Phage → Tiamat,https://www.onetricks.gg/champions/builds/Olaf
Olaf,top,16.19,,Stridebreaker,Stridebreaker → Death's Dance,Experimental Hexplate | Maw of Malmortius | Sterak's Gage,Randuin's Omen | Maw of Malmortius | Experimental Hexplate,Maw of Malmortius,Stridebreaker → Death's Dance → Experimental Hexplate → Randuin's Omen ; Stridebreaker → Death's Dance → Experimental Hexplate → Maw of Malmortius ; Stridebreaker → Death's Dance → Sterak's Gage → Experimental Hexplate,Phage → Tiamat → Dagger ; Tiamat → Phage → Dagger ; Plated Steelcaps → Phage → Tiamat,https://www.onetricks.gg/champions/builds/Olaf
Olaf,top,16.19,,Stridebreaker,Stridebreaker → Fiendhunter Bolts,Death's Dance | Mortal Reminder | Maw of Malmortius,Experimental Hexplate | Knight's Vow | Randuin's Omen,Experimental Hexplate,Stridebreaker → Fiendhunter Bolts → Death's Dance → Knight's Vow → Experimental Hexplate ; Stridebreaker → Fiendhunter Bolts → Death's Dance → Experimental Hexplate ; Stridebreaker → Fiendhunter Bolts → Death's Dance → Randuin's Omen,Phage → Tiamat → Dagger ; Tiamat → Phage → Dagger ; Plated Steelcaps → Phage → Tiamat,https://www.onetricks.gg/champions/builds/Olaf
Olaf,top,16.19,,Experimental Hexplate,Experimental Hexplate → Stridebreaker,Death's Dance | Maw of Malmortius | Mortal Reminder,Death's Dance | Maw of Malmortius | Mortal Reminder,Guardian Angel | Maw of Malmortius,Experimental Hexplate → Stridebreaker → Maw of Malmortius → Death's Dance ; Experimental Hexplate → Stridebreaker → Death's Dance → Maw of Malmortius ; Experimental Hexplate → Stridebreaker → Death's Dance → Mortal Reminder,Plated Steelcaps → Phage → Tunneler ; Phage → Tunneler → Dagger ; Phage → Plated Steelcaps → Tunneler,https://www.onetricks.gg/champions/builds/Olaf
Olaf,top,16.19,,Experimental Hexplate,Experimental Hexplate → Death's Dance,Randuin's Omen | Fiendhunter Bolts,Fiendhunter Bolts | Lord Dominik's Regards | Sterak's Gage,Ravenous Hydra,Experimental Hexplate → Death's Dance → Randuin's Omen → Fiendhunter Bolts → Ravenous Hydra ; Experimental Hexplate → Death's Dance → Randuin's Omen → Sterak's Gage ; Experimental Hexplate → Death's Dance → Fiendhunter Bolts → Lord Dominik's Regards,Plated Steelcaps → Phage → Tunneler ; Phage → Tunneler → Dagger ; Phage → Plated Steelcaps → Tunneler,https://www.onetricks.gg/champions/builds/Olaf
Orianna,mid,16.19,,Blackfire Torch,Blackfire Torch → Hextech Rocketbelt,Shadowflame | Zhonya's Hourglass | Void Staff,Rabadon's Deathcap | Void Staff | Mejai's Soulstealer,Banshee's Veil | Morellonomicon | Void Staff,Blackfire Torch → Hextech Rocketbelt → Void Staff → Rabadon's Deathcap → Banshee's Veil ; Blackfire Torch → Hextech Rocketbelt → Rabadon's Deathcap → Void Staff ; Blackfire Torch → Hextech Rocketbelt → Shadowflame → Rabadon's Deathcap,Lost Chapter → Fated Ashes ; Dark Seal → Lost Chapter → Fated Ashes ; Dark Seal → Lost Chapter → Ionian Boots of Lucidity,https://www.onetricks.gg/champions/builds/Orianna
Orianna,mid,16.19,,Blackfire Torch,Blackfire Torch → Shadowflame,Zhonya's Hourglass | Rabadon's Deathcap | Hextech Rocketbelt,Rabadon's Deathcap | Void Staff | Cosmic Drive,,Blackfire Torch → Shadowflame → Zhonya's Hourglass → Rabadon's Deathcap ; Blackfire Torch → Shadowflame → Hextech Rocketbelt → Rabadon's Deathcap ; Blackfire Torch → Shadowflame → Rabadon's Deathcap → Void Staff,Lost Chapter → Fated Ashes ; Dark Seal → Lost Chapter → Fated Ashes ; Dark Seal → Lost Chapter → Ionian Boots of Lucidity,https://www.onetricks.gg/champions/builds/Orianna
Orianna,mid,16.19,,Blackfire Torch,Blackfire Torch → Stormsurge,Zhonya's Hourglass | Banshee's Veil | Shadowflame,Mejai's Soulstealer | Void Staff | Shadowflame,Banshee's Veil | Zhonya's Hourglass,Blackfire Torch → Stormsurge → Zhonya's Hourglass → Void Staff → Banshee's Veil ; Blackfire Torch → Stormsurge → Zhonya's Hourglass → Mejai's Soulstealer ; Blackfire Torch → Stormsurge → Banshee's Veil → Mejai's Soulstealer → Zhonya's Hourglass,Lost Chapter → Fated Ashes ; Dark Seal → Lost Chapter → Fated Ashes ; Dark Seal → Lost Chapter → Ionian Boots of Lucidity,https://www.onetricks.gg/champions/builds/Orianna
Orianna,mid,16.19,,Blackfire Torch,Blackfire Torch → Zhonya's Hourglass,Cryptbloom | Shadowflame | Stormsurge,Rabadon's Deathcap | Banshee's Veil,Banshee's Veil,Blackfire Torch → Zhonya's Hourglass → Cryptbloom → Rabadon's Deathcap → Banshee's Veil ; Blackfire Torch → Zhonya's Hourglass → Stormsurge → Banshee's Veil,Lost Chapter → Fated Ashes ; Dark Seal → Lost Chapter → Fated Ashes ; Dark Seal → Lost Chapter → Ionian Boots of Lucidity,https://www.onetricks.gg/champions/builds/Orianna
Orianna,mid,16.19,,Luden's Echo,Luden's Echo → Hextech Rocketbelt,Shadowflame | Cryptbloom,Mejai's Soulstealer,,Luden's Echo → Hextech Rocketbelt → Shadowflame → Mejai's Soulstealer ; Luden's Echo → Hextech Rocketbelt → Cryptbloom,Dark Seal → Lost Chapter → Hextech Alternator ; Dark Seal → Lost Chapter → Sorcerer's Shoes ; Dark Seal → Hextech Alternator → Lost Chapter,https://www.onetricks.gg/champions/builds/Orianna
Orianna,mid,16.19,,Luden's Echo,Luden's Echo → Shadowflame,Mejai's Soulstealer | Banshee's Veil | Stormsurge,Cryptbloom,,Luden's Echo → Shadowflame → Banshee's Veil ; Luden's Echo → Shadowflame → Mejai's Soulstealer ; Luden's Echo → Shadowflame → Stormsurge → Cryptbloom,Dark Seal → Lost Chapter → Hextech Alternator ; Dark Seal → Lost Chapter → Sorcerer's Shoes ; Dark Seal → Hextech Alternator → Lost Chapter,https://www.onetricks.gg/champions/builds/Orianna
Orianna,mid,16.19,,Luden's Echo,Luden's Echo → Zhonya's Hourglass,Shadowflame | Rabadon's Deathcap,Mejai's Soulstealer,,Luden's Echo → Zhonya's Hourglass → Shadowflame ; Luden's Echo → Zhonya's Hourglass → Rabadon's Deathcap → Mejai's Soulstealer,Dark Seal → Lost Chapter → Hextech Alternator ; Dark Seal → Lost Chapter → Sorcerer's Shoes ; Dark Seal → Hextech Alternator → Lost Chapter,https://www.onetricks.gg/champions/builds/Orianna
Orianna,mid,16.19,,Seraph's Embrace,Seraph's Embrace → Zhonya's Hourglass,Morellonomicon | Cryptbloom | Rabadon's Deathcap,Mejai's Soulstealer | Cryptbloom,Cryptbloom,Seraph's Embrace → Zhonya's Hourglass → Morellonomicon → Mejai's Soulstealer → Cryptbloom ; Seraph's Embrace → Zhonya's Hourglass → Morellonomicon → Cryptbloom,Tear of the Goddess → Ionian Boots of Lucidity → Lost Chapter ; Tear of the Goddess → Boots of Swiftness → Lost Chapter ; Tear of the Goddess → Lost Chapter → Boots of Swiftness,https://www.onetricks.gg/champions/builds/Orianna
Orianna,mid,16.19,,Rod of Ages,Rod of Ages → Seraph's Embrace,Zhonya's Hourglass | Cryptbloom | Horizon Focus,Morellonomicon | Rabadon's Deathcap | Shadowflame,Rabadon's Deathcap | Void Staff,Rod of Ages → Seraph's Embrace → Cryptbloom → Morellonomicon → Rabadon's Deathcap ; Rod of Ages → Seraph's Embrace → Zhonya's Hourglass → Rabadon's Deathcap → Void Staff ; Rod of Ages → Seraph's Embrace → Zhonya's Hourglass → Shadowflame,Tear of the Goddess → Catalyst of Aeons → Blasting Wand ; Dark Seal → Catalyst of Aeons → Blasting Wand ; Mercury's Treads → Catalyst of Aeons → Dark Seal,https://www.onetricks.gg/champions/builds/Orianna
Orianna,mid,16.19,,Rod of Ages,Rod of Ages → Hextech Rocketbelt,Rabadon's Deathcap | Mejai's Soulstealer | Liandry's Torment,Banshee's Veil,,Rod of Ages → Hextech Rocketbelt → Rabadon's Deathcap ; Rod of Ages → Hextech Rocketbelt → Mejai's Soulstealer → Banshee's Veil ; Rod of Ages → Hextech Rocketbelt → Liandry's Torment,Tear of the Goddess → Catalyst of Aeons → Blasting Wand ; Dark Seal → Catalyst of Aeons → Blasting Wand ; Mercury's Treads → Catalyst of Aeons → Dark Seal,https://www.onetricks.gg/champions/builds/Orianna
Orianna,mid,16.19,,Hextech Rocketbelt,Hextech Rocketbelt → Seraph's Embrace,Mejai's Soulstealer,,,Hextech Rocketbelt → Seraph's Embrace → Mejai's Soulstealer,Dark Seal → Hextech Alternator → Kindlegem ; Tear of the Goddess → Hextech Alternator → Kindlegem ; Dark Seal → Hextech Alternator → Fiendish Codex,https://www.onetricks.gg/champions/builds/Orianna
Orianna,mid,16.19,,Hextech Rocketbelt,Hextech Rocketbelt → Blackfire Torch,,,,,Dark Seal → Hextech Alternator → Kindlegem ; Tear of the Goddess → Hextech Alternator → Kindlegem ; Dark Seal → Hextech Alternator → Fiendish Codex,https://www.onetricks.gg/champions/builds/Orianna
Orianna,mid,16.19,,Hextech Rocketbelt,Hextech Rocketbelt → Luden's Echo,,,,,Dark Seal → Hextech Alternator → Kindlegem ; Tear of the Goddess → Hextech Alternator → Kindlegem ; Dark Seal → Hextech Alternator → Fiendish Codex,https://www.onetricks.gg/champions/builds/Orianna
Ornn,top,16.19,,Unending Despair,Unending Despair → Kaenic Rookern,Thornmail | Knight's Vow | Randuin's Omen,Thornmail | Hollow Radiance | Sunfire Aegis,,Unending Despair → Kaenic Rookern → Abyssal Mask → Thornmail ; Unending Despair → Kaenic Rookern → Randuin's Omen → Thornmail ; Unending Despair → Kaenic Rookern → Randuin's Omen → Hollow Radiance,Chain Vest → Kindlegem → Ruby Crystal ; Bramble Vest → Chain Vest → Kindlegem ; Bramble Vest → Plated Steelcaps → Chain Vest,https://www.onetricks.gg/champions/builds/Ornn
Ornn,top,16.19,,Unending Despair,Unending Despair → Sunfire Aegis,Kaenic Rookern | Thornmail | Randuin's Omen,Protoplasm Harness,,Unending Despair → Sunfire Aegis → Thornmail ; Unending Despair → Sunfire Aegis → Kaenic Rookern → Protoplasm Harness ; Unending Despair → Sunfire Aegis → Randuin's Omen,Chain Vest → Kindlegem → Ruby Crystal ; Bramble Vest → Chain Vest → Kindlegem ; Bramble Vest → Plated Steelcaps → Chain Vest,https://www.onetricks.gg/champions/builds/Ornn
Ornn,top,16.19,,Kaenic Rookern,Kaenic Rookern → Frozen Heart,Knight's Vow | Randuin's Omen | Force of Nature,Knight's Vow | Randuin's Omen,,Kaenic Rookern → Frozen Heart → Knight's Vow ; Kaenic Rookern → Frozen Heart → Randuin's Omen → Knight's Vow ; Kaenic Rookern → Frozen Heart → Force of Nature → Randuin's Omen,Spectre's Cowl → Negatron Cloak ; Negatron Cloak → Spectre's Cowl ; Spectre's Cowl → Negatron Cloak → Null-Magic Mantle,https://www.onetricks.gg/champions/builds/Ornn
Ornn,top,16.19,,Kaenic Rookern,Kaenic Rookern → Unending Despair,"Jak'Sho, The Protean | Protoplasm Harness | Thornmail",Warmog's Armor,Protoplasm Harness,"Kaenic Rookern → Unending Despair → Jak'Sho, The Protean ; Kaenic Rookern → Unending Despair → Sunfire Aegis → Warmog's Armor → Protoplasm Harness",Spectre's Cowl → Negatron Cloak ; Negatron Cloak → Spectre's Cowl ; Spectre's Cowl → Negatron Cloak → Null-Magic Mantle,https://www.onetricks.gg/champions/builds/Ornn
Ornn,top,16.19,,Frozen Heart,Frozen Heart → Kaenic Rookern,Randuin's Omen | Knight's Vow | Force of Nature,"Locket of the Iron Solari | Force of Nature | Jak'Sho, The Protean",,"Frozen Heart → Kaenic Rookern → Knight's Vow → Locket of the Iron Solari ; Frozen Heart → Kaenic Rookern → Randuin's Omen → Force of Nature ; Frozen Heart → Kaenic Rookern → Force of Nature → Jak'Sho, The Protean",Glacial Buckler → Warden's Mail ; Warden's Mail → Glacial Buckler ; Bramble Vest → Glacial Buckler → Warden's Mail,https://www.onetricks.gg/champions/builds/Ornn
Ornn,top,16.19,,Frozen Heart,Frozen Heart → Unending Despair,Kaenic Rookern,Thornmail,,Frozen Heart → Unending Despair → Kaenic Rookern → Thornmail,Glacial Buckler → Warden's Mail ; Warden's Mail → Glacial Buckler ; Bramble Vest → Glacial Buckler → Warden's Mail,https://www.onetricks.gg/champions/builds/Ornn
Ornn,top,16.19,,Sunfire Aegis,Sunfire Aegis → Unending Despair,Kaenic Rookern | Thornmail | Randuin's Omen,Thornmail,,"Sunfire Aegis → Unending Despair → Kaenic Rookern → Thornmail ; Sunfire Aegis → Unending Despair → Thornmail ; Sunfire Aegis → Unending Despair → Jak'Sho, The Protean → Thornmail",Bami's Cinder → Chain Vest → Ruby Crystal ; Bramble Vest → Plated Steelcaps → Bami's Cinder ; Bramble Vest → Bami's Cinder → Chain Vest,https://www.onetricks.gg/champions/builds/Ornn
Ornn,top,16.19,,Sunfire Aegis,"Sunfire Aegis → Jak'Sho, The Protean",Protoplasm Harness | Kaenic Rookern,,,"Sunfire Aegis → Jak'Sho, The Protean → Protoplasm Harness ; Sunfire Aegis → Jak'Sho, The Protean → Kaenic Rookern",Bami's Cinder → Chain Vest → Ruby Crystal ; Bramble Vest → Plated Steelcaps → Bami's Cinder ; Bramble Vest → Bami's Cinder → Chain Vest,https://www.onetricks.gg/champions/builds/Ornn
Ornn,top,16.19,,Sunfire Aegis,Sunfire Aegis → Kaenic Rookern,Thornmail | Unending Despair | Knight's Vow,Protoplasm Harness | Unending Despair | Randuin's Omen,"Jak'Sho, The Protean","Sunfire Aegis → Kaenic Rookern → Knight's Vow → Protoplasm Harness ; Sunfire Aegis → Kaenic Rookern → Unending Despair → Randuin's Omen → Jak'Sho, The Protean ; Sunfire Aegis → Kaenic Rookern → Unending Despair → Jak'Sho, The Protean",Bami's Cinder → Chain Vest → Ruby Crystal ; Bramble Vest → Plated Steelcaps → Bami's Cinder ; Bramble Vest → Bami's Cinder → Chain Vest,https://www.onetricks.gg/champions/builds/Ornn
Ornn,top,16.19,,Dead Man's Plate,Dead Man's Plate → Kaenic Rookern,Knight's Vow | Thornmail | Randuin's Omen,,,Dead Man's Plate → Kaenic Rookern → Knight's Vow ; Dead Man's Plate → Kaenic Rookern → Thornmail ; Dead Man's Plate → Kaenic Rookern → Randuin's Omen,Winged Moonplate → Chain Vest → Ruby Crystal ; Bramble Vest → Plated Steelcaps → Chain Vest ; Plated Steelcaps → Winged Moonplate → Chain Vest,https://www.onetricks.gg/champions/builds/Ornn
Ornn,top,16.19,,Dead Man's Plate,Dead Man's Plate → Randuin's Omen,Kaenic Rookern,,,Dead Man's Plate → Randuin's Omen → Kaenic Rookern,Winged Moonplate → Chain Vest → Ruby Crystal ; Bramble Vest → Plated Steelcaps → Chain Vest ; Plated Steelcaps → Winged Moonplate → Chain Vest,https://www.onetricks.gg/champions/builds/Ornn
Ornn,top,16.19,,Dead Man's Plate,Dead Man's Plate → Frozen Heart,Force of Nature | Kaenic Rookern,Knight's Vow,Unending Despair,Dead Man's Plate → Frozen Heart → Force of Nature ; Dead Man's Plate → Frozen Heart → Kaenic Rookern → Knight's Vow → Unending Despair,Winged Moonplate → Chain Vest → Ruby Crystal ; Bramble Vest → Plated Steelcaps → Chain Vest ; Plated Steelcaps → Winged Moonplate → Chain Vest,https://www.onetricks.gg/champions/builds/Ornn
Ornn,top,16.19,,Dead Man's Plate,Dead Man's Plate → Force of Nature,Frozen Heart,Kaenic Rookern,,Dead Man's Plate → Force of Nature → Frozen Heart → Kaenic Rookern,Winged Moonplate → Chain Vest → Ruby Crystal ; Bramble Vest → Plated Steelcaps → Chain Vest ; Plated Steelcaps → Winged Moonplate → Chain Vest,https://www.onetricks.gg/champions/builds/Ornn
Ornn,top,16.19,,Randuin's Omen,Randuin's Omen → Kaenic Rookern,"Jak'Sho, The Protean | Thornmail | Knight's Vow",Frozen Heart,Force of Nature,"Randuin's Omen → Kaenic Rookern → Thornmail ; Randuin's Omen → Kaenic Rookern → Jak'Sho, The Protean → Frozen Heart → Force of Nature",Plated Steelcaps → Warden's Mail → Giant's Belt ; Warden's Mail → Bramble Vest → Giant's Belt ; Warden's Mail → Giant's Belt,https://www.onetricks.gg/champions/builds/Ornn
Ornn,top,16.19,,Randuin's Omen,Randuin's Omen → Unending Despair,Kaenic Rookern,,,Randuin's Omen → Unending Despair → Kaenic Rookern,Plated Steelcaps → Warden's Mail → Giant's Belt ; Warden's Mail → Bramble Vest → Giant's Belt ; Warden's Mail → Giant's Belt,https://www.onetricks.gg/champions/builds/Ornn
Pantheon,top,16.19,,Bastionbreaker,Bastionbreaker → Voltaic Cyclosword,Lord Dominik's Regards | Serpent's Fang | Maw of Malmortius,Edge of Night | Immortal Shieldbow | Death's Dance,Guardian Angel,Bastionbreaker → Voltaic Cyclosword → Lord Dominik's Regards → Immortal Shieldbow ; Bastionbreaker → Voltaic Cyclosword → Lord Dominik's Regards → Edge of Night ; Bastionbreaker → Voltaic Cyclosword → Lord Dominik's Regards → Death's Dance,The Brutalizer → Serrated Dirk ; Serrated Dirk → The Brutalizer ; Pickaxe → Serrated Dirk → The Brutalizer,https://www.onetricks.gg/champions/builds/Pantheon
Pantheon,top,16.19,,Black Cleaver,Black Cleaver → Spear of Shojin,Sterak's Gage | Death's Dance | Maw of Malmortius,Maw of Malmortius | Sundered Sky,,Black Cleaver → Spear of Shojin → Death's Dance → Maw of Malmortius ; Black Cleaver → Spear of Shojin → Voltaic Cyclosword ; Black Cleaver → Spear of Shojin → Sterak's Gage → Sundered Sky,Phage → Kindlegem → Pickaxe ; Pickaxe → Phage → Kindlegem ; Phage → Pickaxe → Kindlegem,https://www.onetricks.gg/champions/builds/Pantheon
Pantheon,top,16.19,,Black Cleaver,Black Cleaver → Sundered Sky,Maw of Malmortius | Guardian Angel | Death's Dance,Youmuu's Ghostblade,,Black Cleaver → Sundered Sky → Maw of Malmortius ; Black Cleaver → Sundered Sky → Guardian Angel → Youmuu's Ghostblade ; Black Cleaver → Sundered Sky → Death's Dance,Phage → Kindlegem → Pickaxe ; Pickaxe → Phage → Kindlegem ; Phage → Pickaxe → Kindlegem,https://www.onetricks.gg/champions/builds/Pantheon
Pantheon,top,16.19,,Voltaic Cyclosword,Voltaic Cyclosword → Bastionbreaker,Lord Dominik's Regards | Edge of Night | Serpent's Fang,Sundered Sky | Youmuu's Ghostblade | Death's Dance,,Voltaic Cyclosword → Bastionbreaker → Edge of Night → Sundered Sky ; Voltaic Cyclosword → Bastionbreaker → Edge of Night → Youmuu's Ghostblade ; Voltaic Cyclosword → Bastionbreaker → Lord Dominik's Regards → Death's Dance,The Brutalizer,https://www.onetricks.gg/champions/builds/Pantheon
Pantheon,top,16.19,,Voltaic Cyclosword,Voltaic Cyclosword → Sundered Sky,Black Cleaver,Chempunk Chainsword | Death's Dance,,Voltaic Cyclosword → Sundered Sky → Black Cleaver → Chempunk Chainsword ; Voltaic Cyclosword → Sundered Sky → Black Cleaver → Death's Dance,The Brutalizer,https://www.onetricks.gg/champions/builds/Pantheon
Pantheon,top,16.19,,Eclipse,Eclipse → Black Cleaver,Death's Dance,,,Eclipse → Black Cleaver → Death's Dance,Pickaxe → Caulfield's Warhammer → Long Sword ; Caulfield's Warhammer → Pickaxe → Long Sword ; Pickaxe → Plated Steelcaps → Caulfield's Warhammer,https://www.onetricks.gg/champions/builds/Pantheon
Pantheon,top,16.19,,Eclipse,Eclipse → Maw of Malmortius,Black Cleaver | Serpent's Fang,Death's Dance | Black Cleaver,,Eclipse → Maw of Malmortius → Black Cleaver → Death's Dance ; Eclipse → Maw of Malmortius → Serpent's Fang → Black Cleaver,Pickaxe → Caulfield's Warhammer → Long Sword ; Caulfield's Warhammer → Pickaxe → Long Sword ; Pickaxe → Plated Steelcaps → Caulfield's Warhammer,https://www.onetricks.gg/champions/builds/Pantheon
Pantheon,top,16.19,,Eclipse,Eclipse → Voltaic Cyclosword,Death's Dance,Black Cleaver,,Eclipse → Voltaic Cyclosword → Death's Dance → Black Cleaver,Pickaxe → Caulfield's Warhammer → Long Sword ; Caulfield's Warhammer → Pickaxe → Long Sword ; Pickaxe → Plated Steelcaps → Caulfield's Warhammer,https://www.onetricks.gg/champions/builds/Pantheon
Pantheon,top,16.19,,Eclipse,Eclipse → Death's Dance,,,,,Pickaxe → Caulfield's Warhammer → Long Sword ; Caulfield's Warhammer → Pickaxe → Long Sword ; Pickaxe → Plated Steelcaps → Caulfield's Warhammer,https://www.onetricks.gg/champions/builds/Pantheon
Pantheon,top,16.19,,Sundered Sky,Sundered Sky → Black Cleaver,Sterak's Gage | Death's Dance,Spear of Shojin | Edge of Night,,Sundered Sky → Black Cleaver → Sterak's Gage → Edge of Night ; Sundered Sky → Black Cleaver → Sterak's Gage → Spear of Shojin ; Sundered Sky → Black Cleaver → Death's Dance,Tunneler → Caulfield's Warhammer → Ruby Crystal ; Plated Steelcaps → Tunneler → Caulfield's Warhammer ; Boots of Swiftness → Caulfield's Warhammer → Tunneler,https://www.onetricks.gg/champions/builds/Pantheon
Pantheon,top,16.19,,Sundered Sky,Sundered Sky → Voltaic Cyclosword,Youmuu's Ghostblade,Bastionbreaker,,Sundered Sky → Voltaic Cyclosword → Youmuu's Ghostblade → Bastionbreaker,Tunneler → Caulfield's Warhammer → Ruby Crystal ; Plated Steelcaps → Tunneler → Caulfield's Warhammer ; Boots of Swiftness → Caulfield's Warhammer → Tunneler,https://www.onetricks.gg/champions/builds/Pantheon
Pantheon,top,16.19,,Youmuu's Ghostblade,Youmuu's Ghostblade → Voltaic Cyclosword,Edge of Night | Bastionbreaker,Lord Dominik's Regards,,Youmuu's Ghostblade → Voltaic Cyclosword → Edge of Night ; Youmuu's Ghostblade → Voltaic Cyclosword → Bastionbreaker → Lord Dominik's Regards,Serrated Dirk ; Serrated Dirk → Rectrix → Long Sword,https://www.onetricks.gg/champions/builds/Pantheon
Poppy,top,16.19,,Sundered Sky,Sundered Sky → Fimbulwinter,"Jak'Sho, The Protean | Unending Despair | Spirit Visage",Randuin's Omen | Knight's Vow,,"Sundered Sky → Fimbulwinter → Jak'Sho, The Protean ; Sundered Sky → Fimbulwinter → Spirit Visage → Randuin's Omen ; Sundered Sky → Fimbulwinter → Protoplasm Harness → Knight's Vow",Tear of the Goddess → Caulfield's Warhammer → Tunneler ; Tear of the Goddess → Plated Steelcaps → Tunneler ; Tear of the Goddess → Tunneler → Caulfield's Warhammer,https://www.onetricks.gg/champions/builds/Poppy
Poppy,top,16.19,,Sunfire Aegis,"Sunfire Aegis → Jak'Sho, The Protean",Thornmail | Protoplasm Harness | Randuin's Omen,Frozen Heart | Randuin's Omen,,"Sunfire Aegis → Jak'Sho, The Protean → Protoplasm Harness ; Sunfire Aegis → Jak'Sho, The Protean → Thornmail → Randuin's Omen ; Sunfire Aegis → Jak'Sho, The Protean → Randuin's Omen → Frozen Heart",Tear of the Goddess → Bami's Cinder → Chain Vest ; Bami's Cinder → Chain Vest → Ruby Crystal ; Tear of the Goddess → Bami's Cinder → Ionian Boots of Lucidity,https://www.onetricks.gg/champions/builds/Poppy
Poppy,top,16.19,,Sunfire Aegis,Sunfire Aegis → Fimbulwinter,"Jak'Sho, The Protean | Spirit Visage | Mortal Reminder",Frozen Heart | Spirit Visage | Sundered Sky,Randuin's Omen | Unending Despair | Thornmail,"Sunfire Aegis → Fimbulwinter → Jak'Sho, The Protean → Frozen Heart → Randuin's Omen ; Sunfire Aegis → Fimbulwinter → Jak'Sho, The Protean → Spirit Visage → Unending Despair ; Sunfire Aegis → Fimbulwinter → Spirit Visage → Sundered Sky → Thornmail",Tear of the Goddess → Bami's Cinder → Chain Vest ; Bami's Cinder → Chain Vest → Ruby Crystal ; Tear of the Goddess → Bami's Cinder → Ionian Boots of Lucidity,https://www.onetricks.gg/champions/builds/Poppy
Poppy,top,16.19,,Hollow Radiance,"Hollow Radiance → Jak'Sho, The Protean",Randuin's Omen | Protoplasm Harness | Kaenic Rookern,Fimbulwinter,,"Hollow Radiance → Jak'Sho, The Protean → Randuin's Omen ; Hollow Radiance → Jak'Sho, The Protean → Protoplasm Harness ; Hollow Radiance → Jak'Sho, The Protean → Thornmail → Fimbulwinter",Bami's Cinder → Spectre's Cowl ; Tear of the Goddess → Bami's Cinder → Spectre's Cowl ; Tear of the Goddess → Bami's Cinder → Null-Magic Mantle,https://www.onetricks.gg/champions/builds/Poppy
Poppy,top,16.19,,Hollow Radiance,Hollow Radiance → Fimbulwinter,"Randuin's Omen | Dead Man's Plate | Jak'Sho, The Protean",Unending Despair,,"Hollow Radiance → Fimbulwinter → Dead Man's Plate ; Hollow Radiance → Fimbulwinter → Jak'Sho, The Protean ; Hollow Radiance → Fimbulwinter → Randuin's Omen → Unending Despair",Bami's Cinder → Spectre's Cowl ; Tear of the Goddess → Bami's Cinder → Spectre's Cowl ; Tear of the Goddess → Bami's Cinder → Null-Magic Mantle,https://www.onetricks.gg/champions/builds/Poppy
Poppy,top,16.19,,Hollow Radiance,Hollow Radiance → Force of Nature,Thornmail | Knight's Vow,Locket of the Iron Solari,,Hollow Radiance → Force of Nature → Thornmail ; Hollow Radiance → Force of Nature → Knight's Vow → Locket of the Iron Solari,Bami's Cinder → Spectre's Cowl ; Tear of the Goddess → Bami's Cinder → Spectre's Cowl ; Tear of the Goddess → Bami's Cinder → Null-Magic Mantle,https://www.onetricks.gg/champions/builds/Poppy
Poppy,top,16.19,,Iceborn Gauntlet,Iceborn Gauntlet → Fimbulwinter,Spirit Visage,Randuin's Omen | Death's Dance,Knight's Vow,Iceborn Gauntlet → Fimbulwinter → Spirit Visage → Randuin's Omen ; Iceborn Gauntlet → Fimbulwinter → Spirit Visage → Death's Dance → Knight's Vow,Tear of the Goddess → Plated Steelcaps → Chain Vest ; Tear of the Goddess → Sheen → Cloth Armor ; Bramble Vest → Tear of the Goddess → Sheen,https://www.onetricks.gg/champions/builds/Poppy
Poppy,top,16.19,,Kaenic Rookern,Kaenic Rookern → Fimbulwinter,Protoplasm Harness,Randuin's Omen,,Kaenic Rookern → Fimbulwinter → Protoplasm Harness → Randuin's Omen,Tear of the Goddess → Negatron Cloak → Spectre's Cowl ; Tear of the Goddess → Spectre's Cowl → Negatron Cloak ; Tear of the Goddess → Spectre's Cowl → Null-Magic Mantle,https://www.onetricks.gg/champions/builds/Poppy
Poppy,top,16.19,,Trinity Force,Trinity Force → Black Cleaver,Death's Dance | Eclipse,,,Trinity Force → Black Cleaver → Eclipse ; Trinity Force → Black Cleaver → Death's Dance,Phage → Hearthbound Axe → Sheen ; Phage → Sheen → Hearthbound Axe,https://www.onetricks.gg/champions/builds/Poppy
Poppy,top,16.19,,Trinity Force,Trinity Force → Dead Man's Plate,Kaenic Rookern,Mortal Reminder,,Trinity Force → Dead Man's Plate → Kaenic Rookern → Mortal Reminder,Phage → Hearthbound Axe → Sheen ; Phage → Sheen → Hearthbound Axe,https://www.onetricks.gg/champions/builds/Poppy
Pyke,supp,16.19,,all,Celestial Opposition → Umbral Glaive,Edge of Night | Youmuu's Ghostblade | Maw of Malmortius,Youmuu's Ghostblade | Guardian Angel | Death's Dance,Guardian Angel | Serpent's Fang | Youmuu's Ghostblade,Celestial Opposition → Umbral Glaive → Edge of Night → Youmuu's Ghostblade ; Celestial Opposition → Umbral Glaive → Edge of Night → Guardian Angel ; Celestial Opposition → Umbral Glaive → Edge of Night → Frozen Heart,Boots of Swiftness → Serrated Dirk → Caulfield's Warhammer ; Serrated Dirk → Boots of Swiftness → Caulfield's Warhammer ; Boots of Swiftness → Serrated Dirk → Rectrix,https://www.onetricks.gg/champions/builds/Pyke
Pyke,supp,16.19,,all,Celestial Opposition → Youmuu's Ghostblade,Edge of Night | Umbral Glaive | Randuin's Omen,Edge of Night | Umbral Glaive | Guardian Angel,Mercurial Scimitar | Guardian Angel | Axiom Arc,Celestial Opposition → Youmuu's Ghostblade → Umbral Glaive → Edge of Night ; Celestial Opposition → Youmuu's Ghostblade → Edge of Night → Umbral Glaive ; Celestial Opposition → Youmuu's Ghostblade → Edge of Night → Guardian Angel,Boots of Swiftness → Serrated Dirk → Caulfield's Warhammer ; Serrated Dirk → Boots of Swiftness → Caulfield's Warhammer ; Boots of Swiftness → Serrated Dirk → Rectrix,https://www.onetricks.gg/champions/builds/Pyke
Pyke,supp,16.19,,all,Bloodsong → Umbral Glaive,Edge of Night | Youmuu's Ghostblade | Voltaic Cyclosword,Edge of Night | Maw of Malmortius | Axiom Arc,Voltaic Cyclosword | Kaenic Rookern,Bloodsong → Umbral Glaive → Youmuu's Ghostblade → Edge of Night ; Bloodsong → Umbral Glaive → Edge of Night → Axiom Arc ; Bloodsong → Umbral Glaive → Bastionbreaker → Serpent's Fang → Voltaic Cyclosword,Boots of Swiftness → Serrated Dirk → Caulfield's Warhammer ; Serrated Dirk → Boots of Swiftness → Caulfield's Warhammer ; Boots of Swiftness → Serrated Dirk → Rectrix,https://www.onetricks.gg/champions/builds/Pyke
Pyke,supp,16.19,,all,Bloodsong → Youmuu's Ghostblade,Edge of Night,Voltaic Cyclosword | Frozen Heart | Maw of Malmortius,Guardian Angel,Bloodsong → Youmuu's Ghostblade → Edge of Night → Voltaic Cyclosword ; Bloodsong → Youmuu's Ghostblade → Edge of Night → Maw of Malmortius ; Bloodsong → Youmuu's Ghostblade → Edge of Night → Frozen Heart,Boots of Swiftness → Serrated Dirk → Caulfield's Warhammer ; Serrated Dirk → Boots of Swiftness → Caulfield's Warhammer ; Boots of Swiftness → Serrated Dirk → Rectrix,https://www.onetricks.gg/champions/builds/Pyke
Qiyana,jungle,16.19,,Voltaic Cyclosword,Voltaic Cyclosword → Bastionbreaker,Edge of Night | Serylda's Grudge | Lord Dominik's Regards,Edge of Night | Serylda's Grudge | Lord Dominik's Regards,Guardian Angel | Umbral Glaive | Serpent's Fang,Voltaic Cyclosword → Bastionbreaker → Edge of Night → Serylda's Grudge ; Voltaic Cyclosword → Bastionbreaker → Edge of Night → Lord Dominik's Regards ; Voltaic Cyclosword → Bastionbreaker → Serpent's Fang → Edge of Night,The Brutalizer ; The Brutalizer → Boots → Long Sword ; Boots → The Brutalizer → Long Sword,https://www.onetricks.gg/champions/builds/Qiyana
Qiyana,jungle,16.19,,Voltaic Cyclosword,Voltaic Cyclosword → Serpent's Fang,Bastionbreaker | Serylda's Grudge | Edge of Night,Edge of Night | Serylda's Grudge | Mortal Reminder,Guardian Angel | Serylda's Grudge,Voltaic Cyclosword → Serpent's Fang → Bastionbreaker → Edge of Night ; Voltaic Cyclosword → Serpent's Fang → Bastionbreaker → Serylda's Grudge → Guardian Angel ; Voltaic Cyclosword → Serpent's Fang → Edge of Night → Mortal Reminder → Guardian Angel,The Brutalizer ; The Brutalizer → Boots → Long Sword ; Boots → The Brutalizer → Long Sword,https://www.onetricks.gg/champions/builds/Qiyana
Qiyana,jungle,16.19,,Voltaic Cyclosword,Voltaic Cyclosword → Axiom Arc,Serylda's Grudge | Edge of Night,Serylda's Grudge | Guardian Angel | Edge of Night,Guardian Angel | Death's Dance,Voltaic Cyclosword → Axiom Arc → Edge of Night → Serylda's Grudge → Guardian Angel ; Voltaic Cyclosword → Axiom Arc → Serylda's Grudge → Guardian Angel → Death's Dance ; Voltaic Cyclosword → Axiom Arc → Serylda's Grudge → Edge of Night,The Brutalizer ; The Brutalizer → Boots → Long Sword ; Boots → The Brutalizer → Long Sword,https://www.onetricks.gg/champions/builds/Qiyana
Qiyana,jungle,16.19,,Bastionbreaker,Bastionbreaker → Voltaic Cyclosword,Edge of Night | Serpent's Fang | Lord Dominik's Regards,Edge of Night | Serylda's Grudge | Lord Dominik's Regards,Guardian Angel | Edge of Night | Lord Dominik's Regards,Bastionbreaker → Voltaic Cyclosword → Edge of Night → Serylda's Grudge ; Bastionbreaker → Voltaic Cyclosword → Serylda's Grudge → Edge of Night ; Bastionbreaker → Voltaic Cyclosword → Edge of Night → Lord Dominik's Regards,The Brutalizer ; The Brutalizer → Serrated Dirk ; The Brutalizer → Serrated Dirk → Boots,https://www.onetricks.gg/champions/builds/Qiyana
Qiyana,jungle,16.19,,Bastionbreaker,Bastionbreaker → Serpent's Fang,Voltaic Cyclosword | Edge of Night | Serylda's Grudge,Serylda's Grudge | Edge of Night | Lord Dominik's Regards,Edge of Night,Bastionbreaker → Serpent's Fang → Voltaic Cyclosword → Serylda's Grudge ; Bastionbreaker → Serpent's Fang → Voltaic Cyclosword → Edge of Night ; Bastionbreaker → Serpent's Fang → Edge of Night → Serylda's Grudge,The Brutalizer ; The Brutalizer → Serrated Dirk ; The Brutalizer → Serrated Dirk → Boots,https://www.onetricks.gg/champions/builds/Qiyana
Qiyana,jungle,16.19,,Umbral Glaive,Umbral Glaive → Bastionbreaker,Voltaic Cyclosword | Edge of Night | Serpent's Fang,Edge of Night | Serylda's Grudge | Lord Dominik's Regards,Guardian Angel | Serylda's Grudge | Endless Hunger,Umbral Glaive → Bastionbreaker → Voltaic Cyclosword → Serylda's Grudge ; Umbral Glaive → Bastionbreaker → Serpent's Fang → Edge of Night ; Umbral Glaive → Bastionbreaker → Voltaic Cyclosword → Edge of Night,Serrated Dirk → Caulfield's Warhammer ; Serrated Dirk ; Serrated Dirk → Caulfield's Warhammer → Boots,https://www.onetricks.gg/champions/builds/Qiyana
Qiyana,jungle,16.19,,Umbral Glaive,Umbral Glaive → Voltaic Cyclosword,Bastionbreaker | Edge of Night | Serylda's Grudge,Mortal Reminder | Edge of Night | Bastionbreaker,Guardian Angel | Serpent's Fang | Edge of Night,Umbral Glaive → Voltaic Cyclosword → Bastionbreaker → Edge of Night → Guardian Angel ; Umbral Glaive → Voltaic Cyclosword → Edge of Night → Mortal Reminder → Guardian Angel ; Umbral Glaive → Voltaic Cyclosword → Edge of Night → Bastionbreaker,Serrated Dirk → Caulfield's Warhammer ; Serrated Dirk ; Serrated Dirk → Caulfield's Warhammer → Boots,https://www.onetricks.gg/champions/builds/Qiyana
Qiyana,jungle,16.19,,Umbral Glaive,Umbral Glaive → Edge of Night,Serpent's Fang | Profane Hydra | Bastionbreaker,Serylda's Grudge | Mortal Reminder | Chempunk Chainsword,Force of Nature,Umbral Glaive → Edge of Night → Profane Hydra → Serylda's Grudge ; Umbral Glaive → Edge of Night → Serpent's Fang → Serylda's Grudge → Force of Nature ; Umbral Glaive → Edge of Night → Black Cleaver → Chempunk Chainsword → Force of Nature,Serrated Dirk → Caulfield's Warhammer ; Serrated Dirk ; Serrated Dirk → Caulfield's Warhammer → Boots,https://www.onetricks.gg/champions/builds/Qiyana
Qiyana,jungle,16.19,,Umbral Glaive,Umbral Glaive → Serpent's Fang,Bastionbreaker | Edge of Night | Serylda's Grudge,Edge of Night | Serylda's Grudge | Lord Dominik's Regards,Guardian Angel | Youmuu's Ghostblade | Edge of Night,Umbral Glaive → Serpent's Fang → Bastionbreaker → Edge of Night ; Umbral Glaive → Serpent's Fang → Bastionbreaker → Serylda's Grudge → Edge of Night ; Umbral Glaive → Serpent's Fang → Edge of Night → Serylda's Grudge → Death's Dance,Serrated Dirk → Caulfield's Warhammer ; Serrated Dirk ; Serrated Dirk → Caulfield's Warhammer → Boots,https://www.onetricks.gg/champions/builds/Qiyana
Qiyana,jungle,16.19,,Profane Hydra,Profane Hydra → Voltaic Cyclosword,Edge of Night | Serpent's Fang | Bastionbreaker,Serylda's Grudge | Edge of Night | Bastionbreaker,Guardian Angel | Edge of Night | Bastionbreaker,Profane Hydra → Voltaic Cyclosword → Bastionbreaker → Serylda's Grudge ; Profane Hydra → Voltaic Cyclosword → Serpent's Fang → Edge of Night ; Profane Hydra → Voltaic Cyclosword → Edge of Night → Serylda's Grudge,The Brutalizer ; The Brutalizer → Boots → Tiamat ; The Brutalizer → Tiamat,https://www.onetricks.gg/champions/builds/Qiyana
Qiyana,jungle,16.19,,Profane Hydra,Profane Hydra → Bastionbreaker,Voltaic Cyclosword | Maw of Malmortius | Umbral Glaive,Serylda's Grudge | Voltaic Cyclosword | Edge of Night,Edge of Night,Profane Hydra → Bastionbreaker → Voltaic Cyclosword → Serylda's Grudge ; Profane Hydra → Bastionbreaker → Maw of Malmortius → Voltaic Cyclosword ; Profane Hydra → Bastionbreaker → Voltaic Cyclosword → Edge of Night,The Brutalizer ; The Brutalizer → Boots → Tiamat ; The Brutalizer → Tiamat,https://www.onetricks.gg/champions/builds/Qiyana
Qiyana,jungle,16.19,,Hubris,Hubris → Bastionbreaker,Voltaic Cyclosword | Serpent's Fang | Lord Dominik's Regards,Edge of Night | Serylda's Grudge | Lord Dominik's Regards,Edge of Night | Endless Hunger | Serylda's Grudge,Hubris → Bastionbreaker → Voltaic Cyclosword → Edge of Night ; Hubris → Bastionbreaker → Voltaic Cyclosword → Serylda's Grudge ; Hubris → Bastionbreaker → Voltaic Cyclosword → Edge of Night → Endless Hunger,Serrated Dirk → Caulfield's Warhammer ; Serrated Dirk ; Serrated Dirk → Boots → Caulfield's Warhammer,https://www.onetricks.gg/champions/builds/Qiyana
Qiyana,jungle,16.19,,Hubris,Hubris → Voltaic Cyclosword,Serylda's Grudge | Bastionbreaker | Edge of Night,Edge of Night | Umbral Glaive | Serylda's Grudge,,Hubris → Voltaic Cyclosword → Bastionbreaker → Edge of Night ; Hubris → Voltaic Cyclosword → Bastionbreaker → Umbral Glaive ; Hubris → Voltaic Cyclosword → Bastionbreaker → Serylda's Grudge,Serrated Dirk → Caulfield's Warhammer ; Serrated Dirk ; Serrated Dirk → Boots → Caulfield's Warhammer,https://www.onetricks.gg/champions/builds/Qiyana
Quinn,top,16.19,,Profane Hydra,Profane Hydra → Edge of Night,Lord Dominik's Regards | Mortal Reminder | Serpent's Fang,The Collector | Lord Dominik's Regards | Infinity Edge,Infinity Edge | Guardian Angel | Immortal Shieldbow,Profane Hydra → Edge of Night → Lord Dominik's Regards → The Collector → Infinity Edge ; Profane Hydra → Edge of Night → Voltaic Cyclosword → Lord Dominik's Regards → Guardian Angel ; Profane Hydra → Edge of Night → Mortal Reminder → Infinity Edge → Immortal Shieldbow,Tiamat → The Brutalizer ; Tiamat → Pickaxe → The Brutalizer ; Pickaxe → Tiamat → The Brutalizer,https://www.onetricks.gg/champions/builds/Quinn
Quinn,top,16.19,,Profane Hydra,Profane Hydra → The Collector,Edge of Night | Lord Dominik's Regards,Mortal Reminder | Lord Dominik's Regards,Mercurial Scimitar,Profane Hydra → The Collector → Edge of Night → Mortal Reminder ; Profane Hydra → The Collector → Edge of Night → Lord Dominik's Regards ; Profane Hydra → The Collector → Edge of Night → Mortal Reminder → Mercurial Scimitar,Tiamat → The Brutalizer ; Tiamat → Pickaxe → The Brutalizer ; Pickaxe → Tiamat → The Brutalizer,https://www.onetricks.gg/champions/builds/Quinn
Quinn,top,16.19,,Kraken Slayer,Kraken Slayer → Mortal Reminder,Infinity Edge,Deprecated item,,Kraken Slayer → Mortal Reminder → Infinity Edge → Deprecated item,Hearthbound Axe → Rectrix → Recurve Bow ; Cull → Recurve Bow → Berserker's Greaves ; Rectrix → Hearthbound Axe → Recurve Bow,https://www.onetricks.gg/champions/builds/Quinn
Quinn,top,16.19,,Kraken Slayer,Kraken Slayer → The Collector,Edge of Night,Infinity Edge,,Kraken Slayer → The Collector → Edge of Night → Infinity Edge,Hearthbound Axe → Rectrix → Recurve Bow ; Cull → Recurve Bow → Berserker's Greaves ; Rectrix → Hearthbound Axe → Recurve Bow,https://www.onetricks.gg/champions/builds/Quinn
Quinn,top,16.19,,Kraken Slayer,Kraken Slayer → Lord Dominik's Regards,Immortal Shieldbow | Edge of Night | The Collector,Guardian Angel,,Kraken Slayer → Lord Dominik's Regards → Immortal Shieldbow ; Kraken Slayer → Lord Dominik's Regards → Edge of Night → Guardian Angel ; Kraken Slayer → Lord Dominik's Regards → The Collector,Hearthbound Axe → Rectrix → Recurve Bow ; Cull → Recurve Bow → Berserker's Greaves ; Rectrix → Hearthbound Axe → Recurve Bow,https://www.onetricks.gg/champions/builds/Quinn
Quinn,top,16.19,,Kraken Slayer,Kraken Slayer → Edge of Night,Mortal Reminder | Lord Dominik's Regards,Serpent's Fang,,Kraken Slayer → Edge of Night → Lord Dominik's Regards → Serpent's Fang ; Kraken Slayer → Edge of Night → Mortal Reminder,Hearthbound Axe → Rectrix → Recurve Bow ; Cull → Recurve Bow → Berserker's Greaves ; Rectrix → Hearthbound Axe → Recurve Bow,https://www.onetricks.gg/champions/builds/Quinn
Quinn,top,16.19,,Deprecated item,Deprecated item → Infinity Edge,Lord Dominik's Regards | Mortal Reminder,,,Deprecated item → Infinity Edge → Lord Dominik's Regards ; Deprecated item → Infinity Edge → Mortal Reminder,B. F. Sword → Cloak of Agility → Scout's Slingshot ; B. F. Sword → Scout's Slingshot → Cloak of Agility ; Cull → B. F. Sword → Cloak of Agility,https://www.onetricks.gg/champions/builds/Quinn
Quinn,top,16.19,,Deprecated item,Deprecated item → Lord Dominik's Regards,Infinity Edge | Edge of Night,,,Deprecated item → Lord Dominik's Regards → Infinity Edge ; Deprecated item → Lord Dominik's Regards → Edge of Night,B. F. Sword → Cloak of Agility → Scout's Slingshot ; B. F. Sword → Scout's Slingshot → Cloak of Agility ; Cull → B. F. Sword → Cloak of Agility,https://www.onetricks.gg/champions/builds/Quinn
Quinn,top,16.19,,Deprecated item,Deprecated item → Edge of Night,Lord Dominik's Regards | Mercurial Scimitar,Lord Dominik's Regards,,Deprecated item → Edge of Night → Mercurial Scimitar → Lord Dominik's Regards ; Deprecated item → Edge of Night → Lord Dominik's Regards,B. F. Sword → Cloak of Agility → Scout's Slingshot ; B. F. Sword → Scout's Slingshot → Cloak of Agility ; Cull → B. F. Sword → Cloak of Agility,https://www.onetricks.gg/champions/builds/Quinn
Quinn,top,16.19,,Deprecated item,Deprecated item → The Collector,Lord Dominik's Regards,,,Deprecated item → The Collector → Lord Dominik's Regards,B. F. Sword → Cloak of Agility → Scout's Slingshot ; B. F. Sword → Scout's Slingshot → Cloak of Agility ; Cull → B. F. Sword → Cloak of Agility,https://www.onetricks.gg/champions/builds/Quinn
Quinn,top,16.19,,The Collector,The Collector → Mortal Reminder,Edge of Night,Infinity Edge | Profane Hydra | Guardian Angel,Profane Hydra,The Collector → Mortal Reminder → Edge of Night → Profane Hydra ; The Collector → Mortal Reminder → Edge of Night → Infinity Edge ; The Collector → Mortal Reminder → Edge of Night → Guardian Angel → Profane Hydra,Serrated Dirk → Pickaxe → Cloak of Agility ; Pickaxe → Serrated Dirk → Cloak of Agility ; Pickaxe → Cloak of Agility → Serrated Dirk,https://www.onetricks.gg/champions/builds/Quinn
Quinn,top,16.19,,The Collector,The Collector → Lord Dominik's Regards,Infinity Edge | Edge of Night,Immortal Shieldbow,Edge of Night,The Collector → Lord Dominik's Regards → Infinity Edge → Immortal Shieldbow → Edge of Night ; The Collector → Lord Dominik's Regards → Edge of Night,Serrated Dirk → Pickaxe → Cloak of Agility ; Pickaxe → Serrated Dirk → Cloak of Agility ; Pickaxe → Cloak of Agility → Serrated Dirk,https://www.onetricks.gg/champions/builds/Quinn
Quinn,top,16.19,,Yun Tal Wildarrows,Yun Tal Wildarrows → Lord Dominik's Regards,Infinity Edge,Deprecated item,,Yun Tal Wildarrows → Lord Dominik's Regards → Infinity Edge → Deprecated item,B. F. Sword ; B. F. Sword → Scout's Slingshot → Long Sword ; Cull → B. F. Sword → Scout's Slingshot,https://www.onetricks.gg/champions/builds/Quinn
Quinn,top,16.19,,Yun Tal Wildarrows,Yun Tal Wildarrows → Infinity Edge,Edge of Night,,,Yun Tal Wildarrows → Infinity Edge → Edge of Night,B. F. Sword ; B. F. Sword → Scout's Slingshot → Long Sword ; Cull → B. F. Sword → Scout's Slingshot,https://www.onetricks.gg/champions/builds/Quinn
Quinn,top,16.19,,Hubris,Hubris → The Collector,Lord Dominik's Regards,Infinity Edge,Hexoptics C44,Hubris → The Collector → Lord Dominik's Regards → Infinity Edge → Hexoptics C44,Serrated Dirk → Caulfield's Warhammer ; Serrated Dirk,https://www.onetricks.gg/champions/builds/Quinn
Quinn,top,16.19,,Hubris,Hubris → Profane Hydra,Edge of Night,Lord Dominik's Regards,,Hubris → Profane Hydra → Edge of Night → Lord Dominik's Regards,Serrated Dirk → Caulfield's Warhammer ; Serrated Dirk,https://www.onetricks.gg/champions/builds/Quinn
Rakan,supp,16.19,,all,Celestial Opposition → Zeke's Convergence,Locket of the Iron Solari | Knight's Vow | Mikael's Blessing,Knight's Vow | Locket of the Iron Solari | Abyssal Mask,Bandlepipes,Celestial Opposition → Zeke's Convergence → Locket of the Iron Solari → Knight's Vow ; Celestial Opposition → Zeke's Convergence → Knight's Vow → Locket of the Iron Solari ; Celestial Opposition → Zeke's Convergence → Locket of the Iron Solari → Abyssal Mask,Ionian Boots of Lucidity → Kindlegem → Cloth Armor ; Dark Seal → Sorcerer's Shoes → Hextech Alternator ; Boots → Kindlegem → Cloth Armor,https://www.onetricks.gg/champions/builds/Rakan
Rakan,supp,16.19,,all,Solstice Sleigh → Zeke's Convergence,Knight's Vow | Mikael's Blessing | Locket of the Iron Solari,Knight's Vow | Protoplasm Harness,Locket of the Iron Solari,Solstice Sleigh → Zeke's Convergence → Mikael's Blessing → Knight's Vow ; Solstice Sleigh → Zeke's Convergence → Locket of the Iron Solari → Knight's Vow ; Solstice Sleigh → Zeke's Convergence → Bandlepipes → Knight's Vow → Locket of the Iron Solari,Ionian Boots of Lucidity → Kindlegem → Cloth Armor ; Dark Seal → Sorcerer's Shoes → Hextech Alternator ; Boots → Kindlegem → Cloth Armor,https://www.onetricks.gg/champions/builds/Rakan
Rakan,supp,16.19,,all,Bloodsong → Hextech Rocketbelt,Stormsurge | Rabadon's Deathcap | Abyssal Mask,Imperial Mandate | Shurelya's Battlesong | Rabadon's Deathcap,Rabadon's Deathcap,Bloodsong → Hextech Rocketbelt → Stormsurge → Imperial Mandate ; Bloodsong → Hextech Rocketbelt → Rabadon's Deathcap → Stormsurge ; Bloodsong → Hextech Rocketbelt → Rabadon's Deathcap → Shurelya's Battlesong,Ionian Boots of Lucidity → Kindlegem → Cloth Armor ; Dark Seal → Sorcerer's Shoes → Hextech Alternator ; Boots → Kindlegem → Cloth Armor,https://www.onetricks.gg/champions/builds/Rakan
Rakan,supp,16.19,,all,Celestial Opposition → Locket of the Iron Solari,Knight's Vow | Zeke's Convergence | Mikael's Blessing,Mikael's Blessing | Bandlepipes | Zeke's Convergence,,Celestial Opposition → Locket of the Iron Solari → Knight's Vow → Mikael's Blessing ; Celestial Opposition → Locket of the Iron Solari → Knight's Vow → Bandlepipes ; Celestial Opposition → Locket of the Iron Solari → Mikael's Blessing → Zeke's Convergence,Ionian Boots of Lucidity → Kindlegem → Cloth Armor ; Dark Seal → Sorcerer's Shoes → Hextech Alternator ; Boots → Kindlegem → Cloth Armor,https://www.onetricks.gg/champions/builds/Rakan
Rammus,jungle,16.19,,Thornmail,Thornmail → Sunfire Aegis,"Jak'Sho, The Protean | Protoplasm Harness | Dead Man's Plate","Jak'Sho, The Protean | Dead Man's Plate | Protoplasm Harness","Protoplasm Harness | Jak'Sho, The Protean | Randuin's Omen","Thornmail → Sunfire Aegis → Jak'Sho, The Protean → Protoplasm Harness ; Thornmail → Sunfire Aegis → Dead Man's Plate → Jak'Sho, The Protean ; Thornmail → Sunfire Aegis → Jak'Sho, The Protean → Dead Man's Plate",Bramble Vest → Boots → Chain Vest ; Bami's Cinder → Boots → Bramble Vest ; Bami's Cinder → Bramble Vest → Chain Vest,https://www.onetricks.gg/champions/builds/Rammus
Rammus,jungle,16.19,,Thornmail,Thornmail → Hollow Radiance,"Jak'Sho, The Protean | Kaenic Rookern | Randuin's Omen","Protoplasm Harness | Dead Man's Plate | Jak'Sho, The Protean",Randuin's Omen | Protoplasm Harness,"Thornmail → Hollow Radiance → Jak'Sho, The Protean → Protoplasm Harness ; Thornmail → Hollow Radiance → Jak'Sho, The Protean → Dead Man's Plate ; Thornmail → Hollow Radiance → Jak'Sho, The Protean → Kaenic Rookern",Bramble Vest → Boots → Chain Vest ; Bami's Cinder → Boots → Bramble Vest ; Bami's Cinder → Bramble Vest → Chain Vest,https://www.onetricks.gg/champions/builds/Rammus
Rammus,jungle,16.19,,Thornmail,"Thornmail → Jak'Sho, The Protean",Protoplasm Harness | Dead Man's Plate | Kaenic Rookern,Sunfire Aegis | Protoplasm Harness | Force of Nature,Hollow Radiance | Randuin's Omen | Protoplasm Harness,"Thornmail → Jak'Sho, The Protean → Protoplasm Harness → Sunfire Aegis ; Thornmail → Jak'Sho, The Protean → Protoplasm Harness → Force of Nature ; Thornmail → Jak'Sho, The Protean → Abyssal Mask → Protoplasm Harness",Bramble Vest → Boots → Chain Vest ; Bami's Cinder → Boots → Bramble Vest ; Bami's Cinder → Bramble Vest → Chain Vest,https://www.onetricks.gg/champions/builds/Rammus
Rammus,jungle,16.19,,Thornmail,Thornmail → Dead Man's Plate,"Jak'Sho, The Protean | Kaenic Rookern | Protoplasm Harness","Sunfire Aegis | Protoplasm Harness | Jak'Sho, The Protean",Unending Despair,"Thornmail → Dead Man's Plate → Jak'Sho, The Protean → Sunfire Aegis → Unending Despair ; Thornmail → Dead Man's Plate → Kaenic Rookern → Protoplasm Harness ; Thornmail → Dead Man's Plate → Sunfire Aegis → Jak'Sho, The Protean",Bramble Vest → Boots → Chain Vest ; Bami's Cinder → Boots → Bramble Vest ; Bami's Cinder → Bramble Vest → Chain Vest,https://www.onetricks.gg/champions/builds/Rammus
Rammus,jungle,16.19,,Dead Man's Plate,Dead Man's Plate → Protoplasm Harness,"Jak'Sho, The Protean | Kaenic Rookern | Randuin's Omen","Randuin's Omen | Jak'Sho, The Protean | Hollow Radiance",Bandlepipes,"Dead Man's Plate → Protoplasm Harness → Kaenic Rookern → Jak'Sho, The Protean ; Dead Man's Plate → Protoplasm Harness → Kaenic Rookern → Randuin's Omen ; Dead Man's Plate → Protoplasm Harness → Jak'Sho, The Protean → Randuin's Omen",Chain Vest → Boots → Winged Moonplate ; Bami's Cinder → Boots → Chain Vest ; Bami's Cinder → Boots → Winged Moonplate,https://www.onetricks.gg/champions/builds/Rammus
Rammus,jungle,16.19,,Hollow Radiance,Hollow Radiance → Thornmail,"Protoplasm Harness | Jak'Sho, The Protean | Dead Man's Plate","Jak'Sho, The Protean",,"Hollow Radiance → Thornmail → Protoplasm Harness ; Hollow Radiance → Thornmail → Jak'Sho, The Protean ; Hollow Radiance → Thornmail → Dead Man's Plate → Jak'Sho, The Protean",Bramble Vest → Bami's Cinder → Mercury's Treads ; Bami's Cinder → Null-Magic Mantle → Spectre's Cowl ; Bami's Cinder → Boots → Bramble Vest,https://www.onetricks.gg/champions/builds/Rammus
Rammus,jungle,16.19,,Sunfire Aegis,"Sunfire Aegis → Jak'Sho, The Protean",Force of Nature,,,"Sunfire Aegis → Jak'Sho, The Protean → Force of Nature",Bami's Cinder → Chain Vest → Boots ; Bami's Cinder → Boots → Chain Vest,https://www.onetricks.gg/champions/builds/Rammus
Rammus,jungle,16.19,,Sunfire Aegis,Sunfire Aegis → Thornmail,,,,,Bami's Cinder → Chain Vest → Boots ; Bami's Cinder → Boots → Chain Vest,https://www.onetricks.gg/champions/builds/Rammus
Rammus,jungle,16.19,,Sunfire Aegis,Sunfire Aegis → Locket of the Iron Solari,Protoplasm Harness | Thornmail,,,Sunfire Aegis → Locket of the Iron Solari → Protoplasm Harness ; Sunfire Aegis → Locket of the Iron Solari → Thornmail,Bami's Cinder → Chain Vest → Boots ; Bami's Cinder → Boots → Chain Vest,https://www.onetricks.gg/champions/builds/Rammus
RekSai,jungle,16.19,,Titanic Hydra,Titanic Hydra → Spear of Shojin,Death's Dance | Sterak's Gage | Black Cleaver,Death's Dance | Guardian Angel | Sterak's Gage,Infinity Edge | Guardian Angel | Randuin's Omen,Titanic Hydra → Spear of Shojin → Sterak's Gage → Death's Dance ; Titanic Hydra → Spear of Shojin → Death's Dance → Guardian Angel ; Titanic Hydra → Spear of Shojin → Black Cleaver → Death's Dance,Tunneler ; Tiamat → Tunneler → Giant's Belt ; Tunneler → Giant's Belt → Tiamat,https://www.onetricks.gg/champions/builds/RekSai
RekSai,jungle,16.19,,Titanic Hydra,Titanic Hydra → Serpent's Fang,Death's Dance | Black Cleaver | Knight's Vow,Guardian Angel | Kaenic Rookern | Edge of Night,Randuin's Omen,Titanic Hydra → Serpent's Fang → Death's Dance → Guardian Angel ; Titanic Hydra → Serpent's Fang → Death's Dance → Kaenic Rookern → Randuin's Omen ; Titanic Hydra → Serpent's Fang → Death's Dance → Edge of Night,Tunneler ; Tiamat → Tunneler → Giant's Belt ; Tunneler → Giant's Belt → Tiamat,https://www.onetricks.gg/champions/builds/RekSai
RekSai,jungle,16.19,,Titanic Hydra,Titanic Hydra → Black Cleaver,Spear of Shojin | Spirit Visage | Serpent's Fang,Sterak's Gage | Knight's Vow | Guardian Angel,,Titanic Hydra → Black Cleaver → Serpent's Fang → Knight's Vow ; Titanic Hydra → Black Cleaver → Kaenic Rookern → Sterak's Gage ; Titanic Hydra → Black Cleaver → Spear of Shojin → Sterak's Gage,Tunneler ; Tiamat → Tunneler → Giant's Belt ; Tunneler → Giant's Belt → Tiamat,https://www.onetricks.gg/champions/builds/RekSai
RekSai,jungle,16.19,,Stridebreaker,Stridebreaker → Spear of Shojin,Sterak's Gage | Death's Dance | Randuin's Omen,Guardian Angel | Randuin's Omen | Death's Dance,Guardian Angel | Kaenic Rookern | Black Cleaver,Stridebreaker → Spear of Shojin → Death's Dance → Guardian Angel ; Stridebreaker → Spear of Shojin → Sterak's Gage → Randuin's Omen ; Stridebreaker → Spear of Shojin → Sterak's Gage → Guardian Angel,Tiamat → Phage → Dagger ; Phage → Tiamat → Dagger ; Boots → Tiamat → Phage,https://www.onetricks.gg/champions/builds/RekSai
RekSai,jungle,16.19,,Stridebreaker,Stridebreaker → Black Cleaver,Death's Dance | Randuin's Omen | Guardian Angel,Guardian Angel | Abyssal Mask | Maw of Malmortius,Endless Hunger | Randuin's Omen | Death's Dance,Stridebreaker → Black Cleaver → Death's Dance → Guardian Angel ; Stridebreaker → Black Cleaver → Guardian Angel → Abyssal Mask ; Stridebreaker → Black Cleaver → Serpent's Fang → Guardian Angel,Tiamat → Phage → Dagger ; Phage → Tiamat → Dagger ; Boots → Tiamat → Phage,https://www.onetricks.gg/champions/builds/RekSai
RekSai,jungle,16.19,,Stridebreaker,Stridebreaker → Serpent's Fang,Black Cleaver | Spear of Shojin | Death's Dance,Death's Dance | Spear of Shojin | Mortal Reminder,,Stridebreaker → Serpent's Fang → Spear of Shojin → Death's Dance ; Stridebreaker → Serpent's Fang → Death's Dance → Spear of Shojin ; Stridebreaker → Serpent's Fang → Spear of Shojin → Mortal Reminder,Tiamat → Phage → Dagger ; Phage → Tiamat → Dagger ; Boots → Tiamat → Phage,https://www.onetricks.gg/champions/builds/RekSai
RekSai,jungle,16.19,,Spear of Shojin,Spear of Shojin → Titanic Hydra,Death's Dance | Sterak's Gage | Spirit Visage,Guardian Angel | Death's Dance | Kaenic Rookern,Sterak's Gage | Guardian Angel | Abyssal Mask,Spear of Shojin → Titanic Hydra → Death's Dance → Guardian Angel ; Spear of Shojin → Titanic Hydra → Sterak's Gage → Death's Dance ; Spear of Shojin → Titanic Hydra → Spirit Visage → Death's Dance,Pickaxe → Tunneler → Ruby Crystal ; Pickaxe → Boots → Tunneler ; Boots → Pickaxe → Tunneler,https://www.onetricks.gg/champions/builds/RekSai
RekSai,jungle,16.19,,Spear of Shojin,Spear of Shojin → Immortal Shieldbow,Mortal Reminder | Lord Dominik's Regards,Guardian Angel | Death's Dance,Death's Dance,Spear of Shojin → Immortal Shieldbow → Mortal Reminder → Guardian Angel → Death's Dance ; Spear of Shojin → Immortal Shieldbow → Mortal Reminder → Death's Dance ; Spear of Shojin → Immortal Shieldbow → Lord Dominik's Regards → Death's Dance,Pickaxe → Tunneler → Ruby Crystal ; Pickaxe → Boots → Tunneler ; Boots → Pickaxe → Tunneler,https://www.onetricks.gg/champions/builds/RekSai
RekSai,jungle,16.19,,Black Cleaver,Black Cleaver → Immortal Shieldbow,Death's Dance | Spear of Shojin,Guardian Angel,,Black Cleaver → Immortal Shieldbow → Death's Dance ; Black Cleaver → Immortal Shieldbow → Spear of Shojin → Guardian Angel,Pickaxe → Phage → Kindlegem ; Phage → Pickaxe → Kindlegem,https://www.onetricks.gg/champions/builds/RekSai
RekSai,jungle,16.19,,Black Cleaver,Black Cleaver → Titanic Hydra,Death's Dance | Guardian Angel | Serpent's Fang,Guardian Angel | Death's Dance,,Black Cleaver → Titanic Hydra → Death's Dance → Guardian Angel ; Black Cleaver → Titanic Hydra → Guardian Angel → Death's Dance ; Black Cleaver → Titanic Hydra → Serpent's Fang,Pickaxe → Phage → Kindlegem ; Phage → Pickaxe → Kindlegem,https://www.onetricks.gg/champions/builds/RekSai
Rell,supp,16.19,,all,Celestial Opposition → Locket of the Iron Solari,Knight's Vow | Zeke's Convergence | Abyssal Mask,Knight's Vow | Protoplasm Harness | Abyssal Mask,Protoplasm Harness,Celestial Opposition → Locket of the Iron Solari → Zeke's Convergence → Knight's Vow ; Celestial Opposition → Locket of the Iron Solari → Knight's Vow → Protoplasm Harness ; Celestial Opposition → Locket of the Iron Solari → Knight's Vow → Abyssal Mask,Boots → Kindlegem → Cloth Armor ; Ionian Boots of Lucidity → Kindlegem → Cloth Armor ; Ionian Boots of Lucidity → Cloth Armor → Kindlegem,https://www.onetricks.gg/champions/builds/Rell
Rell,supp,16.19,,all,Celestial Opposition → Zeke's Convergence,Locket of the Iron Solari | Knight's Vow | Protoplasm Harness,Knight's Vow | Locket of the Iron Solari | Protoplasm Harness,Abyssal Mask,Celestial Opposition → Zeke's Convergence → Locket of the Iron Solari → Knight's Vow ; Celestial Opposition → Zeke's Convergence → Knight's Vow → Locket of the Iron Solari ; Celestial Opposition → Zeke's Convergence → Locket of the Iron Solari → Protoplasm Harness,Boots → Kindlegem → Cloth Armor ; Ionian Boots of Lucidity → Kindlegem → Cloth Armor ; Ionian Boots of Lucidity → Cloth Armor → Kindlegem,https://www.onetricks.gg/champions/builds/Rell
Rell,supp,16.19,,all,Bloodsong → Zeke's Convergence,Locket of the Iron Solari | Knight's Vow | Abyssal Mask,Protoplasm Harness | Knight's Vow | Locket of the Iron Solari,,Bloodsong → Zeke's Convergence → Knight's Vow → Protoplasm Harness ; Bloodsong → Zeke's Convergence → Locket of the Iron Solari → Knight's Vow ; Bloodsong → Zeke's Convergence → Knight's Vow → Locket of the Iron Solari,Boots → Kindlegem → Cloth Armor ; Ionian Boots of Lucidity → Kindlegem → Cloth Armor ; Ionian Boots of Lucidity → Cloth Armor → Kindlegem,https://www.onetricks.gg/champions/builds/Rell
Rell,supp,16.19,,all,Solstice Sleigh → Zeke's Convergence,Knight's Vow | Locket of the Iron Solari | Protoplasm Harness,Protoplasm Harness | Knight's Vow,,Solstice Sleigh → Zeke's Convergence → Knight's Vow ; Solstice Sleigh → Zeke's Convergence → Locket of the Iron Solari → Protoplasm Harness ; Solstice Sleigh → Zeke's Convergence → Locket of the Iron Solari → Knight's Vow,Boots → Kindlegem → Cloth Armor ; Ionian Boots of Lucidity → Kindlegem → Cloth Armor ; Ionian Boots of Lucidity → Cloth Armor → Kindlegem,https://www.onetricks.gg/champions/builds/Rell
Renata,supp,16.19,,all,Solstice Sleigh → Locket of the Iron Solari,Knight's Vow | Shurelya's Battlesong | Mikael's Blessing,Shurelya's Battlesong | Bandlepipes | Knight's Vow,Knight's Vow | Zhonya's Hourglass | Bandlepipes,Solstice Sleigh → Locket of the Iron Solari → Knight's Vow → Shurelya's Battlesong ; Solstice Sleigh → Locket of the Iron Solari → Knight's Vow → Bandlepipes ; Solstice Sleigh → Locket of the Iron Solari → Mikael's Blessing → Knight's Vow,Kindlegem → Cloth Armor → Null-Magic Mantle ; Ionian Boots of Lucidity → Aether Wisp → Bandleglass Mirror ; Ionian Boots of Lucidity → Kindlegem → Cloth Armor,https://www.onetricks.gg/champions/builds/Renata
Renata,supp,16.19,,all,Celestial Opposition → Locket of the Iron Solari,Knight's Vow | Shurelya's Battlesong | Redemption,Bandlepipes | Knight's Vow | Shurelya's Battlesong,Frozen Heart | Redemption,Celestial Opposition → Locket of the Iron Solari → Knight's Vow → Bandlepipes → Frozen Heart ; Celestial Opposition → Locket of the Iron Solari → Bandlepipes → Shurelya's Battlesong ; Celestial Opposition → Locket of the Iron Solari → Mikael's Blessing → Knight's Vow → Redemption,Kindlegem → Cloth Armor → Null-Magic Mantle ; Ionian Boots of Lucidity → Aether Wisp → Bandleglass Mirror ; Ionian Boots of Lucidity → Kindlegem → Cloth Armor,https://www.onetricks.gg/champions/builds/Renata
Renata,supp,16.19,,all,Celestial Opposition → Shurelya's Battlesong,Locket of the Iron Solari | Bandlepipes | Mikael's Blessing,Bandlepipes | Knight's Vow | Locket of the Iron Solari,Knight's Vow | Mikael's Blessing,Celestial Opposition → Shurelya's Battlesong → Locket of the Iron Solari → Bandlepipes → Knight's Vow ; Celestial Opposition → Shurelya's Battlesong → Locket of the Iron Solari → Knight's Vow ; Celestial Opposition → Shurelya's Battlesong → Mikael's Blessing → Bandlepipes,Kindlegem → Cloth Armor → Null-Magic Mantle ; Ionian Boots of Lucidity → Aether Wisp → Bandleglass Mirror ; Ionian Boots of Lucidity → Kindlegem → Cloth Armor,https://www.onetricks.gg/champions/builds/Renata
Renata,supp,16.19,,all,Solstice Sleigh → Shurelya's Battlesong,Mikael's Blessing | Ardent Censer | Redemption,Morellonomicon | Ardent Censer | Knight's Vow,Mejai's Soulstealer | Ardent Censer,Solstice Sleigh → Shurelya's Battlesong → Knight's Vow → Morellonomicon ; Solstice Sleigh → Shurelya's Battlesong → Mikael's Blessing → Ardent Censer ; Solstice Sleigh → Shurelya's Battlesong → Ardent Censer → Knight's Vow,Kindlegem → Cloth Armor → Null-Magic Mantle ; Ionian Boots of Lucidity → Aether Wisp → Bandleglass Mirror ; Ionian Boots of Lucidity → Kindlegem → Cloth Armor,https://www.onetricks.gg/champions/builds/Renata
Renekton,top,16.19,,Eclipse,Eclipse → Black Cleaver,Death's Dance | Sterak's Gage | Zeke's Convergence,Guardian Angel | Death's Dance | Sterak's Gage,Guardian Angel | Randuin's Omen | Chempunk Chainsword,Eclipse → Black Cleaver → Death's Dance → Guardian Angel ; Eclipse → Black Cleaver → Sterak's Gage → Death's Dance ; Eclipse → Black Cleaver → Death's Dance → Sterak's Gage,Pickaxe → Caulfield's Warhammer → Long Sword ; Caulfield's Warhammer → Pickaxe → Long Sword ; Plated Steelcaps → Pickaxe → Caulfield's Warhammer,https://www.onetricks.gg/champions/builds/Renekton
Renekton,top,16.19,,Eclipse,Eclipse → Death's Dance,"Spear of Shojin | Jak'Sho, The Protean | Sterak's Gage","Guardian Angel | Jak'Sho, The Protean",,"Eclipse → Death's Dance → Spear of Shojin → Guardian Angel ; Eclipse → Death's Dance → Jak'Sho, The Protean ; Eclipse → Death's Dance → Maw of Malmortius → Jak'Sho, The Protean",Pickaxe → Caulfield's Warhammer → Long Sword ; Caulfield's Warhammer → Pickaxe → Long Sword ; Plated Steelcaps → Pickaxe → Caulfield's Warhammer,https://www.onetricks.gg/champions/builds/Renekton
Renekton,top,16.19,,Eclipse,Eclipse → Stridebreaker,Death's Dance | Maw of Malmortius | Sterak's Gage,Maw of Malmortius | Death's Dance | Zeke's Convergence,,Eclipse → Stridebreaker → Death's Dance → Maw of Malmortius ; Eclipse → Stridebreaker → Maw of Malmortius → Death's Dance ; Eclipse → Stridebreaker → Death's Dance → Zeke's Convergence,Pickaxe → Caulfield's Warhammer → Long Sword ; Caulfield's Warhammer → Pickaxe → Long Sword ; Plated Steelcaps → Pickaxe → Caulfield's Warhammer,https://www.onetricks.gg/champions/builds/Renekton
Renekton,top,16.19,,Black Cleaver,Black Cleaver → Sterak's Gage,Death's Dance | Spirit Visage | Chempunk Chainsword,"Death's Dance | Chempunk Chainsword | Jak'Sho, The Protean",Guardian Angel | Randuin's Omen,"Black Cleaver → Sterak's Gage → Zeke's Convergence → Death's Dance ; Black Cleaver → Sterak's Gage → Death's Dance → Jak'Sho, The Protean ; Black Cleaver → Sterak's Gage → Guardian Angel → Death's Dance",Pickaxe → Phage → Kindlegem ; Phage → Pickaxe → Kindlegem ; Plated Steelcaps → Phage → Kindlegem,https://www.onetricks.gg/champions/builds/Renekton
Renekton,top,16.19,,Black Cleaver,Black Cleaver → Spear of Shojin,Death's Dance | Zeke's Convergence | Sterak's Gage,Maw of Malmortius | Guardian Angel | Chempunk Chainsword,,Black Cleaver → Spear of Shojin → Death's Dance → Maw of Malmortius ; Black Cleaver → Spear of Shojin → Death's Dance → Guardian Angel ; Black Cleaver → Spear of Shojin → Death's Dance → Chempunk Chainsword,Pickaxe → Phage → Kindlegem ; Phage → Pickaxe → Kindlegem ; Plated Steelcaps → Phage → Kindlegem,https://www.onetricks.gg/champions/builds/Renekton
Renekton,top,16.19,,Black Cleaver,Black Cleaver → Death's Dance,Maw of Malmortius | Kaenic Rookern | Randuin's Omen,"Sterak's Gage | Guardian Angel | Jak'Sho, The Protean",Guardian Angel | Chempunk Chainsword,"Black Cleaver → Death's Dance → Kaenic Rookern → Sterak's Gage → Guardian Angel ; Black Cleaver → Death's Dance → Maw of Malmortius → Jak'Sho, The Protean ; Black Cleaver → Death's Dance → Jak'Sho, The Protean → Guardian Angel",Pickaxe → Phage → Kindlegem ; Phage → Pickaxe → Kindlegem ; Plated Steelcaps → Phage → Kindlegem,https://www.onetricks.gg/champions/builds/Renekton
Renekton,top,16.19,,Black Cleaver,Black Cleaver → Stridebreaker,Sterak's Gage | Spirit Visage | Chempunk Chainsword,Death's Dance | Guardian Angel | Force of Nature,Chempunk Chainsword,Black Cleaver → Stridebreaker → Kaenic Rookern → Death's Dance ; Black Cleaver → Stridebreaker → Sterak's Gage → Guardian Angel → Chempunk Chainsword ; Black Cleaver → Stridebreaker → Sterak's Gage → Force of Nature → Chempunk Chainsword,Pickaxe → Phage → Kindlegem ; Phage → Pickaxe → Kindlegem ; Plated Steelcaps → Phage → Kindlegem,https://www.onetricks.gg/champions/builds/Renekton
Renekton,top,16.19,,Stridebreaker,Stridebreaker → Sterak's Gage,Death's Dance | Chempunk Chainsword | Black Cleaver,Randuin's Omen | Guardian Angel | Force of Nature,Chempunk Chainsword,Stridebreaker → Sterak's Gage → Death's Dance → Randuin's Omen ; Stridebreaker → Sterak's Gage → Black Cleaver → Guardian Angel ; Stridebreaker → Sterak's Gage → Death's Dance → Force of Nature → Chempunk Chainsword,Plated Steelcaps → Tiamat → Phage ; Plated Steelcaps → Phage → Tiamat ; Tiamat → Phage → Dagger,https://www.onetricks.gg/champions/builds/Renekton
Renekton,top,16.19,,Stridebreaker,Stridebreaker → Black Cleaver,Randuin's Omen | Sterak's Gage | Spear of Shojin,"Jak'Sho, The Protean | Sterak's Gage | Death's Dance",Chempunk Chainsword,"Stridebreaker → Black Cleaver → Spear of Shojin → Sterak's Gage ; Stridebreaker → Black Cleaver → Sterak's Gage → Death's Dance ; Stridebreaker → Black Cleaver → Guardian Angel → Jak'Sho, The Protean",Plated Steelcaps → Tiamat → Phage ; Plated Steelcaps → Phage → Tiamat ; Tiamat → Phage → Dagger,https://www.onetricks.gg/champions/builds/Renekton
Renekton,top,16.19,,Stridebreaker,Stridebreaker → Death's Dance,Black Cleaver | Randuin's Omen | Maw of Malmortius,Chempunk Chainsword | Force of Nature,Randuin's Omen,Stridebreaker → Death's Dance → Randuin's Omen → Chempunk Chainsword ; Stridebreaker → Death's Dance → Sterak's Gage → Force of Nature → Randuin's Omen,Plated Steelcaps → Tiamat → Phage ; Plated Steelcaps → Phage → Tiamat ; Tiamat → Phage → Dagger,https://www.onetricks.gg/champions/builds/Renekton
Renekton,top,16.19,,Blade of The Ruined King,Blade of The Ruined King → Profane Hydra,Bastionbreaker | Youmuu's Ghostblade,Black Cleaver,,Blade of The Ruined King → Profane Hydra → Bastionbreaker ; Blade of The Ruined King → Profane Hydra → Youmuu's Ghostblade → Black Cleaver,Recurve Bow → Pickaxe → Vampiric Scepter ; Pickaxe → Vampiric Scepter → Recurve Bow ; Hexdrinker → Pickaxe → Vampiric Scepter,https://www.onetricks.gg/champions/builds/Renekton
Renekton,top,16.19,,Blade of The Ruined King,Blade of The Ruined King → Youmuu's Ghostblade,Profane Hydra,Chempunk Chainsword | Serylda's Grudge,Death's Dance,Blade of The Ruined King → Youmuu's Ghostblade → Profane Hydra → Serylda's Grudge → Death's Dance ; Blade of The Ruined King → Youmuu's Ghostblade → Profane Hydra → Chempunk Chainsword ; Blade of The Ruined King → Youmuu's Ghostblade → Profane Hydra → Serylda's Grudge,Recurve Bow → Pickaxe → Vampiric Scepter ; Pickaxe → Vampiric Scepter → Recurve Bow ; Hexdrinker → Pickaxe → Vampiric Scepter,https://www.onetricks.gg/champions/builds/Renekton
Renekton,top,16.19,,Maw of Malmortius,Maw of Malmortius → Stridebreaker,Spear of Shojin | Black Cleaver | Death's Dance,Death's Dance | Chempunk Chainsword,,Maw of Malmortius → Stridebreaker → Spear of Shojin → Death's Dance ; Maw of Malmortius → Stridebreaker → Black Cleaver → Chempunk Chainsword ; Maw of Malmortius → Stridebreaker → Death's Dance,Hexdrinker → Mercury's Treads → Caulfield's Warhammer ; Hexdrinker → Caulfield's Warhammer,https://www.onetricks.gg/champions/builds/Renekton
Renekton,top,16.19,,Maw of Malmortius,Maw of Malmortius → Black Cleaver,Death's Dance | Randuin's Omen,Chempunk Chainsword | Randuin's Omen,,Maw of Malmortius → Black Cleaver → Randuin's Omen → Chempunk Chainsword ; Maw of Malmortius → Black Cleaver → Death's Dance → Randuin's Omen,Hexdrinker → Mercury's Treads → Caulfield's Warhammer ; Hexdrinker → Caulfield's Warhammer,https://www.onetricks.gg/champions/builds/Renekton
Renekton,top,16.19,,Endless Hunger,Endless Hunger → Black Cleaver,Death's Dance,Sterak's Gage | Maw of Malmortius,Overlord's Bloodmail | Chempunk Chainsword,Endless Hunger → Black Cleaver → Death's Dance → Maw of Malmortius → Chempunk Chainsword ; Endless Hunger → Black Cleaver → Death's Dance → Sterak's Gage → Overlord's Bloodmail ; Endless Hunger → Black Cleaver → Death's Dance → Maw of Malmortius,Caulfield's Warhammer → Plated Steelcaps → Pickaxe,https://www.onetricks.gg/champions/builds/Renekton
Rengar,jungle,16.19,,Umbral Glaive,Umbral Glaive → Profane Hydra,Lord Dominik's Regards | Edge of Night | Serpent's Fang,Lord Dominik's Regards | Edge of Night | Infinity Edge,Infinity Edge | Serpent's Fang | Guardian Angel,Umbral Glaive → Profane Hydra → Edge of Night → Lord Dominik's Regards ; Umbral Glaive → Profane Hydra → Lord Dominik's Regards → Infinity Edge ; Umbral Glaive → Profane Hydra → Lord Dominik's Regards → Edge of Night,Serrated Dirk ; Serrated Dirk → Caulfield's Warhammer ; Serrated Dirk → Boots → Caulfield's Warhammer,https://www.onetricks.gg/champions/builds/Rengar
Rengar,jungle,16.19,,Umbral Glaive,Umbral Glaive → Edge of Night,Lord Dominik's Regards | Profane Hydra | Serpent's Fang,Profane Hydra | Lord Dominik's Regards | Ravenous Hydra,Infinity Edge | Serpent's Fang | Lord Dominik's Regards,Umbral Glaive → Edge of Night → Lord Dominik's Regards → Profane Hydra ; Umbral Glaive → Edge of Night → Profane Hydra → Lord Dominik's Regards ; Umbral Glaive → Edge of Night → Serpent's Fang → Profane Hydra,Serrated Dirk ; Serrated Dirk → Caulfield's Warhammer ; Serrated Dirk → Boots → Caulfield's Warhammer,https://www.onetricks.gg/champions/builds/Rengar
Rengar,jungle,16.19,,Umbral Glaive,Umbral Glaive → Serpent's Fang,Lord Dominik's Regards | Edge of Night | Mortal Reminder,Profane Hydra | Guardian Angel | Lord Dominik's Regards,Profane Hydra | Infinity Edge | Guardian Angel,Umbral Glaive → Serpent's Fang → Lord Dominik's Regards → Profane Hydra ; Umbral Glaive → Serpent's Fang → Lord Dominik's Regards → Guardian Angel ; Umbral Glaive → Serpent's Fang → Edge of Night → Lord Dominik's Regards,Serrated Dirk ; Serrated Dirk → Caulfield's Warhammer ; Serrated Dirk → Boots → Caulfield's Warhammer,https://www.onetricks.gg/champions/builds/Rengar
Rengar,jungle,16.19,,Umbral Glaive,Umbral Glaive → Lord Dominik's Regards,Infinity Edge | Profane Hydra | Edge of Night,Profane Hydra | Serpent's Fang | Immortal Shieldbow,Immortal Shieldbow | Youmuu's Ghostblade | Guardian Angel,Umbral Glaive → Lord Dominik's Regards → Infinity Edge → Immortal Shieldbow ; Umbral Glaive → Lord Dominik's Regards → Profane Hydra → Infinity Edge → Immortal Shieldbow ; Umbral Glaive → Lord Dominik's Regards → Edge of Night → Profane Hydra,Serrated Dirk ; Serrated Dirk → Caulfield's Warhammer ; Serrated Dirk → Boots → Caulfield's Warhammer,https://www.onetricks.gg/champions/builds/Rengar
Rengar,jungle,16.19,,Youmuu's Ghostblade,Youmuu's Ghostblade → Profane Hydra,Umbral Glaive | Edge of Night | Serpent's Fang,Lord Dominik's Regards | Mortal Reminder | Edge of Night,Mortal Reminder,Youmuu's Ghostblade → Profane Hydra → Edge of Night → Lord Dominik's Regards ; Youmuu's Ghostblade → Profane Hydra → Umbral Glaive → Edge of Night ; Youmuu's Ghostblade → Profane Hydra → Edge of Night → Mortal Reminder,Serrated Dirk → Boots → Rectrix ; Serrated Dirk → Rectrix → Boots,https://www.onetricks.gg/champions/builds/Rengar
Rengar,jungle,16.19,,Profane Hydra,Profane Hydra → Umbral Glaive,Edge of Night | Lord Dominik's Regards | Voltaic Cyclosword,Lord Dominik's Regards | Edge of Night | Bastionbreaker,Lord Dominik's Regards | Serpent's Fang,Profane Hydra → Umbral Glaive → Edge of Night → Lord Dominik's Regards ; Profane Hydra → Umbral Glaive → Lord Dominik's Regards → Edge of Night ; Profane Hydra → Umbral Glaive → Edge of Night → Lord Dominik's Regards → Serpent's Fang,Serrated Dirk → Tiamat → Boots ; Serrated Dirk → Tiamat → The Brutalizer,https://www.onetricks.gg/champions/builds/Rengar
Rengar,jungle,16.19,,Profane Hydra,Profane Hydra → Lord Dominik's Regards,Edge of Night | Serpent's Fang | Infinity Edge,Fiendhunter Bolts,Immortal Shieldbow,Profane Hydra → Lord Dominik's Regards → Edge of Night ; Profane Hydra → Lord Dominik's Regards → Infinity Edge → Fiendhunter Bolts → Immortal Shieldbow,Serrated Dirk → Tiamat → Boots ; Serrated Dirk → Tiamat → The Brutalizer,https://www.onetricks.gg/champions/builds/Rengar
Riven,top,16.19,,Axiom Arc,Axiom Arc → Endless Hunger,Death's Dance | Maw of Malmortius | Lord Dominik's Regards,Maw of Malmortius | Death's Dance | Mortal Reminder,Guardian Angel | Fiendhunter Bolts | Lord Dominik's Regards,Axiom Arc → Endless Hunger → Death's Dance → Maw of Malmortius ; Axiom Arc → Endless Hunger → Death's Dance → Mortal Reminder ; Axiom Arc → Endless Hunger → Death's Dance → Maw of Malmortius → Guardian Angel,The Brutalizer ; Ionian Boots of Lucidity → Caulfield's Warhammer → The Brutalizer ; Ionian Boots of Lucidity → The Brutalizer → Caulfield's Warhammer,https://www.onetricks.gg/champions/builds/Riven
Riven,top,16.19,,Axiom Arc,Axiom Arc → Death's Dance,Endless Hunger | Maw of Malmortius | Mortal Reminder,Lord Dominik's Regards | Endless Hunger | Maw of Malmortius,Guardian Angel | Serpent's Fang | Serylda's Grudge,Axiom Arc → Death's Dance → Endless Hunger → Lord Dominik's Regards ; Axiom Arc → Death's Dance → Maw of Malmortius → Lord Dominik's Regards → Guardian Angel ; Axiom Arc → Death's Dance → Mortal Reminder → Endless Hunger → Serpent's Fang,The Brutalizer ; Ionian Boots of Lucidity → Caulfield's Warhammer → The Brutalizer ; Ionian Boots of Lucidity → The Brutalizer → Caulfield's Warhammer,https://www.onetricks.gg/champions/builds/Riven
Riven,top,16.19,,Axiom Arc,Axiom Arc → Maw of Malmortius,Endless Hunger | Death's Dance,Serylda's Grudge | Serpent's Fang,,Axiom Arc → Maw of Malmortius → Endless Hunger → Serylda's Grudge ; Axiom Arc → Maw of Malmortius → Death's Dance → Serpent's Fang,The Brutalizer ; Ionian Boots of Lucidity → Caulfield's Warhammer → The Brutalizer ; Ionian Boots of Lucidity → The Brutalizer → Caulfield's Warhammer,https://www.onetricks.gg/champions/builds/Riven
Riven,top,16.19,,Death's Dance,Death's Dance → Endless Hunger,Maw of Malmortius | Serpent's Fang | Mortal Reminder,Maw of Malmortius | Guardian Angel | Sundered Sky,Infinity Edge | Maw of Malmortius,Death's Dance → Endless Hunger → Serpent's Fang → Maw of Malmortius ; Death's Dance → Endless Hunger → Maw of Malmortius → Guardian Angel ; Death's Dance → Endless Hunger → Maw of Malmortius → Lord Dominik's Regards,Caulfield's Warhammer → Pickaxe → Steel Sigil ; Caulfield's Warhammer → Steel Sigil → Pickaxe ; Pickaxe → Caulfield's Warhammer → Steel Sigil,https://www.onetricks.gg/champions/builds/Riven
Riven,top,16.19,,Death's Dance,Death's Dance → Maw of Malmortius,Lord Dominik's Regards | Serylda's Grudge | Endless Hunger,Sundered Sky,Force of Nature,Death's Dance → Maw of Malmortius → Lord Dominik's Regards ; Death's Dance → Maw of Malmortius → Endless Hunger → Sundered Sky → Force of Nature,Caulfield's Warhammer → Pickaxe → Steel Sigil ; Caulfield's Warhammer → Steel Sigil → Pickaxe ; Pickaxe → Caulfield's Warhammer → Steel Sigil,https://www.onetricks.gg/champions/builds/Riven
Riven,top,16.19,,Eclipse,Eclipse → Endless Hunger,Death's Dance | Maw of Malmortius,Maw of Malmortius | Randuin's Omen | Lord Dominik's Regards,Guardian Angel,Eclipse → Endless Hunger → Death's Dance → Maw of Malmortius ; Eclipse → Endless Hunger → Death's Dance → Randuin's Omen ; Eclipse → Endless Hunger → Death's Dance → Lord Dominik's Regards → Guardian Angel,Pickaxe → Caulfield's Warhammer → Long Sword ; Ionian Boots of Lucidity → Pickaxe → Caulfield's Warhammer ; Pickaxe → Ionian Boots of Lucidity → Caulfield's Warhammer,https://www.onetricks.gg/champions/builds/Riven
Riven,top,16.19,,Eclipse,Eclipse → Death's Dance,Endless Hunger | Maw of Malmortius | Serylda's Grudge,Endless Hunger | Serylda's Grudge | Edge of Night,Lord Dominik's Regards | Voltaic Cyclosword | Endless Hunger,Eclipse → Death's Dance → Endless Hunger → Serylda's Grudge ; Eclipse → Death's Dance → Endless Hunger → Edge of Night → Lord Dominik's Regards ; Eclipse → Death's Dance → Black Cleaver → Endless Hunger → Voltaic Cyclosword,Pickaxe → Caulfield's Warhammer → Long Sword ; Ionian Boots of Lucidity → Pickaxe → Caulfield's Warhammer ; Pickaxe → Ionian Boots of Lucidity → Caulfield's Warhammer,https://www.onetricks.gg/champions/builds/Riven
Riven,top,16.19,,Eclipse,Eclipse → Black Cleaver,Death's Dance | Maw of Malmortius | Endless Hunger,Chempunk Chainsword | Endless Hunger,Guardian Angel,Eclipse → Black Cleaver → Death's Dance → Chempunk Chainsword ; Eclipse → Black Cleaver → Death's Dance → Endless Hunger → Guardian Angel,Pickaxe → Caulfield's Warhammer → Long Sword ; Ionian Boots of Lucidity → Pickaxe → Caulfield's Warhammer ; Pickaxe → Ionian Boots of Lucidity → Caulfield's Warhammer,https://www.onetricks.gg/champions/builds/Riven
Riven,top,16.19,,Black Cleaver,Black Cleaver → Death's Dance,Endless Hunger | Maw of Malmortius,Guardian Angel | Serpent's Fang | Maw of Malmortius,Iceborn Gauntlet | Malignance,Black Cleaver → Death's Dance → Endless Hunger → Guardian Angel ; Black Cleaver → Death's Dance → Endless Hunger → Serpent's Fang ; Black Cleaver → Death's Dance → Endless Hunger → Guardian Angel → Iceborn Gauntlet,Pickaxe → Phage → Kindlegem ; Phage → Pickaxe → Kindlegem ; Pickaxe → Kindlegem → Ionian Boots of Lucidity,https://www.onetricks.gg/champions/builds/Riven
Riven,top,16.19,,Black Cleaver,Black Cleaver → Endless Hunger,Death's Dance | Maw of Malmortius,Guardian Angel | Death's Dance | Edge of Night,,Black Cleaver → Endless Hunger → Death's Dance → Guardian Angel ; Black Cleaver → Endless Hunger → Maw of Malmortius → Death's Dance ; Black Cleaver → Endless Hunger → Death's Dance → Edge of Night,Pickaxe → Phage → Kindlegem ; Phage → Pickaxe → Kindlegem ; Pickaxe → Kindlegem → Ionian Boots of Lucidity,https://www.onetricks.gg/champions/builds/Riven
Riven,top,16.19,,Black Cleaver,Black Cleaver → Serpent's Fang,Endless Hunger | Umbral Glaive | Death's Dance,Guardian Angel | Endless Hunger,Guardian Angel,Black Cleaver → Serpent's Fang → Umbral Glaive → Guardian Angel ; Black Cleaver → Serpent's Fang → Death's Dance → Endless Hunger → Guardian Angel,Pickaxe → Phage → Kindlegem ; Phage → Pickaxe → Kindlegem ; Pickaxe → Kindlegem → Ionian Boots of Lucidity,https://www.onetricks.gg/champions/builds/Riven
Riven,top,16.19,,Maw of Malmortius,Maw of Malmortius → Endless Hunger,Death's Dance,Sundered Sky | Lord Dominik's Regards | Mortal Reminder,Youmuu's Ghostblade | Guardian Angel,Maw of Malmortius → Endless Hunger → Death's Dance → Sundered Sky ; Maw of Malmortius → Endless Hunger → Death's Dance → Lord Dominik's Regards → Youmuu's Ghostblade ; Maw of Malmortius → Endless Hunger → Death's Dance → Spirit Visage → Guardian Angel,Hexdrinker → Ionian Boots of Lucidity → Caulfield's Warhammer ; Hexdrinker → Caulfield's Warhammer ; Ionian Boots of Lucidity → Hexdrinker → Caulfield's Warhammer,https://www.onetricks.gg/champions/builds/Riven
Riven,top,16.19,,Endless Hunger,Endless Hunger → Death's Dance,Maw of Malmortius | Mortal Reminder | Serpent's Fang,Mortal Reminder | Sundered Sky | Guardian Angel,"Spear of Shojin | Jak'Sho, The Protean",Endless Hunger → Death's Dance → Maw of Malmortius → Mortal Reminder → Spear of Shojin ; Endless Hunger → Death's Dance → Maw of Malmortius → Sundered Sky ; Endless Hunger → Death's Dance → Maw of Malmortius → Mortal Reminder,Ionian Boots of Lucidity → Caulfield's Warhammer → Pickaxe ; Pickaxe → Caulfield's Warhammer → Long Sword ; Caulfield's Warhammer → Pickaxe → Long Sword,https://www.onetricks.gg/champions/builds/Riven
Rumble,top,16.19,,Liandry's Torment,Liandry's Torment → Bloodletter's Curse,Zhonya's Hourglass | Morellonomicon | Riftmaker,Rabadon's Deathcap | Zhonya's Hourglass | Morellonomicon,Riftmaker,Liandry's Torment → Bloodletter's Curse → Zhonya's Hourglass → Rabadon's Deathcap ; Liandry's Torment → Bloodletter's Curse → Zhonya's Hourglass → Morellonomicon ; Liandry's Torment → Bloodletter's Curse → Zhonya's Hourglass → Riftmaker,Haunting Guise → Fated Ashes ; Fated Ashes → Haunting Guise ; Boots of Swiftness → Fated Ashes → Haunting Guise,https://www.onetricks.gg/champions/builds/Rumble
Rumble,top,16.19,,Liandry's Torment,Liandry's Torment → Shadowflame,Zhonya's Hourglass | Bloodletter's Curse | Rabadon's Deathcap,Rabadon's Deathcap | Zhonya's Hourglass | Mejai's Soulstealer,Rabadon's Deathcap | Void Staff,Liandry's Torment → Shadowflame → Zhonya's Hourglass → Rabadon's Deathcap ; Liandry's Torment → Shadowflame → Bloodletter's Curse → Zhonya's Hourglass → Rabadon's Deathcap ; Liandry's Torment → Shadowflame → Zhonya's Hourglass → Mejai's Soulstealer,Haunting Guise → Fated Ashes ; Fated Ashes → Haunting Guise ; Boots of Swiftness → Fated Ashes → Haunting Guise,https://www.onetricks.gg/champions/builds/Rumble
Rumble,top,16.19,,Liandry's Torment,Liandry's Torment → Zhonya's Hourglass,Shadowflame | Morellonomicon | Bloodletter's Curse,Rabadon's Deathcap | Morellonomicon,Morellonomicon,Liandry's Torment → Zhonya's Hourglass → Shadowflame → Rabadon's Deathcap → Morellonomicon ; Liandry's Torment → Zhonya's Hourglass → Bloodletter's Curse → Morellonomicon,Haunting Guise → Fated Ashes ; Fated Ashes → Haunting Guise ; Boots of Swiftness → Fated Ashes → Haunting Guise,https://www.onetricks.gg/champions/builds/Rumble
Rumble,top,16.19,,Hextech Rocketbelt,Hextech Rocketbelt → Liandry's Torment,Rylai's Crystal Scepter | Zhonya's Hourglass | Bloodletter's Curse,Morellonomicon | Bloodletter's Curse,Rabadon's Deathcap,Hextech Rocketbelt → Liandry's Torment → Rylai's Crystal Scepter → Morellonomicon → Rabadon's Deathcap ; Hextech Rocketbelt → Liandry's Torment → Zhonya's Hourglass → Bloodletter's Curse ; Hextech Rocketbelt → Liandry's Torment → Zhonya's Hourglass → Morellonomicon,Hextech Alternator → Kindlegem → Fiendish Codex ; Boots of Swiftness → Hextech Alternator → Fiendish Codex ; Boots of Swiftness → Hextech Alternator → Kindlegem,https://www.onetricks.gg/champions/builds/Rumble
Ryze,mid,16.19,,Rod of Ages,Rod of Ages → Seraph's Embrace,Actualizer | Rabadon's Deathcap | Zhonya's Hourglass,Zhonya's Hourglass | Rabadon's Deathcap | Void Staff,Zhonya's Hourglass,Rod of Ages → Seraph's Embrace → Actualizer → Zhonya's Hourglass ; Rod of Ages → Seraph's Embrace → Actualizer → Rabadon's Deathcap ; Rod of Ages → Seraph's Embrace → Actualizer → Void Staff,Tear of the Goddess → Catalyst of Aeons → Blasting Wand ; Tear of the Goddess → Mercury's Treads → Catalyst of Aeons ; Tear of the Goddess → Catalyst of Aeons → Ionian Boots of Lucidity,https://www.onetricks.gg/champions/builds/Ryze
Ryze,mid,16.19,,Seraph's Embrace,Seraph's Embrace → Actualizer,Luden's Echo,,,Seraph's Embrace → Actualizer → Luden's Echo,Tear of the Goddess → Lost Chapter,https://www.onetricks.gg/champions/builds/Ryze
Samira,bot,16.19,,The Collector,The Collector → Infinity Edge,Lord Dominik's Regards | Mortal Reminder | Immortal Shieldbow,Immortal Shieldbow | Bloodthirster | Lord Dominik's Regards,Bloodthirster | Guardian Angel | Immortal Shieldbow,The Collector → Infinity Edge → Lord Dominik's Regards → Immortal Shieldbow → Bloodthirster ; The Collector → Infinity Edge → Lord Dominik's Regards → Bloodthirster ; The Collector → Infinity Edge → Lord Dominik's Regards → Immortal Shieldbow → Guardian Angel,Pickaxe → Serrated Dirk → Cloak of Agility ; Serrated Dirk → Pickaxe → Cloak of Agility ; Serrated Dirk → Cloak of Agility → Pickaxe,https://www.onetricks.gg/champions/builds/Samira
Samira,bot,16.19,,The Collector,The Collector → Lord Dominik's Regards,Infinity Edge,Bloodthirster | Immortal Shieldbow,,The Collector → Lord Dominik's Regards → Infinity Edge → Bloodthirster ; The Collector → Lord Dominik's Regards → Infinity Edge → Immortal Shieldbow,Pickaxe → Serrated Dirk → Cloak of Agility ; Serrated Dirk → Pickaxe → Cloak of Agility ; Serrated Dirk → Cloak of Agility → Pickaxe,https://www.onetricks.gg/champions/builds/Samira
Samira,bot,16.19,,Hubris,Hubris → The Collector,Infinity Edge,Lord Dominik's Regards,,Hubris → The Collector → Infinity Edge → Lord Dominik's Regards,Serrated Dirk → Caulfield's Warhammer ; Cull → Serrated Dirk → Caulfield's Warhammer,https://www.onetricks.gg/champions/builds/Samira
Samira,bot,16.19,,Hubris,Hubris → Bloodthirster,Lord Dominik's Regards,Infinity Edge,,Hubris → Bloodthirster → Lord Dominik's Regards → Infinity Edge,Serrated Dirk → Caulfield's Warhammer ; Cull → Serrated Dirk → Caulfield's Warhammer,https://www.onetricks.gg/champions/builds/Samira
Samira,bot,16.19,,Infinity Edge,Infinity Edge → The Collector,Lord Dominik's Regards,Immortal Shieldbow,Endless Hunger,Infinity Edge → The Collector → Lord Dominik's Regards → Immortal Shieldbow → Endless Hunger,B. F. Sword → Pickaxe → Cloak of Agility ; Pickaxe → B. F. Sword → Cloak of Agility,https://www.onetricks.gg/champions/builds/Samira
Sejuani,jungle,16.19,,Heartsteel,Heartsteel → Unending Despair,"Jak'Sho, The Protean | Kaenic Rookern | Thornmail",Randuin's Omen | Thornmail | Protoplasm Harness,Thornmail | Dusk and Dawn | Protoplasm Harness,"Heartsteel → Unending Despair → Jak'Sho, The Protean → Randuin's Omen ; Heartsteel → Unending Despair → Kaenic Rookern → Thornmail ; Heartsteel → Unending Despair → Jak'Sho, The Protean → Randuin's Omen → Thornmail",Giant's Belt → Giant's Belt → Crystalline Bracer ; Giant's Belt → Boots → Giant's Belt ; Giant's Belt → Giant's Belt → Boots,https://www.onetricks.gg/champions/builds/Sejuani
Sejuani,jungle,16.19,,Heartsteel,Heartsteel → Dusk and Dawn,Unending Despair | Riftmaker | Randuin's Omen,Knight's Vow | Frozen Heart | Abyssal Mask,Warmog's Armor,Heartsteel → Dusk and Dawn → Unending Despair → Knight's Vow ; Heartsteel → Dusk and Dawn → Unending Despair → Frozen Heart ; Heartsteel → Dusk and Dawn → Unending Despair → Abyssal Mask,Giant's Belt → Giant's Belt → Crystalline Bracer ; Giant's Belt → Boots → Giant's Belt ; Giant's Belt → Giant's Belt → Boots,https://www.onetricks.gg/champions/builds/Sejuani
Sejuani,jungle,16.19,,Heartsteel,Heartsteel → Zeke's Convergence,Thornmail | Hollow Radiance | Unending Despair,Hollow Radiance | Kaenic Rookern | Thornmail,,Heartsteel → Zeke's Convergence → Unending Despair → Hollow Radiance ; Heartsteel → Zeke's Convergence → Knight's Vow → Hollow Radiance ; Heartsteel → Zeke's Convergence → Thornmail → Hollow Radiance,Giant's Belt → Giant's Belt → Crystalline Bracer ; Giant's Belt → Boots → Giant's Belt ; Giant's Belt → Giant's Belt → Boots,https://www.onetricks.gg/champions/builds/Sejuani
Sejuani,jungle,16.19,,Heartsteel,Heartsteel → Kaenic Rookern,"Unending Despair | Jak'Sho, The Protean | Thornmail",Thornmail | Protoplasm Harness,Frozen Heart | Abyssal Mask,Heartsteel → Kaenic Rookern → Unending Despair → Thornmail ; Heartsteel → Kaenic Rookern → Zeke's Convergence → Thornmail ; Heartsteel → Kaenic Rookern → Unending Despair → Thornmail → Frozen Heart,Giant's Belt → Giant's Belt → Crystalline Bracer ; Giant's Belt → Boots → Giant's Belt ; Giant's Belt → Giant's Belt → Boots,https://www.onetricks.gg/champions/builds/Sejuani
Sejuani,jungle,16.19,,Sunfire Aegis,Sunfire Aegis → Zeke's Convergence,Protoplasm Harness | Kaenic Rookern,Kaenic Rookern,,Sunfire Aegis → Zeke's Convergence → Protoplasm Harness → Kaenic Rookern ; Sunfire Aegis → Zeke's Convergence → Kaenic Rookern,Bami's Cinder → Plated Steelcaps → Chain Vest ; Plated Steelcaps → Bami's Cinder → Chain Vest ; Boots → Bami's Cinder → Chain Vest,https://www.onetricks.gg/champions/builds/Sejuani
Sejuani,jungle,16.19,,Sunfire Aegis,Sunfire Aegis → Kaenic Rookern,Protoplasm Harness,Thornmail,,Sunfire Aegis → Kaenic Rookern → Protoplasm Harness → Thornmail,Bami's Cinder → Plated Steelcaps → Chain Vest ; Plated Steelcaps → Bami's Cinder → Chain Vest ; Boots → Bami's Cinder → Chain Vest,https://www.onetricks.gg/champions/builds/Sejuani
Sejuani,jungle,16.19,,Zeke's Convergence,Zeke's Convergence → Locket of the Iron Solari,Sunfire Aegis | Knight's Vow,,,Zeke's Convergence → Locket of the Iron Solari → Sunfire Aegis ; Zeke's Convergence → Locket of the Iron Solari → Knight's Vow,Bami's Cinder → Boots → Kindlegem ; Boots,https://www.onetricks.gg/champions/builds/Sejuani
Sejuani,jungle,16.19,,Zeke's Convergence,Zeke's Convergence → Sunfire Aegis,"Unending Despair | Jak'Sho, The Protean",Randuin's Omen,,"Zeke's Convergence → Sunfire Aegis → Unending Despair → Randuin's Omen ; Zeke's Convergence → Sunfire Aegis → Jak'Sho, The Protean",Bami's Cinder → Boots → Kindlegem ; Boots,https://www.onetricks.gg/champions/builds/Sejuani
Sejuani,jungle,16.19,,Zeke's Convergence,Zeke's Convergence → Protoplasm Harness,Kaenic Rookern,Hollow Radiance,,Zeke's Convergence → Protoplasm Harness → Kaenic Rookern → Hollow Radiance,Bami's Cinder → Boots → Kindlegem ; Boots,https://www.onetricks.gg/champions/builds/Sejuani
Sejuani,jungle,16.19,,Protoplasm Harness,Protoplasm Harness → Zeke's Convergence,Randuin's Omen | Kaenic Rookern | Thornmail,Sunfire Aegis,,Protoplasm Harness → Zeke's Convergence → Randuin's Omen → Sunfire Aegis ; Protoplasm Harness → Zeke's Convergence → Abyssal Mask → Sunfire Aegis ; Protoplasm Harness → Zeke's Convergence → Hollow Radiance,Giant's Belt ; Giant's Belt → Boots → Kindlegem,https://www.onetricks.gg/champions/builds/Sejuani
Sejuani,jungle,16.19,,Dusk and Dawn,Dusk and Dawn → Zeke's Convergence,Protoplasm Harness,"Jak'Sho, The Protean",Abyssal Mask,"Dusk and Dawn → Zeke's Convergence → Protoplasm Harness → Jak'Sho, The Protean → Abyssal Mask",Blasting Wand → Kindlegem → Sheen ; Kindlegem → Boots → Sheen,https://www.onetricks.gg/champions/builds/Sejuani
Sejuani,jungle,16.19,,Dusk and Dawn,Dusk and Dawn → Heartsteel,Abyssal Mask,Kaenic Rookern,Zeke's Convergence,Dusk and Dawn → Heartsteel → Abyssal Mask → Kaenic Rookern → Zeke's Convergence,Blasting Wand → Kindlegem → Sheen ; Kindlegem → Boots → Sheen,https://www.onetricks.gg/champions/builds/Sejuani
Senna,supp,16.19,,Black Cleaver,Black Cleaver → Bloodsong,Statikk Shiv | Diadem of Songs | Echoes of Helia,Echoes of Helia | Serpent's Fang | Guardian Angel,Bandlepipes | Edge of Night,Black Cleaver → Bloodsong → Diadem of Songs → Echoes of Helia → Bandlepipes ; Black Cleaver → Bloodsong → Statikk Shiv → Serpent's Fang ; Black Cleaver → Bloodsong → Statikk Shiv → Guardian Angel → Edge of Night,,https://www.onetricks.gg/champions/builds/Senna
Senna,supp,16.19,,Black Cleaver,Black Cleaver → Statikk Shiv,Guardian Angel,Celestial Opposition | Serpent's Fang,Chempunk Chainsword,Black Cleaver → Statikk Shiv → Guardian Angel → Celestial Opposition ; Black Cleaver → Statikk Shiv → Guardian Angel → Serpent's Fang → Chempunk Chainsword,,https://www.onetricks.gg/champions/builds/Senna
Seraphine,bot,16.19,,Blackfire Torch,Blackfire Torch → Lich Bane,Shadowflame | Cryptbloom | Zhonya's Hourglass,Shadowflame | Cryptbloom | Zhonya's Hourglass,Rabadon's Deathcap | Rylai's Crystal Scepter | Cryptbloom,Blackfire Torch → Lich Bane → Shadowflame → Cryptbloom ; Blackfire Torch → Lich Bane → Zhonya's Hourglass → Shadowflame ; Blackfire Torch → Lich Bane → Banshee's Veil → Shadowflame,Dark Seal → Lost Chapter → Fated Ashes ; Tear of the Goddess → Lost Chapter → Fated Ashes ; Lost Chapter → Fated Ashes,https://www.onetricks.gg/champions/builds/Seraphine
Seraphine,bot,16.19,,Blackfire Torch,Blackfire Torch → Rylai's Crystal Scepter,Imperial Mandate | Bloodletter's Curse | Seraph's Embrace,Mejai's Soulstealer | Fimbulwinter | Cryptbloom,Cryptbloom | Rabadon's Deathcap,Blackfire Torch → Rylai's Crystal Scepter → Imperial Mandate → Mejai's Soulstealer → Cryptbloom ; Blackfire Torch → Rylai's Crystal Scepter → Imperial Mandate → Fimbulwinter ; Blackfire Torch → Rylai's Crystal Scepter → Imperial Mandate → Cryptbloom,Dark Seal → Lost Chapter → Fated Ashes ; Tear of the Goddess → Lost Chapter → Fated Ashes ; Lost Chapter → Fated Ashes,https://www.onetricks.gg/champions/builds/Seraphine
Seraphine,bot,16.19,,Blackfire Torch,Blackfire Torch → Seraph's Embrace,Rylai's Crystal Scepter | Malignance | Lich Bane,Luden's Echo | Imperial Mandate | Morellonomicon,Rylai's Crystal Scepter | Rabadon's Deathcap,Blackfire Torch → Seraph's Embrace → Malignance → Luden's Echo → Rylai's Crystal Scepter ; Blackfire Torch → Seraph's Embrace → Rylai's Crystal Scepter → Imperial Mandate → Rabadon's Deathcap ; Blackfire Torch → Seraph's Embrace → Rylai's Crystal Scepter → Morellonomicon,Dark Seal → Lost Chapter → Fated Ashes ; Tear of the Goddess → Lost Chapter → Fated Ashes ; Lost Chapter → Fated Ashes,https://www.onetricks.gg/champions/builds/Seraphine
Seraphine,bot,16.19,,Blackfire Torch,Blackfire Torch → Imperial Mandate,Rylai's Crystal Scepter,Cryptbloom | Echoes of Helia,Zhonya's Hourglass,Blackfire Torch → Imperial Mandate → Rylai's Crystal Scepter → Cryptbloom ; Blackfire Torch → Imperial Mandate → Rylai's Crystal Scepter → Echoes of Helia ; Blackfire Torch → Imperial Mandate → Rylai's Crystal Scepter → Cryptbloom → Zhonya's Hourglass,Dark Seal → Lost Chapter → Fated Ashes ; Tear of the Goddess → Lost Chapter → Fated Ashes ; Lost Chapter → Fated Ashes,https://www.onetricks.gg/champions/builds/Seraphine
Seraphine,bot,16.19,,Seraph's Embrace,Seraph's Embrace → Imperial Mandate,Rylai's Crystal Scepter,Bloodletter's Curse | Cryptbloom | Zhonya's Hourglass,Cryptbloom | Zhonya's Hourglass | Morellonomicon,Seraph's Embrace → Imperial Mandate → Rylai's Crystal Scepter → Bloodletter's Curse ; Seraph's Embrace → Imperial Mandate → Rylai's Crystal Scepter → Cryptbloom ; Seraph's Embrace → Imperial Mandate → Rylai's Crystal Scepter → Zhonya's Hourglass,Tear of the Goddess → Lost Chapter ; Tear of the Goddess → Lost Chapter → Fiendish Codex ; Tear of the Goddess → Fiendish Codex → Lost Chapter,https://www.onetricks.gg/champions/builds/Seraphine
Seraphine,bot,16.19,,Seraph's Embrace,Seraph's Embrace → Rylai's Crystal Scepter,Imperial Mandate | Zhonya's Hourglass | Bloodletter's Curse,Cryptbloom,,Seraph's Embrace → Rylai's Crystal Scepter → Imperial Mandate → Cryptbloom ; Seraph's Embrace → Rylai's Crystal Scepter → Zhonya's Hourglass ; Seraph's Embrace → Rylai's Crystal Scepter → Bloodletter's Curse,Tear of the Goddess → Lost Chapter ; Tear of the Goddess → Lost Chapter → Fiendish Codex ; Tear of the Goddess → Fiendish Codex → Lost Chapter,https://www.onetricks.gg/champions/builds/Seraphine
Seraphine,bot,16.19,,Imperial Mandate,Imperial Mandate → Rylai's Crystal Scepter,Echoes of Helia | Seraph's Embrace,Diadem of Songs | Cryptbloom,Mikael's Blessing,Imperial Mandate → Rylai's Crystal Scepter → Echoes of Helia → Diadem of Songs ; Imperial Mandate → Rylai's Crystal Scepter → Seraph's Embrace → Cryptbloom ; Imperial Mandate → Rylai's Crystal Scepter → Echoes of Helia → Diadem of Songs → Mikael's Blessing,Tear of the Goddess → Bandleglass Mirror → Amplifying Tome ; Tear of the Goddess → Bandleglass Mirror → Ionian Boots of Lucidity ; Tear of the Goddess → Ionian Boots of Lucidity → Bandleglass Mirror,https://www.onetricks.gg/champions/builds/Seraphine
Seraphine,bot,16.19,,Imperial Mandate,Imperial Mandate → Echoes of Helia,Diadem of Songs,Staff of Flowing Water | Moonstone Renewer,Morellonomicon,Imperial Mandate → Echoes of Helia → Diadem of Songs → Staff of Flowing Water → Morellonomicon ; Imperial Mandate → Echoes of Helia → Diadem of Songs → Moonstone Renewer ; Imperial Mandate → Echoes of Helia → Diadem of Songs → Staff of Flowing Water,Tear of the Goddess → Bandleglass Mirror → Amplifying Tome ; Tear of the Goddess → Bandleglass Mirror → Ionian Boots of Lucidity ; Tear of the Goddess → Ionian Boots of Lucidity → Bandleglass Mirror,https://www.onetricks.gg/champions/builds/Seraphine
Seraphine,bot,16.19,,Luden's Echo,Luden's Echo → Lich Bane,Shadowflame | Banshee's Veil | Zhonya's Hourglass,Banshee's Veil | Bloodletter's Curse,,Luden's Echo → Lich Bane → Banshee's Veil ; Luden's Echo → Lich Bane → Shadowflame → Bloodletter's Curse ; Luden's Echo → Lich Bane → Shadowflame → Banshee's Veil,Lost Chapter → Dark Seal → Hextech Alternator ; Lost Chapter → Hextech Alternator ; Hextech Alternator → Lost Chapter,https://www.onetricks.gg/champions/builds/Seraphine
Seraphine,bot,16.19,,Luden's Echo,Luden's Echo → Hextech Rocketbelt,Imperial Mandate,Rylai's Crystal Scepter,,Luden's Echo → Hextech Rocketbelt → Imperial Mandate → Rylai's Crystal Scepter,Lost Chapter → Dark Seal → Hextech Alternator ; Lost Chapter → Hextech Alternator ; Hextech Alternator → Lost Chapter,https://www.onetricks.gg/champions/builds/Seraphine
Seraphine,bot,16.19,,Rylai's Crystal Scepter,Rylai's Crystal Scepter → Imperial Mandate,Blackfire Torch,Randuin's Omen,,Rylai's Crystal Scepter → Imperial Mandate → Blackfire Torch → Randuin's Omen,Blasting Wand ; Blasting Wand → Giant's Belt → Amplifying Tome ; Giant's Belt → Blasting Wand → Amplifying Tome,https://www.onetricks.gg/champions/builds/Seraphine
Seraphine,bot,16.19,,Rod of Ages,Rod of Ages → Seraph's Embrace,Staff of Flowing Water,,,Rod of Ages → Seraph's Embrace → Staff of Flowing Water,Tear of the Goddess → Catalyst of Aeons → Blasting Wand,https://www.onetricks.gg/champions/builds/Seraphine
Sett,top,16.19,,Stridebreaker,Stridebreaker → Black Cleaver,Overlord's Bloodmail | Sterak's Gage | Death's Dance,Sterak's Gage | Warmog's Armor | Overlord's Bloodmail,Spear of Shojin | Death's Dance | Sundered Sky,Stridebreaker → Black Cleaver → Overlord's Bloodmail → Sterak's Gage ; Stridebreaker → Black Cleaver → Overlord's Bloodmail → Warmog's Armor ; Stridebreaker → Black Cleaver → Sterak's Gage → Overlord's Bloodmail,Phage → Tiamat → Dagger ; Tiamat → Phage → Dagger ; Plated Steelcaps → Phage → Tiamat,https://www.onetricks.gg/champions/builds/Sett
Sett,top,16.19,,Stridebreaker,Stridebreaker → Overlord's Bloodmail,Sterak's Gage | Warmog's Armor | Spear of Shojin,Sterak's Gage | Spear of Shojin | Black Cleaver,Spirit Visage | Black Cleaver | Dead Man's Plate,Stridebreaker → Overlord's Bloodmail → Warmog's Armor → Sterak's Gage ; Stridebreaker → Overlord's Bloodmail → Sterak's Gage → Spear of Shojin ; Stridebreaker → Overlord's Bloodmail → Sterak's Gage → Black Cleaver,Phage → Tiamat → Dagger ; Tiamat → Phage → Dagger ; Plated Steelcaps → Phage → Tiamat,https://www.onetricks.gg/champions/builds/Sett
Sett,top,16.19,,Stridebreaker,Stridebreaker → Hullbreaker,Overlord's Bloodmail | Sterak's Gage | Black Cleaver,Sterak's Gage | Black Cleaver | Thornmail,Spear of Shojin,Stridebreaker → Hullbreaker → Overlord's Bloodmail → Sterak's Gage ; Stridebreaker → Hullbreaker → Overlord's Bloodmail → Black Cleaver ; Stridebreaker → Hullbreaker → Sterak's Gage → Chempunk Chainsword,Phage → Tiamat → Dagger ; Tiamat → Phage → Dagger ; Plated Steelcaps → Phage → Tiamat,https://www.onetricks.gg/champions/builds/Sett
Sett,top,16.19,,Stridebreaker,Stridebreaker → Spear of Shojin,Overlord's Bloodmail | Chempunk Chainsword | Sterak's Gage,Sterak's Gage | Chempunk Chainsword,Black Cleaver | Chempunk Chainsword,Stridebreaker → Spear of Shojin → Overlord's Bloodmail → Sterak's Gage → Black Cleaver ; Stridebreaker → Spear of Shojin → Overlord's Bloodmail → Sterak's Gage → Chempunk Chainsword ; Stridebreaker → Spear of Shojin → Overlord's Bloodmail → Chempunk Chainsword,Phage → Tiamat → Dagger ; Tiamat → Phage → Dagger ; Plated Steelcaps → Phage → Tiamat,https://www.onetricks.gg/champions/builds/Sett
Sett,top,16.19,,Black Cleaver,Black Cleaver → Stridebreaker,Overlord's Bloodmail | Sterak's Gage | Hullbreaker,Force of Nature | Chempunk Chainsword,,Black Cleaver → Stridebreaker → Hullbreaker ; Black Cleaver → Stridebreaker → Overlord's Bloodmail → Force of Nature ; Black Cleaver → Stridebreaker → Sterak's Gage → Chempunk Chainsword,Pickaxe → Phage → Kindlegem ; Phage → Pickaxe → Kindlegem ; Plated Steelcaps → Phage → Pickaxe,https://www.onetricks.gg/champions/builds/Sett
Sett,top,16.19,,Blade of The Ruined King,Blade of The Ruined King → Stridebreaker,Black Cleaver | Overlord's Bloodmail | Hullbreaker,Overlord's Bloodmail | Sterak's Gage,Chempunk Chainsword,Blade of The Ruined King → Stridebreaker → Overlord's Bloodmail → Sterak's Gage → Chempunk Chainsword ; Blade of The Ruined King → Stridebreaker → Hullbreaker → Overlord's Bloodmail ; Blade of The Ruined King → Stridebreaker → Black Cleaver → Overlord's Bloodmail,Vampiric Scepter → Recurve Bow → Pickaxe,https://www.onetricks.gg/champions/builds/Sett
Shaco,jungle,16.19,,Blackfire Torch,Blackfire Torch → Liandry's Torment,Imperial Mandate | Cryptbloom | Zhonya's Hourglass,Cryptbloom | Mejai's Soulstealer | Morellonomicon,Rabadon's Deathcap | Zhonya's Hourglass | Mejai's Soulstealer,Blackfire Torch → Liandry's Torment → Imperial Mandate → Cryptbloom ; Blackfire Torch → Liandry's Torment → Imperial Mandate → Mejai's Soulstealer ; Blackfire Torch → Liandry's Torment → Imperial Mandate → Morellonomicon,Fated Ashes → Boots → Lost Chapter ; Fated Ashes → Ionian Boots of Lucidity → Lost Chapter ; Fated Ashes → Boots → Dark Seal,https://www.onetricks.gg/champions/builds/Shaco
Shaco,jungle,16.19,,Blackfire Torch,Blackfire Torch → Imperial Mandate,Bloodletter's Curse | Liandry's Torment | Cosmic Drive,Zhonya's Hourglass | Cryptbloom | Liandry's Torment,Morellonomicon | Locket of the Iron Solari | Mejai's Soulstealer,Blackfire Torch → Imperial Mandate → Liandry's Torment → Zhonya's Hourglass ; Blackfire Torch → Imperial Mandate → Liandry's Torment → Cryptbloom ; Blackfire Torch → Imperial Mandate → Bloodletter's Curse → Shadowflame,Fated Ashes → Boots → Lost Chapter ; Fated Ashes → Ionian Boots of Lucidity → Lost Chapter ; Fated Ashes → Boots → Dark Seal,https://www.onetricks.gg/champions/builds/Shaco
Shaco,jungle,16.19,,Blackfire Torch,Blackfire Torch → Shadowflame,Imperial Mandate | Mejai's Soulstealer | Cryptbloom,Rabadon's Deathcap | Cryptbloom | Bloodletter's Curse,Cryptbloom,Blackfire Torch → Shadowflame → Mejai's Soulstealer → Rabadon's Deathcap → Cryptbloom ; Blackfire Torch → Shadowflame → Imperial Mandate → Rabadon's Deathcap ; Blackfire Torch → Shadowflame → Imperial Mandate → Bloodletter's Curse,Fated Ashes → Boots → Lost Chapter ; Fated Ashes → Ionian Boots of Lucidity → Lost Chapter ; Fated Ashes → Boots → Dark Seal,https://www.onetricks.gg/champions/builds/Shaco
Shaco,jungle,16.19,,Blackfire Torch,Blackfire Torch → Mejai's Soulstealer,Liandry's Torment | Imperial Mandate,Imperial Mandate | Cryptbloom | Liandry's Torment,Cryptbloom,Blackfire Torch → Mejai's Soulstealer → Liandry's Torment → Imperial Mandate ; Blackfire Torch → Mejai's Soulstealer → Liandry's Torment → Cryptbloom ; Blackfire Torch → Mejai's Soulstealer → Imperial Mandate → Liandry's Torment → Cryptbloom,Fated Ashes → Boots → Lost Chapter ; Fated Ashes → Ionian Boots of Lucidity → Lost Chapter ; Fated Ashes → Boots → Dark Seal,https://www.onetricks.gg/champions/builds/Shaco
Shaco,jungle,16.19,,Umbral Glaive,Umbral Glaive → Voltaic Cyclosword,Lord Dominik's Regards | Youmuu's Ghostblade | Edge of Night,Lord Dominik's Regards | Infinity Edge | Edge of Night,Infinity Edge | Profane Hydra | Phantom Dancer,Umbral Glaive → Voltaic Cyclosword → Lord Dominik's Regards → Infinity Edge ; Umbral Glaive → Voltaic Cyclosword → Youmuu's Ghostblade → Lord Dominik's Regards ; Umbral Glaive → Voltaic Cyclosword → Profane Hydra → Lord Dominik's Regards,Serrated Dirk → Boots → Caulfield's Warhammer ; Serrated Dirk → Caulfield's Warhammer ; Serrated Dirk → Caulfield's Warhammer → Boots,https://www.onetricks.gg/champions/builds/Shaco
Shaco,jungle,16.19,,Umbral Glaive,Umbral Glaive → Youmuu's Ghostblade,The Collector | Voltaic Cyclosword | Lord Dominik's Regards,Lord Dominik's Regards | Mortal Reminder | Edge of Night,Voltaic Cyclosword | Infinity Edge | Phantom Dancer,Umbral Glaive → Youmuu's Ghostblade → The Collector → Lord Dominik's Regards ; Umbral Glaive → Youmuu's Ghostblade → The Collector → Mortal Reminder ; Umbral Glaive → Youmuu's Ghostblade → Voltaic Cyclosword → Lord Dominik's Regards,Serrated Dirk → Boots → Caulfield's Warhammer ; Serrated Dirk → Caulfield's Warhammer ; Serrated Dirk → Caulfield's Warhammer → Boots,https://www.onetricks.gg/champions/builds/Shaco
Shaco,jungle,16.19,,Umbral Glaive,Umbral Glaive → Profane Hydra,Lord Dominik's Regards | Youmuu's Ghostblade | Voltaic Cyclosword,Mortal Reminder | Serpent's Fang | Edge of Night,Edge of Night | Youmuu's Ghostblade,Umbral Glaive → Profane Hydra → Voltaic Cyclosword → Mortal Reminder → Edge of Night ; Umbral Glaive → Profane Hydra → Lord Dominik's Regards → Serpent's Fang ; Umbral Glaive → Profane Hydra → Voltaic Cyclosword → Mortal Reminder,Serrated Dirk → Boots → Caulfield's Warhammer ; Serrated Dirk → Caulfield's Warhammer ; Serrated Dirk → Caulfield's Warhammer → Boots,https://www.onetricks.gg/champions/builds/Shaco
Shaco,jungle,16.19,,Liandry's Torment,Liandry's Torment → Imperial Mandate,Cryptbloom | Malignance | Bloodletter's Curse,Cryptbloom | Malignance | Redemption,Mejai's Soulstealer | Rabadon's Deathcap | Cryptbloom,Liandry's Torment → Imperial Mandate → Malignance → Cryptbloom ; Liandry's Torment → Imperial Mandate → Bloodletter's Curse → Malignance ; Liandry's Torment → Imperial Mandate → Cryptbloom → Redemption,Fated Ashes → Boots → Haunting Guise ; Fated Ashes → Boots → Dark Seal ; Fated Ashes → Haunting Guise → Boots,https://www.onetricks.gg/champions/builds/Shaco
Shaco,jungle,16.19,,Voltaic Cyclosword,Voltaic Cyclosword → The Collector,Lord Dominik's Regards | Infinity Edge | Fiendhunter Bolts,Infinity Edge | Fiendhunter Bolts | Lord Dominik's Regards,Fiendhunter Bolts,Voltaic Cyclosword → The Collector → Lord Dominik's Regards → Infinity Edge ; Voltaic Cyclosword → The Collector → Lord Dominik's Regards → Fiendhunter Bolts ; Voltaic Cyclosword → The Collector → Serpent's Fang → Lord Dominik's Regards,The Brutalizer → Boots → Long Sword ; Pickaxe ; Boots → Tiamat → The Brutalizer,https://www.onetricks.gg/champions/builds/Shaco
Shaco,jungle,16.19,,Voltaic Cyclosword,Voltaic Cyclosword → Umbral Glaive,Serpent's Fang | Lord Dominik's Regards | Edge of Night,Lord Dominik's Regards | Titanic Hydra | Mortal Reminder,Edge of Night,Voltaic Cyclosword → Umbral Glaive → Lord Dominik's Regards → Titanic Hydra ; Voltaic Cyclosword → Umbral Glaive → Serpent's Fang → Mortal Reminder ; Voltaic Cyclosword → Umbral Glaive → Serpent's Fang → Lord Dominik's Regards → Edge of Night,The Brutalizer → Boots → Long Sword ; Pickaxe ; Boots → Tiamat → The Brutalizer,https://www.onetricks.gg/champions/builds/Shaco
Shaco,jungle,16.19,,Youmuu's Ghostblade,Youmuu's Ghostblade → Voltaic Cyclosword,The Collector | Umbral Glaive | Mortal Reminder,Lord Dominik's Regards | Mortal Reminder | Essence Reaver,Bastionbreaker | Infinity Edge | Edge of Night,Youmuu's Ghostblade → Voltaic Cyclosword → The Collector → Lord Dominik's Regards ; Youmuu's Ghostblade → Voltaic Cyclosword → Umbral Glaive → Lord Dominik's Regards ; Youmuu's Ghostblade → Voltaic Cyclosword → The Collector → Lord Dominik's Regards → Serpent's Fang,Serrated Dirk ; Serrated Dirk → Rectrix → Long Sword ; Serrated Dirk → Boots → Rectrix,https://www.onetricks.gg/champions/builds/Shaco
Shaco,jungle,16.19,,Eclipse,Eclipse → Liandry's Torment,Mejai's Soulstealer | Riftmaker,Mikael's Blessing | Cryptbloom,,Eclipse → Liandry's Torment → Mejai's Soulstealer → Mikael's Blessing ; Eclipse → Liandry's Torment → Riftmaker → Cryptbloom,Dark Seal → Pickaxe → Boots ; Pickaxe → Caulfield's Warhammer → Long Sword,https://www.onetricks.gg/champions/builds/Shaco
Shaco,jungle,16.19,,Eclipse,Eclipse → The Collector,Infinity Edge | Mortal Reminder | Lord Dominik's Regards,Infinity Edge | Mortal Reminder | Lord Dominik's Regards,Voltaic Cyclosword,Eclipse → The Collector → Lord Dominik's Regards → Infinity Edge → Voltaic Cyclosword ; Eclipse → The Collector → Infinity Edge → Lord Dominik's Regards ; Eclipse → The Collector → Infinity Edge → Mortal Reminder,Dark Seal → Pickaxe → Boots ; Pickaxe → Caulfield's Warhammer → Long Sword,https://www.onetricks.gg/champions/builds/Shaco
Shen,top,16.19,,Titanic Hydra,Titanic Hydra → Dusk and Dawn,Bandlepipes | Randuin's Omen | Thornmail,"Abyssal Mask | Jak'Sho, The Protean | Kaenic Rookern",Unending Despair | Zeke's Convergence | Thornmail,"Titanic Hydra → Dusk and Dawn → Bandlepipes → Thornmail ; Titanic Hydra → Dusk and Dawn → Kaenic Rookern → Randuin's Omen ; Titanic Hydra → Dusk and Dawn → Unending Despair → Jak'Sho, The Protean",Giant's Belt → Tiamat → Tunneler ; Giant's Belt → Tunneler → Tiamat ; Tiamat → Tunneler → Giant's Belt,https://www.onetricks.gg/champions/builds/Shen
Shen,top,16.19,,Titanic Hydra,Titanic Hydra → Dead Man's Plate,"Kaenic Rookern | Thornmail | Jak'Sho, The Protean",Randuin's Omen,,Titanic Hydra → Dead Man's Plate → Thornmail → Randuin's Omen ; Titanic Hydra → Dead Man's Plate → Kaenic Rookern → Randuin's Omen ; Titanic Hydra → Dead Man's Plate → Force of Nature → Randuin's Omen,Giant's Belt → Tiamat → Tunneler ; Giant's Belt → Tunneler → Tiamat ; Tiamat → Tunneler → Giant's Belt,https://www.onetricks.gg/champions/builds/Shen
Shen,top,16.19,,Titanic Hydra,Titanic Hydra → Kaenic Rookern,Randuin's Omen | Dead Man's Plate | Spirit Visage,Thornmail | Protoplasm Harness | Dusk and Dawn,,Titanic Hydra → Kaenic Rookern → Randuin's Omen → Thornmail ; Titanic Hydra → Kaenic Rookern → Randuin's Omen → Protoplasm Harness ; Titanic Hydra → Kaenic Rookern → Spirit Visage → Thornmail,Giant's Belt → Tiamat → Tunneler ; Giant's Belt → Tunneler → Tiamat ; Tiamat → Tunneler → Giant's Belt,https://www.onetricks.gg/champions/builds/Shen
Shen,top,16.19,,Titanic Hydra,Titanic Hydra → Randuin's Omen,"Jak'Sho, The Protean | Kaenic Rookern | Iceborn Gauntlet",Protoplasm Harness | Frozen Heart,Knight's Vow,"Titanic Hydra → Randuin's Omen → Jak'Sho, The Protean → Protoplasm Harness → Knight's Vow ; Titanic Hydra → Randuin's Omen → Dead Man's Plate → Frozen Heart",Giant's Belt → Tiamat → Tunneler ; Giant's Belt → Tunneler → Tiamat ; Tiamat → Tunneler → Giant's Belt,https://www.onetricks.gg/champions/builds/Shen
Shen,top,16.19,,Sunfire Aegis,Sunfire Aegis → Unending Despair,Titanic Hydra | Thornmail | Randuin's Omen,Thornmail,,Sunfire Aegis → Unending Despair → Titanic Hydra ; Sunfire Aegis → Unending Despair → Randuin's Omen → Thornmail ; Sunfire Aegis → Unending Despair → Thornmail,Bami's Cinder → Chain Vest → Ruby Crystal ; Plated Steelcaps → Bami's Cinder → Chain Vest ; Bami's Cinder → Plated Steelcaps → Chain Vest,https://www.onetricks.gg/champions/builds/Shen
Shen,top,16.19,,Sunfire Aegis,Sunfire Aegis → Titanic Hydra,Randuin's Omen | Dusk and Dawn,,,Sunfire Aegis → Titanic Hydra → Randuin's Omen ; Sunfire Aegis → Titanic Hydra → Dusk and Dawn,Bami's Cinder → Chain Vest → Ruby Crystal ; Plated Steelcaps → Bami's Cinder → Chain Vest ; Bami's Cinder → Plated Steelcaps → Chain Vest,https://www.onetricks.gg/champions/builds/Shen
Shen,top,16.19,,Hollow Radiance,Hollow Radiance → Bandlepipes,Locket of the Iron Solari | Randuin's Omen,,,Hollow Radiance → Bandlepipes → Locket of the Iron Solari ; Hollow Radiance → Bandlepipes → Randuin's Omen,Bami's Cinder → Null-Magic Mantle → Spectre's Cowl ; Ionian Boots of Lucidity → Bami's Cinder → Spectre's Cowl ; Mercury's Treads → Bami's Cinder → Spectre's Cowl,https://www.onetricks.gg/champions/builds/Shen
Shen,top,16.19,,Hollow Radiance,Hollow Radiance → Dead Man's Plate,Bandlepipes,,,Hollow Radiance → Dead Man's Plate → Bandlepipes,Bami's Cinder → Null-Magic Mantle → Spectre's Cowl ; Ionian Boots of Lucidity → Bami's Cinder → Spectre's Cowl ; Mercury's Treads → Bami's Cinder → Spectre's Cowl,https://www.onetricks.gg/champions/builds/Shen
Shen,top,16.19,,Hollow Radiance,Hollow Radiance → Force of Nature,Randuin's Omen,,,Hollow Radiance → Force of Nature → Randuin's Omen,Bami's Cinder → Null-Magic Mantle → Spectre's Cowl ; Ionian Boots of Lucidity → Bami's Cinder → Spectre's Cowl ; Mercury's Treads → Bami's Cinder → Spectre's Cowl,https://www.onetricks.gg/champions/builds/Shen
Shen,top,16.19,,Heartsteel,Heartsteel → Sunfire Aegis,Randuin's Omen | Thornmail | Iceborn Gauntlet,,,Heartsteel → Sunfire Aegis → Randuin's Omen ; Heartsteel → Sunfire Aegis → Iceborn Gauntlet ; Heartsteel → Sunfire Aegis → Thornmail,Giant's Belt → Giant's Belt → Crystalline Bracer,https://www.onetricks.gg/champions/builds/Shen
Shen,top,16.19,,Heartsteel,Heartsteel → Titanic Hydra,Dusk and Dawn,,,Heartsteel → Titanic Hydra → Dusk and Dawn,Giant's Belt → Giant's Belt → Crystalline Bracer,https://www.onetricks.gg/champions/builds/Shen
Shen,top,16.19,,Heartsteel,Heartsteel → Hollow Radiance,Thornmail,,,Heartsteel → Hollow Radiance → Thornmail,Giant's Belt → Giant's Belt → Crystalline Bracer,https://www.onetricks.gg/champions/builds/Shen
Shen,top,16.19,,Iceborn Gauntlet,Iceborn Gauntlet → Titanic Hydra,Randuin's Omen | Locket of the Iron Solari,,,Iceborn Gauntlet → Titanic Hydra → Randuin's Omen ; Iceborn Gauntlet → Titanic Hydra → Locket of the Iron Solari,Plated Steelcaps → Sheen → Chain Vest ; Chain Vest → Sheen → Ruby Crystal,https://www.onetricks.gg/champions/builds/Shen
Shyvana,jungle,16.19,,Trinity Force,Trinity Force → Spear of Shojin,"Death's Dance | Jak'Sho, The Protean | Sterak's Gage","Jak'Sho, The Protean | Randuin's Omen | Death's Dance","Jak'Sho, The Protean | Riftmaker | Sterak's Gage","Trinity Force → Spear of Shojin → Death's Dance → Jak'Sho, The Protean ; Trinity Force → Spear of Shojin → Death's Dance → Randuin's Omen ; Trinity Force → Spear of Shojin → Death's Dance → Sterak's Gage",Sheen → Phage → Hearthbound Axe ; Phage → Sheen → Hearthbound Axe ; Phage,https://www.onetricks.gg/champions/builds/Shyvana
Shyvana,jungle,16.19,,Trinity Force,Trinity Force → Experimental Hexplate,Spear of Shojin | Death's Dance | Wit's End,"Death's Dance | Spear of Shojin | Jak'Sho, The Protean",,"Trinity Force → Experimental Hexplate → Spear of Shojin → Death's Dance ; Trinity Force → Experimental Hexplate → Death's Dance → Jak'Sho, The Protean ; Trinity Force → Experimental Hexplate → Wit's End → Spear of Shojin",Sheen → Phage → Hearthbound Axe ; Phage → Sheen → Hearthbound Axe ; Phage,https://www.onetricks.gg/champions/builds/Shyvana
Shyvana,jungle,16.19,,Trinity Force,Trinity Force → Death's Dance,Spear of Shojin | Endless Hunger,"Sterak's Gage | Jak'Sho, The Protean | Bloodletter's Curse","Overlord's Bloodmail | Mejai's Soulstealer | Jak'Sho, The Protean","Trinity Force → Death's Dance → Spear of Shojin → Sterak's Gage → Mejai's Soulstealer ; Trinity Force → Death's Dance → Spear of Shojin → Jak'Sho, The Protean → Overlord's Bloodmail ; Trinity Force → Death's Dance → Spear of Shojin → Bloodletter's Curse → Jak'Sho, The Protean",Sheen → Phage → Hearthbound Axe ; Phage → Sheen → Hearthbound Axe ; Phage,https://www.onetricks.gg/champions/builds/Shyvana
Shyvana,jungle,16.19,,Kraken Slayer,Kraken Slayer → Dusk and Dawn,Death's Dance | Spear of Shojin | Wit's End,"Jak'Sho, The Protean | Mejai's Soulstealer | Death's Dance","Jak'Sho, The Protean | Randuin's Omen | Mejai's Soulstealer","Kraken Slayer → Dusk and Dawn → Death's Dance → Jak'Sho, The Protean ; Kraken Slayer → Dusk and Dawn → Spear of Shojin → Death's Dance ; Kraken Slayer → Dusk and Dawn → Death's Dance → Mejai's Soulstealer",Hearthbound Axe ; Dark Seal → Hearthbound Axe → Rectrix ; Hearthbound Axe → Rectrix → Recurve Bow,https://www.onetricks.gg/champions/builds/Shyvana
Shyvana,jungle,16.19,,Kraken Slayer,Kraken Slayer → Death's Dance,"Dusk and Dawn | Jak'Sho, The Protean","Randuin's Omen | Jak'Sho, The Protean",Sterak's Gage,"Kraken Slayer → Death's Dance → Dusk and Dawn → Jak'Sho, The Protean → Sterak's Gage ; Kraken Slayer → Death's Dance → Dusk and Dawn → Randuin's Omen ; Kraken Slayer → Death's Dance → Dusk and Dawn → Jak'Sho, The Protean",Hearthbound Axe ; Dark Seal → Hearthbound Axe → Rectrix ; Hearthbound Axe → Rectrix → Recurve Bow,https://www.onetricks.gg/champions/builds/Shyvana
Shyvana,jungle,16.19,,Spear of Shojin,Spear of Shojin → Riftmaker,Liandry's Torment | Mejai's Soulstealer | Morellonomicon,Bloodletter's Curse | Mejai's Soulstealer,Mejai's Soulstealer,Spear of Shojin → Riftmaker → Liandry's Torment → Bloodletter's Curse → Mejai's Soulstealer ; Spear of Shojin → Riftmaker → Morellonomicon → Mejai's Soulstealer,Dark Seal → Pickaxe → Tunneler ; Pickaxe → Tunneler → Ruby Crystal ; Pickaxe → Tunneler → Boots,https://www.onetricks.gg/champions/builds/Shyvana
Shyvana,jungle,16.19,,Spear of Shojin,Spear of Shojin → Liandry's Torment,Riftmaker,Bloodletter's Curse,,Spear of Shojin → Liandry's Torment → Riftmaker → Bloodletter's Curse,Dark Seal → Pickaxe → Tunneler ; Pickaxe → Tunneler → Ruby Crystal ; Pickaxe → Tunneler → Boots,https://www.onetricks.gg/champions/builds/Shyvana
Shyvana,jungle,16.19,,Experimental Hexplate,Experimental Hexplate → Death's Dance,Sterak's Gage | Endless Hunger | Riftmaker,Bandlepipes | Spear of Shojin | Riftmaker,Liandry's Torment,Experimental Hexplate → Death's Dance → Endless Hunger → Bandlepipes ; Experimental Hexplate → Death's Dance → Sterak's Gage → Spear of Shojin ; Experimental Hexplate → Death's Dance → Sterak's Gage → Riftmaker → Liandry's Torment,Phage → Tunneler → Dagger ; Phage → Dark Seal → Tunneler ; Dark Seal → Phage → Tunneler,https://www.onetricks.gg/champions/builds/Shyvana
Shyvana,jungle,16.19,,Experimental Hexplate,Experimental Hexplate → Spear of Shojin,Death's Dance | Randuin's Omen | Sterak's Gage,Randuin's Omen | Mejai's Soulstealer | Hullbreaker,Randuin's Omen | Hullbreaker,"Experimental Hexplate → Spear of Shojin → Death's Dance → Randuin's Omen ; Experimental Hexplate → Spear of Shojin → Jak'Sho, The Protean → Mejai's Soulstealer → Hullbreaker ; Experimental Hexplate → Spear of Shojin → Mejai's Soulstealer → Hullbreaker → Randuin's Omen",Phage → Tunneler → Dagger ; Phage → Dark Seal → Tunneler ; Dark Seal → Phage → Tunneler,https://www.onetricks.gg/champions/builds/Shyvana
Shyvana,jungle,16.19,,Dusk and Dawn,Dusk and Dawn → Death's Dance,Endless Hunger,Sterak's Gage,Overlord's Bloodmail,Dusk and Dawn → Death's Dance → Endless Hunger → Sterak's Gage → Overlord's Bloodmail,Blasting Wand → Sheen → Kindlegem,https://www.onetricks.gg/champions/builds/Shyvana
Shyvana,jungle,16.19,,Dusk and Dawn,Dusk and Dawn → Cosmic Drive,Riftmaker,Bloodletter's Curse,,Dusk and Dawn → Cosmic Drive → Riftmaker → Bloodletter's Curse,Blasting Wand → Sheen → Kindlegem,https://www.onetricks.gg/champions/builds/Shyvana
Shyvana,jungle,16.19,,Dusk and Dawn,Dusk and Dawn → Riftmaker,Bloodletter's Curse | Liandry's Torment,,,Dusk and Dawn → Riftmaker → Bloodletter's Curse ; Dusk and Dawn → Riftmaker → Liandry's Torment,Blasting Wand → Sheen → Kindlegem,https://www.onetricks.gg/champions/builds/Shyvana
Shyvana,jungle,16.19,,Blade of The Ruined King,Blade of The Ruined King → Experimental Hexplate,Death's Dance,Serpent's Fang,,Blade of The Ruined King → Experimental Hexplate → Death's Dance → Serpent's Fang,,https://www.onetricks.gg/champions/builds/Shyvana
Shyvana,jungle,16.19,,Blade of The Ruined King,Blade of The Ruined King → Sundered Sky,"Dusk and Dawn | Jak'Sho, The Protean",,,"Blade of The Ruined King → Sundered Sky → Jak'Sho, The Protean ; Blade of The Ruined King → Sundered Sky → Dusk and Dawn",,https://www.onetricks.gg/champions/builds/Shyvana
Singed,top,16.19,,Liandry's Torment,Liandry's Torment → Rylai's Crystal Scepter,Protoplasm Harness | Dead Man's Plate | Randuin's Omen,Protoplasm Harness | Force of Nature | Riftmaker,Dead Man's Plate,Liandry's Torment → Rylai's Crystal Scepter → Riftmaker → Protoplasm Harness ; Liandry's Torment → Rylai's Crystal Scepter → Dead Man's Plate → Riftmaker ; Liandry's Torment → Rylai's Crystal Scepter → Protoplasm Harness → Mejai's Soulstealer,Haunting Guise → Fated Ashes ; Dark Seal → Haunting Guise → Fated Ashes ; Boots of Swiftness → Haunting Guise → Fated Ashes,https://www.onetricks.gg/champions/builds/Singed
Singed,top,16.19,,Liandry's Torment,Liandry's Torment → Riftmaker,Zhonya's Hourglass | Protoplasm Harness | Mejai's Soulstealer,"Protoplasm Harness | Zhonya's Hourglass | Jak'Sho, The Protean",Rylai's Crystal Scepter | Bloodletter's Curse | Protoplasm Harness,Liandry's Torment → Riftmaker → Zhonya's Hourglass → Protoplasm Harness ; Liandry's Torment → Riftmaker → Mejai's Soulstealer → Zhonya's Hourglass ; Liandry's Torment → Riftmaker → Protoplasm Harness → Bloodletter's Curse → Rylai's Crystal Scepter,Haunting Guise → Fated Ashes ; Dark Seal → Haunting Guise → Fated Ashes ; Boots of Swiftness → Haunting Guise → Fated Ashes,https://www.onetricks.gg/champions/builds/Singed
Singed,top,16.19,,Liandry's Torment,Liandry's Torment → Protoplasm Harness,Knight's Vow | Imperial Mandate | Riftmaker,Mejai's Soulstealer | Warmog's Armor | Imperial Mandate,,Liandry's Torment → Protoplasm Harness → Imperial Mandate → Mejai's Soulstealer ; Liandry's Torment → Protoplasm Harness → Riftmaker → Mejai's Soulstealer ; Liandry's Torment → Protoplasm Harness → Knight's Vow → Imperial Mandate,Haunting Guise → Fated Ashes ; Dark Seal → Haunting Guise → Fated Ashes ; Boots of Swiftness → Haunting Guise → Fated Ashes,https://www.onetricks.gg/champions/builds/Singed
Singed,top,16.19,,Liandry's Torment,Liandry's Torment → Bloodletter's Curse,Protoplasm Harness | Zhonya's Hourglass | Rylai's Crystal Scepter,Force of Nature | Kaenic Rookern | Riftmaker,,"Liandry's Torment → Bloodletter's Curse → Rylai's Crystal Scepter → Force of Nature ; Liandry's Torment → Bloodletter's Curse → Protoplasm Harness → Jak'Sho, The Protean ; Liandry's Torment → Bloodletter's Curse → Protoplasm Harness → Kaenic Rookern",Haunting Guise → Fated Ashes ; Dark Seal → Haunting Guise → Fated Ashes ; Boots of Swiftness → Haunting Guise → Fated Ashes,https://www.onetricks.gg/champions/builds/Singed
Singed,top,16.19,,Rylai's Crystal Scepter,Rylai's Crystal Scepter → Liandry's Torment,Protoplasm Harness | Randuin's Omen | Mejai's Soulstealer,"Zhonya's Hourglass | Protoplasm Harness | Jak'Sho, The Protean",Knight's Vow | Mejai's Soulstealer | Zhonya's Hourglass,"Rylai's Crystal Scepter → Liandry's Torment → Protoplasm Harness → Zhonya's Hourglass → Knight's Vow ; Rylai's Crystal Scepter → Liandry's Torment → Randuin's Omen → Protoplasm Harness → Mejai's Soulstealer ; Rylai's Crystal Scepter → Liandry's Torment → Mejai's Soulstealer → Jak'Sho, The Protean",Boots of Swiftness → Giant's Belt → Blasting Wand ; Dark Seal → Boots of Swiftness → Blasting Wand ; Dark Seal → Boots of Swiftness → Giant's Belt,https://www.onetricks.gg/champions/builds/Singed
Singed,top,16.19,,Rylai's Crystal Scepter,Rylai's Crystal Scepter → Protoplasm Harness,"Liandry's Torment | Jak'Sho, The Protean | Randuin's Omen","Jak'Sho, The Protean | Force of Nature | Warmog's Armor",Randuin's Omen,"Rylai's Crystal Scepter → Protoplasm Harness → Liandry's Torment → Force of Nature → Randuin's Omen ; Rylai's Crystal Scepter → Protoplasm Harness → Liandry's Torment → Jak'Sho, The Protean ; Rylai's Crystal Scepter → Protoplasm Harness → Randuin's Omen → Jak'Sho, The Protean",Boots of Swiftness → Giant's Belt → Blasting Wand ; Dark Seal → Boots of Swiftness → Blasting Wand ; Dark Seal → Boots of Swiftness → Giant's Belt,https://www.onetricks.gg/champions/builds/Singed
Singed,top,16.19,,Rylai's Crystal Scepter,Rylai's Crystal Scepter → Hextech Rocketbelt,Dead Man's Plate | Mejai's Soulstealer | Zhonya's Hourglass,Dead Man's Plate | Liandry's Torment | Randuin's Omen,Protoplasm Harness,Rylai's Crystal Scepter → Hextech Rocketbelt → Dead Man's Plate → Liandry's Torment ; Rylai's Crystal Scepter → Hextech Rocketbelt → Mejai's Soulstealer → Dead Man's Plate ; Rylai's Crystal Scepter → Hextech Rocketbelt → Zhonya's Hourglass → Randuin's Omen → Protoplasm Harness,Boots of Swiftness → Giant's Belt → Blasting Wand ; Dark Seal → Boots of Swiftness → Blasting Wand ; Dark Seal → Boots of Swiftness → Giant's Belt,https://www.onetricks.gg/champions/builds/Singed
Singed,top,16.19,,Rylai's Crystal Scepter,Rylai's Crystal Scepter → Dead Man's Plate,Protoplasm Harness | Randuin's Omen | Force of Nature,Knight's Vow | Mejai's Soulstealer | Liandry's Torment,,Rylai's Crystal Scepter → Dead Man's Plate → Protoplasm Harness → Knight's Vow ; Rylai's Crystal Scepter → Dead Man's Plate → Randuin's Omen → Knight's Vow ; Rylai's Crystal Scepter → Dead Man's Plate → Force of Nature → Mejai's Soulstealer,Boots of Swiftness → Giant's Belt → Blasting Wand ; Dark Seal → Boots of Swiftness → Blasting Wand ; Dark Seal → Boots of Swiftness → Giant's Belt,https://www.onetricks.gg/champions/builds/Singed
Singed,top,16.19,,Hextech Rocketbelt,Hextech Rocketbelt → Rylai's Crystal Scepter,Dead Man's Plate | Protoplasm Harness | Liandry's Torment,Liandry's Torment | Randuin's Omen,,Hextech Rocketbelt → Rylai's Crystal Scepter → Randuin's Omen → Liandry's Torment ; Hextech Rocketbelt → Rylai's Crystal Scepter → Zhonya's Hourglass → Liandry's Torment ; Hextech Rocketbelt → Rylai's Crystal Scepter → Zhonya's Hourglass → Randuin's Omen,Hextech Alternator → Kindlegem → Fiendish Codex ; Dark Seal → Hextech Alternator → Kindlegem ; Dark Seal → Plated Steelcaps → Hextech Alternator,https://www.onetricks.gg/champions/builds/Singed
Singed,top,16.19,,Hextech Rocketbelt,Hextech Rocketbelt → Liandry's Torment,Zhonya's Hourglass | Mejai's Soulstealer | Randuin's Omen,Bloodletter's Curse | Rylai's Crystal Scepter,,Hextech Rocketbelt → Liandry's Torment → Zhonya's Hourglass → Bloodletter's Curse ; Hextech Rocketbelt → Liandry's Torment → Mejai's Soulstealer ; Hextech Rocketbelt → Liandry's Torment → Zhonya's Hourglass → Rylai's Crystal Scepter,Hextech Alternator → Kindlegem → Fiendish Codex ; Dark Seal → Hextech Alternator → Kindlegem ; Dark Seal → Plated Steelcaps → Hextech Alternator,https://www.onetricks.gg/champions/builds/Singed
Sion,top,16.19,,Unending Despair,Unending Despair → Spirit Visage,"Thornmail | Jak'Sho, The Protean",,,"Unending Despair → Spirit Visage → Thornmail ; Unending Despair → Spirit Visage → Jak'Sho, The Protean",Chain Vest → Kindlegem → Ruby Crystal ; Cull → Chain Vest → Kindlegem ; Chain Vest → Kindlegem → Cloth Armor,https://www.onetricks.gg/champions/builds/Sion
Sion,top,16.19,,Unending Despair,Unending Despair → Thornmail,"Hollow Radiance | Jak'Sho, The Protean | Kaenic Rookern","Jak'Sho, The Protean",,"Unending Despair → Thornmail → Hollow Radiance ; Unending Despair → Thornmail → Jak'Sho, The Protean ; Unending Despair → Thornmail → Kaenic Rookern → Jak'Sho, The Protean",Chain Vest → Kindlegem → Ruby Crystal ; Cull → Chain Vest → Kindlegem ; Chain Vest → Kindlegem → Cloth Armor,https://www.onetricks.gg/champions/builds/Sion
Sion,top,16.19,,Unending Despair,Unending Despair → Kaenic Rookern,Randuin's Omen,,,Unending Despair → Kaenic Rookern → Randuin's Omen,Chain Vest → Kindlegem → Ruby Crystal ; Cull → Chain Vest → Kindlegem ; Chain Vest → Kindlegem → Cloth Armor,https://www.onetricks.gg/champions/builds/Sion
Sion,top,16.19,,Unending Despair,Unending Despair → Hollow Radiance,Spirit Visage | Thornmail,Kaenic Rookern,,Unending Despair → Hollow Radiance → Spirit Visage → Kaenic Rookern ; Unending Despair → Hollow Radiance → Thornmail,Chain Vest → Kindlegem → Ruby Crystal ; Cull → Chain Vest → Kindlegem ; Chain Vest → Kindlegem → Cloth Armor,https://www.onetricks.gg/champions/builds/Sion
Sion,top,16.19,,Heartsteel,Heartsteel → Unending Despair,Titanic Hydra | Force of Nature | Thornmail,"Jak'Sho, The Protean",,"Heartsteel → Unending Despair → Titanic Hydra ; Heartsteel → Unending Despair → Force of Nature ; Heartsteel → Unending Despair → Dead Man's Plate → Jak'Sho, The Protean",Giant's Belt → Crystalline Bracer ; Cull → Giant's Belt → Giant's Belt ; Giant's Belt → Giant's Belt → Crystalline Bracer,https://www.onetricks.gg/champions/builds/Sion
Sion,top,16.19,,Heartsteel,Heartsteel → Titanic Hydra,Frozen Heart,Overlord's Bloodmail,Thornmail,Heartsteel → Titanic Hydra → Frozen Heart → Overlord's Bloodmail → Thornmail,Giant's Belt → Crystalline Bracer ; Cull → Giant's Belt → Giant's Belt ; Giant's Belt → Giant's Belt → Crystalline Bracer,https://www.onetricks.gg/champions/builds/Sion
Sion,top,16.19,,Sunfire Aegis,Sunfire Aegis → Unending Despair,Spirit Visage | Thornmail | Frozen Heart,"Randuin's Omen | Thornmail | Jak'Sho, The Protean",,"Sunfire Aegis → Unending Despair → Spirit Visage → Randuin's Omen ; Sunfire Aegis → Unending Despair → Spirit Visage → Thornmail ; Sunfire Aegis → Unending Despair → Frozen Heart → Jak'Sho, The Protean",Chain Vest → Bami's Cinder → Ruby Crystal ; Plated Steelcaps → Bami's Cinder → Chain Vest ; Negatron Cloak → Bami's Cinder → Mercury's Treads,https://www.onetricks.gg/champions/builds/Sion
Sion,top,16.19,,Hollow Radiance,Hollow Radiance → Unending Despair,Randuin's Omen | Thornmail | Iceborn Gauntlet,Frozen Heart | Thornmail,,Hollow Radiance → Unending Despair → Thornmail ; Hollow Radiance → Unending Despair → Randuin's Omen → Frozen Heart ; Hollow Radiance → Unending Despair → Randuin's Omen → Thornmail,Spectre's Cowl → Bami's Cinder ; Bami's Cinder → Spectre's Cowl ; Cull → Spectre's Cowl → Bami's Cinder,https://www.onetricks.gg/champions/builds/Sion
Sion,top,16.19,,Hollow Radiance,Hollow Radiance → Titanic Hydra,Randuin's Omen,Thornmail,,Hollow Radiance → Titanic Hydra → Randuin's Omen → Thornmail,Spectre's Cowl → Bami's Cinder ; Bami's Cinder → Spectre's Cowl ; Cull → Spectre's Cowl → Bami's Cinder,https://www.onetricks.gg/champions/builds/Sion
Sion,top,16.19,,Titanic Hydra,Titanic Hydra → Unending Despair,Spirit Visage | Randuin's Omen | Kaenic Rookern,Thornmail | Kaenic Rookern | Randuin's Omen,,Titanic Hydra → Unending Despair → Spirit Visage → Thornmail ; Titanic Hydra → Unending Despair → Randuin's Omen → Kaenic Rookern ; Titanic Hydra → Unending Despair → Kaenic Rookern → Randuin's Omen,Cull → Tunneler → Tiamat ; Cull → Plated Steelcaps → Tunneler ; Cull → Tiamat → Tunneler,https://www.onetricks.gg/champions/builds/Sion
Sion,top,16.19,,Titanic Hydra,Titanic Hydra → Randuin's Omen,Kaenic Rookern | Sterak's Gage | Spirit Visage,Knight's Vow,Kaenic Rookern,Titanic Hydra → Randuin's Omen → Spirit Visage → Knight's Vow → Kaenic Rookern ; Titanic Hydra → Randuin's Omen → Sterak's Gage,Cull → Tunneler → Tiamat ; Cull → Plated Steelcaps → Tunneler ; Cull → Tiamat → Tunneler,https://www.onetricks.gg/champions/builds/Sion
Sion,top,16.19,,Dead Man's Plate,Dead Man's Plate → Kaenic Rookern,"Jak'Sho, The Protean",,,"Dead Man's Plate → Kaenic Rookern → Jak'Sho, The Protean",Bramble Vest → Chain Vest → Winged Moonplate ; Chain Vest → Winged Moonplate → Ruby Crystal ; Plated Steelcaps → Chain Vest → Winged Moonplate,https://www.onetricks.gg/champions/builds/Sion
Sion,top,16.19,,Dead Man's Plate,Dead Man's Plate → Spirit Visage,Thornmail | Knight's Vow,,,Dead Man's Plate → Spirit Visage → Thornmail ; Dead Man's Plate → Spirit Visage → Knight's Vow,Bramble Vest → Chain Vest → Winged Moonplate ; Chain Vest → Winged Moonplate → Ruby Crystal ; Plated Steelcaps → Chain Vest → Winged Moonplate,https://www.onetricks.gg/champions/builds/Sion
Sion,top,16.19,,Dead Man's Plate,Dead Man's Plate → Randuin's Omen,,,,,Bramble Vest → Chain Vest → Winged Moonplate ; Chain Vest → Winged Moonplate → Ruby Crystal ; Plated Steelcaps → Chain Vest → Winged Moonplate,https://www.onetricks.gg/champions/builds/Sion
Sion,top,16.19,,Dead Man's Plate,Dead Man's Plate → Thornmail,,,,,Bramble Vest → Chain Vest → Winged Moonplate ; Chain Vest → Winged Moonplate → Ruby Crystal ; Plated Steelcaps → Chain Vest → Winged Moonplate,https://www.onetricks.gg/champions/builds/Sion
Sivir,bot,16.19,,Yun Tal Wildarrows,Yun Tal Wildarrows → Infinity Edge,Lord Dominik's Regards | Navori Flickerblade | Mortal Reminder,Navori Flickerblade | Lord Dominik's Regards | Mortal Reminder,Bloodthirster | Guardian Angel | Randuin's Omen,Yun Tal Wildarrows → Infinity Edge → Lord Dominik's Regards → Navori Flickerblade ; Yun Tal Wildarrows → Infinity Edge → Navori Flickerblade → Lord Dominik's Regards ; Yun Tal Wildarrows → Infinity Edge → Navori Flickerblade → Mortal Reminder,Cull → Scout's Slingshot → B. F. Sword ; Cull → B. F. Sword → Scout's Slingshot ; B. F. Sword → Scout's Slingshot → Long Sword,https://www.onetricks.gg/champions/builds/Sivir
Sivir,bot,16.19,,Yun Tal Wildarrows,Yun Tal Wildarrows → Navori Flickerblade,Infinity Edge | Mortal Reminder | Lord Dominik's Regards,Mortal Reminder | Infinity Edge | Lord Dominik's Regards,Guardian Angel | Bloodthirster | Endless Hunger,Yun Tal Wildarrows → Navori Flickerblade → Infinity Edge → Mortal Reminder ; Yun Tal Wildarrows → Navori Flickerblade → Infinity Edge → Lord Dominik's Regards ; Yun Tal Wildarrows → Navori Flickerblade → Mortal Reminder → Infinity Edge,Cull → Scout's Slingshot → B. F. Sword ; Cull → B. F. Sword → Scout's Slingshot ; B. F. Sword → Scout's Slingshot → Long Sword,https://www.onetricks.gg/champions/builds/Sivir
Sivir,bot,16.19,,Yun Tal Wildarrows,Yun Tal Wildarrows → Lord Dominik's Regards,Infinity Edge | Navori Flickerblade,Phantom Dancer | Infinity Edge,Guardian Angel,Yun Tal Wildarrows → Lord Dominik's Regards → Infinity Edge → Phantom Dancer → Guardian Angel ; Yun Tal Wildarrows → Lord Dominik's Regards → Navori Flickerblade → Infinity Edge,Cull → Scout's Slingshot → B. F. Sword ; Cull → B. F. Sword → Scout's Slingshot ; B. F. Sword → Scout's Slingshot → Long Sword,https://www.onetricks.gg/champions/builds/Sivir
Sivir,bot,16.19,,Essence Reaver,Essence Reaver → Navori Flickerblade,Infinity Edge | Mortal Reminder | Hexoptics C44,Infinity Edge | Mortal Reminder | Lord Dominik's Regards,Guardian Angel | Mercurial Scimitar,Essence Reaver → Navori Flickerblade → Mortal Reminder → Infinity Edge ; Essence Reaver → Navori Flickerblade → Infinity Edge → Mortal Reminder ; Essence Reaver → Navori Flickerblade → Infinity Edge → Lord Dominik's Regards,Cull → Sheen → Caulfield's Warhammer ; Cull → Caulfield's Warhammer → Sheen ; Caulfield's Warhammer → Sheen → Cloak of Agility,https://www.onetricks.gg/champions/builds/Sivir
Sivir,bot,16.19,,Essence Reaver,Essence Reaver → Infinity Edge,Navori Flickerblade,Lord Dominik's Regards | Mortal Reminder,Bloodthirster,Essence Reaver → Infinity Edge → Navori Flickerblade → Lord Dominik's Regards → Bloodthirster ; Essence Reaver → Infinity Edge → Navori Flickerblade → Mortal Reminder,Cull → Sheen → Caulfield's Warhammer ; Cull → Caulfield's Warhammer → Sheen ; Caulfield's Warhammer → Sheen → Cloak of Agility,https://www.onetricks.gg/champions/builds/Sivir
Sivir,bot,16.19,,Hexoptics C44,Hexoptics C44 → Navori Flickerblade,Infinity Edge | Mortal Reminder,Infinity Edge | Mortal Reminder | Lord Dominik's Regards,,Hexoptics C44 → Navori Flickerblade → Infinity Edge → Mortal Reminder ; Hexoptics C44 → Navori Flickerblade → Mortal Reminder → Infinity Edge ; Hexoptics C44 → Navori Flickerblade → Infinity Edge → Lord Dominik's Regards,Pickaxe → Cull → Noonquiver ; Cull → Noonquiver → Pickaxe ; Noonquiver,https://www.onetricks.gg/champions/builds/Sivir
Sivir,bot,16.19,,The Collector,The Collector → Infinity Edge,Navori Flickerblade | Yun Tal Wildarrows | Phantom Dancer,Mortal Reminder | Guardian Angel,Guardian Angel | Mortal Reminder | Mercurial Scimitar,The Collector → Infinity Edge → Navori Flickerblade → Mortal Reminder → Guardian Angel ; The Collector → Infinity Edge → Navori Flickerblade → Guardian Angel ; The Collector → Infinity Edge → Navori Flickerblade → Mortal Reminder → Serpent's Fang,Serrated Dirk → Pickaxe → Cloak of Agility ; Cull → Pickaxe → Serrated Dirk,https://www.onetricks.gg/champions/builds/Sivir
Skarner,jungle,16.19,,Heartsteel,Heartsteel → Unending Despair,"Spirit Visage | Randuin's Omen | Jak'Sho, The Protean","Protoplasm Harness | Jak'Sho, The Protean | Randuin's Omen",Randuin's Omen | Overlord's Bloodmail | Liandry's Torment,"Heartsteel → Unending Despair → Spirit Visage → Protoplasm Harness ; Heartsteel → Unending Despair → Spirit Visage → Jak'Sho, The Protean ; Heartsteel → Unending Despair → Spirit Visage → Protoplasm Harness → Randuin's Omen",Giant's Belt → Giant's Belt → Crystalline Bracer,https://www.onetricks.gg/champions/builds/Skarner
Skarner,jungle,16.19,,Heartsteel,Heartsteel → Randuin's Omen,"Jak'Sho, The Protean | Spirit Visage | Kaenic Rookern","Jak'Sho, The Protean",,"Heartsteel → Randuin's Omen → Jak'Sho, The Protean ; Heartsteel → Randuin's Omen → Force of Nature → Jak'Sho, The Protean ; Heartsteel → Randuin's Omen → Frozen Heart → Jak'Sho, The Protean",Giant's Belt → Giant's Belt → Crystalline Bracer,https://www.onetricks.gg/champions/builds/Skarner
Skarner,jungle,16.19,,Heartsteel,Heartsteel → Spirit Visage,"Jak'Sho, The Protean | Unending Despair | Randuin's Omen",Randuin's Omen | Abyssal Mask,,"Heartsteel → Spirit Visage → Jak'Sho, The Protean → Randuin's Omen ; Heartsteel → Spirit Visage → Unending Despair → Abyssal Mask ; Heartsteel → Spirit Visage → Randuin's Omen",Giant's Belt → Giant's Belt → Crystalline Bracer,https://www.onetricks.gg/champions/builds/Skarner
Skarner,jungle,16.19,,Heartsteel,Heartsteel → Abyssal Mask,"Spirit Visage | Frozen Heart | Jak'Sho, The Protean","Jak'Sho, The Protean | Randuin's Omen",Sunfire Aegis,"Heartsteel → Abyssal Mask → Spirit Visage → Jak'Sho, The Protean ; Heartsteel → Abyssal Mask → Frozen Heart → Jak'Sho, The Protean ; Heartsteel → Abyssal Mask → Jak'Sho, The Protean → Randuin's Omen → Sunfire Aegis",Giant's Belt → Giant's Belt → Crystalline Bracer,https://www.onetricks.gg/champions/builds/Skarner
Skarner,jungle,16.19,,Protoplasm Harness,Protoplasm Harness → Locket of the Iron Solari,Knight's Vow | Spirit Visage,Spirit Visage | Knight's Vow | Randuin's Omen,Bandlepipes | Serpent's Fang,Protoplasm Harness → Locket of the Iron Solari → Knight's Vow → Spirit Visage → Serpent's Fang ; Protoplasm Harness → Locket of the Iron Solari → Knight's Vow → Randuin's Omen ; Protoplasm Harness → Locket of the Iron Solari → Spirit Visage → Knight's Vow → Bandlepipes,Giant's Belt → Kindlegem ; Kindlegem → Giant's Belt ; Cloth Armor → Giant's Belt → Kindlegem,https://www.onetricks.gg/champions/builds/Skarner
Skarner,jungle,16.19,,Protoplasm Harness,Protoplasm Harness → Randuin's Omen,Kaenic Rookern | Mortal Reminder | Spirit Visage,Abyssal Mask,Thornmail,Protoplasm Harness → Randuin's Omen → Spirit Visage ; Protoplasm Harness → Randuin's Omen → Frozen Heart → Abyssal Mask → Thornmail,Giant's Belt → Kindlegem ; Kindlegem → Giant's Belt ; Cloth Armor → Giant's Belt → Kindlegem,https://www.onetricks.gg/champions/builds/Skarner
Skarner,jungle,16.19,,Trinity Force,Trinity Force → Dead Man's Plate,Maw of Malmortius | Death's Dance,Maw of Malmortius | Black Cleaver | Death's Dance,Mortal Reminder,Trinity Force → Dead Man's Plate → Death's Dance → Maw of Malmortius → Mortal Reminder ; Trinity Force → Dead Man's Plate → Maw of Malmortius → Death's Dance ; Trinity Force → Dead Man's Plate → Death's Dance → Black Cleaver,Phage → Sheen → Hearthbound Axe ; Phage → Hearthbound Axe → Sheen,https://www.onetricks.gg/champions/builds/Skarner
Skarner,jungle,16.19,,Trinity Force,Trinity Force → Voltaic Cyclosword,Dead Man's Plate,Mortal Reminder | Lord Dominik's Regards | Maw of Malmortius,,Trinity Force → Voltaic Cyclosword → Dead Man's Plate → Maw of Malmortius ; Trinity Force → Voltaic Cyclosword → Dead Man's Plate → Mortal Reminder ; Trinity Force → Voltaic Cyclosword → Dead Man's Plate → Lord Dominik's Regards,Phage → Sheen → Hearthbound Axe ; Phage → Hearthbound Axe → Sheen,https://www.onetricks.gg/champions/builds/Skarner
Skarner,jungle,16.19,,Spear of Shojin,Spear of Shojin → Black Cleaver,Death's Dance | Randuin's Omen,Guardian Angel | Death's Dance,Mortal Reminder,Spear of Shojin → Black Cleaver → Randuin's Omen → Death's Dance → Mortal Reminder ; Spear of Shojin → Black Cleaver → Death's Dance → Guardian Angel ; Spear of Shojin → Black Cleaver → Randuin's Omen → Death's Dance,Tunneler → Pickaxe → Ruby Crystal,https://www.onetricks.gg/champions/builds/Skarner
Skarner,jungle,16.19,,Spear of Shojin,Spear of Shojin → Iceborn Gauntlet,Kaenic Rookern,Randuin's Omen,,Spear of Shojin → Iceborn Gauntlet → Kaenic Rookern → Randuin's Omen,Tunneler → Pickaxe → Ruby Crystal,https://www.onetricks.gg/champions/builds/Skarner
Smolder,bot,16.19,,Essence Reaver,Essence Reaver → Black Cleaver,Spear of Shojin | Endless Hunger | Rapid Firecannon,Rapid Firecannon | Endless Hunger | Infinity Edge,Guardian Angel | Endless Hunger | Rapid Firecannon,Essence Reaver → Black Cleaver → Spear of Shojin → Rapid Firecannon ; Essence Reaver → Black Cleaver → Spear of Shojin → Endless Hunger ; Essence Reaver → Black Cleaver → Endless Hunger → Rapid Firecannon,Caulfield's Warhammer → Sheen → Cloak of Agility ; Sheen → Caulfield's Warhammer → Cloak of Agility ; Cull → Sheen → Caulfield's Warhammer,https://www.onetricks.gg/champions/builds/Smolder
Smolder,bot,16.19,,Essence Reaver,Essence Reaver → Spear of Shojin,Rapid Firecannon | Infinity Edge | Black Cleaver,Infinity Edge | Mortal Reminder | Rapid Firecannon,Guardian Angel | Rapid Firecannon | Infinity Edge,Essence Reaver → Spear of Shojin → Rapid Firecannon → Infinity Edge ; Essence Reaver → Spear of Shojin → Infinity Edge → Rapid Firecannon ; Essence Reaver → Spear of Shojin → Rapid Firecannon → Mortal Reminder,Caulfield's Warhammer → Sheen → Cloak of Agility ; Sheen → Caulfield's Warhammer → Cloak of Agility ; Cull → Sheen → Caulfield's Warhammer,https://www.onetricks.gg/champions/builds/Smolder
Smolder,bot,16.19,,Essence Reaver,Essence Reaver → Infinity Edge,Rapid Firecannon | Lord Dominik's Regards | Mortal Reminder,Rapid Firecannon | Lord Dominik's Regards | Mortal Reminder,Mercurial Scimitar,Essence Reaver → Infinity Edge → Lord Dominik's Regards → Rapid Firecannon ; Essence Reaver → Infinity Edge → Rapid Firecannon → Lord Dominik's Regards → Mercurial Scimitar ; Essence Reaver → Infinity Edge → Mortal Reminder → Rapid Firecannon,Caulfield's Warhammer → Sheen → Cloak of Agility ; Sheen → Caulfield's Warhammer → Cloak of Agility ; Cull → Sheen → Caulfield's Warhammer,https://www.onetricks.gg/champions/builds/Smolder
Smolder,bot,16.19,,Essence Reaver,Essence Reaver → Rapid Firecannon,Infinity Edge | Mortal Reminder,Death's Dance | Lord Dominik's Regards,,Essence Reaver → Rapid Firecannon → Mortal Reminder ; Essence Reaver → Rapid Firecannon → Infinity Edge → Death's Dance ; Essence Reaver → Rapid Firecannon → Infinity Edge → Lord Dominik's Regards,Caulfield's Warhammer → Sheen → Cloak of Agility ; Sheen → Caulfield's Warhammer → Cloak of Agility ; Cull → Sheen → Caulfield's Warhammer,https://www.onetricks.gg/champions/builds/Smolder
Smolder,bot,16.19,,Hubris,Hubris → Essence Reaver,Rapid Firecannon | Lord Dominik's Regards | Infinity Edge,Infinity Edge | Mortal Reminder | Guardian Angel,Lord Dominik's Regards | Rapid Firecannon | Mortal Reminder,Hubris → Essence Reaver → Rapid Firecannon → Infinity Edge → Lord Dominik's Regards ; Hubris → Essence Reaver → Mortal Reminder → Infinity Edge → Rapid Firecannon ; Hubris → Essence Reaver → Serpent's Fang → Mortal Reminder,Serrated Dirk → Caulfield's Warhammer ; Cull → Serrated Dirk → Caulfield's Warhammer ; Caulfield's Warhammer → Serrated Dirk,https://www.onetricks.gg/champions/builds/Smolder
Smolder,bot,16.19,,Trinity Force,Trinity Force → Black Cleaver,Maw of Malmortius | Spear of Shojin,Spear of Shojin | Maw of Malmortius | Titanic Hydra,,Trinity Force → Black Cleaver → Maw of Malmortius → Spear of Shojin ; Trinity Force → Black Cleaver → Spear of Shojin → Maw of Malmortius ; Trinity Force → Black Cleaver → Spear of Shojin → Titanic Hydra,Cull → Plated Steelcaps → Hearthbound Axe ; Cull → Plated Steelcaps → Phage,https://www.onetricks.gg/champions/builds/Smolder
Smolder,bot,16.19,,Trinity Force,Trinity Force → Maw of Malmortius,Black Cleaver,Spear of Shojin,Titanic Hydra,Trinity Force → Maw of Malmortius → Black Cleaver → Spear of Shojin → Titanic Hydra,Cull → Plated Steelcaps → Hearthbound Axe ; Cull → Plated Steelcaps → Phage,https://www.onetricks.gg/champions/builds/Smolder
Sona,supp,16.19,,all,Bloodsong → Echoes of Helia,Seraph's Embrace | Diadem of Songs | Moonstone Renewer,Moonstone Renewer | Staff of Flowing Water | Seraph's Embrace,Dawncore | Staff of Flowing Water | Mejai's Soulstealer,Bloodsong → Echoes of Helia → Seraph's Embrace → Moonstone Renewer ; Bloodsong → Echoes of Helia → Seraph's Embrace → Staff of Flowing Water ; Bloodsong → Echoes of Helia → Diadem of Songs → Staff of Flowing Water,Tear of the Goddess → Boots of Swiftness → Kindlegem ; Tear of the Goddess → Dark Seal → Kindlegem ; Tear of the Goddess → Boots of Swiftness → Bandleglass Mirror,https://www.onetricks.gg/champions/builds/Sona
Sona,supp,16.19,,all,Bloodsong → Fimbulwinter,Staff of Flowing Water | Echoes of Helia | Mejai's Soulstealer,"Mejai's Soulstealer | Jak'Sho, The Protean | Moonstone Renewer","Mejai's Soulstealer | Jak'Sho, The Protean | Staff of Flowing Water","Bloodsong → Fimbulwinter → Staff of Flowing Water → Mejai's Soulstealer ; Bloodsong → Fimbulwinter → Staff of Flowing Water → Jak'Sho, The Protean ; Bloodsong → Fimbulwinter → Staff of Flowing Water → Mikael's Blessing",Tear of the Goddess → Boots of Swiftness → Kindlegem ; Tear of the Goddess → Dark Seal → Kindlegem ; Tear of the Goddess → Boots of Swiftness → Bandleglass Mirror,https://www.onetricks.gg/champions/builds/Sona
Sona,supp,16.19,,all,Dream Maker → Echoes of Helia,Diadem of Songs | Seraph's Embrace | Mikael's Blessing,Moonstone Renewer | Diadem of Songs | Mikael's Blessing,Moonstone Renewer,Dream Maker → Echoes of Helia → Diadem of Songs → Moonstone Renewer ; Dream Maker → Echoes of Helia → Mikael's Blessing → Diadem of Songs ; Dream Maker → Echoes of Helia → Seraph's Embrace → Moonstone Renewer,Tear of the Goddess → Boots of Swiftness → Kindlegem ; Tear of the Goddess → Dark Seal → Kindlegem ; Tear of the Goddess → Boots of Swiftness → Bandleglass Mirror,https://www.onetricks.gg/champions/builds/Sona
Sona,supp,16.19,,all,Bloodsong → Seraph's Embrace,Staff of Flowing Water | Locket of the Iron Solari | Echoes of Helia,Moonstone Renewer | Locket of the Iron Solari | Mejai's Soulstealer,Staff of Flowing Water | Moonstone Renewer | Dawncore,Bloodsong → Seraph's Embrace → Staff of Flowing Water → Moonstone Renewer ; Bloodsong → Seraph's Embrace → Staff of Flowing Water → Locket of the Iron Solari → Moonstone Renewer ; Bloodsong → Seraph's Embrace → Locket of the Iron Solari → Moonstone Renewer → Staff of Flowing Water,Tear of the Goddess → Boots of Swiftness → Kindlegem ; Tear of the Goddess → Dark Seal → Kindlegem ; Tear of the Goddess → Boots of Swiftness → Bandleglass Mirror,https://www.onetricks.gg/champions/builds/Sona
Soraka,supp,16.19,,all,Celestial Opposition → Moonstone Renewer,Redemption | Ardent Censer | Locket of the Iron Solari,Dawncore | Redemption | Locket of the Iron Solari,Staff of Flowing Water | Shurelya's Battlesong,Celestial Opposition → Moonstone Renewer → Redemption → Dawncore ; Celestial Opposition → Moonstone Renewer → Redemption → Locket of the Iron Solari ; Celestial Opposition → Moonstone Renewer → Redemption → Dawncore → Staff of Flowing Water,Boots of Swiftness → Bandleglass Mirror → Kindlegem ; Boots → Fiendish Codex → Forbidden Idol ; Boots → Bandleglass Mirror → Kindlegem,https://www.onetricks.gg/champions/builds/Soraka
Soraka,supp,16.19,,all,Dream Maker → Moonstone Renewer,Redemption | Mikael's Blessing | Locket of the Iron Solari,Dawncore | Redemption | Locket of the Iron Solari,,Dream Maker → Moonstone Renewer → Redemption → Dawncore ; Dream Maker → Moonstone Renewer → Redemption → Locket of the Iron Solari ; Dream Maker → Moonstone Renewer → Redemption → Ardent Censer,Boots of Swiftness → Bandleglass Mirror → Kindlegem ; Boots → Fiendish Codex → Forbidden Idol ; Boots → Bandleglass Mirror → Kindlegem,https://www.onetricks.gg/champions/builds/Soraka
Soraka,supp,16.19,,all,Solstice Sleigh → Moonstone Renewer,Redemption | Mikael's Blessing | Ardent Censer,Ardent Censer | Staff of Flowing Water | Dawncore,,Solstice Sleigh → Moonstone Renewer → Mikael's Blessing → Ardent Censer ; Solstice Sleigh → Moonstone Renewer → Mikael's Blessing → Dawncore ; Solstice Sleigh → Moonstone Renewer → Redemption → Shurelya's Battlesong,Boots of Swiftness → Bandleglass Mirror → Kindlegem ; Boots → Fiendish Codex → Forbidden Idol ; Boots → Bandleglass Mirror → Kindlegem,https://www.onetricks.gg/champions/builds/Soraka
Soraka,supp,16.19,,all,Celestial Opposition → Redemption,Moonstone Renewer,Mikael's Blessing | Dawncore,Dawncore,Celestial Opposition → Redemption → Moonstone Renewer → Mikael's Blessing ; Celestial Opposition → Redemption → Moonstone Renewer → Dawncore ; Celestial Opposition → Redemption → Moonstone Renewer → Mikael's Blessing → Dawncore,Boots of Swiftness → Bandleglass Mirror → Kindlegem ; Boots → Fiendish Codex → Forbidden Idol ; Boots → Bandleglass Mirror → Kindlegem,https://www.onetricks.gg/champions/builds/Soraka
Swain,bot,16.19,,Rylai's Crystal Scepter,Rylai's Crystal Scepter → Liandry's Torment,Zhonya's Hourglass | Mejai's Soulstealer | Frozen Heart,Riftmaker | Frozen Heart | Morellonomicon,Mejai's Soulstealer | Bloodletter's Curse,Rylai's Crystal Scepter → Liandry's Torment → Zhonya's Hourglass → Riftmaker → Mejai's Soulstealer ; Rylai's Crystal Scepter → Liandry's Torment → Zhonya's Hourglass → Morellonomicon → Mejai's Soulstealer ; Rylai's Crystal Scepter → Liandry's Torment → Zhonya's Hourglass → Frozen Heart → Bloodletter's Curse,Dark Seal → Blasting Wand → Giant's Belt ; Blasting Wand → Dark Seal → Giant's Belt ; Blasting Wand → Giant's Belt → Amplifying Tome,https://www.onetricks.gg/champions/builds/Swain
Swain,bot,16.19,,Rylai's Crystal Scepter,Rylai's Crystal Scepter → Frozen Heart,Randuin's Omen | Liandry's Torment | Force of Nature,"Zhonya's Hourglass | Abyssal Mask | Jak'Sho, The Protean",Abyssal Mask | Morellonomicon | Randuin's Omen,Rylai's Crystal Scepter → Frozen Heart → Liandry's Torment → Zhonya's Hourglass → Abyssal Mask ; Rylai's Crystal Scepter → Frozen Heart → Force of Nature → Abyssal Mask → Morellonomicon ; Rylai's Crystal Scepter → Frozen Heart → Randuin's Omen → Unending Despair → Morellonomicon,Dark Seal → Blasting Wand → Giant's Belt ; Blasting Wand → Dark Seal → Giant's Belt ; Blasting Wand → Giant's Belt → Amplifying Tome,https://www.onetricks.gg/champions/builds/Swain
Swain,bot,16.19,,Rylai's Crystal Scepter,Rylai's Crystal Scepter → Force of Nature,"Abyssal Mask | Jak'Sho, The Protean | Spirit Visage","Jak'Sho, The Protean | Morellonomicon | Riftmaker","Morellonomicon | Jak'Sho, The Protean","Rylai's Crystal Scepter → Force of Nature → Abyssal Mask → Jak'Sho, The Protean → Morellonomicon ; Rylai's Crystal Scepter → Force of Nature → Abyssal Mask → Frozen Heart → Jak'Sho, The Protean ; Rylai's Crystal Scepter → Force of Nature → Abyssal Mask → Riftmaker",Dark Seal → Blasting Wand → Giant's Belt ; Blasting Wand → Dark Seal → Giant's Belt ; Blasting Wand → Giant's Belt → Amplifying Tome,https://www.onetricks.gg/champions/builds/Swain
Swain,bot,16.19,,Blackfire Torch,Blackfire Torch → Zhonya's Hourglass,Liandry's Torment | Morellonomicon | Randuin's Omen,"Jak'Sho, The Protean | Liandry's Torment | Void Staff",Mejai's Soulstealer | Liandry's Torment | Bloodletter's Curse,"Blackfire Torch → Zhonya's Hourglass → Liandry's Torment → Jak'Sho, The Protean ; Blackfire Torch → Zhonya's Hourglass → Shadowflame → Void Staff ; Blackfire Torch → Zhonya's Hourglass → Randuin's Omen → Kaenic Rookern → Mejai's Soulstealer",Dark Seal → Lost Chapter → Fated Ashes ; Dark Seal → Cull → Lost Chapter ; Lost Chapter → Fated Ashes,https://www.onetricks.gg/champions/builds/Swain
Swain,bot,16.19,,Blackfire Torch,Blackfire Torch → Liandry's Torment,Zhonya's Hourglass | Rylai's Crystal Scepter | Bloodletter's Curse,Mejai's Soulstealer | Zhonya's Hourglass | Riftmaker,Rabadon's Deathcap | Bloodletter's Curse | Abyssal Mask,Blackfire Torch → Liandry's Torment → Zhonya's Hourglass → Riftmaker → Bloodletter's Curse ; Blackfire Torch → Liandry's Torment → Zhonya's Hourglass → Bloodletter's Curse ; Blackfire Torch → Liandry's Torment → Zhonya's Hourglass → Riftmaker,Dark Seal → Lost Chapter → Fated Ashes ; Dark Seal → Cull → Lost Chapter ; Lost Chapter → Fated Ashes,https://www.onetricks.gg/champions/builds/Swain
Swain,bot,16.19,,Blackfire Torch,Blackfire Torch → Rylai's Crystal Scepter,Zhonya's Hourglass | Liandry's Torment | Frozen Heart,Abyssal Mask | Zhonya's Hourglass | Force of Nature,Liandry's Torment,Blackfire Torch → Rylai's Crystal Scepter → Zhonya's Hourglass → Abyssal Mask ; Blackfire Torch → Rylai's Crystal Scepter → Zhonya's Hourglass → Force of Nature ; Blackfire Torch → Rylai's Crystal Scepter → Liandry's Torment → Zhonya's Hourglass,Dark Seal → Lost Chapter → Fated Ashes ; Dark Seal → Cull → Lost Chapter ; Lost Chapter → Fated Ashes,https://www.onetricks.gg/champions/builds/Swain
Swain,bot,16.19,,Malignance,Malignance → Rylai's Crystal Scepter,Zhonya's Hourglass | Morellonomicon | Liandry's Torment,Liandry's Torment | Frozen Heart | Zhonya's Hourglass,Kaenic Rookern,"Malignance → Rylai's Crystal Scepter → Zhonya's Hourglass → Liandry's Torment ; Malignance → Rylai's Crystal Scepter → Zhonya's Hourglass → Frozen Heart ; Malignance → Rylai's Crystal Scepter → Zhonya's Hourglass → Jak'Sho, The Protean",Dark Seal → Lost Chapter → Blasting Wand ; Lost Chapter → Blasting Wand ; Blasting Wand → Dark Seal → Lost Chapter,https://www.onetricks.gg/champions/builds/Swain
Swain,bot,16.19,,Malignance,Malignance → Shadowflame,Zhonya's Hourglass | Mejai's Soulstealer,Void Staff | Rabadon's Deathcap,Zhonya's Hourglass,Malignance → Shadowflame → Zhonya's Hourglass → Void Staff ; Malignance → Shadowflame → Mejai's Soulstealer → Rabadon's Deathcap → Zhonya's Hourglass,Dark Seal → Lost Chapter → Blasting Wand ; Lost Chapter → Blasting Wand ; Blasting Wand → Dark Seal → Lost Chapter,https://www.onetricks.gg/champions/builds/Swain
Swain,bot,16.19,,Malignance,Malignance → Liandry's Torment,Zhonya's Hourglass | Bloodletter's Curse | Mejai's Soulstealer,Mejai's Soulstealer | Rylai's Crystal Scepter,Abyssal Mask,Malignance → Liandry's Torment → Zhonya's Hourglass → Mejai's Soulstealer → Abyssal Mask ; Malignance → Liandry's Torment → Zhonya's Hourglass → Rylai's Crystal Scepter,Dark Seal → Lost Chapter → Blasting Wand ; Lost Chapter → Blasting Wand ; Blasting Wand → Dark Seal → Lost Chapter,https://www.onetricks.gg/champions/builds/Swain
Swain,bot,16.19,,Heartsteel,Heartsteel → Malignance,Unending Despair | Frozen Heart | Randuin's Omen,Rylai's Crystal Scepter | Riftmaker,Zhonya's Hourglass,Heartsteel → Malignance → Frozen Heart → Rylai's Crystal Scepter → Zhonya's Hourglass ; Heartsteel → Malignance → Bloodletter's Curse → Riftmaker ; Heartsteel → Malignance → Frozen Heart → Rylai's Crystal Scepter,Giant's Belt → Giant's Belt → Crystalline Bracer ; Giant's Belt → Crystalline Bracer → Giant's Belt ; Giant's Belt → Giant's Belt → Mercury's Treads,https://www.onetricks.gg/champions/builds/Swain
Swain,bot,16.19,,Heartsteel,Heartsteel → Unending Despair,Kaenic Rookern,Frozen Heart,,Heartsteel → Unending Despair → Kaenic Rookern → Frozen Heart,Giant's Belt → Giant's Belt → Crystalline Bracer ; Giant's Belt → Crystalline Bracer → Giant's Belt ; Giant's Belt → Giant's Belt → Mercury's Treads,https://www.onetricks.gg/champions/builds/Swain
Swain,bot,16.19,,Actualizer,Actualizer → Seraph's Embrace,Zhonya's Hourglass | Shadowflame | Spirit Visage,Void Staff | Zhonya's Hourglass | Shadowflame,Cryptbloom | Shadowflame,Actualizer → Seraph's Embrace → Shadowflame → Zhonya's Hourglass ; Actualizer → Seraph's Embrace → Zhonya's Hourglass → Shadowflame ; Actualizer → Seraph's Embrace → Shadowflame → Zhonya's Hourglass → Cryptbloom,Tear of the Goddess → Lost Chapter → Blasting Wand ; Tear of the Goddess → Blasting Wand → Lost Chapter ; Tear of the Goddess → Lost Chapter → Ionian Boots of Lucidity,https://www.onetricks.gg/champions/builds/Swain
Swain,bot,16.19,,Frozen Heart,Frozen Heart → Rylai's Crystal Scepter,Liandry's Torment | Force of Nature | Mejai's Soulstealer,Zhonya's Hourglass | Morellonomicon | Liandry's Torment,Mejai's Soulstealer,Frozen Heart → Rylai's Crystal Scepter → Liandry's Torment → Zhonya's Hourglass → Mejai's Soulstealer ; Frozen Heart → Rylai's Crystal Scepter → Randuin's Omen → Morellonomicon ; Frozen Heart → Rylai's Crystal Scepter → Force of Nature → Liandry's Torment,Glacial Buckler → Warden's Mail ; Dark Seal → Warden's Mail → Glacial Buckler ; Dark Seal → Glacial Buckler → Cloth Armor,https://www.onetricks.gg/champions/builds/Swain
Sylas,mid,16.19,,Hextech Rocketbelt,Hextech Rocketbelt → Riftmaker,Zhonya's Hourglass | Bloodletter's Curse | Rabadon's Deathcap,Zhonya's Hourglass | Rabadon's Deathcap | Cryptbloom,Rabadon's Deathcap,Hextech Rocketbelt → Riftmaker → Zhonya's Hourglass → Rabadon's Deathcap ; Hextech Rocketbelt → Riftmaker → Bloodletter's Curse → Zhonya's Hourglass ; Hextech Rocketbelt → Riftmaker → Zhonya's Hourglass → Cryptbloom,Dark Seal → Hextech Alternator → Kindlegem ; Dark Seal → Hextech Alternator → Fiendish Codex ; Hextech Alternator → Kindlegem → Fiendish Codex,https://www.onetricks.gg/champions/builds/Sylas
Sylas,mid,16.19,,Hextech Rocketbelt,Hextech Rocketbelt → Shadowflame,Zhonya's Hourglass | Mejai's Soulstealer | Rabadon's Deathcap,Rabadon's Deathcap | Zhonya's Hourglass | Mejai's Soulstealer,Abyssal Mask | Banshee's Veil | Rabadon's Deathcap,Hextech Rocketbelt → Shadowflame → Zhonya's Hourglass → Rabadon's Deathcap ; Hextech Rocketbelt → Shadowflame → Mejai's Soulstealer → Zhonya's Hourglass ; Hextech Rocketbelt → Shadowflame → Zhonya's Hourglass → Mejai's Soulstealer,Dark Seal → Hextech Alternator → Kindlegem ; Dark Seal → Hextech Alternator → Fiendish Codex ; Hextech Alternator → Kindlegem → Fiendish Codex,https://www.onetricks.gg/champions/builds/Sylas
Sylas,mid,16.19,,Hextech Rocketbelt,Hextech Rocketbelt → Zhonya's Hourglass,Shadowflame | Riftmaker | Rabadon's Deathcap,Bloodletter's Curse | Banshee's Veil,,Hextech Rocketbelt → Zhonya's Hourglass → Shadowflame ; Hextech Rocketbelt → Zhonya's Hourglass → Riftmaker → Bloodletter's Curse ; Hextech Rocketbelt → Zhonya's Hourglass → Rabadon's Deathcap → Banshee's Veil,Dark Seal → Hextech Alternator → Kindlegem ; Dark Seal → Hextech Alternator → Fiendish Codex ; Hextech Alternator → Kindlegem → Fiendish Codex,https://www.onetricks.gg/champions/builds/Sylas
Sylas,mid,16.19,,Hextech Rocketbelt,Hextech Rocketbelt → Mejai's Soulstealer,Shadowflame | Riftmaker | Lich Bane,Zhonya's Hourglass | Bloodletter's Curse,Zhonya's Hourglass,Hextech Rocketbelt → Mejai's Soulstealer → Shadowflame → Zhonya's Hourglass ; Hextech Rocketbelt → Mejai's Soulstealer → Riftmaker → Zhonya's Hourglass ; Hextech Rocketbelt → Mejai's Soulstealer → Riftmaker → Bloodletter's Curse → Zhonya's Hourglass,Dark Seal → Hextech Alternator → Kindlegem ; Dark Seal → Hextech Alternator → Fiendish Codex ; Hextech Alternator → Kindlegem → Fiendish Codex,https://www.onetricks.gg/champions/builds/Sylas
Sylas,mid,16.19,,Lich Bane,Lich Bane → Shadowflame,Hextech Rocketbelt | Rabadon's Deathcap | Zhonya's Hourglass,Rabadon's Deathcap | Zhonya's Hourglass,,Lich Bane → Shadowflame → Rabadon's Deathcap ; Lich Bane → Shadowflame → Hextech Rocketbelt → Zhonya's Hourglass ; Lich Bane → Shadowflame → Zhonya's Hourglass → Rabadon's Deathcap,Dark Seal → Blasting Wand → Aether Wisp ; Dark Seal → Aether Wisp → Blasting Wand ; Blasting Wand → Dark Seal → Aether Wisp,https://www.onetricks.gg/champions/builds/Sylas
Sylas,mid,16.19,,Stormsurge,Stormsurge → Shadowflame,Zhonya's Hourglass | Mejai's Soulstealer | Rabadon's Deathcap,Void Staff | Cryptbloom | Zhonya's Hourglass,Banshee's Veil | Randuin's Omen,Stormsurge → Shadowflame → Zhonya's Hourglass → Void Staff ; Stormsurge → Shadowflame → Zhonya's Hourglass → Cryptbloom → Banshee's Veil ; Stormsurge → Shadowflame → Zhonya's Hourglass → Void Staff → Randuin's Omen,Hextech Alternator → Dark Seal → Aether Wisp ; Dark Seal → Sorcerer's Shoes → Hextech Alternator ; Dark Seal → Hextech Alternator → Sorcerer's Shoes,https://www.onetricks.gg/champions/builds/Sylas
Sylas,mid,16.19,,Stormsurge,Stormsurge → Zhonya's Hourglass,Shadowflame,Void Staff,,Stormsurge → Zhonya's Hourglass → Shadowflame → Void Staff,Hextech Alternator → Dark Seal → Aether Wisp ; Dark Seal → Sorcerer's Shoes → Hextech Alternator ; Dark Seal → Hextech Alternator → Sorcerer's Shoes,https://www.onetricks.gg/champions/builds/Sylas
Sylas,mid,16.19,,Hextech Gunblade,Hextech Gunblade → Shadowflame,Zhonya's Hourglass,,,Hextech Gunblade → Shadowflame → Zhonya's Hourglass,Dark Seal → Hextech Alternator → Vampiric Scepter,https://www.onetricks.gg/champions/builds/Sylas
Sylas,mid,16.19,,Hextech Gunblade,Hextech Gunblade → Zhonya's Hourglass,Shadowflame | Riftmaker,,,Hextech Gunblade → Zhonya's Hourglass → Shadowflame ; Hextech Gunblade → Zhonya's Hourglass → Riftmaker,Dark Seal → Hextech Alternator → Vampiric Scepter,https://www.onetricks.gg/champions/builds/Sylas
Syndra,mid,16.19,,Blackfire Torch,Blackfire Torch → Cosmic Drive,Rabadon's Deathcap | Cryptbloom | Void Staff,Rabadon's Deathcap | Cryptbloom | Void Staff,Zhonya's Hourglass | Banshee's Veil | Void Staff,Blackfire Torch → Cosmic Drive → Cryptbloom → Rabadon's Deathcap ; Blackfire Torch → Cosmic Drive → Rabadon's Deathcap → Void Staff ; Blackfire Torch → Cosmic Drive → Zhonya's Hourglass → Rabadon's Deathcap,Dark Seal → Lost Chapter → Fated Ashes ; Lost Chapter → Fated Ashes ; Dark Seal → Lost Chapter → Sorcerer's Shoes,https://www.onetricks.gg/champions/builds/Syndra
Syndra,mid,16.19,,Blackfire Torch,Blackfire Torch → Hextech Rocketbelt,Rabadon's Deathcap | Void Staff | Mejai's Soulstealer,Rabadon's Deathcap | Mejai's Soulstealer | Banshee's Veil,Rabadon's Deathcap,Blackfire Torch → Hextech Rocketbelt → Void Staff → Rabadon's Deathcap ; Blackfire Torch → Hextech Rocketbelt → Mejai's Soulstealer → Rabadon's Deathcap ; Blackfire Torch → Hextech Rocketbelt → Void Staff → Banshee's Veil,Dark Seal → Lost Chapter → Fated Ashes ; Lost Chapter → Fated Ashes ; Dark Seal → Lost Chapter → Sorcerer's Shoes,https://www.onetricks.gg/champions/builds/Syndra
Syndra,mid,16.19,,Blackfire Torch,Blackfire Torch → Stormsurge,Rabadon's Deathcap | Cryptbloom | Banshee's Veil,Banshee's Veil | Rabadon's Deathcap | Mejai's Soulstealer,,Blackfire Torch → Stormsurge → Mejai's Soulstealer → Rabadon's Deathcap ; Blackfire Torch → Stormsurge → Cryptbloom → Banshee's Veil ; Blackfire Torch → Stormsurge → Rabadon's Deathcap → Void Staff,Dark Seal → Lost Chapter → Fated Ashes ; Lost Chapter → Fated Ashes ; Dark Seal → Lost Chapter → Sorcerer's Shoes,https://www.onetricks.gg/champions/builds/Syndra
Syndra,mid,16.19,,Blackfire Torch,Blackfire Torch → Shadowflame,Rabadon's Deathcap | Void Staff | Banshee's Veil,Mejai's Soulstealer | Rabadon's Deathcap | Void Staff,,Blackfire Torch → Shadowflame → Banshee's Veil → Mejai's Soulstealer ; Blackfire Torch → Shadowflame → Zhonya's Hourglass → Rabadon's Deathcap ; Blackfire Torch → Shadowflame → Rabadon's Deathcap → Void Staff,Dark Seal → Lost Chapter → Fated Ashes ; Lost Chapter → Fated Ashes ; Dark Seal → Lost Chapter → Sorcerer's Shoes,https://www.onetricks.gg/champions/builds/Syndra
Syndra,mid,16.19,,Luden's Echo,Luden's Echo → Shadowflame,Rabadon's Deathcap | Zhonya's Hourglass | Banshee's Veil,Zhonya's Hourglass | Rabadon's Deathcap | Cryptbloom,Rabadon's Deathcap | Banshee's Veil | Void Staff,Luden's Echo → Shadowflame → Rabadon's Deathcap → Banshee's Veil ; Luden's Echo → Shadowflame → Zhonya's Hourglass → Cryptbloom ; Luden's Echo → Shadowflame → Banshee's Veil → Mejai's Soulstealer → Rabadon's Deathcap,Dark Seal → Lost Chapter → Hextech Alternator ; Lost Chapter → Hextech Alternator ; Lost Chapter → Dark Seal → Hextech Alternator,https://www.onetricks.gg/champions/builds/Syndra
Syndra,mid,16.19,,Luden's Echo,Luden's Echo → Stormsurge,Rabadon's Deathcap | Shadowflame | Cryptbloom,Void Staff | Mejai's Soulstealer | Zhonya's Hourglass,Zhonya's Hourglass | Banshee's Veil | Hextech Rocketbelt,Luden's Echo → Stormsurge → Rabadon's Deathcap → Void Staff ; Luden's Echo → Stormsurge → Rabadon's Deathcap → Mejai's Soulstealer ; Luden's Echo → Stormsurge → Rabadon's Deathcap → Void Staff → Zhonya's Hourglass,Dark Seal → Lost Chapter → Hextech Alternator ; Lost Chapter → Hextech Alternator ; Lost Chapter → Dark Seal → Hextech Alternator,https://www.onetricks.gg/champions/builds/Syndra
Syndra,mid,16.19,,Luden's Echo,Luden's Echo → Hextech Rocketbelt,Mejai's Soulstealer | Rabadon's Deathcap | Zhonya's Hourglass,Mejai's Soulstealer | Rabadon's Deathcap | Cryptbloom,Void Staff | Rabadon's Deathcap,Luden's Echo → Hextech Rocketbelt → Rabadon's Deathcap → Mejai's Soulstealer → Void Staff ; Luden's Echo → Hextech Rocketbelt → Mejai's Soulstealer → Cryptbloom ; Luden's Echo → Hextech Rocketbelt → Shadowflame → Zhonya's Hourglass → Rabadon's Deathcap,Dark Seal → Lost Chapter → Hextech Alternator ; Lost Chapter → Hextech Alternator ; Lost Chapter → Dark Seal → Hextech Alternator,https://www.onetricks.gg/champions/builds/Syndra
Syndra,mid,16.19,,Stormsurge,Stormsurge → Imperial Mandate,Shadowflame | Cryptbloom | Mejai's Soulstealer,Cryptbloom | Banshee's Veil | Rabadon's Deathcap,Mejai's Soulstealer,Stormsurge → Imperial Mandate → Shadowflame → Cryptbloom ; Stormsurge → Imperial Mandate → Shadowflame → Banshee's Veil ; Stormsurge → Imperial Mandate → Cryptbloom → Rabadon's Deathcap → Mejai's Soulstealer,Dark Seal → Hextech Alternator → Aether Wisp ; Dark Seal → Hextech Alternator → Sorcerer's Shoes ; Hextech Alternator → Aether Wisp,https://www.onetricks.gg/champions/builds/Syndra
Syndra,mid,16.19,,Stormsurge,Stormsurge → Shadowflame,Banshee's Veil | Zhonya's Hourglass | Void Staff,Banshee's Veil | Zhonya's Hourglass | Rabadon's Deathcap,Cryptbloom,Stormsurge → Shadowflame → Mejai's Soulstealer → Zhonya's Hourglass ; Stormsurge → Shadowflame → Imperial Mandate → Rabadon's Deathcap → Cryptbloom ; Stormsurge → Shadowflame → Zhonya's Hourglass → Banshee's Veil,Dark Seal → Hextech Alternator → Aether Wisp ; Dark Seal → Hextech Alternator → Sorcerer's Shoes ; Hextech Alternator → Aether Wisp,https://www.onetricks.gg/champions/builds/Syndra
Syndra,mid,16.19,,Stormsurge,Stormsurge → Shurelya's Battlesong,Shadowflame | Banshee's Veil | Void Staff,Rabadon's Deathcap | Zhonya's Hourglass,Banshee's Veil | Morellonomicon,Stormsurge → Shurelya's Battlesong → Cryptbloom → Zhonya's Hourglass → Banshee's Veil ; Stormsurge → Shurelya's Battlesong → Void Staff → Rabadon's Deathcap → Morellonomicon ; Stormsurge → Shurelya's Battlesong → Cryptbloom → Zhonya's Hourglass,Dark Seal → Hextech Alternator → Aether Wisp ; Dark Seal → Hextech Alternator → Sorcerer's Shoes ; Hextech Alternator → Aether Wisp,https://www.onetricks.gg/champions/builds/Syndra
Syndra,mid,16.19,,Imperial Mandate,Imperial Mandate → Stormsurge,Shadowflame | Zhonya's Hourglass,Cryptbloom | Shadowflame,,Imperial Mandate → Stormsurge → Shadowflame → Cryptbloom ; Imperial Mandate → Stormsurge → Zhonya's Hourglass → Shadowflame,Bandleglass Mirror → Dark Seal → Amplifying Tome,https://www.onetricks.gg/champions/builds/Syndra
TahmKench,supp,16.19,,all,Solstice Sleigh → Heartsteel,Spirit Visage | Thornmail | Dusk and Dawn,Spirit Visage | Thornmail | Riftmaker,"Protoplasm Harness | Randuin's Omen | Jak'Sho, The Protean","Solstice Sleigh → Heartsteel → Dusk and Dawn → Riftmaker ; Solstice Sleigh → Heartsteel → Thornmail → Spirit Visage ; Solstice Sleigh → Heartsteel → Spirit Visage → Jak'Sho, The Protean",Boots → Giant's Belt → Giant's Belt ; Giant's Belt → Giant's Belt ; Giant's Belt → Boots → Giant's Belt,https://www.onetricks.gg/champions/builds/TahmKench
TahmKench,supp,16.19,,all,Bloodsong → Heartsteel,Spirit Visage | Thornmail | Warmog's Armor,Spirit Visage | Thornmail | Riftmaker,,Bloodsong → Heartsteel → Spirit Visage → Thornmail ; Bloodsong → Heartsteel → Warmog's Armor → Riftmaker ; Bloodsong → Heartsteel → Unending Despair → Spirit Visage,Boots → Giant's Belt → Giant's Belt ; Giant's Belt → Giant's Belt ; Giant's Belt → Boots → Giant's Belt,https://www.onetricks.gg/champions/builds/TahmKench
TahmKench,supp,16.19,,all,Celestial Opposition → Heartsteel,Unending Despair | Dusk and Dawn | Knight's Vow,Locket of the Iron Solari | Riftmaker | Spirit Visage,Randuin's Omen | Bandlepipes | Protoplasm Harness,Celestial Opposition → Heartsteel → Dusk and Dawn → Riftmaker ; Celestial Opposition → Heartsteel → Knight's Vow → Locket of the Iron Solari ; Celestial Opposition → Heartsteel → Unending Despair → Spirit Visage,Boots → Giant's Belt → Giant's Belt ; Giant's Belt → Giant's Belt ; Giant's Belt → Boots → Giant's Belt,https://www.onetricks.gg/champions/builds/TahmKench
Taliyah,mid,16.19,,Blackfire Torch,Blackfire Torch → Cosmic Drive,Zhonya's Hourglass | Cryptbloom | Void Staff,Rabadon's Deathcap | Cryptbloom | Mejai's Soulstealer,Banshee's Veil,Blackfire Torch → Cosmic Drive → Zhonya's Hourglass → Rabadon's Deathcap ; Blackfire Torch → Cosmic Drive → Rabadon's Deathcap → Cryptbloom ; Blackfire Torch → Cosmic Drive → Zhonya's Hourglass → Cryptbloom → Banshee's Veil,Dark Seal → Lost Chapter → Fated Ashes ; Lost Chapter → Ionian Boots of Lucidity → Fated Ashes ; Lost Chapter → Fated Ashes,https://www.onetricks.gg/champions/builds/Taliyah
Taliyah,mid,16.19,,Blackfire Torch,Blackfire Torch → Hextech Rocketbelt,Cryptbloom | Zhonya's Hourglass | Banshee's Veil,Rabadon's Deathcap | Void Staff | Mejai's Soulstealer,Zhonya's Hourglass,Blackfire Torch → Hextech Rocketbelt → Cryptbloom → Rabadon's Deathcap ; Blackfire Torch → Hextech Rocketbelt → Zhonya's Hourglass → Void Staff ; Blackfire Torch → Hextech Rocketbelt → Banshee's Veil → Mejai's Soulstealer,Dark Seal → Lost Chapter → Fated Ashes ; Lost Chapter → Ionian Boots of Lucidity → Fated Ashes ; Lost Chapter → Fated Ashes,https://www.onetricks.gg/champions/builds/Taliyah
Taliyah,mid,16.19,,Blackfire Torch,Blackfire Torch → Rylai's Crystal Scepter,Zhonya's Hourglass | Cryptbloom | Liandry's Torment,Bloodletter's Curse | Zhonya's Hourglass | Void Staff,Cryptbloom,Blackfire Torch → Rylai's Crystal Scepter → Rabadon's Deathcap → Bloodletter's Curse ; Blackfire Torch → Rylai's Crystal Scepter → Cryptbloom → Zhonya's Hourglass ; Blackfire Torch → Rylai's Crystal Scepter → Zhonya's Hourglass → Cryptbloom,Dark Seal → Lost Chapter → Fated Ashes ; Lost Chapter → Ionian Boots of Lucidity → Fated Ashes ; Lost Chapter → Fated Ashes,https://www.onetricks.gg/champions/builds/Taliyah
Taliyah,mid,16.19,,Blackfire Torch,Blackfire Torch → Shadowflame,Zhonya's Hourglass | Rabadon's Deathcap | Banshee's Veil,Cryptbloom | Rabadon's Deathcap | Morellonomicon,,Blackfire Torch → Shadowflame → Rabadon's Deathcap → Cryptbloom ; Blackfire Torch → Shadowflame → Zhonya's Hourglass → Rabadon's Deathcap ; Blackfire Torch → Shadowflame → Banshee's Veil → Cryptbloom,Dark Seal → Lost Chapter → Fated Ashes ; Lost Chapter → Ionian Boots of Lucidity → Fated Ashes ; Lost Chapter → Fated Ashes,https://www.onetricks.gg/champions/builds/Taliyah
Taliyah,mid,16.19,,Seraph's Embrace,Seraph's Embrace → Rylai's Crystal Scepter,Zhonya's Hourglass | Rabadon's Deathcap | Cryptbloom,Rabadon's Deathcap,Zhonya's Hourglass,Seraph's Embrace → Rylai's Crystal Scepter → Cryptbloom → Rabadon's Deathcap ; Seraph's Embrace → Rylai's Crystal Scepter → Mejai's Soulstealer → Rabadon's Deathcap → Zhonya's Hourglass,Tear of the Goddess → Ionian Boots of Lucidity → Lost Chapter ; Dark Seal → Tear of the Goddess → Lost Chapter ; Tear of the Goddess → Ionian Boots of Lucidity → Fiendish Codex,https://www.onetricks.gg/champions/builds/Taliyah
Taliyah,mid,16.19,,Seraph's Embrace,Seraph's Embrace → Liandry's Torment,Rylai's Crystal Scepter | Cryptbloom | Zhonya's Hourglass,Zhonya's Hourglass,Imperial Mandate,Seraph's Embrace → Liandry's Torment → Rylai's Crystal Scepter → Zhonya's Hourglass → Imperial Mandate ; Seraph's Embrace → Liandry's Torment → Mejai's Soulstealer → Zhonya's Hourglass,Tear of the Goddess → Ionian Boots of Lucidity → Lost Chapter ; Dark Seal → Tear of the Goddess → Lost Chapter ; Tear of the Goddess → Ionian Boots of Lucidity → Fiendish Codex,https://www.onetricks.gg/champions/builds/Taliyah
Taliyah,mid,16.19,,Seraph's Embrace,Seraph's Embrace → Hextech Rocketbelt,Rabadon's Deathcap | Cryptbloom,,,Seraph's Embrace → Hextech Rocketbelt → Rabadon's Deathcap ; Seraph's Embrace → Hextech Rocketbelt → Cryptbloom,Tear of the Goddess → Ionian Boots of Lucidity → Lost Chapter ; Dark Seal → Tear of the Goddess → Lost Chapter ; Tear of the Goddess → Ionian Boots of Lucidity → Fiendish Codex,https://www.onetricks.gg/champions/builds/Taliyah
Taliyah,mid,16.19,,Seraph's Embrace,Seraph's Embrace → Cosmic Drive,Void Staff | Shadowflame | Rabadon's Deathcap,Imperial Mandate,,Seraph's Embrace → Cosmic Drive → Void Staff ; Seraph's Embrace → Cosmic Drive → Shadowflame ; Seraph's Embrace → Cosmic Drive → Cryptbloom → Imperial Mandate,Tear of the Goddess → Ionian Boots of Lucidity → Lost Chapter ; Dark Seal → Tear of the Goddess → Lost Chapter ; Tear of the Goddess → Ionian Boots of Lucidity → Fiendish Codex,https://www.onetricks.gg/champions/builds/Taliyah
Taliyah,mid,16.19,,Luden's Echo,Luden's Echo → Shadowflame,Mejai's Soulstealer | Zhonya's Hourglass,Banshee's Veil | Zhonya's Hourglass,,Luden's Echo → Shadowflame → Zhonya's Hourglass ; Luden's Echo → Shadowflame → Mejai's Soulstealer → Zhonya's Hourglass ; Luden's Echo → Shadowflame → Mejai's Soulstealer → Banshee's Veil,Dark Seal → Lost Chapter → Hextech Alternator ; Dark Seal → Lost Chapter → Sorcerer's Shoes ; Dark Seal → Lost Chapter → Boots of Swiftness,https://www.onetricks.gg/champions/builds/Taliyah
Taliyah,mid,16.19,,Luden's Echo,Luden's Echo → Stormsurge,Banshee's Veil | Mejai's Soulstealer | Void Staff,Banshee's Veil | Zhonya's Hourglass,,Luden's Echo → Stormsurge → Banshee's Veil ; Luden's Echo → Stormsurge → Shadowflame → Banshee's Veil ; Luden's Echo → Stormsurge → Mejai's Soulstealer → Zhonya's Hourglass,Dark Seal → Lost Chapter → Hextech Alternator ; Dark Seal → Lost Chapter → Sorcerer's Shoes ; Dark Seal → Lost Chapter → Boots of Swiftness,https://www.onetricks.gg/champions/builds/Taliyah
Taliyah,mid,16.19,,Rylai's Crystal Scepter,Rylai's Crystal Scepter → Shadowflame,Seraph's Embrace,,,Rylai's Crystal Scepter → Shadowflame → Seraph's Embrace,Tear of the Goddess → Ionian Boots of Lucidity → Blasting Wand,https://www.onetricks.gg/champions/builds/Taliyah
Talon,jungle,16.19,,Umbral Glaive,Umbral Glaive → Bastionbreaker,Voltaic Cyclosword | Edge of Night | Serpent's Fang,Lord Dominik's Regards | Edge of Night | Serylda's Grudge,Serpent's Fang | Guardian Angel | Edge of Night,Umbral Glaive → Bastionbreaker → Voltaic Cyclosword → Lord Dominik's Regards ; Umbral Glaive → Bastionbreaker → Voltaic Cyclosword → Edge of Night ; Umbral Glaive → Bastionbreaker → Voltaic Cyclosword → Serylda's Grudge,Serrated Dirk → Caulfield's Warhammer,https://www.onetricks.gg/champions/builds/Talon
Talon,jungle,16.19,,Umbral Glaive,Umbral Glaive → Voltaic Cyclosword,Bastionbreaker | Lord Dominik's Regards | Serpent's Fang,Serpent's Fang | Edge of Night | Lord Dominik's Regards,Edge of Night | Serylda's Grudge | Axiom Arc,Umbral Glaive → Voltaic Cyclosword → Bastionbreaker → Lord Dominik's Regards ; Umbral Glaive → Voltaic Cyclosword → Edge of Night → Serpent's Fang ; Umbral Glaive → Voltaic Cyclosword → Lord Dominik's Regards → Edge of Night,Serrated Dirk → Caulfield's Warhammer,https://www.onetricks.gg/champions/builds/Talon
Talon,jungle,16.19,,Umbral Glaive,Umbral Glaive → Serpent's Fang,Axiom Arc | Bastionbreaker | Mortal Reminder,Mortal Reminder | Lord Dominik's Regards | Voltaic Cyclosword,,Umbral Glaive → Serpent's Fang → Axiom Arc → Lord Dominik's Regards ; Umbral Glaive → Serpent's Fang → Axiom Arc → Mortal Reminder ; Umbral Glaive → Serpent's Fang → Mortal Reminder → Voltaic Cyclosword,Serrated Dirk → Caulfield's Warhammer,https://www.onetricks.gg/champions/builds/Talon
Talon,jungle,16.19,,Umbral Glaive,Umbral Glaive → Axiom Arc,Mortal Reminder | Voltaic Cyclosword,Endless Hunger | Lord Dominik's Regards | Voltaic Cyclosword,Youmuu's Ghostblade,Umbral Glaive → Axiom Arc → Mortal Reminder → Endless Hunger ; Umbral Glaive → Axiom Arc → Mortal Reminder → Voltaic Cyclosword → Youmuu's Ghostblade ; Umbral Glaive → Axiom Arc → Voltaic Cyclosword → Lord Dominik's Regards,Serrated Dirk → Caulfield's Warhammer,https://www.onetricks.gg/champions/builds/Talon
Talon,jungle,16.19,,Youmuu's Ghostblade,Youmuu's Ghostblade → Umbral Glaive,Edge of Night | Serpent's Fang | Voltaic Cyclosword,Lord Dominik's Regards | Serylda's Grudge | Edge of Night,Mortal Reminder | Guardian Angel | Death's Dance,Youmuu's Ghostblade → Umbral Glaive → Edge of Night → Serylda's Grudge ; Youmuu's Ghostblade → Umbral Glaive → Edge of Night → Lord Dominik's Regards ; Youmuu's Ghostblade → Umbral Glaive → Serpent's Fang → Edge of Night,Serrated Dirk → Rectrix → Long Sword ; Serrated Dirk → Boots → Rectrix ; Serrated Dirk → Rectrix → Boots,https://www.onetricks.gg/champions/builds/Talon
Talon,jungle,16.19,,Youmuu's Ghostblade,Youmuu's Ghostblade → Bastionbreaker,Voltaic Cyclosword,Serylda's Grudge | Serpent's Fang,Serylda's Grudge,Youmuu's Ghostblade → Bastionbreaker → Voltaic Cyclosword → Serpent's Fang → Serylda's Grudge ; Youmuu's Ghostblade → Bastionbreaker → Voltaic Cyclosword → Serylda's Grudge ; Youmuu's Ghostblade → Bastionbreaker → Voltaic Cyclosword → Serpent's Fang,Serrated Dirk → Rectrix → Long Sword ; Serrated Dirk → Boots → Rectrix ; Serrated Dirk → Rectrix → Boots,https://www.onetricks.gg/champions/builds/Talon
Talon,jungle,16.19,,Hubris,Hubris → Umbral Glaive,Bastionbreaker | Death's Dance | Serpent's Fang,Endless Hunger | Edge of Night | Serylda's Grudge,Lord Dominik's Regards | Serylda's Grudge | Serpent's Fang,Hubris → Umbral Glaive → Death's Dance → Endless Hunger ; Hubris → Umbral Glaive → Bastionbreaker → Serylda's Grudge ; Hubris → Umbral Glaive → Bastionbreaker → Edge of Night,Serrated Dirk → Caulfield's Warhammer ; Serrated Dirk → Boots → Caulfield's Warhammer,https://www.onetricks.gg/champions/builds/Talon
Talon,jungle,16.19,,Hubris,Hubris → Voltaic Cyclosword,Serpent's Fang | Umbral Glaive,Serylda's Grudge,,Hubris → Voltaic Cyclosword → Umbral Glaive ; Hubris → Voltaic Cyclosword → Serpent's Fang → Serylda's Grudge,Serrated Dirk → Caulfield's Warhammer ; Serrated Dirk → Boots → Caulfield's Warhammer,https://www.onetricks.gg/champions/builds/Talon
Talon,jungle,16.19,,Voltaic Cyclosword,Voltaic Cyclosword → Umbral Glaive,Edge of Night | Serylda's Grudge | Bastionbreaker,Lord Dominik's Regards | Guardian Angel | Serpent's Fang,Edge of Night,Voltaic Cyclosword → Umbral Glaive → Edge of Night → Lord Dominik's Regards ; Voltaic Cyclosword → Umbral Glaive → Serylda's Grudge → Guardian Angel ; Voltaic Cyclosword → Umbral Glaive → Serylda's Grudge → Serpent's Fang,The Brutalizer ; Pickaxe,https://www.onetricks.gg/champions/builds/Talon
Talon,jungle,16.19,,Voltaic Cyclosword,Voltaic Cyclosword → Bastionbreaker,Mortal Reminder | Black Cleaver | Lord Dominik's Regards,Edge of Night | Profane Hydra,,Voltaic Cyclosword → Bastionbreaker → Mortal Reminder → Edge of Night ; Voltaic Cyclosword → Bastionbreaker → Black Cleaver → Profane Hydra ; Voltaic Cyclosword → Bastionbreaker → Lord Dominik's Regards,The Brutalizer ; Pickaxe,https://www.onetricks.gg/champions/builds/Talon
Taric,supp,16.19,,all,Dream Maker → Locket of the Iron Solari,Knight's Vow | Fimbulwinter | Mikael's Blessing,Knight's Vow | Fimbulwinter | Redemption,Protoplasm Harness | Abyssal Mask,Dream Maker → Locket of the Iron Solari → Knight's Vow → Fimbulwinter ; Dream Maker → Locket of the Iron Solari → Fimbulwinter → Knight's Vow ; Dream Maker → Locket of the Iron Solari → Knight's Vow → Redemption,Tear of the Goddess → Kindlegem → Cloth Armor ; Tear of the Goddess → Kindlegem → Null-Magic Mantle ; Tear of the Goddess → Cloth Armor → Kindlegem,https://www.onetricks.gg/champions/builds/Taric
Taric,supp,16.19,,all,Dream Maker → Zeke's Convergence,Fimbulwinter | Knight's Vow | Locket of the Iron Solari,Knight's Vow | Fimbulwinter | Mikael's Blessing,,Dream Maker → Zeke's Convergence → Fimbulwinter → Knight's Vow ; Dream Maker → Zeke's Convergence → Knight's Vow → Fimbulwinter ; Dream Maker → Zeke's Convergence → Fimbulwinter → Mikael's Blessing,Tear of the Goddess → Kindlegem → Cloth Armor ; Tear of the Goddess → Kindlegem → Null-Magic Mantle ; Tear of the Goddess → Cloth Armor → Kindlegem,https://www.onetricks.gg/champions/builds/Taric
Taric,supp,16.19,,all,Dream Maker → Knight's Vow,Fimbulwinter,Locket of the Iron Solari | Mikael's Blessing,,Dream Maker → Knight's Vow → Fimbulwinter → Locket of the Iron Solari ; Dream Maker → Knight's Vow → Fimbulwinter → Mikael's Blessing,Tear of the Goddess → Kindlegem → Cloth Armor ; Tear of the Goddess → Kindlegem → Null-Magic Mantle ; Tear of the Goddess → Cloth Armor → Kindlegem,https://www.onetricks.gg/champions/builds/Taric
Taric,supp,16.19,,all,Bloodsong → Zeke's Convergence,Knight's Vow | Frozen Heart | Fimbulwinter,Fimbulwinter | Frozen Heart | Knight's Vow,,Bloodsong → Zeke's Convergence → Knight's Vow → Fimbulwinter ; Bloodsong → Zeke's Convergence → Knight's Vow → Frozen Heart ; Bloodsong → Zeke's Convergence → Frozen Heart → Fimbulwinter,Tear of the Goddess → Kindlegem → Cloth Armor ; Tear of the Goddess → Kindlegem → Null-Magic Mantle ; Tear of the Goddess → Cloth Armor → Kindlegem,https://www.onetricks.gg/champions/builds/Taric
Teemo,top,16.19,,Statikk Shiv,Statikk Shiv → Liandry's Torment,Malignance | Morellonomicon | Shadowflame,Shadowflame | Malignance | Rabadon's Deathcap,Shadowflame | Mejai's Soulstealer | Morellonomicon,Statikk Shiv → Liandry's Torment → Malignance → Shadowflame ; Statikk Shiv → Liandry's Torment → Malignance → Rabadon's Deathcap ; Statikk Shiv → Liandry's Torment → Malignance → Cryptbloom,Plated Steelcaps → Scout's Slingshot → Aether Wisp ; Pickaxe → Scout's Slingshot → Aether Wisp ; Pickaxe → Aether Wisp → Scout's Slingshot,https://www.onetricks.gg/champions/builds/Teemo
Teemo,top,16.19,,Statikk Shiv,Statikk Shiv → Dusk and Dawn,"Bloodletter's Curse | Terminus | Jak'Sho, The Protean",Hextech Gunblade | Mejai's Soulstealer | Malignance,Liandry's Torment | Rabadon's Deathcap | Nashor's Tooth,Statikk Shiv → Dusk and Dawn → Bloodletter's Curse → Hextech Gunblade ; Statikk Shiv → Dusk and Dawn → Bloodletter's Curse → Mejai's Soulstealer ; Statikk Shiv → Dusk and Dawn → Bloodletter's Curse → Hextech Gunblade → Rabadon's Deathcap,Plated Steelcaps → Scout's Slingshot → Aether Wisp ; Pickaxe → Scout's Slingshot → Aether Wisp ; Pickaxe → Aether Wisp → Scout's Slingshot,https://www.onetricks.gg/champions/builds/Teemo
Teemo,top,16.19,,Statikk Shiv,Statikk Shiv → Nashor's Tooth,Bloodletter's Curse | Dusk and Dawn,Terminus | Liandry's Torment,Banshee's Veil,Statikk Shiv → Nashor's Tooth → Dusk and Dawn → Terminus ; Statikk Shiv → Nashor's Tooth → Dusk and Dawn → Liandry's Torment → Banshee's Veil,Plated Steelcaps → Scout's Slingshot → Aether Wisp ; Pickaxe → Scout's Slingshot → Aether Wisp ; Pickaxe → Aether Wisp → Scout's Slingshot,https://www.onetricks.gg/champions/builds/Teemo
Teemo,top,16.19,,Nashor's Tooth,Nashor's Tooth → Dusk and Dawn,Bloodletter's Curse | Terminus | Mejai's Soulstealer,Mejai's Soulstealer | Terminus | Liandry's Torment,Riftmaker | Mejai's Soulstealer | Terminus,Nashor's Tooth → Dusk and Dawn → Bloodletter's Curse → Rabadon's Deathcap → Mejai's Soulstealer ; Nashor's Tooth → Dusk and Dawn → Bloodletter's Curse → Morellonomicon ; Nashor's Tooth → Dusk and Dawn → Bloodletter's Curse → Rabadon's Deathcap,Cull → Boots of Swiftness → Recurve Bow ; Cull → Gluttonous Greaves → Recurve Bow ; Boots of Swiftness → Recurve Bow → Fiendish Codex,https://www.onetricks.gg/champions/builds/Teemo
Teemo,top,16.19,,Dusk and Dawn,Dusk and Dawn → Liandry's Torment,Malignance | Mejai's Soulstealer | Nashor's Tooth,Shadowflame | Zhonya's Hourglass | Void Staff,Nashor's Tooth,Dusk and Dawn → Liandry's Torment → Malignance → Shadowflame ; Dusk and Dawn → Liandry's Torment → Nashor's Tooth → Shadowflame ; Dusk and Dawn → Liandry's Torment → Mejai's Soulstealer → Void Staff → Nashor's Tooth,Blasting Wand → Boots of Swiftness → Kindlegem ; Blasting Wand → Kindlegem → Sheen ; Dark Seal → Blasting Wand → Kindlegem,https://www.onetricks.gg/champions/builds/Teemo
Teemo,top,16.19,,Dusk and Dawn,Dusk and Dawn → Kaenic Rookern,Nashor's Tooth,Void Staff,,Dusk and Dawn → Kaenic Rookern → Nashor's Tooth → Void Staff,Blasting Wand → Boots of Swiftness → Kindlegem ; Blasting Wand → Kindlegem → Sheen ; Dark Seal → Blasting Wand → Kindlegem,https://www.onetricks.gg/champions/builds/Teemo
Teemo,top,16.19,,Blade of The Ruined King,Blade of The Ruined King → Yun Tal Wildarrows,Lord Dominik's Regards | Randuin's Omen,Lord Dominik's Regards | Guardian Angel,Kaenic Rookern,Blade of The Ruined King → Yun Tal Wildarrows → Randuin's Omen → Lord Dominik's Regards → Kaenic Rookern ; Blade of The Ruined King → Yun Tal Wildarrows → Lord Dominik's Regards → Guardian Angel,Cull → Boots of Swiftness → Vampiric Scepter ; Boots of Swiftness → Cull → Vampiric Scepter ; Berserker's Greaves → Cull → Vampiric Scepter,https://www.onetricks.gg/champions/builds/Teemo
Teemo,top,16.19,,Kaenic Rookern,Kaenic Rookern → Zhonya's Hourglass,Guardian Angel,,,Kaenic Rookern → Zhonya's Hourglass → Guardian Angel,Spectre's Cowl → Negatron Cloak ; Mercury's Treads → Spectre's Cowl → Negatron Cloak ; Dark Seal → Oblivion Orb → Sorcerer's Shoes,https://www.onetricks.gg/champions/builds/Teemo
Teemo,top,16.19,,Kaenic Rookern,Kaenic Rookern → Statikk Shiv,Randuin's Omen | Riftmaker,,,Kaenic Rookern → Statikk Shiv → Randuin's Omen ; Kaenic Rookern → Statikk Shiv → Riftmaker,Spectre's Cowl → Negatron Cloak ; Mercury's Treads → Spectre's Cowl → Negatron Cloak ; Dark Seal → Oblivion Orb → Sorcerer's Shoes,https://www.onetricks.gg/champions/builds/Teemo
Teemo,top,16.19,,Kaenic Rookern,Kaenic Rookern → Blade of The Ruined King,Lord Dominik's Regards,,,Kaenic Rookern → Blade of The Ruined King → Lord Dominik's Regards,Spectre's Cowl → Negatron Cloak ; Mercury's Treads → Spectre's Cowl → Negatron Cloak ; Dark Seal → Oblivion Orb → Sorcerer's Shoes,https://www.onetricks.gg/champions/builds/Teemo
Teemo,top,16.19,,Kaenic Rookern,Kaenic Rookern → Dusk and Dawn,,,,,Spectre's Cowl → Negatron Cloak ; Mercury's Treads → Spectre's Cowl → Negatron Cloak ; Dark Seal → Oblivion Orb → Sorcerer's Shoes,https://www.onetricks.gg/champions/builds/Teemo
Teemo,top,16.19,,Liandry's Torment,Liandry's Torment → Stormsurge,Void Staff | Shadowflame,Malignance,Shadowflame,Liandry's Torment → Stormsurge → Void Staff → Malignance → Shadowflame ; Liandry's Torment → Stormsurge → Shadowflame,Haunting Guise → Fated Ashes ; Boots of Swiftness → Oblivion Orb → Haunting Guise,https://www.onetricks.gg/champions/builds/Teemo
Teemo,top,16.19,,Liandry's Torment,Liandry's Torment → Dusk and Dawn,Bloodletter's Curse,,,Liandry's Torment → Dusk and Dawn → Bloodletter's Curse,Haunting Guise → Fated Ashes ; Boots of Swiftness → Oblivion Orb → Haunting Guise,https://www.onetricks.gg/champions/builds/Teemo
Thresh,supp,16.19,,Locket of the Iron Solari,Locket of the Iron Solari → Solstice Sleigh,Mikael's Blessing | Knight's Vow | Kaenic Rookern,Knight's Vow | Kaenic Rookern | Bandlepipes,,Locket of the Iron Solari → Solstice Sleigh → Mikael's Blessing → Knight's Vow ; Locket of the Iron Solari → Solstice Sleigh → Knight's Vow → Kaenic Rookern ; Locket of the Iron Solari → Solstice Sleigh → Knight's Vow → Bandlepipes,Ionian Boots of Lucidity → Kindlegem → Cloth Armor ; Boots of Swiftness → Kindlegem → Cloth Armor ; Cloth Armor → Kindlegem → Null-Magic Mantle,https://www.onetricks.gg/champions/builds/Thresh
Thresh,supp,16.19,,Locket of the Iron Solari,Locket of the Iron Solari → Celestial Opposition,Knight's Vow | Protoplasm Harness | Zeke's Convergence,Redemption | Zeke's Convergence | Mikael's Blessing,,Locket of the Iron Solari → Celestial Opposition → Zeke's Convergence → Redemption ; Locket of the Iron Solari → Celestial Opposition → Knight's Vow → Mikael's Blessing ; Locket of the Iron Solari → Celestial Opposition → Knight's Vow → Zeke's Convergence,Ionian Boots of Lucidity → Kindlegem → Cloth Armor ; Boots of Swiftness → Kindlegem → Cloth Armor ; Cloth Armor → Kindlegem → Null-Magic Mantle,https://www.onetricks.gg/champions/builds/Thresh
Tristana,bot,16.19,,Yun Tal Wildarrows,Yun Tal Wildarrows → Infinity Edge,Navori Flickerblade | Lord Dominik's Regards | Immortal Shieldbow,Lord Dominik's Regards | Navori Flickerblade | Mortal Reminder,Guardian Angel | Bloodthirster | Mercurial Scimitar,Yun Tal Wildarrows → Infinity Edge → Navori Flickerblade → Lord Dominik's Regards ; Yun Tal Wildarrows → Infinity Edge → Lord Dominik's Regards → Navori Flickerblade ; Yun Tal Wildarrows → Infinity Edge → Navori Flickerblade → Mortal Reminder,B. F. Sword → Scout's Slingshot → Long Sword ; Scout's Slingshot → B. F. Sword → Long Sword ; Cull → Scout's Slingshot → B. F. Sword,https://www.onetricks.gg/champions/builds/Tristana
Tristana,bot,16.19,,Yun Tal Wildarrows,Yun Tal Wildarrows → Navori Flickerblade,Infinity Edge | Lord Dominik's Regards | Mortal Reminder,Infinity Edge | Lord Dominik's Regards | Hexoptics C44,Guardian Angel | Bloodthirster | Randuin's Omen,Yun Tal Wildarrows → Navori Flickerblade → Infinity Edge → Lord Dominik's Regards ; Yun Tal Wildarrows → Navori Flickerblade → Lord Dominik's Regards → Infinity Edge ; Yun Tal Wildarrows → Navori Flickerblade → Hexoptics C44 → Infinity Edge,B. F. Sword → Scout's Slingshot → Long Sword ; Scout's Slingshot → B. F. Sword → Long Sword ; Cull → Scout's Slingshot → B. F. Sword,https://www.onetricks.gg/champions/builds/Tristana
Tristana,bot,16.19,,Yun Tal Wildarrows,Yun Tal Wildarrows → Hexoptics C44,Navori Flickerblade | Lord Dominik's Regards | Infinity Edge,Lord Dominik's Regards | Infinity Edge | Mortal Reminder,Guardian Angel | Mortal Reminder | Lord Dominik's Regards,Yun Tal Wildarrows → Hexoptics C44 → Navori Flickerblade → Lord Dominik's Regards ; Yun Tal Wildarrows → Hexoptics C44 → Navori Flickerblade → Infinity Edge ; Yun Tal Wildarrows → Hexoptics C44 → Infinity Edge → Lord Dominik's Regards → Guardian Angel,B. F. Sword → Scout's Slingshot → Long Sword ; Scout's Slingshot → B. F. Sword → Long Sword ; Cull → Scout's Slingshot → B. F. Sword,https://www.onetricks.gg/champions/builds/Tristana
Tristana,bot,16.19,,Yun Tal Wildarrows,Yun Tal Wildarrows → Lord Dominik's Regards,Navori Flickerblade | Infinity Edge,Infinity Edge | Navori Flickerblade,Blade of The Ruined King,Yun Tal Wildarrows → Lord Dominik's Regards → Navori Flickerblade → Infinity Edge ; Yun Tal Wildarrows → Lord Dominik's Regards → Infinity Edge → Navori Flickerblade → Blade of The Ruined King,B. F. Sword → Scout's Slingshot → Long Sword ; Scout's Slingshot → B. F. Sword → Long Sword ; Cull → Scout's Slingshot → B. F. Sword,https://www.onetricks.gg/champions/builds/Tristana
Tristana,bot,16.19,,The Collector,The Collector → Infinity Edge,Lord Dominik's Regards | Navori Flickerblade | Mortal Reminder,Navori Flickerblade | Mortal Reminder | Lord Dominik's Regards,Bloodthirster | Guardian Angel | Hexoptics C44,The Collector → Infinity Edge → Lord Dominik's Regards → Navori Flickerblade ; The Collector → Infinity Edge → Navori Flickerblade → Mortal Reminder ; The Collector → Infinity Edge → Lord Dominik's Regards → Navori Flickerblade → Guardian Angel,Pickaxe → Serrated Dirk → Cloak of Agility ; Serrated Dirk → Pickaxe → Cloak of Agility ; Serrated Dirk → Cloak of Agility → Pickaxe,https://www.onetricks.gg/champions/builds/Tristana
Tristana,bot,16.19,,The Collector,The Collector → Navori Flickerblade,Infinity Edge | Hexoptics C44 | Lord Dominik's Regards,Infinity Edge | Maw of Malmortius | Lord Dominik's Regards,Guardian Angel | Kaenic Rookern | Serpent's Fang,The Collector → Navori Flickerblade → Lord Dominik's Regards → Infinity Edge ; The Collector → Navori Flickerblade → Infinity Edge → Maw of Malmortius ; The Collector → Navori Flickerblade → Hexoptics C44 → Mortal Reminder,Pickaxe → Serrated Dirk → Cloak of Agility ; Serrated Dirk → Pickaxe → Cloak of Agility ; Serrated Dirk → Cloak of Agility → Pickaxe,https://www.onetricks.gg/champions/builds/Tristana
Tristana,bot,16.19,,Hexoptics C44,Hexoptics C44 → Infinity Edge,Lord Dominik's Regards | Navori Flickerblade | Phantom Dancer,Navori Flickerblade | Lord Dominik's Regards | Runaan's Hurricane,Bloodthirster | Mercurial Scimitar | Guardian Angel,Hexoptics C44 → Infinity Edge → Lord Dominik's Regards → Navori Flickerblade ; Hexoptics C44 → Infinity Edge → Navori Flickerblade → Lord Dominik's Regards → Bloodthirster ; Hexoptics C44 → Infinity Edge → Lord Dominik's Regards → Navori Flickerblade → Bloodthirster,Pickaxe → Noonquiver → Long Sword ; Cull → Pickaxe → Noonquiver ; Pickaxe → Cloak of Agility → Noonquiver,https://www.onetricks.gg/champions/builds/Tristana
Tristana,bot,16.19,,Hexoptics C44,Hexoptics C44 → Navori Flickerblade,Infinity Edge | The Collector | Lord Dominik's Regards,Infinity Edge | Lord Dominik's Regards | Mercurial Scimitar,Guardian Angel | Mercurial Scimitar | Yun Tal Wildarrows,Hexoptics C44 → Navori Flickerblade → Infinity Edge → Lord Dominik's Regards ; Hexoptics C44 → Navori Flickerblade → Mortal Reminder → Infinity Edge ; Hexoptics C44 → Navori Flickerblade → Infinity Edge → Mercurial Scimitar,Pickaxe → Noonquiver → Long Sword ; Cull → Pickaxe → Noonquiver ; Pickaxe → Cloak of Agility → Noonquiver,https://www.onetricks.gg/champions/builds/Tristana
Trundle,top,16.19,,Ravenous Hydra,Ravenous Hydra → Blade of The Ruined King,Hullbreaker | Death's Dance | Spirit Visage,Death's Dance | Spirit Visage | Randuin's Omen,Terminus | Mortal Reminder | Spirit Visage,Ravenous Hydra → Blade of The Ruined King → Death's Dance → Spirit Visage ; Ravenous Hydra → Blade of The Ruined King → Spirit Visage → Death's Dance → Terminus ; Ravenous Hydra → Blade of The Ruined King → Hullbreaker → Trinity Force,Tiamat → Vampiric Scepter → Caulfield's Warhammer ; Vampiric Scepter → Tiamat → Caulfield's Warhammer,https://www.onetricks.gg/champions/builds/Trundle
Trundle,top,16.19,,Ravenous Hydra,Ravenous Hydra → Trinity Force,Hullbreaker | Death's Dance | Thornmail,Spirit Visage | Randuin's Omen | Knight's Vow,Terminus | Randuin's Omen,Ravenous Hydra → Trinity Force → Blade of The Ruined King → Spirit Visage ; Ravenous Hydra → Trinity Force → Death's Dance → Randuin's Omen → Terminus ; Ravenous Hydra → Trinity Force → Hullbreaker → Randuin's Omen,Tiamat → Vampiric Scepter → Caulfield's Warhammer ; Vampiric Scepter → Tiamat → Caulfield's Warhammer,https://www.onetricks.gg/champions/builds/Trundle
Trundle,top,16.19,,Ravenous Hydra,Ravenous Hydra → Hullbreaker,Blade of The Ruined King | Trinity Force | Dead Man's Plate,Randuin's Omen | Death's Dance | Spirit Visage,Bandlepipes,Ravenous Hydra → Hullbreaker → Blade of The Ruined King → Randuin's Omen ; Ravenous Hydra → Hullbreaker → Trinity Force → Death's Dance ; Ravenous Hydra → Hullbreaker → Trinity Force → Spirit Visage → Bandlepipes,Tiamat → Vampiric Scepter → Caulfield's Warhammer ; Vampiric Scepter → Tiamat → Caulfield's Warhammer,https://www.onetricks.gg/champions/builds/Trundle
Trundle,top,16.19,,Trinity Force,Trinity Force → Blade of The Ruined King,Titanic Hydra | Fiendhunter Bolts | Spirit Visage,Randuin's Omen | Infinity Edge | Titanic Hydra,Spirit Visage,Trinity Force → Blade of The Ruined King → Titanic Hydra → Randuin's Omen ; Trinity Force → Blade of The Ruined King → Fiendhunter Bolts → Infinity Edge ; Trinity Force → Blade of The Ruined King → Titanic Hydra → Randuin's Omen → Spirit Visage,Sheen → Phage → Hearthbound Axe ; Phage → Sheen → Hearthbound Axe ; Phage → Hearthbound Axe → Sheen,https://www.onetricks.gg/champions/builds/Trundle
Trundle,top,16.19,,Trinity Force,Trinity Force → Fiendhunter Bolts,Infinity Edge,Sterak's Gage | Titanic Hydra,Titanic Hydra,Trinity Force → Fiendhunter Bolts → Infinity Edge → Sterak's Gage → Titanic Hydra ; Trinity Force → Fiendhunter Bolts → Infinity Edge → Titanic Hydra,Sheen → Phage → Hearthbound Axe ; Phage → Sheen → Hearthbound Axe ; Phage → Hearthbound Axe → Sheen,https://www.onetricks.gg/champions/builds/Trundle
Trundle,top,16.19,,Blade of The Ruined King,Blade of The Ruined King → Trinity Force,Ravenous Hydra | Wit's End | Death's Dance,,,Blade of The Ruined King → Trinity Force → Ravenous Hydra ; Blade of The Ruined King → Trinity Force → Death's Dance ; Blade of The Ruined King → Trinity Force → Wit's End,Vampiric Scepter → Pickaxe → Recurve Bow ; Recurve Bow → Pickaxe → Vampiric Scepter ; Executioner's Calling → Vampiric Scepter → Recurve Bow,https://www.onetricks.gg/champions/builds/Trundle
Trundle,top,16.19,,Blade of The Ruined King,Blade of The Ruined King → Ravenous Hydra,Hullbreaker | Trinity Force | Mortal Reminder,Death's Dance | Frozen Heart,Terminus,Blade of The Ruined King → Ravenous Hydra → Hullbreaker → Death's Dance → Terminus ; Blade of The Ruined King → Ravenous Hydra → Randuin's Omen → Frozen Heart,Vampiric Scepter → Pickaxe → Recurve Bow ; Recurve Bow → Pickaxe → Vampiric Scepter ; Executioner's Calling → Vampiric Scepter → Recurve Bow,https://www.onetricks.gg/champions/builds/Trundle
Trundle,top,16.19,,Blade of The Ruined King,Blade of The Ruined King → Black Cleaver,Bandlepipes | Experimental Hexplate,,,Blade of The Ruined King → Black Cleaver → Bandlepipes ; Blade of The Ruined King → Black Cleaver → Experimental Hexplate,Vampiric Scepter → Pickaxe → Recurve Bow ; Recurve Bow → Pickaxe → Vampiric Scepter ; Executioner's Calling → Vampiric Scepter → Recurve Bow,https://www.onetricks.gg/champions/builds/Trundle
Trundle,top,16.19,,Blade of The Ruined King,Blade of The Ruined King → Mortal Reminder,Bandlepipes,,,Blade of The Ruined King → Mortal Reminder → Bandlepipes,Vampiric Scepter → Pickaxe → Recurve Bow ; Recurve Bow → Pickaxe → Vampiric Scepter ; Executioner's Calling → Vampiric Scepter → Recurve Bow,https://www.onetricks.gg/champions/builds/Trundle
Trundle,top,16.19,,Frozen Heart,Frozen Heart → Blade of The Ruined King,Ravenous Hydra,Spirit Visage,,Frozen Heart → Blade of The Ruined King → Ravenous Hydra → Spirit Visage,Warden's Mail → Glacial Buckler → Cloth Armor ; Warden's Mail → Glacial Buckler,https://www.onetricks.gg/champions/builds/Trundle
Trundle,top,16.19,,Frozen Heart,Frozen Heart → Trinity Force,Ravenous Hydra,Spirit Visage,Randuin's Omen,Frozen Heart → Trinity Force → Ravenous Hydra → Spirit Visage → Randuin's Omen,Warden's Mail → Glacial Buckler → Cloth Armor ; Warden's Mail → Glacial Buckler,https://www.onetricks.gg/champions/builds/Trundle
Trundle,top,16.19,,Iceborn Gauntlet,Iceborn Gauntlet → Bandlepipes,Knight's Vow,Titanic Hydra,,Iceborn Gauntlet → Bandlepipes → Knight's Vow → Titanic Hydra,Plated Steelcaps → Sheen → Chain Vest,https://www.onetricks.gg/champions/builds/Trundle
Tryndamere,top,16.19,,Ravenous Hydra,Ravenous Hydra → Yun Tal Wildarrows,Infinity Edge | Lord Dominik's Regards | Mortal Reminder,Serylda's Grudge | Endless Hunger | Wit's End,Endless Hunger | Randuin's Omen | Youmuu's Ghostblade,Ravenous Hydra → Yun Tal Wildarrows → Infinity Edge → Serylda's Grudge → Endless Hunger ; Ravenous Hydra → Yun Tal Wildarrows → Infinity Edge → Endless Hunger ; Ravenous Hydra → Yun Tal Wildarrows → Lord Dominik's Regards → Wit's End,Tiamat → Vampiric Scepter → Caulfield's Warhammer ; Tiamat → Caulfield's Warhammer → Vampiric Scepter ; Tiamat → Berserker's Greaves → Vampiric Scepter,https://www.onetricks.gg/champions/builds/Tryndamere
Tryndamere,top,16.19,,Ravenous Hydra,Ravenous Hydra → Phantom Dancer,Lord Dominik's Regards | Mortal Reminder | Endless Hunger,Hullbreaker | Endless Hunger | Lord Dominik's Regards,Guardian Angel | Death's Dance | Serylda's Grudge,Ravenous Hydra → Phantom Dancer → Infinity Edge → Endless Hunger ; Ravenous Hydra → Phantom Dancer → Lord Dominik's Regards → Hullbreaker ; Ravenous Hydra → Phantom Dancer → Endless Hunger → Lord Dominik's Regards,Tiamat → Vampiric Scepter → Caulfield's Warhammer ; Tiamat → Caulfield's Warhammer → Vampiric Scepter ; Tiamat → Berserker's Greaves → Vampiric Scepter,https://www.onetricks.gg/champions/builds/Tryndamere
Tryndamere,top,16.19,,Ravenous Hydra,Ravenous Hydra → Navori Flickerblade,Mortal Reminder | Lord Dominik's Regards | Blade of The Ruined King,Blade of The Ruined King | Wit's End | Mortal Reminder,Serpent's Fang | Mortal Reminder | Blade of The Ruined King,Ravenous Hydra → Navori Flickerblade → Mortal Reminder → Blade of The Ruined King ; Ravenous Hydra → Navori Flickerblade → Blade of The Ruined King → Wit's End ; Ravenous Hydra → Navori Flickerblade → Blade of The Ruined King → Mortal Reminder,Tiamat → Vampiric Scepter → Caulfield's Warhammer ; Tiamat → Caulfield's Warhammer → Vampiric Scepter ; Tiamat → Berserker's Greaves → Vampiric Scepter,https://www.onetricks.gg/champions/builds/Tryndamere
Tryndamere,top,16.19,,Yun Tal Wildarrows,Yun Tal Wildarrows → Lord Dominik's Regards,Endless Hunger | Death's Dance | Maw of Malmortius,Death's Dance | Endless Hunger | Maw of Malmortius,Infinity Edge | Death's Dance,Yun Tal Wildarrows → Lord Dominik's Regards → Endless Hunger → Death's Dance ; Yun Tal Wildarrows → Lord Dominik's Regards → Death's Dance → Endless Hunger ; Yun Tal Wildarrows → Lord Dominik's Regards → Endless Hunger → Death's Dance → Infinity Edge,Berserker's Greaves → Scout's Slingshot → B. F. Sword ; B. F. Sword → Scout's Slingshot → Long Sword ; Berserker's Greaves → B. F. Sword → Scout's Slingshot,https://www.onetricks.gg/champions/builds/Tryndamere
Tryndamere,top,16.19,,Yun Tal Wildarrows,Yun Tal Wildarrows → Ravenous Hydra,Infinity Edge | Lord Dominik's Regards | Mortal Reminder,Serylda's Grudge | Wit's End,,Yun Tal Wildarrows → Ravenous Hydra → Infinity Edge → Serylda's Grudge ; Yun Tal Wildarrows → Ravenous Hydra → Lord Dominik's Regards → Wit's End ; Yun Tal Wildarrows → Ravenous Hydra → Mortal Reminder,Berserker's Greaves → Scout's Slingshot → B. F. Sword ; B. F. Sword → Scout's Slingshot → Long Sword ; Berserker's Greaves → B. F. Sword → Scout's Slingshot,https://www.onetricks.gg/champions/builds/Tryndamere
Tryndamere,top,16.19,,Yun Tal Wildarrows,Yun Tal Wildarrows → Mortal Reminder,Infinity Edge | Endless Hunger,Ravenous Hydra | Death's Dance,,Yun Tal Wildarrows → Mortal Reminder → Infinity Edge → Ravenous Hydra ; Yun Tal Wildarrows → Mortal Reminder → Endless Hunger → Death's Dance,Berserker's Greaves → Scout's Slingshot → B. F. Sword ; B. F. Sword → Scout's Slingshot → Long Sword ; Berserker's Greaves → B. F. Sword → Scout's Slingshot,https://www.onetricks.gg/champions/builds/Tryndamere
Tryndamere,top,16.19,,Profane Hydra,Profane Hydra → Lord Dominik's Regards,Infinity Edge | The Collector | Bastionbreaker,Voltaic Cyclosword | Death's Dance,Bastionbreaker | Edge of Night,Profane Hydra → Lord Dominik's Regards → Infinity Edge → Voltaic Cyclosword → Bastionbreaker ; Profane Hydra → Lord Dominik's Regards → Infinity Edge → Voltaic Cyclosword → Edge of Night ; Profane Hydra → Lord Dominik's Regards → Infinity Edge → Death's Dance,Tiamat → Pickaxe → The Brutalizer ; Tiamat → The Brutalizer ; Tiamat → Berserker's Greaves → The Brutalizer,https://www.onetricks.gg/champions/builds/Tryndamere
Tryndamere,top,16.19,,Profane Hydra,Profane Hydra → Mortal Reminder,The Collector | Infinity Edge | Blade of The Ruined King,Serpent's Fang | Voltaic Cyclosword | Infinity Edge,,Profane Hydra → Mortal Reminder → The Collector → Serpent's Fang ; Profane Hydra → Mortal Reminder → Blade of The Ruined King → Serpent's Fang ; Profane Hydra → Mortal Reminder → Infinity Edge → Voltaic Cyclosword,Tiamat → Pickaxe → The Brutalizer ; Tiamat → The Brutalizer ; Tiamat → Berserker's Greaves → The Brutalizer,https://www.onetricks.gg/champions/builds/Tryndamere
Tryndamere,top,16.19,,Profane Hydra,Profane Hydra → The Collector,Mortal Reminder | Lord Dominik's Regards,Phantom Dancer | Infinity Edge,,Profane Hydra → The Collector → Mortal Reminder → Phantom Dancer ; Profane Hydra → The Collector → Lord Dominik's Regards → Infinity Edge,Tiamat → Pickaxe → The Brutalizer ; Tiamat → The Brutalizer ; Tiamat → Berserker's Greaves → The Brutalizer,https://www.onetricks.gg/champions/builds/Tryndamere
Tryndamere,top,16.19,,Essence Reaver,Essence Reaver → Mortal Reminder,Endless Hunger | Serpent's Fang,Phantom Dancer | Death's Dance,Guardian Angel | Death's Dance,Essence Reaver → Mortal Reminder → Endless Hunger → Phantom Dancer → Death's Dance ; Essence Reaver → Mortal Reminder → Endless Hunger → Death's Dance → Guardian Angel ; Essence Reaver → Mortal Reminder → Endless Hunger → Phantom Dancer,,https://www.onetricks.gg/champions/builds/Tryndamere
TwistedFate,mid,16.19,,Rod of Ages,Rod of Ages → Lich Bane,Rapid Firecannon | Mejai's Soulstealer | Rabadon's Deathcap,Zhonya's Hourglass | Mejai's Soulstealer | Rapid Firecannon,Zhonya's Hourglass | Banshee's Veil | Mejai's Soulstealer,Rod of Ages → Lich Bane → Rapid Firecannon → Zhonya's Hourglass ; Rod of Ages → Lich Bane → Rapid Firecannon → Mejai's Soulstealer ; Rod of Ages → Lich Bane → Rapid Firecannon → Rabadon's Deathcap,Dark Seal → Catalyst of Aeons → Blasting Wand ; Dark Seal → Boots of Swiftness → Catalyst of Aeons ; Dark Seal → Mercury's Treads → Catalyst of Aeons,https://www.onetricks.gg/champions/builds/TwistedFate
TwistedFate,mid,16.19,,Rod of Ages,Rod of Ages → Imperial Mandate,Rapid Firecannon | Mejai's Soulstealer,Rapid Firecannon | Zhonya's Hourglass,"Zhonya's Hourglass | Jak'Sho, The Protean","Rod of Ages → Imperial Mandate → Rapid Firecannon → Zhonya's Hourglass → Jak'Sho, The Protean ; Rod of Ages → Imperial Mandate → Mejai's Soulstealer → Rapid Firecannon → Zhonya's Hourglass",Dark Seal → Catalyst of Aeons → Blasting Wand ; Dark Seal → Boots of Swiftness → Catalyst of Aeons ; Dark Seal → Mercury's Treads → Catalyst of Aeons,https://www.onetricks.gg/champions/builds/TwistedFate
TwistedFate,mid,16.19,,Rod of Ages,Rod of Ages → Mejai's Soulstealer,Lich Bane | Rapid Firecannon,Banshee's Veil | Rapid Firecannon,Rapid Firecannon,Rod of Ages → Mejai's Soulstealer → Lich Bane → Banshee's Veil → Rapid Firecannon ; Rod of Ages → Mejai's Soulstealer → Lich Bane → Rapid Firecannon ; Rod of Ages → Mejai's Soulstealer → Rapid Firecannon → Banshee's Veil,Dark Seal → Catalyst of Aeons → Blasting Wand ; Dark Seal → Boots of Swiftness → Catalyst of Aeons ; Dark Seal → Mercury's Treads → Catalyst of Aeons,https://www.onetricks.gg/champions/builds/TwistedFate
TwistedFate,mid,16.19,,Hextech Rocketbelt,Hextech Rocketbelt → Lich Bane,Rapid Firecannon | Mejai's Soulstealer | Serpent's Fang,Zhonya's Hourglass | Mejai's Soulstealer | Banshee's Veil,Rabadon's Deathcap | Imperial Mandate | Zhonya's Hourglass,Hextech Rocketbelt → Lich Bane → Rapid Firecannon → Zhonya's Hourglass ; Hextech Rocketbelt → Lich Bane → Rapid Firecannon → Mejai's Soulstealer ; Hextech Rocketbelt → Lich Bane → Rapid Firecannon → Banshee's Veil,Dark Seal → Boots of Swiftness → Hextech Alternator ; Boots of Swiftness → Dark Seal → Hextech Alternator ; Dark Seal → Ionian Boots of Lucidity → Hextech Alternator,https://www.onetricks.gg/champions/builds/TwistedFate
TwistedFate,mid,16.19,,Hextech Rocketbelt,Hextech Rocketbelt → Shurelya's Battlesong,Rapid Firecannon | Zhonya's Hourglass | Mejai's Soulstealer,Rapid Firecannon | Zhonya's Hourglass | Mejai's Soulstealer,Banshee's Veil | Zhonya's Hourglass,Hextech Rocketbelt → Shurelya's Battlesong → Rapid Firecannon → Zhonya's Hourglass ; Hextech Rocketbelt → Shurelya's Battlesong → Rapid Firecannon → Mejai's Soulstealer → Zhonya's Hourglass ; Hextech Rocketbelt → Shurelya's Battlesong → Rapid Firecannon → Banshee's Veil,Dark Seal → Boots of Swiftness → Hextech Alternator ; Boots of Swiftness → Dark Seal → Hextech Alternator ; Dark Seal → Ionian Boots of Lucidity → Hextech Alternator,https://www.onetricks.gg/champions/builds/TwistedFate
TwistedFate,mid,16.19,,Hextech Rocketbelt,Hextech Rocketbelt → Rapid Firecannon,Mejai's Soulstealer | Imperial Mandate | Lich Bane,Lich Bane | Mejai's Soulstealer,Lich Bane,Hextech Rocketbelt → Rapid Firecannon → Mejai's Soulstealer → Lich Bane ; Hextech Rocketbelt → Rapid Firecannon → Imperial Mandate → Mejai's Soulstealer → Lich Bane,Dark Seal → Boots of Swiftness → Hextech Alternator ; Boots of Swiftness → Dark Seal → Hextech Alternator ; Dark Seal → Ionian Boots of Lucidity → Hextech Alternator,https://www.onetricks.gg/champions/builds/TwistedFate
TwistedFate,mid,16.19,,Luden's Echo,Luden's Echo → Lich Bane,Rapid Firecannon | Mejai's Soulstealer | Rabadon's Deathcap,Banshee's Veil | Rapid Firecannon | Void Staff,Zhonya's Hourglass,Luden's Echo → Lich Bane → Rapid Firecannon → Banshee's Veil ; Luden's Echo → Lich Bane → Mejai's Soulstealer → Rapid Firecannon → Zhonya's Hourglass ; Luden's Echo → Lich Bane → Mejai's Soulstealer → Void Staff,Boots of Swiftness → Dark Seal → Lost Chapter ; Dark Seal → Lost Chapter → Hextech Alternator,https://www.onetricks.gg/champions/builds/TwistedFate
TwistedFate,mid,16.19,,Hextech Gunblade,Hextech Gunblade → Lich Bane,Rabadon's Deathcap | Rapid Firecannon,Zhonya's Hourglass | Banshee's Veil | Cryptbloom,Stormsurge,Hextech Gunblade → Lich Bane → Rabadon's Deathcap → Zhonya's Hourglass → Stormsurge ; Hextech Gunblade → Lich Bane → Rabadon's Deathcap → Cryptbloom ; Hextech Gunblade → Lich Bane → Rabadon's Deathcap → Banshee's Veil,Hextech Alternator → Dark Seal → Vampiric Scepter ; Dark Seal → Hextech Alternator → Vampiric Scepter,https://www.onetricks.gg/champions/builds/TwistedFate
TwistedFate,mid,16.19,,Kraken Slayer,Kraken Slayer → Wit's End,Terminus,Rapid Firecannon | Guinsoo's Rageblade,"Guinsoo's Rageblade | Jak'Sho, The Protean","Kraken Slayer → Wit's End → Terminus → Guinsoo's Rageblade → Jak'Sho, The Protean ; Kraken Slayer → Wit's End → Terminus → Rapid Firecannon → Guinsoo's Rageblade ; Kraken Slayer → Wit's End → Terminus → Guinsoo's Rageblade",Berserker's Greaves → Recurve Bow → Rectrix,https://www.onetricks.gg/champions/builds/TwistedFate
Twitch,bot,16.19,,The Collector,The Collector → Fiendhunter Bolts,Infinity Edge | Mortal Reminder | Lord Dominik's Regards,Lord Dominik's Regards | Runaan's Hurricane | Mortal Reminder,Bloodthirster | Edge of Night | Lord Dominik's Regards,The Collector → Fiendhunter Bolts → Infinity Edge → Lord Dominik's Regards ; The Collector → Fiendhunter Bolts → Infinity Edge → Runaan's Hurricane ; The Collector → Fiendhunter Bolts → Infinity Edge → Lord Dominik's Regards → Bloodthirster,Serrated Dirk → Pickaxe → Cloak of Agility ; Pickaxe → Serrated Dirk → Cloak of Agility ; Pickaxe → Cloak of Agility → Serrated Dirk,https://www.onetricks.gg/champions/builds/Twitch
Twitch,bot,16.19,,The Collector,The Collector → Runaan's Hurricane,Infinity Edge | Lord Dominik's Regards,Lord Dominik's Regards | Infinity Edge | Mortal Reminder,Experimental Hexplate | Guardian Angel | Blade of The Ruined King,The Collector → Runaan's Hurricane → Infinity Edge → Lord Dominik's Regards ; The Collector → Runaan's Hurricane → Lord Dominik's Regards → Infinity Edge ; The Collector → Runaan's Hurricane → Infinity Edge → Lord Dominik's Regards → Experimental Hexplate,Serrated Dirk → Pickaxe → Cloak of Agility ; Pickaxe → Serrated Dirk → Cloak of Agility ; Pickaxe → Cloak of Agility → Serrated Dirk,https://www.onetricks.gg/champions/builds/Twitch
Twitch,bot,16.19,,The Collector,The Collector → Infinity Edge,Runaan's Hurricane | Fiendhunter Bolts | Lord Dominik's Regards,Lord Dominik's Regards | Mortal Reminder | Runaan's Hurricane,"Hexoptics C44 | Jak'Sho, The Protean | Bloodthirster","The Collector → Infinity Edge → Runaan's Hurricane → Lord Dominik's Regards → Jak'Sho, The Protean ; The Collector → Infinity Edge → Runaan's Hurricane → Lord Dominik's Regards → Hexoptics C44 ; The Collector → Infinity Edge → Runaan's Hurricane → Lord Dominik's Regards → Bloodthirster",Serrated Dirk → Pickaxe → Cloak of Agility ; Pickaxe → Serrated Dirk → Cloak of Agility ; Pickaxe → Cloak of Agility → Serrated Dirk,https://www.onetricks.gg/champions/builds/Twitch
Twitch,bot,16.19,,Yun Tal Wildarrows,Yun Tal Wildarrows → Infinity Edge,Runaan's Hurricane | Lord Dominik's Regards,Lord Dominik's Regards | Runaan's Hurricane | Mortal Reminder,Guardian Angel | Bloodthirster | Blade of The Ruined King,Yun Tal Wildarrows → Infinity Edge → Runaan's Hurricane → Lord Dominik's Regards ; Yun Tal Wildarrows → Infinity Edge → Lord Dominik's Regards → Runaan's Hurricane ; Yun Tal Wildarrows → Infinity Edge → Runaan's Hurricane → Mortal Reminder,B. F. Sword → Scout's Slingshot → Long Sword ; Scout's Slingshot → B. F. Sword → Long Sword ; Cull → B. F. Sword → Scout's Slingshot,https://www.onetricks.gg/champions/builds/Twitch
Twitch,bot,16.19,,Yun Tal Wildarrows,Yun Tal Wildarrows → Runaan's Hurricane,Infinity Edge | Lord Dominik's Regards | Edge of Night,Lord Dominik's Regards | Infinity Edge | Mortal Reminder,Serpent's Fang | Edge of Night,Yun Tal Wildarrows → Runaan's Hurricane → Infinity Edge → Lord Dominik's Regards ; Yun Tal Wildarrows → Runaan's Hurricane → Edge of Night → Lord Dominik's Regards ; Yun Tal Wildarrows → Runaan's Hurricane → Lord Dominik's Regards → Infinity Edge,B. F. Sword → Scout's Slingshot → Long Sword ; Scout's Slingshot → B. F. Sword → Long Sword ; Cull → B. F. Sword → Scout's Slingshot,https://www.onetricks.gg/champions/builds/Twitch
Twitch,bot,16.19,,Hexoptics C44,Hexoptics C44 → Infinity Edge,Runaan's Hurricane | Lord Dominik's Regards,Lord Dominik's Regards | Mortal Reminder,Mercurial Scimitar | Bloodthirster,Hexoptics C44 → Infinity Edge → Runaan's Hurricane → Lord Dominik's Regards → Mercurial Scimitar ; Hexoptics C44 → Infinity Edge → Runaan's Hurricane → Mortal Reminder ; Hexoptics C44 → Infinity Edge → Runaan's Hurricane → Lord Dominik's Regards → Bloodthirster,Pickaxe → Noonquiver → Long Sword ; Pickaxe → Berserker's Greaves → Noonquiver ; Berserker's Greaves → Noonquiver → Pickaxe,https://www.onetricks.gg/champions/builds/Twitch
Twitch,bot,16.19,,Hexoptics C44,Hexoptics C44 → Fiendhunter Bolts,Infinity Edge,Lord Dominik's Regards,Mercurial Scimitar | Bloodthirster | Edge of Night,Hexoptics C44 → Fiendhunter Bolts → Infinity Edge → Lord Dominik's Regards → Mercurial Scimitar ; Hexoptics C44 → Fiendhunter Bolts → Infinity Edge → Lord Dominik's Regards → Bloodthirster ; Hexoptics C44 → Fiendhunter Bolts → Infinity Edge → Lord Dominik's Regards → Edge of Night,Pickaxe → Noonquiver → Long Sword ; Pickaxe → Berserker's Greaves → Noonquiver ; Berserker's Greaves → Noonquiver → Pickaxe,https://www.onetricks.gg/champions/builds/Twitch
Twitch,bot,16.19,,Nashor's Tooth,Nashor's Tooth → Rabadon's Deathcap,Zhonya's Hourglass | Banshee's Veil | Shadowflame,Banshee's Veil,Horizon Focus | Shadowflame,Nashor's Tooth → Rabadon's Deathcap → Zhonya's Hourglass → Banshee's Veil → Horizon Focus ; Nashor's Tooth → Rabadon's Deathcap → Zhonya's Hourglass → Banshee's Veil → Shadowflame,Dark Seal → Blasting Wand → Fiendish Codex ; Blasting Wand → Dark Seal → Fiendish Codex ; Blasting Wand → Fiendish Codex → Recurve Bow,https://www.onetricks.gg/champions/builds/Twitch
Twitch,bot,16.19,,Nashor's Tooth,Nashor's Tooth → Zhonya's Hourglass,Banshee's Veil | Rabadon's Deathcap,,,Nashor's Tooth → Zhonya's Hourglass → Banshee's Veil ; Nashor's Tooth → Zhonya's Hourglass → Rabadon's Deathcap,Dark Seal → Blasting Wand → Fiendish Codex ; Blasting Wand → Dark Seal → Fiendish Codex ; Blasting Wand → Fiendish Codex → Recurve Bow,https://www.onetricks.gg/champions/builds/Twitch
Udyr,jungle,16.19,,Spear of Shojin,Spear of Shojin → Death's Dance,Maw of Malmortius | Sterak's Gage | Mortal Reminder,"Randuin's Omen | Sterak's Gage | Jak'Sho, The Protean",Mortal Reminder | Black Cleaver,Spear of Shojin → Death's Dance → Maw of Malmortius → Randuin's Omen ; Spear of Shojin → Death's Dance → Stridebreaker → Sterak's Gage ; Spear of Shojin → Death's Dance → Maw of Malmortius → Mortal Reminder,Pickaxe → Tunneler → Ruby Crystal ; Tunneler → Boots → Pickaxe ; Pickaxe → Dark Seal → Tunneler,https://www.onetricks.gg/champions/builds/Udyr
Udyr,jungle,16.19,,Spear of Shojin,Spear of Shojin → Experimental Hexplate,Death's Dance | Lord Dominik's Regards | Maw of Malmortius,Lord Dominik's Regards | Maw of Malmortius | Guardian Angel,Guardian Angel | Maw of Malmortius | Lord Dominik's Regards,Spear of Shojin → Experimental Hexplate → Death's Dance → Lord Dominik's Regards ; Spear of Shojin → Experimental Hexplate → Death's Dance → Maw of Malmortius ; Spear of Shojin → Experimental Hexplate → Death's Dance → Lord Dominik's Regards → Maw of Malmortius,Pickaxe → Tunneler → Ruby Crystal ; Tunneler → Boots → Pickaxe ; Pickaxe → Dark Seal → Tunneler,https://www.onetricks.gg/champions/builds/Udyr
Udyr,jungle,16.19,,Spear of Shojin,Spear of Shojin → Maw of Malmortius,Death's Dance | Mortal Reminder | Lord Dominik's Regards,Kaenic Rookern | Dead Man's Plate | Serylda's Grudge,,Spear of Shojin → Maw of Malmortius → Death's Dance → Dead Man's Plate ; Spear of Shojin → Maw of Malmortius → Death's Dance → Serylda's Grudge ; Spear of Shojin → Maw of Malmortius → Mortal Reminder → Kaenic Rookern,Pickaxe → Tunneler → Ruby Crystal ; Tunneler → Boots → Pickaxe ; Pickaxe → Dark Seal → Tunneler,https://www.onetricks.gg/champions/builds/Udyr
Udyr,jungle,16.19,,Spear of Shojin,Spear of Shojin → Stridebreaker,Death's Dance | Black Cleaver,Spirit Visage | Kaenic Rookern | Mortal Reminder,,Spear of Shojin → Stridebreaker → Death's Dance → Spirit Visage ; Spear of Shojin → Stridebreaker → Death's Dance → Mortal Reminder ; Spear of Shojin → Stridebreaker → Death's Dance → Kaenic Rookern,Pickaxe → Tunneler → Ruby Crystal ; Tunneler → Boots → Pickaxe ; Pickaxe → Dark Seal → Tunneler,https://www.onetricks.gg/champions/builds/Udyr
Udyr,jungle,16.19,,Liandry's Torment,Liandry's Torment → Dead Man's Plate,Abyssal Mask | Spirit Visage | Kaenic Rookern,"Jak'Sho, The Protean | Randuin's Omen | Mejai's Soulstealer",,"Liandry's Torment → Dead Man's Plate → Kaenic Rookern → Jak'Sho, The Protean ; Liandry's Torment → Dead Man's Plate → Kaenic Rookern → Randuin's Omen ; Liandry's Torment → Dead Man's Plate → Abyssal Mask → Mejai's Soulstealer",Fated Ashes → Dark Seal → Haunting Guise ; Dark Seal → Fated Ashes → Haunting Guise ; Fated Ashes → Dark Seal → Boots,https://www.onetricks.gg/champions/builds/Udyr
Udyr,jungle,16.19,,Liandry's Torment,Liandry's Torment → Frozen Heart,Unending Despair | Thornmail | Abyssal Mask,Unending Despair | Mejai's Soulstealer | Bloodletter's Curse,,Liandry's Torment → Frozen Heart → Unending Despair → Abyssal Mask ; Liandry's Torment → Frozen Heart → Unending Despair → Mejai's Soulstealer ; Liandry's Torment → Frozen Heart → Abyssal Mask → Bloodletter's Curse,Fated Ashes → Dark Seal → Haunting Guise ; Dark Seal → Fated Ashes → Haunting Guise ; Fated Ashes → Dark Seal → Boots,https://www.onetricks.gg/champions/builds/Udyr
Udyr,jungle,16.19,,Trinity Force,Trinity Force → Death's Dance,Sterak's Gage | Black Cleaver | Dead Man's Plate,Spirit Visage,Guardian Angel,Trinity Force → Death's Dance → Sterak's Gage → Spirit Visage → Guardian Angel ; Trinity Force → Death's Dance → Dead Man's Plate,Sheen ; Sheen → Hearthbound Axe → Phage ; Sheen → Phage → Hearthbound Axe,https://www.onetricks.gg/champions/builds/Udyr
Urgot,top,16.19,,Black Cleaver,Black Cleaver → Sterak's Gage,"Dead Man's Plate | Randuin's Omen | Jak'Sho, The Protean","Kaenic Rookern | Jak'Sho, The Protean | Force of Nature",Guardian Angel | Chempunk Chainsword | Overlord's Bloodmail,"Black Cleaver → Sterak's Gage → Dead Man's Plate → Kaenic Rookern ; Black Cleaver → Sterak's Gage → Dead Man's Plate → Force of Nature ; Black Cleaver → Sterak's Gage → Dead Man's Plate → Jak'Sho, The Protean",Pickaxe → Phage → Kindlegem ; Phage → Pickaxe → Kindlegem ; Cull → Pickaxe → Phage,https://www.onetricks.gg/champions/builds/Urgot
Urgot,top,16.19,,Black Cleaver,Black Cleaver → Hullbreaker,Chempunk Chainsword | Sterak's Gage | Dead Man's Plate,Chempunk Chainsword | Randuin's Omen | Kaenic Rookern,Runaan's Hurricane,Black Cleaver → Hullbreaker → Sterak's Gage → Chempunk Chainsword ; Black Cleaver → Hullbreaker → Sterak's Gage → Randuin's Omen ; Black Cleaver → Hullbreaker → Dead Man's Plate → Kaenic Rookern,Pickaxe → Phage → Kindlegem ; Phage → Pickaxe → Kindlegem ; Cull → Pickaxe → Phage,https://www.onetricks.gg/champions/builds/Urgot
Urgot,top,16.19,,Black Cleaver,Black Cleaver → Youmuu's Ghostblade,Edge of Night | Dead Man's Plate | Sterak's Gage,Thornmail | Chempunk Chainsword | Overlord's Bloodmail,Overlord's Bloodmail | Sterak's Gage,Black Cleaver → Youmuu's Ghostblade → Edge of Night → Thornmail ; Black Cleaver → Youmuu's Ghostblade → Sterak's Gage → Chempunk Chainsword → Overlord's Bloodmail ; Black Cleaver → Youmuu's Ghostblade → Edge of Night → Overlord's Bloodmail → Sterak's Gage,Pickaxe → Phage → Kindlegem ; Phage → Pickaxe → Kindlegem ; Cull → Pickaxe → Phage,https://www.onetricks.gg/champions/builds/Urgot
Urgot,top,16.19,,Black Cleaver,Black Cleaver → Overlord's Bloodmail,Sterak's Gage | Chempunk Chainsword | Kaenic Rookern,Thornmail | Randuin's Omen,,Black Cleaver → Overlord's Bloodmail → Sterak's Gage → Randuin's Omen ; Black Cleaver → Overlord's Bloodmail → Sterak's Gage → Thornmail ; Black Cleaver → Overlord's Bloodmail → Chempunk Chainsword,Pickaxe → Phage → Kindlegem ; Phage → Pickaxe → Kindlegem ; Cull → Pickaxe → Phage,https://www.onetricks.gg/champions/builds/Urgot
Urgot,top,16.19,,Hullbreaker,Hullbreaker → Sterak's Gage,"Jak'Sho, The Protean | Black Cleaver | Thornmail",Randuin's Omen | Force of Nature | Chempunk Chainsword,"Thornmail | Jak'Sho, The Protean","Hullbreaker → Sterak's Gage → Jak'Sho, The Protean → Randuin's Omen ; Hullbreaker → Sterak's Gage → Jak'Sho, The Protean → Force of Nature ; Hullbreaker → Sterak's Gage → Thornmail → Randuin's Omen → Jak'Sho, The Protean",,https://www.onetricks.gg/champions/builds/Urgot
Urgot,top,16.19,,Hullbreaker,Hullbreaker → Black Cleaver,Sterak's Gage | Thornmail,Thornmail,,Hullbreaker → Black Cleaver → Sterak's Gage → Thornmail ; Hullbreaker → Black Cleaver → Thornmail,,https://www.onetricks.gg/champions/builds/Urgot
Urgot,top,16.19,,Ravenous Hydra,Ravenous Hydra → Black Cleaver,Hullbreaker | Randuin's Omen,Sterak's Gage,,Ravenous Hydra → Black Cleaver → Hullbreaker ; Ravenous Hydra → Black Cleaver → Randuin's Omen → Sterak's Gage,Vampiric Scepter → Plated Steelcaps → Tiamat,https://www.onetricks.gg/champions/builds/Urgot
Varus,bot,16.19,,Statikk Shiv,Statikk Shiv → Guinsoo's Rageblade,"Terminus | Jak'Sho, The Protean","Jak'Sho, The Protean | Randuin's Omen | Nashor's Tooth",,"Statikk Shiv → Guinsoo's Rageblade → Terminus → Jak'Sho, The Protean ; Statikk Shiv → Guinsoo's Rageblade → Jak'Sho, The Protean → Randuin's Omen ; Statikk Shiv → Guinsoo's Rageblade → Terminus → Nashor's Tooth",Pickaxe → Scout's Slingshot → Aether Wisp ; Cull → Pickaxe → Scout's Slingshot ; Tear of the Goddess → Pickaxe → Scout's Slingshot,https://www.onetricks.gg/champions/builds/Varus
Varus,bot,16.19,,Statikk Shiv,Statikk Shiv → Fimbulwinter,Terminus,Guardian Angel | Guinsoo's Rageblade,"Guardian Angel | Jak'Sho, The Protean","Statikk Shiv → Fimbulwinter → Terminus → Guardian Angel → Jak'Sho, The Protean ; Statikk Shiv → Fimbulwinter → Terminus → Guinsoo's Rageblade → Guardian Angel",Pickaxe → Scout's Slingshot → Aether Wisp ; Cull → Pickaxe → Scout's Slingshot ; Tear of the Goddess → Pickaxe → Scout's Slingshot,https://www.onetricks.gg/champions/builds/Varus
Varus,bot,16.19,,Statikk Shiv,Statikk Shiv → Terminus,Kaenic Rookern | Malignance | Guinsoo's Rageblade,"Nashor's Tooth | Guinsoo's Rageblade | Jak'Sho, The Protean",Banshee's Veil | Blade of The Ruined King,Statikk Shiv → Terminus → Malignance → Nashor's Tooth → Banshee's Veil ; Statikk Shiv → Terminus → Kaenic Rookern → Guinsoo's Rageblade → Blade of The Ruined King ; Statikk Shiv → Terminus → Malignance → Nashor's Tooth,Pickaxe → Scout's Slingshot → Aether Wisp ; Cull → Pickaxe → Scout's Slingshot ; Tear of the Goddess → Pickaxe → Scout's Slingshot,https://www.onetricks.gg/champions/builds/Varus
Varus,bot,16.19,,Youmuu's Ghostblade,Youmuu's Ghostblade → Muramana,Edge of Night,Serylda's Grudge,,Youmuu's Ghostblade → Muramana → Edge of Night → Serylda's Grudge,Tear of the Goddess → Serrated Dirk → Rectrix,https://www.onetricks.gg/champions/builds/Varus
Varus,bot,16.19,,Youmuu's Ghostblade,Youmuu's Ghostblade → Edge of Night,Muramana,Serylda's Grudge,,Youmuu's Ghostblade → Edge of Night → Muramana → Serylda's Grudge,Tear of the Goddess → Serrated Dirk → Rectrix,https://www.onetricks.gg/champions/builds/Varus
Varus,bot,16.19,,Experimental Hexplate,Experimental Hexplate → Guinsoo's Rageblade,Zhonya's Hourglass | Terminus,Rabadon's Deathcap | Thornmail,Riftmaker | Mercurial Scimitar,Experimental Hexplate → Guinsoo's Rageblade → Zhonya's Hourglass → Rabadon's Deathcap → Riftmaker ; Experimental Hexplate → Guinsoo's Rageblade → Terminus → Thornmail → Mercurial Scimitar,Tunneler,https://www.onetricks.gg/champions/builds/Varus
Varus,bot,16.19,,Experimental Hexplate,Experimental Hexplate → Statikk Shiv,Rabadon's Deathcap,Zhonya's Hourglass,Riftmaker,Experimental Hexplate → Statikk Shiv → Rabadon's Deathcap → Zhonya's Hourglass → Riftmaker,Tunneler,https://www.onetricks.gg/champions/builds/Varus
Varus,bot,16.19,,Yun Tal Wildarrows,Yun Tal Wildarrows → Fiendhunter Bolts,Infinity Edge | Mortal Reminder,Infinity Edge | Mortal Reminder,,Yun Tal Wildarrows → Fiendhunter Bolts → Mortal Reminder → Infinity Edge ; Yun Tal Wildarrows → Fiendhunter Bolts → Infinity Edge → Mortal Reminder,Scout's Slingshot → B. F. Sword → Long Sword ; B. F. Sword → Scout's Slingshot → Long Sword ; B. F. Sword → Scout's Slingshot → Gluttonous Greaves,https://www.onetricks.gg/champions/builds/Varus
Varus,bot,16.19,,Yun Tal Wildarrows,Yun Tal Wildarrows → Hexoptics C44,Runaan's Hurricane,Lord Dominik's Regards,,Yun Tal Wildarrows → Hexoptics C44 → Runaan's Hurricane → Lord Dominik's Regards,Scout's Slingshot → B. F. Sword → Long Sword ; B. F. Sword → Scout's Slingshot → Long Sword ; B. F. Sword → Scout's Slingshot → Gluttonous Greaves,https://www.onetricks.gg/champions/builds/Varus
Varus,bot,16.19,,Nashor's Tooth,Nashor's Tooth → Hextech Rocketbelt,Malignance | Cryptbloom,Cryptbloom | Zhonya's Hourglass,Rabadon's Deathcap,Nashor's Tooth → Hextech Rocketbelt → Cryptbloom → Zhonya's Hourglass → Rabadon's Deathcap ; Nashor's Tooth → Hextech Rocketbelt → Malignance → Cryptbloom → Rabadon's Deathcap ; Nashor's Tooth → Hextech Rocketbelt → Cryptbloom → Zhonya's Hourglass,Recurve Bow → Blasting Wand → Fiendish Codex ; Recurve Bow → Fiendish Codex → Blasting Wand,https://www.onetricks.gg/champions/builds/Varus
Vayne,bot,16.19,,Kraken Slayer,Kraken Slayer → Guinsoo's Rageblade,Terminus,"Jak'Sho, The Protean | Wit's End","Randuin's Omen | Jak'Sho, The Protean | Experimental Hexplate","Kraken Slayer → Guinsoo's Rageblade → Terminus → Jak'Sho, The Protean → Randuin's Omen ; Kraken Slayer → Guinsoo's Rageblade → Terminus → Wit's End → Jak'Sho, The Protean ; Kraken Slayer → Guinsoo's Rageblade → Terminus → Jak'Sho, The Protean → Experimental Hexplate",Hearthbound Axe → Recurve Bow → Rectrix ; Recurve Bow → Rectrix → Hearthbound Axe ; Rectrix → Recurve Bow → Hearthbound Axe,https://www.onetricks.gg/champions/builds/Vayne
Vayne,bot,16.19,,Experimental Hexplate,Experimental Hexplate → Essence Reaver,Deprecated item | Infinity Edge,Hexoptics C44 | Edge of Night | Immortal Shieldbow,Infinity Edge,Experimental Hexplate → Essence Reaver → Deprecated item → Hexoptics C44 → Infinity Edge ; Experimental Hexplate → Essence Reaver → Deprecated item → Edge of Night ; Experimental Hexplate → Essence Reaver → Deprecated item → Immortal Shieldbow,Phage → Tunneler → Dagger ; Tunneler → Phage → Dagger ; Cull → Phage → Tunneler,https://www.onetricks.gg/champions/builds/Vayne
Vayne,bot,16.19,,Essence Reaver,Essence Reaver → Experimental Hexplate,Voltaic Cyclosword | Deprecated item | Hubris,Hubris | Hexoptics C44 | Edge of Night,Hexoptics C44 | Mercurial Scimitar | Immortal Shieldbow,Essence Reaver → Experimental Hexplate → Voltaic Cyclosword → Hubris ; Essence Reaver → Experimental Hexplate → Voltaic Cyclosword → Edge of Night ; Essence Reaver → Experimental Hexplate → Voltaic Cyclosword → Hubris → Hexoptics C44,Sheen → Cloak of Agility → Caulfield's Warhammer ; Sheen → Caulfield's Warhammer → Cloak of Agility ; Cloak of Agility → Sheen → Caulfield's Warhammer,https://www.onetricks.gg/champions/builds/Vayne
Vayne,bot,16.19,,Hexoptics C44,Hexoptics C44 → Deprecated item,Phantom Dancer | Infinity Edge | Terminus,Fiendhunter Bolts | Infinity Edge,Kraken Slayer,Hexoptics C44 → Deprecated item → Phantom Dancer → Infinity Edge → Kraken Slayer ; Hexoptics C44 → Deprecated item → Kraken Slayer → Fiendhunter Bolts,Pickaxe → Noonquiver → Long Sword ; Pickaxe → Cloak of Agility → Noonquiver ; Berserker's Greaves → Pickaxe → Noonquiver,https://www.onetricks.gg/champions/builds/Vayne
Vayne,bot,16.19,,Hexoptics C44,Hexoptics C44 → Kraken Slayer,Experimental Hexplate | Deprecated item,Experimental Hexplate | Rapid Firecannon,Mercurial Scimitar,Hexoptics C44 → Kraken Slayer → Deprecated item → Experimental Hexplate → Mercurial Scimitar ; Hexoptics C44 → Kraken Slayer → Experimental Hexplate → Rapid Firecannon ; Hexoptics C44 → Kraken Slayer → Deprecated item → Experimental Hexplate,Pickaxe → Noonquiver → Long Sword ; Pickaxe → Cloak of Agility → Noonquiver ; Berserker's Greaves → Pickaxe → Noonquiver,https://www.onetricks.gg/champions/builds/Vayne
Vayne,bot,16.19,,Hubris,Hubris → Fiendhunter Bolts,Youmuu's Ghostblade | Infinity Edge | Mortal Reminder,Lord Dominik's Regards | Infinity Edge,Infinity Edge | Lord Dominik's Regards,Hubris → Fiendhunter Bolts → Youmuu's Ghostblade → Lord Dominik's Regards → Infinity Edge ; Hubris → Fiendhunter Bolts → Serpent's Fang → Lord Dominik's Regards → Infinity Edge ; Hubris → Fiendhunter Bolts → Edge of Night → Infinity Edge → Lord Dominik's Regards,Serrated Dirk → Berserker's Greaves → Caulfield's Warhammer ; Serrated Dirk → Berserker's Greaves → Cull ; Cull → Serrated Dirk → Caulfield's Warhammer,https://www.onetricks.gg/champions/builds/Vayne
Vayne,bot,16.19,,Deprecated item,Deprecated item → Essence Reaver,Rapid Firecannon,Edge of Night,Infinity Edge,Deprecated item → Essence Reaver → Rapid Firecannon → Edge of Night → Infinity Edge,Cull → Scout's Slingshot → B. F. Sword ; B. F. Sword → Cloak of Agility → Scout's Slingshot,https://www.onetricks.gg/champions/builds/Vayne
Veigar,mid,16.19,,Rod of Ages,Rod of Ages → Rabadon's Deathcap,Seraph's Embrace | Mejai's Soulstealer | Zhonya's Hourglass,Cryptbloom | Void Staff | Zhonya's Hourglass,Zhonya's Hourglass | Stormsurge | Banshee's Veil,Rod of Ages → Rabadon's Deathcap → Mejai's Soulstealer → Cryptbloom ; Rod of Ages → Rabadon's Deathcap → Hextech Rocketbelt → Cryptbloom ; Rod of Ages → Rabadon's Deathcap → Seraph's Embrace → Cryptbloom,Catalyst of Aeons → Blasting Wand ; Tear of the Goddess → Catalyst of Aeons → Blasting Wand ; Blasting Wand → Catalyst of Aeons,https://www.onetricks.gg/champions/builds/Veigar
Veigar,mid,16.19,,Rod of Ages,Rod of Ages → Seraph's Embrace,Rabadon's Deathcap | Cryptbloom,Zhonya's Hourglass | Cryptbloom | Shadowflame,Zhonya's Hourglass,Rod of Ages → Seraph's Embrace → Rabadon's Deathcap → Zhonya's Hourglass ; Rod of Ages → Seraph's Embrace → Rabadon's Deathcap → Cryptbloom → Zhonya's Hourglass ; Rod of Ages → Seraph's Embrace → Rabadon's Deathcap → Shadowflame,Catalyst of Aeons → Blasting Wand ; Tear of the Goddess → Catalyst of Aeons → Blasting Wand ; Blasting Wand → Catalyst of Aeons,https://www.onetricks.gg/champions/builds/Veigar
Veigar,mid,16.19,,Rod of Ages,Rod of Ages → Cryptbloom,Rabadon's Deathcap | Mejai's Soulstealer,Zhonya's Hourglass | Rabadon's Deathcap,Banshee's Veil | Dead Man's Plate,Rod of Ages → Cryptbloom → Rabadon's Deathcap → Zhonya's Hourglass → Banshee's Veil ; Rod of Ages → Cryptbloom → Mejai's Soulstealer → Rabadon's Deathcap → Dead Man's Plate,Catalyst of Aeons → Blasting Wand ; Tear of the Goddess → Catalyst of Aeons → Blasting Wand ; Blasting Wand → Catalyst of Aeons,https://www.onetricks.gg/champions/builds/Veigar
Veigar,mid,16.19,,Rod of Ages,Rod of Ages → Hextech Rocketbelt,Rabadon's Deathcap,Cryptbloom | Void Staff,Kaenic Rookern,Rod of Ages → Hextech Rocketbelt → Rabadon's Deathcap → Cryptbloom ; Rod of Ages → Hextech Rocketbelt → Rabadon's Deathcap → Void Staff → Kaenic Rookern,Catalyst of Aeons → Blasting Wand ; Tear of the Goddess → Catalyst of Aeons → Blasting Wand ; Blasting Wand → Catalyst of Aeons,https://www.onetricks.gg/champions/builds/Veigar
Veigar,mid,16.19,,Luden's Echo,Luden's Echo → Rabadon's Deathcap,Zhonya's Hourglass | Void Staff | Banshee's Veil,Banshee's Veil | Shadowflame,Morellonomicon,Luden's Echo → Rabadon's Deathcap → Zhonya's Hourglass → Banshee's Veil → Morellonomicon ; Luden's Echo → Rabadon's Deathcap → Void Staff → Shadowflame,Lost Chapter ; Lost Chapter → Hextech Alternator ; Dark Seal → Lost Chapter → Hextech Alternator,https://www.onetricks.gg/champions/builds/Veigar
Veigar,mid,16.19,,Luden's Echo,Luden's Echo → Void Staff,Rabadon's Deathcap | Shadowflame | Stormsurge,Shadowflame | Zhonya's Hourglass | Rabadon's Deathcap,Zhonya's Hourglass,Luden's Echo → Void Staff → Rabadon's Deathcap → Shadowflame ; Luden's Echo → Void Staff → Rabadon's Deathcap → Zhonya's Hourglass ; Luden's Echo → Void Staff → Rabadon's Deathcap → Shadowflame → Zhonya's Hourglass,Lost Chapter ; Lost Chapter → Hextech Alternator ; Dark Seal → Lost Chapter → Hextech Alternator,https://www.onetricks.gg/champions/builds/Veigar
Veigar,mid,16.19,,Luden's Echo,Luden's Echo → Stormsurge,Rabadon's Deathcap | Void Staff | Mejai's Soulstealer,Rabadon's Deathcap | Banshee's Veil | Void Staff,Mejai's Soulstealer,Luden's Echo → Stormsurge → Rabadon's Deathcap → Banshee's Veil ; Luden's Echo → Stormsurge → Rabadon's Deathcap → Void Staff ; Luden's Echo → Stormsurge → Void Staff → Rabadon's Deathcap,Lost Chapter ; Lost Chapter → Hextech Alternator ; Dark Seal → Lost Chapter → Hextech Alternator,https://www.onetricks.gg/champions/builds/Veigar
Veigar,mid,16.19,,Luden's Echo,Luden's Echo → Shadowflame,Void Staff | Rabadon's Deathcap | Cryptbloom,Rabadon's Deathcap | Void Staff | Hextech Rocketbelt,Stormsurge,Luden's Echo → Shadowflame → Void Staff → Hextech Rocketbelt ; Luden's Echo → Shadowflame → Void Staff → Rabadon's Deathcap ; Luden's Echo → Shadowflame → Rabadon's Deathcap → Void Staff → Stormsurge,Lost Chapter ; Lost Chapter → Hextech Alternator ; Dark Seal → Lost Chapter → Hextech Alternator,https://www.onetricks.gg/champions/builds/Veigar
Veigar,mid,16.19,,Seraph's Embrace,Seraph's Embrace → Horizon Focus,Void Staff,Rabadon's Deathcap,Stormsurge,Seraph's Embrace → Horizon Focus → Void Staff → Rabadon's Deathcap → Stormsurge,Tear of the Goddess → Dark Seal → Ionian Boots of Lucidity ; Lost Chapter → Fiendish Codex ; Fiendish Codex → Lost Chapter,https://www.onetricks.gg/champions/builds/Veigar
Veigar,mid,16.19,,Seraph's Embrace,Seraph's Embrace → Cryptbloom,Rabadon's Deathcap,,,Seraph's Embrace → Cryptbloom → Rabadon's Deathcap,Tear of the Goddess → Dark Seal → Ionian Boots of Lucidity ; Lost Chapter → Fiendish Codex ; Fiendish Codex → Lost Chapter,https://www.onetricks.gg/champions/builds/Veigar
Veigar,mid,16.19,,Fimbulwinter,Fimbulwinter → Blackfire Torch,Rabadon's Deathcap | Cryptbloom,,,Fimbulwinter → Blackfire Torch → Rabadon's Deathcap ; Fimbulwinter → Blackfire Torch → Cryptbloom,Tear of the Goddess → Giant's Belt ; Boots of Swiftness → Giant's Belt ; Tear of the Goddess → Giant's Belt → Kindlegem,https://www.onetricks.gg/champions/builds/Veigar
Veigar,mid,16.19,,Fimbulwinter,Fimbulwinter → Rabadon's Deathcap,Seraph's Embrace,Cryptbloom,Knight's Vow,Fimbulwinter → Rabadon's Deathcap → Seraph's Embrace → Cryptbloom → Knight's Vow,Tear of the Goddess → Giant's Belt ; Boots of Swiftness → Giant's Belt ; Tear of the Goddess → Giant's Belt → Kindlegem,https://www.onetricks.gg/champions/builds/Veigar
Veigar,mid,16.19,,Fimbulwinter,Fimbulwinter → Actualizer,Cryptbloom,,,Fimbulwinter → Actualizer → Cryptbloom,Tear of the Goddess → Giant's Belt ; Boots of Swiftness → Giant's Belt ; Tear of the Goddess → Giant's Belt → Kindlegem,https://www.onetricks.gg/champions/builds/Veigar
Veigar,mid,16.19,,Hextech Gunblade,Hextech Gunblade → Luden's Echo,Rabadon's Deathcap | Void Staff,Rabadon's Deathcap | Void Staff | Shadowflame,,Hextech Gunblade → Luden's Echo → Rabadon's Deathcap → Shadowflame ; Hextech Gunblade → Luden's Echo → Rabadon's Deathcap → Void Staff ; Hextech Gunblade → Luden's Echo → Void Staff → Rabadon's Deathcap,Lost Chapter → Hextech Alternator → Vampiric Scepter ; Lost Chapter → Hextech Alternator → Sorcerer's Shoes ; Sorcerer's Shoes → Lost Chapter → Hextech Alternator,https://www.onetricks.gg/champions/builds/Veigar
Veigar,mid,16.19,,Abyssal Mask,Abyssal Mask → Fimbulwinter,Cryptbloom,"Jak'Sho, The Protean | Horizon Focus",Rabadon's Deathcap | Force of Nature,"Abyssal Mask → Fimbulwinter → Cryptbloom → Jak'Sho, The Protean ; Abyssal Mask → Fimbulwinter → Cryptbloom → Horizon Focus → Rabadon's Deathcap ; Abyssal Mask → Fimbulwinter → Cryptbloom → Jak'Sho, The Protean → Rabadon's Deathcap",Tear of the Goddess → Ionian Boots of Lucidity → Negatron Cloak ; Tear of the Goddess → Negatron Cloak → Kindlegem,https://www.onetricks.gg/champions/builds/Veigar
Veigar,mid,16.19,,Abyssal Mask,Abyssal Mask → Seraph's Embrace,Bloodletter's Curse,Force of Nature,,Abyssal Mask → Seraph's Embrace → Bloodletter's Curse → Force of Nature,Tear of the Goddess → Ionian Boots of Lucidity → Negatron Cloak ; Tear of the Goddess → Negatron Cloak → Kindlegem,https://www.onetricks.gg/champions/builds/Veigar
Velkoz,bot,16.19,,Blackfire Torch,Blackfire Torch → Horizon Focus,Zhonya's Hourglass | Rabadon's Deathcap | Shadowflame,Rabadon's Deathcap | Zhonya's Hourglass | Mejai's Soulstealer,Cryptbloom | Randuin's Omen | Rabadon's Deathcap,Blackfire Torch → Horizon Focus → Rabadon's Deathcap → Zhonya's Hourglass ; Blackfire Torch → Horizon Focus → Zhonya's Hourglass → Rabadon's Deathcap ; Blackfire Torch → Horizon Focus → Rabadon's Deathcap → Mejai's Soulstealer → Cryptbloom,Dark Seal → Lost Chapter → Fated Ashes ; Lost Chapter → Fated Ashes ; Lost Chapter → Dark Seal → Fated Ashes,https://www.onetricks.gg/champions/builds/Velkoz
Velkoz,bot,16.19,,Blackfire Torch,Blackfire Torch → Shadowflame,Cosmic Drive | Zhonya's Hourglass | Horizon Focus,Rabadon's Deathcap | Zhonya's Hourglass | Mejai's Soulstealer,Mejai's Soulstealer | Zhonya's Hourglass,Blackfire Torch → Shadowflame → Cosmic Drive → Rabadon's Deathcap ; Blackfire Torch → Shadowflame → Cosmic Drive → Zhonya's Hourglass ; Blackfire Torch → Shadowflame → Horizon Focus → Rabadon's Deathcap,Dark Seal → Lost Chapter → Fated Ashes ; Lost Chapter → Fated Ashes ; Lost Chapter → Dark Seal → Fated Ashes,https://www.onetricks.gg/champions/builds/Velkoz
Velkoz,bot,16.19,,Blackfire Torch,Blackfire Torch → Liandry's Torment,Horizon Focus | Shadowflame | Zhonya's Hourglass,Morellonomicon | Horizon Focus | Shadowflame,Morellonomicon,Blackfire Torch → Liandry's Torment → Shadowflame → Morellonomicon ; Blackfire Torch → Liandry's Torment → Horizon Focus → Shadowflame → Morellonomicon ; Blackfire Torch → Liandry's Torment → Mejai's Soulstealer → Horizon Focus,Dark Seal → Lost Chapter → Fated Ashes ; Lost Chapter → Fated Ashes ; Lost Chapter → Dark Seal → Fated Ashes,https://www.onetricks.gg/champions/builds/Velkoz
Velkoz,bot,16.19,,Blackfire Torch,Blackfire Torch → Hextech Rocketbelt,Liandry's Torment | Mejai's Soulstealer,Banshee's Veil | Liandry's Torment,Banshee's Veil,Blackfire Torch → Hextech Rocketbelt → Liandry's Torment → Banshee's Veil ; Blackfire Torch → Hextech Rocketbelt → Mejai's Soulstealer → Liandry's Torment → Banshee's Veil,Dark Seal → Lost Chapter → Fated Ashes ; Lost Chapter → Fated Ashes ; Lost Chapter → Dark Seal → Fated Ashes,https://www.onetricks.gg/champions/builds/Velkoz
Velkoz,bot,16.19,,Luden's Echo,Luden's Echo → Shadowflame,Rabadon's Deathcap | Zhonya's Hourglass | Horizon Focus,Zhonya's Hourglass | Rabadon's Deathcap | Horizon Focus,Banshee's Veil | Rabadon's Deathcap | Horizon Focus,Luden's Echo → Shadowflame → Rabadon's Deathcap → Zhonya's Hourglass ; Luden's Echo → Shadowflame → Zhonya's Hourglass → Rabadon's Deathcap ; Luden's Echo → Shadowflame → Rabadon's Deathcap → Zhonya's Hourglass → Banshee's Veil,Dark Seal → Lost Chapter → Hextech Alternator ; Ionian Boots of Lucidity → Lost Chapter → Hextech Alternator ; Lost Chapter → Hextech Alternator,https://www.onetricks.gg/champions/builds/Velkoz
Velkoz,bot,16.19,,Luden's Echo,Luden's Echo → Zhonya's Hourglass,Banshee's Veil | Shadowflame,Shadowflame,,Luden's Echo → Zhonya's Hourglass → Shadowflame ; Luden's Echo → Zhonya's Hourglass → Banshee's Veil → Shadowflame,Dark Seal → Lost Chapter → Hextech Alternator ; Ionian Boots of Lucidity → Lost Chapter → Hextech Alternator ; Lost Chapter → Hextech Alternator,https://www.onetricks.gg/champions/builds/Velkoz
Velkoz,bot,16.19,,Luden's Echo,Luden's Echo → Rabadon's Deathcap,Shadowflame | Void Staff | Zhonya's Hourglass,Void Staff | Mejai's Soulstealer,,Luden's Echo → Rabadon's Deathcap → Zhonya's Hourglass → Void Staff ; Luden's Echo → Rabadon's Deathcap → Void Staff ; Luden's Echo → Rabadon's Deathcap → Shadowflame → Mejai's Soulstealer,Dark Seal → Lost Chapter → Hextech Alternator ; Ionian Boots of Lucidity → Lost Chapter → Hextech Alternator ; Lost Chapter → Hextech Alternator,https://www.onetricks.gg/champions/builds/Velkoz
Velkoz,bot,16.19,,Shurelya's Battlesong,Shurelya's Battlesong → Horizon Focus,Liandry's Torment | Mejai's Soulstealer | Banshee's Veil,Banshee's Veil | Liandry's Torment,,Shurelya's Battlesong → Horizon Focus → Liandry's Torment → Banshee's Veil ; Shurelya's Battlesong → Horizon Focus → Mejai's Soulstealer → Banshee's Veil ; Shurelya's Battlesong → Horizon Focus → Banshee's Veil → Liandry's Torment,Ionian Boots of Lucidity → Aether Wisp → Bandleglass Mirror ; Dark Seal → Bandleglass Mirror → Aether Wisp ; Dark Seal → Aether Wisp → Bandleglass Mirror,https://www.onetricks.gg/champions/builds/Velkoz
Velkoz,bot,16.19,,Shurelya's Battlesong,Shurelya's Battlesong → Zhonya's Hourglass,Banshee's Veil,Horizon Focus,Rabadon's Deathcap | Shadowflame,Shurelya's Battlesong → Zhonya's Hourglass → Banshee's Veil → Horizon Focus → Rabadon's Deathcap ; Shurelya's Battlesong → Zhonya's Hourglass → Banshee's Veil → Horizon Focus → Shadowflame,Ionian Boots of Lucidity → Aether Wisp → Bandleglass Mirror ; Dark Seal → Bandleglass Mirror → Aether Wisp ; Dark Seal → Aether Wisp → Bandleglass Mirror,https://www.onetricks.gg/champions/builds/Velkoz
Velkoz,bot,16.19,,Hextech Rocketbelt,Hextech Rocketbelt → Shurelya's Battlesong,Mejai's Soulstealer | Banshee's Veil | Zhonya's Hourglass,Horizon Focus | Banshee's Veil | Zhonya's Hourglass,Mejai's Soulstealer | Banshee's Veil,Hextech Rocketbelt → Shurelya's Battlesong → Zhonya's Hourglass → Horizon Focus → Mejai's Soulstealer ; Hextech Rocketbelt → Shurelya's Battlesong → Mejai's Soulstealer → Zhonya's Hourglass → Banshee's Veil ; Hextech Rocketbelt → Shurelya's Battlesong → Mejai's Soulstealer → Banshee's Veil,Boots of Swiftness → Dark Seal → Hextech Alternator ; Dark Seal → Boots of Swiftness → Hextech Alternator ; Ionian Boots of Lucidity → Cloth Armor → Dark Seal,https://www.onetricks.gg/champions/builds/Velkoz
Velkoz,bot,16.19,,Horizon Focus,Horizon Focus → Shadowflame,Rabadon's Deathcap,,,Horizon Focus → Shadowflame → Rabadon's Deathcap,Dark Seal → Tear of the Goddess → Fiendish Codex ; Tear of the Goddess → Dark Seal → Fiendish Codex ; Dark Seal → Fiendish Codex → Fiendish Codex,https://www.onetricks.gg/champions/builds/Velkoz
Velkoz,bot,16.19,,Horizon Focus,Horizon Focus → Liandry's Torment,,,,,Dark Seal → Tear of the Goddess → Fiendish Codex ; Tear of the Goddess → Dark Seal → Fiendish Codex ; Dark Seal → Fiendish Codex → Fiendish Codex,https://www.onetricks.gg/champions/builds/Velkoz
Velkoz,bot,16.19,,Horizon Focus,Horizon Focus → Seraph's Embrace,Randuin's Omen,,,Horizon Focus → Seraph's Embrace → Randuin's Omen,Dark Seal → Tear of the Goddess → Fiendish Codex ; Tear of the Goddess → Dark Seal → Fiendish Codex ; Dark Seal → Fiendish Codex → Fiendish Codex,https://www.onetricks.gg/champions/builds/Velkoz
Velkoz,bot,16.19,,Rod of Ages,Rod of Ages → Seraph's Embrace,Zhonya's Hourglass | Liandry's Torment,Rabadon's Deathcap,Morellonomicon,Rod of Ages → Seraph's Embrace → Liandry's Torment → Rabadon's Deathcap → Morellonomicon ; Rod of Ages → Seraph's Embrace → Zhonya's Hourglass,Tear of the Goddess → Catalyst of Aeons → Blasting Wand,https://www.onetricks.gg/champions/builds/Velkoz
Vex,mid,16.19,,Luden's Echo,Luden's Echo → Shadowflame,Zhonya's Hourglass | Rabadon's Deathcap | Stormsurge,Zhonya's Hourglass | Void Staff | Rabadon's Deathcap,Void Staff | Stormsurge,Luden's Echo → Shadowflame → Zhonya's Hourglass → Rabadon's Deathcap ; Luden's Echo → Shadowflame → Rabadon's Deathcap → Void Staff ; Luden's Echo → Shadowflame → Rabadon's Deathcap → Zhonya's Hourglass,Dark Seal → Lost Chapter → Hextech Alternator ; Dark Seal → Lost Chapter → Sorcerer's Shoes ; Lost Chapter → Hextech Alternator,https://www.onetricks.gg/champions/builds/Vex
Vex,mid,16.19,,Luden's Echo,Luden's Echo → Stormsurge,Zhonya's Hourglass | Shadowflame | Rabadon's Deathcap,Cryptbloom | Rabadon's Deathcap | Hextech Rocketbelt,Rabadon's Deathcap | Banshee's Veil,Luden's Echo → Stormsurge → Zhonya's Hourglass → Cryptbloom ; Luden's Echo → Stormsurge → Shadowflame → Rabadon's Deathcap ; Luden's Echo → Stormsurge → Shadowflame → Hextech Rocketbelt,Dark Seal → Lost Chapter → Hextech Alternator ; Dark Seal → Lost Chapter → Sorcerer's Shoes ; Lost Chapter → Hextech Alternator,https://www.onetricks.gg/champions/builds/Vex
Vex,mid,16.19,,Blackfire Torch,Blackfire Torch → Shadowflame,Zhonya's Hourglass | Rabadon's Deathcap | Bloodletter's Curse,Mejai's Soulstealer | Bloodletter's Curse | Zhonya's Hourglass,Rabadon's Deathcap | Zhonya's Hourglass | Void Staff,Blackfire Torch → Shadowflame → Bloodletter's Curse → Mejai's Soulstealer → Zhonya's Hourglass ; Blackfire Torch → Shadowflame → Mejai's Soulstealer → Bloodletter's Curse → Rabadon's Deathcap ; Blackfire Torch → Shadowflame → Zhonya's Hourglass → Void Staff,Dark Seal → Lost Chapter → Fated Ashes ; Dark Seal → Lost Chapter → Sorcerer's Shoes ; Lost Chapter → Fated Ashes,https://www.onetricks.gg/champions/builds/Vex
Vex,mid,16.19,,Blackfire Torch,Blackfire Torch → Liandry's Torment,Bloodletter's Curse | Cryptbloom | Void Staff,Rabadon's Deathcap | Banshee's Veil,Void Staff,Blackfire Torch → Liandry's Torment → Zhonya's Hourglass → Rabadon's Deathcap → Void Staff ; Blackfire Torch → Liandry's Torment → Cryptbloom → Banshee's Veil,Dark Seal → Lost Chapter → Fated Ashes ; Dark Seal → Lost Chapter → Sorcerer's Shoes ; Lost Chapter → Fated Ashes,https://www.onetricks.gg/champions/builds/Vex
Vex,mid,16.19,,Stormsurge,Stormsurge → Shadowflame,Zhonya's Hourglass | Rabadon's Deathcap | Cryptbloom,Zhonya's Hourglass | Mejai's Soulstealer | Rabadon's Deathcap,Void Staff,Stormsurge → Shadowflame → Cryptbloom → Zhonya's Hourglass ; Stormsurge → Shadowflame → Zhonya's Hourglass → Rabadon's Deathcap → Void Staff ; Stormsurge → Shadowflame → Rabadon's Deathcap → Mejai's Soulstealer,Dark Seal → Hextech Alternator → Aether Wisp ; Dark Seal → Sorcerer's Shoes → Hextech Alternator ; Dark Seal → Hextech Alternator → Sorcerer's Shoes,https://www.onetricks.gg/champions/builds/Vex
Vex,mid,16.19,,Malignance,Malignance → Stormsurge,Zhonya's Hourglass | Mejai's Soulstealer | Banshee's Veil,Rabadon's Deathcap | Banshee's Veil | Cryptbloom,Rabadon's Deathcap,Malignance → Stormsurge → Zhonya's Hourglass → Banshee's Veil → Rabadon's Deathcap ; Malignance → Stormsurge → Zhonya's Hourglass → Rabadon's Deathcap ; Malignance → Stormsurge → Zhonya's Hourglass → Banshee's Veil,Dark Seal → Lost Chapter → Blasting Wand ; Lost Chapter → Blasting Wand,https://www.onetricks.gg/champions/builds/Vex
Vi,jungle,16.19,,Trinity Force,Trinity Force → Black Cleaver,Death's Dance | Guardian Angel | Sterak's Gage,Guardian Angel | Death's Dance | Chempunk Chainsword,Guardian Angel | Randuin's Omen,Trinity Force → Black Cleaver → Death's Dance → Guardian Angel ; Trinity Force → Black Cleaver → Guardian Angel → Death's Dance ; Trinity Force → Black Cleaver → Death's Dance → Chempunk Chainsword,Hearthbound Axe → Phage → Sheen ; Phage → Sheen → Hearthbound Axe ; Hearthbound Axe → Sheen → Phage,https://www.onetricks.gg/champions/builds/Vi
Vi,jungle,16.19,,Trinity Force,Trinity Force → Death's Dance,Wit's End | Guardian Angel | Black Cleaver,Guardian Angel | Sundered Sky | Sterak's Gage,Guardian Angel | Mortal Reminder | Lord Dominik's Regards,Trinity Force → Death's Dance → Wit's End → Guardian Angel ; Trinity Force → Death's Dance → Wit's End → Titanic Hydra → Guardian Angel ; Trinity Force → Death's Dance → Wit's End → Sterak's Gage,Hearthbound Axe → Phage → Sheen ; Phage → Sheen → Hearthbound Axe ; Hearthbound Axe → Sheen → Phage,https://www.onetricks.gg/champions/builds/Vi
Vi,jungle,16.19,,Trinity Force,Trinity Force → Sundered Sky,Guardian Angel | Mortal Reminder | Death's Dance,Maw of Malmortius | Death's Dance | Randuin's Omen,,Trinity Force → Sundered Sky → Guardian Angel → Maw of Malmortius ; Trinity Force → Sundered Sky → Guardian Angel → Death's Dance ; Trinity Force → Sundered Sky → Guardian Angel → Randuin's Omen,Hearthbound Axe → Phage → Sheen ; Phage → Sheen → Hearthbound Axe ; Hearthbound Axe → Sheen → Phage,https://www.onetricks.gg/champions/builds/Vi
Vi,jungle,16.19,,Trinity Force,Trinity Force → Maw of Malmortius,Death's Dance | Black Cleaver | Sundered Sky,Death's Dance | Wit's End,,Trinity Force → Maw of Malmortius → Death's Dance ; Trinity Force → Maw of Malmortius → Black Cleaver → Death's Dance ; Trinity Force → Maw of Malmortius → Sundered Sky → Wit's End,Hearthbound Axe → Phage → Sheen ; Phage → Sheen → Hearthbound Axe ; Hearthbound Axe → Sheen → Phage,https://www.onetricks.gg/champions/builds/Vi
Vi,jungle,16.19,,Sundered Sky,Sundered Sky → Black Cleaver,Guardian Angel | Death's Dance | Eclipse,Death's Dance | Guardian Angel,,Sundered Sky → Black Cleaver → Guardian Angel → Death's Dance ; Sundered Sky → Black Cleaver → Death's Dance → Guardian Angel ; Sundered Sky → Black Cleaver → Eclipse,Tunneler → Caulfield's Warhammer → Ruby Crystal ; Caulfield's Warhammer → Tunneler → Ruby Crystal ; Tunneler → Caulfield's Warhammer → Boots,https://www.onetricks.gg/champions/builds/Vi
Vi,jungle,16.19,,Eclipse,Eclipse → Black Cleaver,Death's Dance | Serpent's Fang,Guardian Angel | Randuin's Omen | Maw of Malmortius,The Collector,Eclipse → Black Cleaver → Death's Dance → Guardian Angel ; Eclipse → Black Cleaver → Death's Dance → Maw of Malmortius ; Eclipse → Black Cleaver → Death's Dance → Randuin's Omen,Pickaxe → Caulfield's Warhammer → Long Sword ; Pickaxe → Boots → Caulfield's Warhammer,https://www.onetricks.gg/champions/builds/Vi
Vi,jungle,16.19,,Eclipse,Eclipse → Serpent's Fang,Black Cleaver | Death's Dance | Mortal Reminder,Death's Dance | Guardian Angel | Black Cleaver,Guardian Angel | Death's Dance,Eclipse → Serpent's Fang → Black Cleaver → Death's Dance → Guardian Angel ; Eclipse → Serpent's Fang → Black Cleaver → Guardian Angel → Death's Dance ; Eclipse → Serpent's Fang → Black Cleaver → Maw of Malmortius,Pickaxe → Caulfield's Warhammer → Long Sword ; Pickaxe → Boots → Caulfield's Warhammer,https://www.onetricks.gg/champions/builds/Vi
Vi,jungle,16.19,,Eclipse,Eclipse → Voltaic Cyclosword,The Collector | Mortal Reminder | Lord Dominik's Regards,Lord Dominik's Regards | Infinity Edge | The Collector,Serpent's Fang,Eclipse → Voltaic Cyclosword → The Collector → Lord Dominik's Regards ; Eclipse → Voltaic Cyclosword → Lord Dominik's Regards → Infinity Edge → Serpent's Fang ; Eclipse → Voltaic Cyclosword → Mortal Reminder → The Collector,Pickaxe → Caulfield's Warhammer → Long Sword ; Pickaxe → Boots → Caulfield's Warhammer,https://www.onetricks.gg/champions/builds/Vi
Vi,jungle,16.19,,Voltaic Cyclosword,Voltaic Cyclosword → The Collector,Lord Dominik's Regards | Mortal Reminder | Death's Dance,Infinity Edge | Guardian Angel | Death's Dance,Death's Dance,Voltaic Cyclosword → The Collector → Lord Dominik's Regards → Infinity Edge ; Voltaic Cyclosword → The Collector → Lord Dominik's Regards → Death's Dance ; Voltaic Cyclosword → The Collector → Lord Dominik's Regards → Guardian Angel → Death's Dance,The Brutalizer ; The Brutalizer → Boots → Long Sword ; Pickaxe,https://www.onetricks.gg/champions/builds/Vi
Vi,jungle,16.19,,Voltaic Cyclosword,Voltaic Cyclosword → Black Cleaver,Sterak's Gage,Death's Dance,Trinity Force,Voltaic Cyclosword → Black Cleaver → Sterak's Gage → Death's Dance → Trinity Force,The Brutalizer ; The Brutalizer → Boots → Long Sword ; Pickaxe,https://www.onetricks.gg/champions/builds/Vi
Vi,jungle,16.19,,Hubris,Hubris → The Collector,Lord Dominik's Regards | Infinity Edge | Edge of Night,Infinity Edge | Lord Dominik's Regards | Force of Nature,Guardian Angel | Lord Dominik's Regards | Immortal Shieldbow,Hubris → The Collector → Lord Dominik's Regards → Infinity Edge ; Hubris → The Collector → Infinity Edge → Lord Dominik's Regards ; Hubris → The Collector → Lord Dominik's Regards → Infinity Edge → Guardian Angel,Serrated Dirk → Boots → Caulfield's Warhammer ; Serrated Dirk → Caulfield's Warhammer → Boots ; Serrated Dirk → Caulfield's Warhammer,https://www.onetricks.gg/champions/builds/Vi
Vi,jungle,16.19,,Youmuu's Ghostblade,Youmuu's Ghostblade → The Collector,Lord Dominik's Regards | Mortal Reminder | Edge of Night,Infinity Edge | Edge of Night | Lord Dominik's Regards,Guardian Angel | Infinity Edge | Immortal Shieldbow,Youmuu's Ghostblade → The Collector → Lord Dominik's Regards → Infinity Edge → Guardian Angel ; Youmuu's Ghostblade → The Collector → Lord Dominik's Regards → Edge of Night ; Youmuu's Ghostblade → The Collector → Mortal Reminder → Infinity Edge → Immortal Shieldbow,Serrated Dirk → Boots → Rectrix,https://www.onetricks.gg/champions/builds/Vi
Viego,jungle,16.19,,Kraken Slayer,Kraken Slayer → The Collector,Lord Dominik's Regards | Immortal Shieldbow | Mortal Reminder,Infinity Edge | Lord Dominik's Regards | Immortal Shieldbow,Infinity Edge | Death's Dance | Guardian Angel,Kraken Slayer → The Collector → Immortal Shieldbow → Lord Dominik's Regards ; Kraken Slayer → The Collector → Lord Dominik's Regards → Immortal Shieldbow ; Kraken Slayer → The Collector → Lord Dominik's Regards → Infinity Edge,Hearthbound Axe → Rectrix → Recurve Bow ; Hearthbound Axe → Recurve Bow → Rectrix ; Rectrix → Hearthbound Axe → Recurve Bow,https://www.onetricks.gg/champions/builds/Viego
Viego,jungle,16.19,,Kraken Slayer,Kraken Slayer → Immortal Shieldbow,Lord Dominik's Regards | Mortal Reminder | Death's Dance,Infinity Edge | Serpent's Fang | Mortal Reminder,Infinity Edge | Phantom Dancer | Death's Dance,Kraken Slayer → Immortal Shieldbow → Lord Dominik's Regards → Infinity Edge ; Kraken Slayer → Immortal Shieldbow → Mortal Reminder → Infinity Edge ; Kraken Slayer → Immortal Shieldbow → Lord Dominik's Regards → Infinity Edge → Phantom Dancer,Hearthbound Axe → Rectrix → Recurve Bow ; Hearthbound Axe → Recurve Bow → Rectrix ; Rectrix → Hearthbound Axe → Recurve Bow,https://www.onetricks.gg/champions/builds/Viego
Viego,jungle,16.19,,Kraken Slayer,Kraken Slayer → Titanic Hydra,Lord Dominik's Regards | Black Cleaver,Infinity Edge | Death's Dance,,Kraken Slayer → Titanic Hydra → Lord Dominik's Regards → Infinity Edge ; Kraken Slayer → Titanic Hydra → Black Cleaver → Death's Dance,Hearthbound Axe → Rectrix → Recurve Bow ; Hearthbound Axe → Recurve Bow → Rectrix ; Rectrix → Hearthbound Axe → Recurve Bow,https://www.onetricks.gg/champions/builds/Viego
Viego,jungle,16.19,,The Collector,The Collector → Immortal Shieldbow,Lord Dominik's Regards | Infinity Edge | Mortal Reminder,Infinity Edge | Lord Dominik's Regards | Guardian Angel,Guardian Angel | Infinity Edge,The Collector → Immortal Shieldbow → Infinity Edge → Lord Dominik's Regards ; The Collector → Immortal Shieldbow → Lord Dominik's Regards → Infinity Edge ; The Collector → Immortal Shieldbow → Mortal Reminder → Infinity Edge,Serrated Dirk → Pickaxe → Cloak of Agility ; Pickaxe → Serrated Dirk → Cloak of Agility ; Serrated Dirk → Cloak of Agility → Pickaxe,https://www.onetricks.gg/champions/builds/Viego
Viego,jungle,16.19,,The Collector,The Collector → Lord Dominik's Regards,Infinity Edge,Immortal Shieldbow,Guardian Angel,The Collector → Lord Dominik's Regards → Infinity Edge → Immortal Shieldbow → Guardian Angel,Serrated Dirk → Pickaxe → Cloak of Agility ; Pickaxe → Serrated Dirk → Cloak of Agility ; Serrated Dirk → Cloak of Agility → Pickaxe,https://www.onetricks.gg/champions/builds/Viego
Viego,jungle,16.19,,The Collector,The Collector → Infinity Edge,Lord Dominik's Regards | Immortal Shieldbow,Immortal Shieldbow | Bastionbreaker,,The Collector → Infinity Edge → Lord Dominik's Regards → Immortal Shieldbow ; The Collector → Infinity Edge → Immortal Shieldbow → Bastionbreaker,Serrated Dirk → Pickaxe → Cloak of Agility ; Pickaxe → Serrated Dirk → Cloak of Agility ; Serrated Dirk → Cloak of Agility → Pickaxe,https://www.onetricks.gg/champions/builds/Viego
Viego,jungle,16.19,,Bastionbreaker,Bastionbreaker → The Collector,Immortal Shieldbow | Lord Dominik's Regards | Mortal Reminder,Infinity Edge | Lord Dominik's Regards | Mortal Reminder,Immortal Shieldbow | Infinity Edge | Guardian Angel,Bastionbreaker → The Collector → Lord Dominik's Regards → Infinity Edge ; Bastionbreaker → The Collector → Immortal Shieldbow → Infinity Edge ; Bastionbreaker → The Collector → Lord Dominik's Regards → Infinity Edge → Immortal Shieldbow,Serrated Dirk → Boots → The Brutalizer ; Pickaxe ; Serrated Dirk → The Brutalizer,https://www.onetricks.gg/champions/builds/Viego
Viego,jungle,16.19,,Hubris,Hubris → The Collector,Lord Dominik's Regards | Immortal Shieldbow | Infinity Edge,Infinity Edge | Lord Dominik's Regards | Immortal Shieldbow,Immortal Shieldbow | Deprecated item | Death's Dance,Hubris → The Collector → Lord Dominik's Regards → Infinity Edge ; Hubris → The Collector → Immortal Shieldbow → Lord Dominik's Regards ; Hubris → The Collector → Lord Dominik's Regards → Infinity Edge → Immortal Shieldbow,Serrated Dirk ; Serrated Dirk → Caulfield's Warhammer → Boots ; Serrated Dirk → Boots → Caulfield's Warhammer,https://www.onetricks.gg/champions/builds/Viego
Viego,jungle,16.19,,Trinity Force,Trinity Force → The Collector,Lord Dominik's Regards | Mortal Reminder | Death's Dance,Immortal Shieldbow | Guardian Angel | Maw of Malmortius,Infinity Edge | Maw of Malmortius,Trinity Force → The Collector → Lord Dominik's Regards → Immortal Shieldbow ; Trinity Force → The Collector → Lord Dominik's Regards → Guardian Angel ; Trinity Force → The Collector → Mortal Reminder → Immortal Shieldbow,Phage → Sheen → Hearthbound Axe ; Phage → Hearthbound Axe → Sheen ; Hearthbound Axe → Phage → Sheen,https://www.onetricks.gg/champions/builds/Viego
Viktor,mid,16.19,,Blackfire Torch,Blackfire Torch → Liandry's Torment,Zhonya's Hourglass | Void Staff | Rabadon's Deathcap,Cryptbloom | Zhonya's Hourglass | Void Staff,Rabadon's Deathcap | Cryptbloom | Morellonomicon,Blackfire Torch → Liandry's Torment → Zhonya's Hourglass → Cryptbloom ; Blackfire Torch → Liandry's Torment → Rabadon's Deathcap → Void Staff ; Blackfire Torch → Liandry's Torment → Rabadon's Deathcap → Lich Bane,Dark Seal → Lost Chapter → Fated Ashes ; Lost Chapter → Fated Ashes ; Dark Seal → Lost Chapter → Sorcerer's Shoes,https://www.onetricks.gg/champions/builds/Viktor
Viktor,mid,16.19,,Blackfire Torch,Blackfire Torch → Lich Bane,Zhonya's Hourglass | Rabadon's Deathcap | Cryptbloom,Rabadon's Deathcap | Zhonya's Hourglass | Shadowflame,Banshee's Veil | Mejai's Soulstealer,Blackfire Torch → Lich Bane → Rabadon's Deathcap → Zhonya's Hourglass ; Blackfire Torch → Lich Bane → Zhonya's Hourglass → Rabadon's Deathcap ; Blackfire Torch → Lich Bane → Zhonya's Hourglass → Shadowflame,Dark Seal → Lost Chapter → Fated Ashes ; Lost Chapter → Fated Ashes ; Dark Seal → Lost Chapter → Sorcerer's Shoes,https://www.onetricks.gg/champions/builds/Viktor
Viktor,mid,16.19,,Blackfire Torch,Blackfire Torch → Hextech Rocketbelt,Zhonya's Hourglass | Rabadon's Deathcap | Shadowflame,Rabadon's Deathcap | Zhonya's Hourglass | Banshee's Veil,Cryptbloom | Void Staff,Blackfire Torch → Hextech Rocketbelt → Zhonya's Hourglass → Rabadon's Deathcap ; Blackfire Torch → Hextech Rocketbelt → Shadowflame → Zhonya's Hourglass ; Blackfire Torch → Hextech Rocketbelt → Mejai's Soulstealer → Zhonya's Hourglass,Dark Seal → Lost Chapter → Fated Ashes ; Lost Chapter → Fated Ashes ; Dark Seal → Lost Chapter → Sorcerer's Shoes,https://www.onetricks.gg/champions/builds/Viktor
Viktor,mid,16.19,,Blackfire Torch,Blackfire Torch → Shadowflame,Rabadon's Deathcap | Void Staff | Zhonya's Hourglass,Banshee's Veil | Void Staff | Lich Bane,Lich Bane,Blackfire Torch → Shadowflame → Rabadon's Deathcap → Banshee's Veil ; Blackfire Torch → Shadowflame → Rabadon's Deathcap → Void Staff ; Blackfire Torch → Shadowflame → Stormsurge → Lich Bane,Dark Seal → Lost Chapter → Fated Ashes ; Lost Chapter → Fated Ashes ; Dark Seal → Lost Chapter → Sorcerer's Shoes,https://www.onetricks.gg/champions/builds/Viktor
Viktor,mid,16.19,,Luden's Echo,Luden's Echo → Lich Bane,Zhonya's Hourglass | Shadowflame | Cryptbloom,Bloodletter's Curse | Shadowflame | Void Staff,Rabadon's Deathcap,Luden's Echo → Lich Bane → Shadowflame → Bloodletter's Curse ; Luden's Echo → Lich Bane → Zhonya's Hourglass → Shadowflame → Rabadon's Deathcap ; Luden's Echo → Lich Bane → Zhonya's Hourglass → Void Staff,Dark Seal → Lost Chapter → Hextech Alternator ; Lost Chapter → Hextech Alternator ; Lost Chapter → Boots of Swiftness → Hextech Alternator,https://www.onetricks.gg/champions/builds/Viktor
Viktor,mid,16.19,,Luden's Echo,Luden's Echo → Hextech Rocketbelt,Zhonya's Hourglass | Mejai's Soulstealer | Rabadon's Deathcap,Shadowflame,Mejai's Soulstealer,Luden's Echo → Hextech Rocketbelt → Zhonya's Hourglass → Shadowflame → Mejai's Soulstealer ; Luden's Echo → Hextech Rocketbelt → Rabadon's Deathcap → Shadowflame,Dark Seal → Lost Chapter → Hextech Alternator ; Lost Chapter → Hextech Alternator ; Lost Chapter → Boots of Swiftness → Hextech Alternator,https://www.onetricks.gg/champions/builds/Viktor
Viktor,mid,16.19,,Luden's Echo,Luden's Echo → Shadowflame,Zhonya's Hourglass | Rabadon's Deathcap,Rabadon's Deathcap | Zhonya's Hourglass,Banshee's Veil,Luden's Echo → Shadowflame → Zhonya's Hourglass → Rabadon's Deathcap → Banshee's Veil ; Luden's Echo → Shadowflame → Rabadon's Deathcap → Zhonya's Hourglass,Dark Seal → Lost Chapter → Hextech Alternator ; Lost Chapter → Hextech Alternator ; Lost Chapter → Boots of Swiftness → Hextech Alternator,https://www.onetricks.gg/champions/builds/Viktor
Viktor,mid,16.19,,Stormsurge,Stormsurge → Shadowflame,Zhonya's Hourglass | Mejai's Soulstealer | Rabadon's Deathcap,Void Staff | Zhonya's Hourglass | Cryptbloom,Banshee's Veil,Stormsurge → Shadowflame → Zhonya's Hourglass → Void Staff ; Stormsurge → Shadowflame → Rabadon's Deathcap → Void Staff → Banshee's Veil ; Stormsurge → Shadowflame → Mejai's Soulstealer → Zhonya's Hourglass,Dark Seal → Hextech Alternator → Aether Wisp ; Dark Seal → Sorcerer's Shoes → Hextech Alternator,https://www.onetricks.gg/champions/builds/Viktor
Viktor,mid,16.19,,Hextech Rocketbelt,Hextech Rocketbelt → Blackfire Torch,Liandry's Torment | Rabadon's Deathcap | Zhonya's Hourglass,,,Hextech Rocketbelt → Blackfire Torch → Liandry's Torment ; Hextech Rocketbelt → Blackfire Torch → Zhonya's Hourglass ; Hextech Rocketbelt → Blackfire Torch → Rabadon's Deathcap,Dark Seal → Ionian Boots of Lucidity → Hextech Alternator ; Hextech Alternator,https://www.onetricks.gg/champions/builds/Viktor
Viktor,mid,16.19,,Hextech Rocketbelt,Hextech Rocketbelt → Liandry's Torment,Zhonya's Hourglass | Mejai's Soulstealer | Bloodletter's Curse,Bloodletter's Curse,,Hextech Rocketbelt → Liandry's Torment → Zhonya's Hourglass ; Hextech Rocketbelt → Liandry's Torment → Mejai's Soulstealer → Bloodletter's Curse ; Hextech Rocketbelt → Liandry's Torment → Bloodletter's Curse,Dark Seal → Ionian Boots of Lucidity → Hextech Alternator ; Hextech Alternator,https://www.onetricks.gg/champions/builds/Viktor
Viktor,mid,16.19,,Seraph's Embrace,Seraph's Embrace → Horizon Focus,Actualizer | Liandry's Torment,Void Staff,,Seraph's Embrace → Horizon Focus → Actualizer ; Seraph's Embrace → Horizon Focus → Liandry's Torment → Void Staff,Tear of the Goddess → Lost Chapter → Fiendish Codex ; Tear of the Goddess → Dark Seal → Lost Chapter,https://www.onetricks.gg/champions/builds/Viktor
Vladimir,mid,16.19,,Stormsurge,Stormsurge → Liandry's Torment,Void Staff | Rabadon's Deathcap | Hextech Rocketbelt,Rabadon's Deathcap | Void Staff | Mejai's Soulstealer,Mejai's Soulstealer | Rabadon's Deathcap | Zhonya's Hourglass,Stormsurge → Liandry's Torment → Void Staff → Rabadon's Deathcap ; Stormsurge → Liandry's Torment → Hextech Rocketbelt → Rabadon's Deathcap ; Stormsurge → Liandry's Torment → Void Staff → Hextech Rocketbelt,Dark Seal → Hextech Alternator → Aether Wisp ; Dark Seal → Aether Wisp → Hextech Alternator ; Aether Wisp → Dark Seal → Hextech Alternator,https://www.onetricks.gg/champions/builds/Vladimir
Vladimir,mid,16.19,,Stormsurge,Stormsurge → Rabadon's Deathcap,Riftmaker | Mejai's Soulstealer | Cryptbloom,Mejai's Soulstealer | Void Staff | Cryptbloom,Shadowflame | Cryptbloom | Zhonya's Hourglass,Stormsurge → Rabadon's Deathcap → Mejai's Soulstealer → Void Staff ; Stormsurge → Rabadon's Deathcap → Shadowflame → Mejai's Soulstealer ; Stormsurge → Rabadon's Deathcap → Riftmaker → Cryptbloom,Dark Seal → Hextech Alternator → Aether Wisp ; Dark Seal → Aether Wisp → Hextech Alternator ; Aether Wisp → Dark Seal → Hextech Alternator,https://www.onetricks.gg/champions/builds/Vladimir
Vladimir,mid,16.19,,Stormsurge,Stormsurge → Mejai's Soulstealer,Rabadon's Deathcap | Liandry's Torment | Shadowflame,Void Staff | Shadowflame | Rabadon's Deathcap,Riftmaker | Rabadon's Deathcap | Shadowflame,Stormsurge → Mejai's Soulstealer → Rabadon's Deathcap → Void Staff ; Stormsurge → Mejai's Soulstealer → Rabadon's Deathcap → Shadowflame ; Stormsurge → Mejai's Soulstealer → Rabadon's Deathcap → Riftmaker,Dark Seal → Hextech Alternator → Aether Wisp ; Dark Seal → Aether Wisp → Hextech Alternator ; Aether Wisp → Dark Seal → Hextech Alternator,https://www.onetricks.gg/champions/builds/Vladimir
Vladimir,mid,16.19,,Stormsurge,Stormsurge → Shadowflame,Rabadon's Deathcap | Mejai's Soulstealer | Void Staff,Void Staff | Rabadon's Deathcap,Mejai's Soulstealer,Stormsurge → Shadowflame → Rabadon's Deathcap → Void Staff → Mejai's Soulstealer ; Stormsurge → Shadowflame → Mejai's Soulstealer → Rabadon's Deathcap,Dark Seal → Hextech Alternator → Aether Wisp ; Dark Seal → Aether Wisp → Hextech Alternator ; Aether Wisp → Dark Seal → Hextech Alternator,https://www.onetricks.gg/champions/builds/Vladimir
Vladimir,mid,16.19,,Cosmic Drive,Cosmic Drive → Rabadon's Deathcap,Void Staff | Riftmaker | Zhonya's Hourglass,Void Staff | Mejai's Soulstealer | Riftmaker,Mejai's Soulstealer | Void Staff,Cosmic Drive → Rabadon's Deathcap → Zhonya's Hourglass → Void Staff → Mejai's Soulstealer ; Cosmic Drive → Rabadon's Deathcap → Void Staff → Mejai's Soulstealer ; Cosmic Drive → Rabadon's Deathcap → Void Staff → Riftmaker,Dark Seal → Aether Wisp → Fiendish Codex ; Dark Seal → Fiendish Codex → Aether Wisp ; Dark Seal → Fiendish Codex → Sorcerer's Shoes,https://www.onetricks.gg/champions/builds/Vladimir
Vladimir,mid,16.19,,Cosmic Drive,Cosmic Drive → Riftmaker,Mejai's Soulstealer | Rabadon's Deathcap | Void Staff,Rabadon's Deathcap | Mejai's Soulstealer | Void Staff,Rabadon's Deathcap | Void Staff,Cosmic Drive → Riftmaker → Mejai's Soulstealer → Rabadon's Deathcap ; Cosmic Drive → Riftmaker → Rabadon's Deathcap → Void Staff ; Cosmic Drive → Riftmaker → Rabadon's Deathcap → Mejai's Soulstealer → Void Staff,Dark Seal → Aether Wisp → Fiendish Codex ; Dark Seal → Fiendish Codex → Aether Wisp ; Dark Seal → Fiendish Codex → Sorcerer's Shoes,https://www.onetricks.gg/champions/builds/Vladimir
Vladimir,mid,16.19,,Cosmic Drive,Cosmic Drive → Stormsurge,Rabadon's Deathcap | Mejai's Soulstealer,Rabadon's Deathcap | Zhonya's Hourglass,,Cosmic Drive → Stormsurge → Mejai's Soulstealer → Rabadon's Deathcap ; Cosmic Drive → Stormsurge → Rabadon's Deathcap → Zhonya's Hourglass,Dark Seal → Aether Wisp → Fiendish Codex ; Dark Seal → Fiendish Codex → Aether Wisp ; Dark Seal → Fiendish Codex → Sorcerer's Shoes,https://www.onetricks.gg/champions/builds/Vladimir
Vladimir,mid,16.19,,Hextech Rocketbelt,Hextech Rocketbelt → Rabadon's Deathcap,Void Staff | Mejai's Soulstealer | Stormsurge,Zhonya's Hourglass | Liandry's Torment | Riftmaker,Zhonya's Hourglass | Mejai's Soulstealer,Hextech Rocketbelt → Rabadon's Deathcap → Stormsurge → Liandry's Torment ; Hextech Rocketbelt → Rabadon's Deathcap → Mejai's Soulstealer → Riftmaker → Zhonya's Hourglass ; Hextech Rocketbelt → Rabadon's Deathcap → Void Staff → Stormsurge → Mejai's Soulstealer,Dark Seal → Ionian Boots of Lucidity → Hextech Alternator ; Dark Seal → Hextech Alternator → Fiendish Codex ; Dark Seal → Hextech Alternator → Kindlegem,https://www.onetricks.gg/champions/builds/Vladimir
Vladimir,mid,16.19,,Hextech Rocketbelt,Hextech Rocketbelt → Stormsurge,Rabadon's Deathcap | Mejai's Soulstealer,Mejai's Soulstealer | Void Staff | Rabadon's Deathcap,,Hextech Rocketbelt → Stormsurge → Rabadon's Deathcap → Mejai's Soulstealer ; Hextech Rocketbelt → Stormsurge → Rabadon's Deathcap → Void Staff ; Hextech Rocketbelt → Stormsurge → Mejai's Soulstealer → Rabadon's Deathcap,Dark Seal → Ionian Boots of Lucidity → Hextech Alternator ; Dark Seal → Hextech Alternator → Fiendish Codex ; Dark Seal → Hextech Alternator → Kindlegem,https://www.onetricks.gg/champions/builds/Vladimir
Vladimir,mid,16.19,,Hextech Rocketbelt,Hextech Rocketbelt → Riftmaker,Rabadon's Deathcap | Mejai's Soulstealer | Zhonya's Hourglass,Stormsurge | Void Staff | Rabadon's Deathcap,Mejai's Soulstealer | Zeke's Convergence,Hextech Rocketbelt → Riftmaker → Rabadon's Deathcap → Stormsurge ; Hextech Rocketbelt → Riftmaker → Rabadon's Deathcap → Void Staff ; Hextech Rocketbelt → Riftmaker → Mejai's Soulstealer → Zhonya's Hourglass → Zeke's Convergence,Dark Seal → Ionian Boots of Lucidity → Hextech Alternator ; Dark Seal → Hextech Alternator → Fiendish Codex ; Dark Seal → Hextech Alternator → Kindlegem,https://www.onetricks.gg/champions/builds/Vladimir
Vladimir,mid,16.19,,Hextech Rocketbelt,Hextech Rocketbelt → Shadowflame,Rabadon's Deathcap,Void Staff | Zhonya's Hourglass,Void Staff,Hextech Rocketbelt → Shadowflame → Rabadon's Deathcap → Void Staff ; Hextech Rocketbelt → Shadowflame → Rabadon's Deathcap → Zhonya's Hourglass → Void Staff,Dark Seal → Ionian Boots of Lucidity → Hextech Alternator ; Dark Seal → Hextech Alternator → Fiendish Codex ; Dark Seal → Hextech Alternator → Kindlegem,https://www.onetricks.gg/champions/builds/Vladimir
Vladimir,mid,16.19,,Riftmaker,Riftmaker → Rabadon's Deathcap,Cryptbloom | Zhonya's Hourglass,,,Riftmaker → Rabadon's Deathcap → Cryptbloom ; Riftmaker → Rabadon's Deathcap → Zhonya's Hourglass,Haunting Guise ; Dark Seal → Haunting Guise → Fiendish Codex,https://www.onetricks.gg/champions/builds/Vladimir
Vladimir,mid,16.19,,Riftmaker,Riftmaker → Hextech Rocketbelt,Rabadon's Deathcap | Cosmic Drive,Cryptbloom,,Riftmaker → Hextech Rocketbelt → Cosmic Drive → Cryptbloom ; Riftmaker → Hextech Rocketbelt → Rabadon's Deathcap,Haunting Guise ; Dark Seal → Haunting Guise → Fiendish Codex,https://www.onetricks.gg/champions/builds/Vladimir
Vladimir,mid,16.19,,Rabadon's Deathcap,Rabadon's Deathcap → Riftmaker,Cryptbloom,Zhonya's Hourglass,,Rabadon's Deathcap → Riftmaker → Cryptbloom → Zhonya's Hourglass,Needlessly Large Rod → Needlessly Large Rod → Dark Seal,https://www.onetricks.gg/champions/builds/Vladimir
Vladimir,mid,16.19,,Horizon Focus,Horizon Focus → Mejai's Soulstealer,Void Staff | Shadowflame,,,Horizon Focus → Mejai's Soulstealer → Shadowflame ; Horizon Focus → Mejai's Soulstealer → Void Staff,,https://www.onetricks.gg/champions/builds/Vladimir
Volibear,top,16.19,,Dusk and Dawn,Dusk and Dawn → Navori Flickerblade,Spirit Visage | Randuin's Omen | Riftmaker,Zhonya's Hourglass | Randuin's Omen | Spirit Visage,"Jak'Sho, The Protean | Statikk Shiv | Wit's End",Dusk and Dawn → Navori Flickerblade → Spirit Visage → Randuin's Omen ; Dusk and Dawn → Navori Flickerblade → Riftmaker → Zhonya's Hourglass ; Dusk and Dawn → Navori Flickerblade → Spirit Visage → Kaenic Rookern → Statikk Shiv,Kindlegem → Blasting Wand → Sheen ; Blasting Wand → Sheen → Kindlegem ; Blasting Wand → Kindlegem → Sheen,https://www.onetricks.gg/champions/builds/Volibear
Volibear,top,16.19,,Dusk and Dawn,Dusk and Dawn → Hullbreaker,Death's Dance | Kraken Slayer | Spirit Visage,Randuin's Omen | Sterak's Gage | Spirit Visage,"Jak'Sho, The Protean",Dusk and Dawn → Hullbreaker → Death's Dance → Spirit Visage ; Dusk and Dawn → Hullbreaker → Death's Dance → Sterak's Gage ; Dusk and Dawn → Hullbreaker → Spirit Visage → Randuin's Omen,Kindlegem → Blasting Wand → Sheen ; Blasting Wand → Sheen → Kindlegem ; Blasting Wand → Kindlegem → Sheen,https://www.onetricks.gg/champions/builds/Volibear
Volibear,top,16.19,,Dusk and Dawn,Dusk and Dawn → Statikk Shiv,Death's Dance | Banshee's Veil | Frozen Heart,Death's Dance | Guinsoo's Rageblade,,Dusk and Dawn → Statikk Shiv → Death's Dance ; Dusk and Dawn → Statikk Shiv → Spirit Visage → Death's Dance ; Dusk and Dawn → Statikk Shiv → Hullbreaker → Guinsoo's Rageblade,Kindlegem → Blasting Wand → Sheen ; Blasting Wand → Sheen → Kindlegem ; Blasting Wand → Kindlegem → Sheen,https://www.onetricks.gg/champions/builds/Volibear
Volibear,top,16.19,,Dusk and Dawn,Dusk and Dawn → Riftmaker,Spirit Visage | Statikk Shiv | Dead Man's Plate,Death's Dance | Randuin's Omen,,Dusk and Dawn → Riftmaker → Dead Man's Plate ; Dusk and Dawn → Riftmaker → Spirit Visage → Death's Dance ; Dusk and Dawn → Riftmaker → Spirit Visage → Randuin's Omen,Kindlegem → Blasting Wand → Sheen ; Blasting Wand → Sheen → Kindlegem ; Blasting Wand → Kindlegem → Sheen,https://www.onetricks.gg/champions/builds/Volibear
Volibear,top,16.19,,Hextech Gunblade,Hextech Gunblade → Statikk Shiv,Terminus | Death's Dance | Hullbreaker,Zhonya's Hourglass | Guinsoo's Rageblade | Mercurial Scimitar,Rabadon's Deathcap | Terminus | Death's Dance,Hextech Gunblade → Statikk Shiv → Terminus → Zhonya's Hourglass ; Hextech Gunblade → Statikk Shiv → Terminus → Guinsoo's Rageblade ; Hextech Gunblade → Statikk Shiv → Guinsoo's Rageblade → Hullbreaker,Hextech Alternator → Vampiric Scepter → Amplifying Tome ; Vampiric Scepter → Hextech Alternator → Amplifying Tome ; Dark Seal → Hextech Alternator → Vampiric Scepter,https://www.onetricks.gg/champions/builds/Volibear
Volibear,top,16.19,,Hextech Gunblade,Hextech Gunblade → Navori Flickerblade,Hullbreaker | Guinsoo's Rageblade | Mercurial Scimitar,Guinsoo's Rageblade | Morellonomicon | Hullbreaker,Statikk Shiv | Rabadon's Deathcap | Nashor's Tooth,Hextech Gunblade → Navori Flickerblade → Hullbreaker → Guinsoo's Rageblade → Nashor's Tooth ; Hextech Gunblade → Navori Flickerblade → Hullbreaker → Guinsoo's Rageblade → Statikk Shiv ; Hextech Gunblade → Navori Flickerblade → Hullbreaker → Guinsoo's Rageblade → Randuin's Omen,Hextech Alternator → Vampiric Scepter → Amplifying Tome ; Vampiric Scepter → Hextech Alternator → Amplifying Tome ; Dark Seal → Hextech Alternator → Vampiric Scepter,https://www.onetricks.gg/champions/builds/Volibear
Volibear,top,16.19,,Hextech Gunblade,Hextech Gunblade → Terminus,Statikk Shiv | Guinsoo's Rageblade | Riftmaker,Guinsoo's Rageblade | Dusk and Dawn,Hullbreaker,Hextech Gunblade → Terminus → Statikk Shiv → Guinsoo's Rageblade → Hullbreaker ; Hextech Gunblade → Terminus → Riftmaker → Dusk and Dawn,Hextech Alternator → Vampiric Scepter → Amplifying Tome ; Vampiric Scepter → Hextech Alternator → Amplifying Tome ; Dark Seal → Hextech Alternator → Vampiric Scepter,https://www.onetricks.gg/champions/builds/Volibear
Volibear,top,16.19,,Fimbulwinter,Fimbulwinter → Unending Despair,"Spirit Visage | Jak'Sho, The Protean | Frozen Heart",Randuin's Omen | Sterak's Gage | Kaenic Rookern,Randuin's Omen,"Fimbulwinter → Unending Despair → Spirit Visage → Randuin's Omen ; Fimbulwinter → Unending Despair → Spirit Visage → Sterak's Gage ; Fimbulwinter → Unending Despair → Jak'Sho, The Protean → Randuin's Omen",Tear of the Goddess → Kindlegem → Kindlegem ; Tear of the Goddess → Chain Vest → Kindlegem ; Tear of the Goddess → Kindlegem → Ionian Boots of Lucidity,https://www.onetricks.gg/champions/builds/Volibear
Volibear,top,16.19,,Fimbulwinter,Fimbulwinter → Spirit Visage,Unending Despair | Randuin's Omen | Sterak's Gage,Sterak's Gage | Randuin's Omen,Thornmail,Fimbulwinter → Spirit Visage → Unending Despair → Sterak's Gage ; Fimbulwinter → Spirit Visage → Randuin's Omen → Sterak's Gage → Thornmail ; Fimbulwinter → Spirit Visage → Sterak's Gage → Randuin's Omen,Tear of the Goddess → Kindlegem → Kindlegem ; Tear of the Goddess → Chain Vest → Kindlegem ; Tear of the Goddess → Kindlegem → Ionian Boots of Lucidity,https://www.onetricks.gg/champions/builds/Volibear
Volibear,top,16.19,,Statikk Shiv,Statikk Shiv → Hextech Gunblade,Terminus | Unending Despair | Rabadon's Deathcap,Locket of the Iron Solari | Rabadon's Deathcap | Banshee's Veil,,Statikk Shiv → Hextech Gunblade → Unending Despair → Locket of the Iron Solari ; Statikk Shiv → Hextech Gunblade → Terminus → Banshee's Veil ; Statikk Shiv → Hextech Gunblade → Terminus → Rabadon's Deathcap,Pickaxe → Aether Wisp → Scout's Slingshot ; Scout's Slingshot → Pickaxe → Aether Wisp ; Cloth Armor → Aether Wisp → Pickaxe,https://www.onetricks.gg/champions/builds/Volibear
Volibear,top,16.19,,Statikk Shiv,Statikk Shiv → Dusk and Dawn,Hullbreaker | Terminus,Terminus | Sterak's Gage | Spirit Visage,Guinsoo's Rageblade | Randuin's Omen | Riftmaker,Statikk Shiv → Dusk and Dawn → Hullbreaker → Terminus → Randuin's Omen ; Statikk Shiv → Dusk and Dawn → Hullbreaker → Randuin's Omen → Riftmaker ; Statikk Shiv → Dusk and Dawn → Hullbreaker → Sterak's Gage → Guinsoo's Rageblade,Pickaxe → Aether Wisp → Scout's Slingshot ; Scout's Slingshot → Pickaxe → Aether Wisp ; Cloth Armor → Aether Wisp → Pickaxe,https://www.onetricks.gg/champions/builds/Volibear
Volibear,top,16.19,,Black Cleaver,Black Cleaver → Riftmaker,Randuin's Omen | Spirit Visage | Zhonya's Hourglass,Zhonya's Hourglass,,Black Cleaver → Riftmaker → Randuin's Omen ; Black Cleaver → Riftmaker → Zhonya's Hourglass ; Black Cleaver → Riftmaker → Spirit Visage → Zhonya's Hourglass,Phage → Pickaxe → Kindlegem,https://www.onetricks.gg/champions/builds/Volibear
Volibear,top,16.19,,Riftmaker,Riftmaker → Navori Flickerblade,Kaenic Rookern | Dusk and Dawn | Thornmail,Spirit Visage | Randuin's Omen,Randuin's Omen | Spirit Visage | Death's Dance,Riftmaker → Navori Flickerblade → Kaenic Rookern → Spirit Visage → Randuin's Omen ; Riftmaker → Navori Flickerblade → Dusk and Dawn → Spirit Visage ; Riftmaker → Navori Flickerblade → Thornmail → Spirit Visage → Randuin's Omen,Haunting Guise → Fiendish Codex,https://www.onetricks.gg/champions/builds/Volibear
Warwick,top,16.19,,Blade of The Ruined King,Blade of The Ruined King → Death's Dance,Maw of Malmortius | Randuin's Omen | Experimental Hexplate,Endless Hunger | Maw of Malmortius | Spirit Visage,Serpent's Fang | Guardian Angel,Blade of The Ruined King → Death's Dance → Experimental Hexplate → Endless Hunger → Serpent's Fang ; Blade of The Ruined King → Death's Dance → Maw of Malmortius → Endless Hunger → Guardian Angel ; Blade of The Ruined King → Death's Dance → Maw of Malmortius → Spirit Visage,Pickaxe → Recurve Bow → Vampiric Scepter ; Vampiric Scepter → Pickaxe → Recurve Bow ; Recurve Bow → Pickaxe → Vampiric Scepter,https://www.onetricks.gg/champions/builds/Warwick
Warwick,top,16.19,,Blade of The Ruined King,Blade of The Ruined King → Stridebreaker,Death's Dance | Sterak's Gage | Spirit Visage,Terminus | Randuin's Omen | Spirit Visage,,Blade of The Ruined King → Stridebreaker → Sterak's Gage → Terminus ; Blade of The Ruined King → Stridebreaker → Frozen Heart → Randuin's Omen ; Blade of The Ruined King → Stridebreaker → Thornmail → Spirit Visage,Pickaxe → Recurve Bow → Vampiric Scepter ; Vampiric Scepter → Pickaxe → Recurve Bow ; Recurve Bow → Pickaxe → Vampiric Scepter,https://www.onetricks.gg/champions/builds/Warwick
Warwick,top,16.19,,Blade of The Ruined King,Blade of The Ruined King → Terminus,Death's Dance | Guinsoo's Rageblade | Endless Hunger,Death's Dance | Spirit Visage | Maw of Malmortius,Death's Dance,Blade of The Ruined King → Terminus → Guinsoo's Rageblade → Death's Dance ; Blade of The Ruined King → Terminus → Death's Dance → Spirit Visage ; Blade of The Ruined King → Terminus → Guinsoo's Rageblade → Maw of Malmortius → Death's Dance,Pickaxe → Recurve Bow → Vampiric Scepter ; Vampiric Scepter → Pickaxe → Recurve Bow ; Recurve Bow → Pickaxe → Vampiric Scepter,https://www.onetricks.gg/champions/builds/Warwick
Warwick,top,16.19,,Blade of The Ruined King,Blade of The Ruined King → Experimental Hexplate,Guinsoo's Rageblade | Guardian Angel | Randuin's Omen,Stridebreaker | Randuin's Omen,,Blade of The Ruined King → Experimental Hexplate → Guinsoo's Rageblade → Stridebreaker ; Blade of The Ruined King → Experimental Hexplate → Guardian Angel → Randuin's Omen ; Blade of The Ruined King → Experimental Hexplate → Randuin's Omen,Pickaxe → Recurve Bow → Vampiric Scepter ; Vampiric Scepter → Pickaxe → Recurve Bow ; Recurve Bow → Pickaxe → Vampiric Scepter,https://www.onetricks.gg/champions/builds/Warwick
Warwick,top,16.19,,Stridebreaker,Stridebreaker → Experimental Hexplate,Sterak's Gage | Death's Dance | Spirit Visage,Spirit Visage | Terminus | Zhonya's Hourglass,,Stridebreaker → Experimental Hexplate → Sterak's Gage → Spirit Visage ; Stridebreaker → Experimental Hexplate → Death's Dance → Terminus ; Stridebreaker → Experimental Hexplate → Spirit Visage → Zhonya's Hourglass,Tiamat → Phage → Dagger,https://www.onetricks.gg/champions/builds/Warwick
Warwick,top,16.19,,Stridebreaker,Stridebreaker → Statikk Shiv,Death's Dance | Nashor's Tooth | Hullbreaker,Death's Dance,,Stridebreaker → Statikk Shiv → Death's Dance ; Stridebreaker → Statikk Shiv → Nashor's Tooth ; Stridebreaker → Statikk Shiv → Hullbreaker → Death's Dance,Tiamat → Phage → Dagger,https://www.onetricks.gg/champions/builds/Warwick
Warwick,top,16.19,,Kraken Slayer,Kraken Slayer → Experimental Hexplate,Death's Dance | Sterak's Gage | Stridebreaker,Death's Dance | Mortal Reminder | Spirit Visage,,Kraken Slayer → Experimental Hexplate → Death's Dance → Spirit Visage ; Kraken Slayer → Experimental Hexplate → Death's Dance → Mortal Reminder ; Kraken Slayer → Experimental Hexplate → Stridebreaker → Death's Dance,Recurve Bow → Hearthbound Axe → Rectrix ; Hearthbound Axe → Recurve Bow → Rectrix ; Recurve Bow → Rectrix → Hearthbound Axe,https://www.onetricks.gg/champions/builds/Warwick
Warwick,top,16.19,,Kraken Slayer,Kraken Slayer → Death's Dance,Blade of The Ruined King | Terminus | Stridebreaker,"Dusk and Dawn | Jak'Sho, The Protean",,"Kraken Slayer → Death's Dance → Blade of The Ruined King → Dusk and Dawn ; Kraken Slayer → Death's Dance → Terminus → Jak'Sho, The Protean ; Kraken Slayer → Death's Dance → Stridebreaker",Recurve Bow → Hearthbound Axe → Rectrix ; Hearthbound Axe → Recurve Bow → Rectrix ; Recurve Bow → Rectrix → Hearthbound Axe,https://www.onetricks.gg/champions/builds/Warwick
Warwick,top,16.19,,Kraken Slayer,Kraken Slayer → Terminus,Guinsoo's Rageblade | Mortal Reminder | Sterak's Gage,Spirit Visage | Thornmail | Death's Dance,Death's Dance,Kraken Slayer → Terminus → Sterak's Gage → Spirit Visage ; Kraken Slayer → Terminus → Guinsoo's Rageblade → Thornmail → Death's Dance ; Kraken Slayer → Terminus → Guinsoo's Rageblade → Death's Dance,Recurve Bow → Hearthbound Axe → Rectrix ; Hearthbound Axe → Recurve Bow → Rectrix ; Recurve Bow → Rectrix → Hearthbound Axe,https://www.onetricks.gg/champions/builds/Warwick
Warwick,top,16.19,,Titanic Hydra,Titanic Hydra → Hullbreaker,Sterak's Gage,,,Titanic Hydra → Hullbreaker → Sterak's Gage,Tiamat → Tunneler → Giant's Belt ; Tiamat → Giant's Belt → Tunneler,https://www.onetricks.gg/champions/builds/Warwick
Warwick,top,16.19,,Titanic Hydra,Titanic Hydra → Experimental Hexplate,Sterak's Gage,Overlord's Bloodmail,Guardian Angel,Titanic Hydra → Experimental Hexplate → Sterak's Gage → Overlord's Bloodmail → Guardian Angel,Tiamat → Tunneler → Giant's Belt ; Tiamat → Giant's Belt → Tunneler,https://www.onetricks.gg/champions/builds/Warwick
Warwick,top,16.19,,Terminus,Terminus → Statikk Shiv,Death's Dance,,,Terminus → Statikk Shiv → Death's Dance,Recurve Bow → Hearthbound Axe,https://www.onetricks.gg/champions/builds/Warwick
Warwick,top,16.19,,Terminus,Terminus → Stridebreaker,Guardian Angel | Death's Dance,Guardian Angel,,Terminus → Stridebreaker → Death's Dance → Guardian Angel ; Terminus → Stridebreaker → Guardian Angel,Recurve Bow → Hearthbound Axe,https://www.onetricks.gg/champions/builds/Warwick
Warwick,top,16.19,,Terminus,Terminus → Guinsoo's Rageblade,Frozen Heart | Death's Dance,Statikk Shiv,,Terminus → Guinsoo's Rageblade → Frozen Heart → Statikk Shiv ; Terminus → Guinsoo's Rageblade → Death's Dance,Recurve Bow → Hearthbound Axe,https://www.onetricks.gg/champions/builds/Warwick
Warwick,top,16.19,,Guinsoo's Rageblade,Guinsoo's Rageblade → Terminus,Statikk Shiv | Death's Dance | Spirit Visage,Thornmail | Statikk Shiv | Randuin's Omen,Frozen Heart | Titanic Hydra,Guinsoo's Rageblade → Terminus → Death's Dance → Randuin's Omen → Titanic Hydra ; Guinsoo's Rageblade → Terminus → Statikk Shiv → Thornmail ; Guinsoo's Rageblade → Terminus → Statikk Shiv → Death's Dance,,https://www.onetricks.gg/champions/builds/Warwick
Xayah,bot,16.19,,Yun Tal Wildarrows,Yun Tal Wildarrows → Infinity Edge,Navori Flickerblade | Lord Dominik's Regards | Mortal Reminder,Lord Dominik's Regards | Navori Flickerblade | Bloodthirster,Guardian Angel | Bloodthirster | Kraken Slayer,Yun Tal Wildarrows → Infinity Edge → Navori Flickerblade → Lord Dominik's Regards ; Yun Tal Wildarrows → Infinity Edge → Lord Dominik's Regards → Navori Flickerblade ; Yun Tal Wildarrows → Infinity Edge → Lord Dominik's Regards → Bloodthirster,Cull → B. F. Sword → Scout's Slingshot ; B. F. Sword → Scout's Slingshot → Long Sword ; Scout's Slingshot → B. F. Sword → Long Sword,https://www.onetricks.gg/champions/builds/Xayah
Xayah,bot,16.19,,Yun Tal Wildarrows,Yun Tal Wildarrows → Navori Flickerblade,Infinity Edge | Lord Dominik's Regards | Mortal Reminder,Lord Dominik's Regards | Infinity Edge | Mortal Reminder,Bloodthirster | Maw of Malmortius | Guardian Angel,Yun Tal Wildarrows → Navori Flickerblade → Infinity Edge → Lord Dominik's Regards ; Yun Tal Wildarrows → Navori Flickerblade → Lord Dominik's Regards → Infinity Edge ; Yun Tal Wildarrows → Navori Flickerblade → Infinity Edge → Mortal Reminder,Cull → B. F. Sword → Scout's Slingshot ; B. F. Sword → Scout's Slingshot → Long Sword ; Scout's Slingshot → B. F. Sword → Long Sword,https://www.onetricks.gg/champions/builds/Xayah
Xayah,bot,16.19,,Yun Tal Wildarrows,Yun Tal Wildarrows → Phantom Dancer,Infinity Edge | Mortal Reminder,Mortal Reminder | Maw of Malmortius | Infinity Edge,Kraken Slayer | Serpent's Fang,Yun Tal Wildarrows → Phantom Dancer → Infinity Edge → Mortal Reminder → Kraken Slayer ; Yun Tal Wildarrows → Phantom Dancer → Infinity Edge → Maw of Malmortius ; Yun Tal Wildarrows → Phantom Dancer → Infinity Edge → Kraken Slayer,Cull → B. F. Sword → Scout's Slingshot ; B. F. Sword → Scout's Slingshot → Long Sword ; Scout's Slingshot → B. F. Sword → Long Sword,https://www.onetricks.gg/champions/builds/Xayah
Xayah,bot,16.19,,Deprecated item,Deprecated item → Navori Flickerblade,Lord Dominik's Regards | Infinity Edge | Mortal Reminder,Infinity Edge | Lord Dominik's Regards | Bloodthirster,Mortal Reminder | Bloodthirster | Mercurial Scimitar,Deprecated item → Navori Flickerblade → Lord Dominik's Regards → Infinity Edge ; Deprecated item → Navori Flickerblade → Infinity Edge → Lord Dominik's Regards ; Deprecated item → Navori Flickerblade → Lord Dominik's Regards → Infinity Edge → Mortal Reminder,B. F. Sword → Scout's Slingshot → Cloak of Agility ; Cull → B. F. Sword → Scout's Slingshot ; Cull → Scout's Slingshot → B. F. Sword,https://www.onetricks.gg/champions/builds/Xayah
Xayah,bot,16.19,,Deprecated item,Deprecated item → Infinity Edge,Navori Flickerblade | Lord Dominik's Regards,Lord Dominik's Regards | Immortal Shieldbow | Hexoptics C44,Guardian Angel | Bloodthirster | Mercurial Scimitar,Deprecated item → Infinity Edge → Navori Flickerblade → Lord Dominik's Regards ; Deprecated item → Infinity Edge → Lord Dominik's Regards → Hexoptics C44 ; Deprecated item → Infinity Edge → Lord Dominik's Regards → Immortal Shieldbow,B. F. Sword → Scout's Slingshot → Cloak of Agility ; Cull → B. F. Sword → Scout's Slingshot ; Cull → Scout's Slingshot → B. F. Sword,https://www.onetricks.gg/champions/builds/Xayah
Xayah,bot,16.19,,Essence Reaver,Essence Reaver → Navori Flickerblade,Infinity Edge | Lord Dominik's Regards,Lord Dominik's Regards | Mortal Reminder | Infinity Edge,Guardian Angel | Bloodthirster | Mercurial Scimitar,Essence Reaver → Navori Flickerblade → Infinity Edge → Lord Dominik's Regards → Guardian Angel ; Essence Reaver → Navori Flickerblade → Infinity Edge → Lord Dominik's Regards → Bloodthirster ; Essence Reaver → Navori Flickerblade → Infinity Edge → Mortal Reminder,Caulfield's Warhammer → Cloak of Agility → Sheen ; Caulfield's Warhammer → Sheen → Cloak of Agility ; Sheen → Caulfield's Warhammer → Cloak of Agility,https://www.onetricks.gg/champions/builds/Xayah
Xayah,bot,16.19,,Essence Reaver,Essence Reaver → Infinity Edge,Navori Flickerblade | Lord Dominik's Regards,Lord Dominik's Regards,,Essence Reaver → Infinity Edge → Lord Dominik's Regards ; Essence Reaver → Infinity Edge → Navori Flickerblade → Lord Dominik's Regards,Caulfield's Warhammer → Cloak of Agility → Sheen ; Caulfield's Warhammer → Sheen → Cloak of Agility ; Sheen → Caulfield's Warhammer → Cloak of Agility,https://www.onetricks.gg/champions/builds/Xayah
Xayah,bot,16.19,,The Collector,The Collector → Navori Flickerblade,Infinity Edge | Mortal Reminder | Lord Dominik's Regards,Infinity Edge | Mortal Reminder | Lord Dominik's Regards,Mercurial Scimitar | Guardian Angel | Lord Dominik's Regards,The Collector → Navori Flickerblade → Mortal Reminder → Infinity Edge ; The Collector → Navori Flickerblade → Lord Dominik's Regards → Infinity Edge ; The Collector → Navori Flickerblade → Infinity Edge → Mortal Reminder,Serrated Dirk → Pickaxe → Cloak of Agility ; Serrated Dirk → Cloak of Agility → Pickaxe ; Pickaxe → Serrated Dirk → Cloak of Agility,https://www.onetricks.gg/champions/builds/Xayah
Xayah,bot,16.19,,The Collector,The Collector → Infinity Edge,Navori Flickerblade,Mortal Reminder | Lord Dominik's Regards,Mercurial Scimitar | Serpent's Fang,The Collector → Infinity Edge → Navori Flickerblade → Mortal Reminder → Serpent's Fang ; The Collector → Infinity Edge → Navori Flickerblade → Lord Dominik's Regards → Mercurial Scimitar ; The Collector → Infinity Edge → Navori Flickerblade → Mortal Reminder,Serrated Dirk → Pickaxe → Cloak of Agility ; Serrated Dirk → Cloak of Agility → Pickaxe ; Pickaxe → Serrated Dirk → Cloak of Agility,https://www.onetricks.gg/champions/builds/Xayah
Xayah,bot,16.19,,Hexoptics C44,Hexoptics C44 → Navori Flickerblade,Infinity Edge | Lord Dominik's Regards,Mortal Reminder | Infinity Edge | Lord Dominik's Regards,Guardian Angel | Serpent's Fang,Hexoptics C44 → Navori Flickerblade → Infinity Edge → Mortal Reminder ; Hexoptics C44 → Navori Flickerblade → Lord Dominik's Regards → Infinity Edge ; Hexoptics C44 → Navori Flickerblade → Infinity Edge → Lord Dominik's Regards,Pickaxe → Noonquiver → Long Sword ; Berserker's Greaves → Pickaxe → Noonquiver,https://www.onetricks.gg/champions/builds/Xayah
Xayah,bot,16.19,,Hexoptics C44,Hexoptics C44 → Infinity Edge,Navori Flickerblade,Lord Dominik's Regards,Guardian Angel,Hexoptics C44 → Infinity Edge → Navori Flickerblade → Lord Dominik's Regards → Guardian Angel,Pickaxe → Noonquiver → Long Sword ; Berserker's Greaves → Pickaxe → Noonquiver,https://www.onetricks.gg/champions/builds/Xayah
Xayah,bot,16.19,,Hubris,Hubris → The Collector,Mortal Reminder | Infinity Edge | Serpent's Fang,Infinity Edge | Mortal Reminder,Edge of Night,Hubris → The Collector → Mortal Reminder → Infinity Edge → Edge of Night ; Hubris → The Collector → Serpent's Fang → Mortal Reminder ; Hubris → The Collector → Infinity Edge → Mortal Reminder,Serrated Dirk → Caulfield's Warhammer,https://www.onetricks.gg/champions/builds/Xayah
Xerath,mid,16.19,,Luden's Echo,Luden's Echo → Shadowflame,Rabadon's Deathcap | Horizon Focus | Stormsurge,Void Staff | Rabadon's Deathcap | Mejai's Soulstealer,Void Staff | Mejai's Soulstealer | Stormsurge,Luden's Echo → Shadowflame → Rabadon's Deathcap → Void Staff ; Luden's Echo → Shadowflame → Stormsurge → Rabadon's Deathcap → Void Staff ; Luden's Echo → Shadowflame → Rabadon's Deathcap → Void Staff → Stormsurge,Dark Seal → Lost Chapter → Hextech Alternator ; Lost Chapter → Dark Seal → Hextech Alternator ; Lost Chapter → Hextech Alternator,https://www.onetricks.gg/champions/builds/Xerath
Xerath,mid,16.19,,Luden's Echo,Luden's Echo → Horizon Focus,Shadowflame | Rabadon's Deathcap | Mejai's Soulstealer,Rabadon's Deathcap | Void Staff | Stormsurge,Void Staff | Shadowflame,Luden's Echo → Horizon Focus → Shadowflame → Rabadon's Deathcap ; Luden's Echo → Horizon Focus → Rabadon's Deathcap → Void Staff ; Luden's Echo → Horizon Focus → Shadowflame → Stormsurge,Dark Seal → Lost Chapter → Hextech Alternator ; Lost Chapter → Dark Seal → Hextech Alternator ; Lost Chapter → Hextech Alternator,https://www.onetricks.gg/champions/builds/Xerath
Xerath,mid,16.19,,Luden's Echo,Luden's Echo → Stormsurge,Rylai's Crystal Scepter | Mejai's Soulstealer | Shadowflame,Mejai's Soulstealer | Rabadon's Deathcap | Shadowflame,Mejai's Soulstealer,Luden's Echo → Stormsurge → Rylai's Crystal Scepter → Mejai's Soulstealer ; Luden's Echo → Stormsurge → Shadowflame → Rabadon's Deathcap → Mejai's Soulstealer ; Luden's Echo → Stormsurge → Mejai's Soulstealer → Shadowflame,Dark Seal → Lost Chapter → Hextech Alternator ; Lost Chapter → Dark Seal → Hextech Alternator ; Lost Chapter → Hextech Alternator,https://www.onetricks.gg/champions/builds/Xerath
Xerath,mid,16.19,,Luden's Echo,Luden's Echo → Mejai's Soulstealer,Stormsurge | Shadowflame | Horizon Focus,Shadowflame | Zhonya's Hourglass | Stormsurge,Shadowflame,Luden's Echo → Mejai's Soulstealer → Stormsurge → Shadowflame ; Luden's Echo → Mejai's Soulstealer → Hextech Rocketbelt → Stormsurge → Shadowflame ; Luden's Echo → Mejai's Soulstealer → Rabadon's Deathcap → Zhonya's Hourglass,Dark Seal → Lost Chapter → Hextech Alternator ; Lost Chapter → Dark Seal → Hextech Alternator ; Lost Chapter → Hextech Alternator,https://www.onetricks.gg/champions/builds/Xerath
Xerath,mid,16.19,,Malignance,Malignance → Shadowflame,Stormsurge,,,Malignance → Shadowflame → Stormsurge,Dark Seal → Lost Chapter → Blasting Wand ; Lost Chapter → Blasting Wand ; Blasting Wand → Lost Chapter,https://www.onetricks.gg/champions/builds/Xerath
Xerath,mid,16.19,,Malignance,Malignance → Horizon Focus,Mejai's Soulstealer | Zhonya's Hourglass,Void Staff | Zhonya's Hourglass | Stormsurge,,Malignance → Horizon Focus → Mejai's Soulstealer → Zhonya's Hourglass ; Malignance → Horizon Focus → Mejai's Soulstealer → Stormsurge ; Malignance → Horizon Focus → Zhonya's Hourglass → Void Staff,Dark Seal → Lost Chapter → Blasting Wand ; Lost Chapter → Blasting Wand ; Blasting Wand → Lost Chapter,https://www.onetricks.gg/champions/builds/Xerath
Xerath,mid,16.19,,Malignance,Malignance → Rylai's Crystal Scepter,Shadowflame,Rabadon's Deathcap,,Malignance → Rylai's Crystal Scepter → Shadowflame → Rabadon's Deathcap,Dark Seal → Lost Chapter → Blasting Wand ; Lost Chapter → Blasting Wand ; Blasting Wand → Lost Chapter,https://www.onetricks.gg/champions/builds/Xerath
Xerath,mid,16.19,,Malignance,Malignance → Rabadon's Deathcap,Banshee's Veil | Mejai's Soulstealer | Void Staff,Banshee's Veil | Mejai's Soulstealer,Void Staff,Malignance → Rabadon's Deathcap → Banshee's Veil → Mejai's Soulstealer → Void Staff ; Malignance → Rabadon's Deathcap → Void Staff → Banshee's Veil ; Malignance → Rabadon's Deathcap → Mejai's Soulstealer → Banshee's Veil,Dark Seal → Lost Chapter → Blasting Wand ; Lost Chapter → Blasting Wand ; Blasting Wand → Lost Chapter,https://www.onetricks.gg/champions/builds/Xerath
Xerath,mid,16.19,,Blackfire Torch,Blackfire Torch → Horizon Focus,Void Staff | Mejai's Soulstealer,Shadowflame,,Blackfire Torch → Horizon Focus → Void Staff ; Blackfire Torch → Horizon Focus → Mejai's Soulstealer → Shadowflame,Dark Seal → Lost Chapter → Fated Ashes ; Lost Chapter → Dark Seal → Fated Ashes ; Dark Seal → Lost Chapter → Sorcerer's Shoes,https://www.onetricks.gg/champions/builds/Xerath
Xerath,mid,16.19,,Blackfire Torch,Blackfire Torch → Liandry's Torment,Void Staff | Cryptbloom,Mejai's Soulstealer,,Blackfire Torch → Liandry's Torment → Void Staff → Mejai's Soulstealer ; Blackfire Torch → Liandry's Torment → Cryptbloom,Dark Seal → Lost Chapter → Fated Ashes ; Lost Chapter → Dark Seal → Fated Ashes ; Dark Seal → Lost Chapter → Sorcerer's Shoes,https://www.onetricks.gg/champions/builds/Xerath
Xerath,mid,16.19,,Blackfire Torch,Blackfire Torch → Rabadon's Deathcap,Mejai's Soulstealer | Zhonya's Hourglass,Banshee's Veil,,Blackfire Torch → Rabadon's Deathcap → Mejai's Soulstealer → Banshee's Veil ; Blackfire Torch → Rabadon's Deathcap → Zhonya's Hourglass,Dark Seal → Lost Chapter → Fated Ashes ; Lost Chapter → Dark Seal → Fated Ashes ; Dark Seal → Lost Chapter → Sorcerer's Shoes,https://www.onetricks.gg/champions/builds/Xerath
XinZhao,jungle,16.19,,Titanic Hydra,Titanic Hydra → Black Cleaver,Death's Dance | Guardian Angel | Maw of Malmortius,Maw of Malmortius | Force of Nature | Spirit Visage,Guardian Angel | Chempunk Chainsword,Titanic Hydra → Black Cleaver → Death's Dance → Maw of Malmortius ; Titanic Hydra → Black Cleaver → Sundered Sky → Force of Nature ; Titanic Hydra → Black Cleaver → Death's Dance → Spirit Visage,Tunneler → Tiamat → Giant's Belt ; Tiamat → Tunneler → Giant's Belt ; Tunneler → Giant's Belt → Tiamat,https://www.onetricks.gg/champions/builds/XinZhao
XinZhao,jungle,16.19,,Titanic Hydra,Titanic Hydra → Death's Dance,Mortal Reminder | Guardian Angel | Sundered Sky,Immortal Shieldbow | Blade of The Ruined King | Maw of Malmortius,Blade of The Ruined King | Immortal Shieldbow,Titanic Hydra → Death's Dance → Mortal Reminder → Immortal Shieldbow → Blade of The Ruined King ; Titanic Hydra → Death's Dance → Mortal Reminder → Maw of Malmortius → Blade of The Ruined King ; Titanic Hydra → Death's Dance → Mortal Reminder → Blade of The Ruined King → Immortal Shieldbow,Tunneler → Tiamat → Giant's Belt ; Tiamat → Tunneler → Giant's Belt ; Tunneler → Giant's Belt → Tiamat,https://www.onetricks.gg/champions/builds/XinZhao
XinZhao,jungle,16.19,,Titanic Hydra,Titanic Hydra → Mortal Reminder,Death's Dance | Infinity Edge,Sterak's Gage | Death's Dance,,Titanic Hydra → Mortal Reminder → Death's Dance → Sterak's Gage ; Titanic Hydra → Mortal Reminder → Infinity Edge → Death's Dance,Tunneler → Tiamat → Giant's Belt ; Tiamat → Tunneler → Giant's Belt ; Tunneler → Giant's Belt → Tiamat,https://www.onetricks.gg/champions/builds/XinZhao
XinZhao,jungle,16.19,,Statikk Shiv,Statikk Shiv → Black Cleaver,Death's Dance | Maw of Malmortius,Bandlepipes | Guardian Angel,Guardian Angel,Statikk Shiv → Black Cleaver → Death's Dance → Bandlepipes ; Statikk Shiv → Black Cleaver → Death's Dance → Guardian Angel ; Statikk Shiv → Black Cleaver → Death's Dance → Bandlepipes → Guardian Angel,Pickaxe → Scout's Slingshot → Aether Wisp ; Pickaxe → Aether Wisp → Scout's Slingshot ; Pickaxe → Dark Seal → Scout's Slingshot,https://www.onetricks.gg/champions/builds/XinZhao
XinZhao,jungle,16.19,,Statikk Shiv,Statikk Shiv → Death's Dance,Sterak's Gage | Guardian Angel,Guardian Angel,,Statikk Shiv → Death's Dance → Sterak's Gage → Guardian Angel ; Statikk Shiv → Death's Dance → Guardian Angel,Pickaxe → Scout's Slingshot → Aether Wisp ; Pickaxe → Aether Wisp → Scout's Slingshot ; Pickaxe → Dark Seal → Scout's Slingshot,https://www.onetricks.gg/champions/builds/XinZhao
XinZhao,jungle,16.19,,Spear of Shojin,Spear of Shojin → Black Cleaver,Death's Dance | Serpent's Fang | Force of Nature,Sterak's Gage | Maw of Malmortius | Chempunk Chainsword,,Spear of Shojin → Black Cleaver → Death's Dance → Sterak's Gage ; Spear of Shojin → Black Cleaver → Serpent's Fang → Chempunk Chainsword ; Spear of Shojin → Black Cleaver → Force of Nature → Maw of Malmortius,Pickaxe → Boots → Tunneler ; Pickaxe → Tunneler → Ruby Crystal ; Pickaxe → Dark Seal → Tunneler,https://www.onetricks.gg/champions/builds/XinZhao
XinZhao,jungle,16.19,,Eclipse,Eclipse → Sundered Sky,Black Cleaver | Maw of Malmortius,Force of Nature,,Eclipse → Sundered Sky → Maw of Malmortius → Force of Nature ; Eclipse → Sundered Sky → Black Cleaver,Pickaxe → Caulfield's Warhammer → Long Sword ; Pickaxe,https://www.onetricks.gg/champions/builds/XinZhao
XinZhao,jungle,16.19,,Sundered Sky,Sundered Sky → Black Cleaver,Death's Dance,Maw of Malmortius,,Sundered Sky → Black Cleaver → Death's Dance → Maw of Malmortius,Tunneler,https://www.onetricks.gg/champions/builds/XinZhao
XinZhao,jungle,16.19,,Black Cleaver,Black Cleaver → Titanic Hydra,Death's Dance,Sterak's Gage,,Black Cleaver → Titanic Hydra → Death's Dance → Sterak's Gage,Pickaxe → Phage → Kindlegem ; Dark Seal → Pickaxe → Phage ; Phage → Pickaxe → Kindlegem,https://www.onetricks.gg/champions/builds/XinZhao
Yasuo,mid,16.19,,Immortal Shieldbow,Immortal Shieldbow → Infinity Edge,Death's Dance | Lord Dominik's Regards | Guardian Angel,Guardian Angel | Death's Dance | Randuin's Omen,Guardian Angel | Kaenic Rookern | Lord Dominik's Regards,Immortal Shieldbow → Infinity Edge → Death's Dance → Guardian Angel ; Immortal Shieldbow → Infinity Edge → Death's Dance → Randuin's Omen ; Immortal Shieldbow → Infinity Edge → Lord Dominik's Regards → Death's Dance,Berserker's Greaves → Noonquiver → Pickaxe ; Berserker's Greaves → Pickaxe → Noonquiver ; Berserker's Greaves → Cloak of Agility → Pickaxe,https://www.onetricks.gg/champions/builds/Yasuo
Yasuo,mid,16.19,,Immortal Shieldbow,Immortal Shieldbow → Lord Dominik's Regards,Death's Dance | Infinity Edge | Kaenic Rookern,Guardian Angel | Death's Dance | Mercurial Scimitar,Guardian Angel | Mercurial Scimitar | Force of Nature,Immortal Shieldbow → Lord Dominik's Regards → Death's Dance → Guardian Angel ; Immortal Shieldbow → Lord Dominik's Regards → Death's Dance → Randuin's Omen ; Immortal Shieldbow → Lord Dominik's Regards → Infinity Edge → Death's Dance,Berserker's Greaves → Noonquiver → Pickaxe ; Berserker's Greaves → Pickaxe → Noonquiver ; Berserker's Greaves → Cloak of Agility → Pickaxe,https://www.onetricks.gg/champions/builds/Yasuo
Yasuo,mid,16.19,,Immortal Shieldbow,Immortal Shieldbow → Mortal Reminder,Death's Dance | Infinity Edge | Force of Nature,Guardian Angel | Randuin's Omen | Death's Dance,,Immortal Shieldbow → Mortal Reminder → Death's Dance → Guardian Angel ; Immortal Shieldbow → Mortal Reminder → Infinity Edge → Randuin's Omen ; Immortal Shieldbow → Mortal Reminder → Force of Nature → Death's Dance,Berserker's Greaves → Noonquiver → Pickaxe ; Berserker's Greaves → Pickaxe → Noonquiver ; Berserker's Greaves → Cloak of Agility → Pickaxe,https://www.onetricks.gg/champions/builds/Yasuo
Yasuo,mid,16.19,,Blade of The Ruined King,Blade of The Ruined King → Immortal Shieldbow,Mortal Reminder | Lord Dominik's Regards | Infinity Edge,Death's Dance | Guardian Angel | Spirit Visage,Guardian Angel | Mortal Reminder | Spirit Visage,Blade of The Ruined King → Immortal Shieldbow → Mortal Reminder → Death's Dance ; Blade of The Ruined King → Immortal Shieldbow → Mortal Reminder → Guardian Angel ; Blade of The Ruined King → Immortal Shieldbow → Mortal Reminder → Death's Dance → Guardian Angel,Recurve Bow → Berserker's Greaves → Vampiric Scepter ; Berserker's Greaves → Vampiric Scepter → Recurve Bow ; Recurve Bow → Berserker's Greaves → Pickaxe,https://www.onetricks.gg/champions/builds/Yasuo
Yasuo,mid,16.19,,Deprecated item,Deprecated item → Immortal Shieldbow,Death's Dance | Lord Dominik's Regards | Infinity Edge,Death's Dance | Guardian Angel | Infinity Edge,Death's Dance | Lord Dominik's Regards,Deprecated item → Immortal Shieldbow → Infinity Edge → Death's Dance ; Deprecated item → Immortal Shieldbow → Mortal Reminder → Death's Dance ; Deprecated item → Immortal Shieldbow → Death's Dance → Infinity Edge,Berserker's Greaves → B. F. Sword → Cloak of Agility ; Berserker's Greaves → Cloak of Agility → B. F. Sword ; Berserker's Greaves → Cloak of Agility → Scout's Slingshot,https://www.onetricks.gg/champions/builds/Yasuo
Yasuo,mid,16.19,,Deprecated item,Deprecated item → Infinity Edge,Death's Dance | Immortal Shieldbow | Force of Nature,Death's Dance,Randuin's Omen,Deprecated item → Infinity Edge → Death's Dance ; Deprecated item → Infinity Edge → Immortal Shieldbow → Death's Dance → Randuin's Omen,Berserker's Greaves → B. F. Sword → Cloak of Agility ; Berserker's Greaves → Cloak of Agility → B. F. Sword ; Berserker's Greaves → Cloak of Agility → Scout's Slingshot,https://www.onetricks.gg/champions/builds/Yasuo
Yasuo,mid,16.19,,Kraken Slayer,Kraken Slayer → Immortal Shieldbow,Infinity Edge | Mortal Reminder | Lord Dominik's Regards,Guardian Angel | Death's Dance,,Kraken Slayer → Immortal Shieldbow → Infinity Edge → Guardian Angel ; Kraken Slayer → Immortal Shieldbow → Mortal Reminder → Guardian Angel ; Kraken Slayer → Immortal Shieldbow → Infinity Edge → Death's Dance,Berserker's Greaves → Recurve Bow → Hearthbound Axe ; Berserker's Greaves → Recurve Bow → Rectrix ; Recurve Bow → Hearthbound Axe → Rectrix,https://www.onetricks.gg/champions/builds/Yasuo
Yasuo,mid,16.19,,Phantom Dancer,Phantom Dancer → Infinity Edge,Death's Dance | Lord Dominik's Regards | Guardian Angel,Wit's End | Randuin's Omen | Mercurial Scimitar,Immortal Shieldbow | Dead Man's Plate | Randuin's Omen,Phantom Dancer → Infinity Edge → Lord Dominik's Regards → Wit's End → Immortal Shieldbow ; Phantom Dancer → Infinity Edge → Death's Dance → Randuin's Omen ; Phantom Dancer → Infinity Edge → Death's Dance → Mercurial Scimitar → Dead Man's Plate,Zeal,https://www.onetricks.gg/champions/builds/Yasuo
Yasuo,mid,16.19,,Yun Tal Wildarrows,Yun Tal Wildarrows → Immortal Shieldbow,Death's Dance | Mortal Reminder | Lord Dominik's Regards,Mortal Reminder | Force of Nature | Kaenic Rookern,Kaenic Rookern,Yun Tal Wildarrows → Immortal Shieldbow → Death's Dance → Mortal Reminder ; Yun Tal Wildarrows → Immortal Shieldbow → Mortal Reminder → Force of Nature ; Yun Tal Wildarrows → Immortal Shieldbow → Death's Dance → Guardian Angel → Kaenic Rookern,B. F. Sword → Berserker's Greaves → Scout's Slingshot ; B. F. Sword → Scout's Slingshot → Long Sword,https://www.onetricks.gg/champions/builds/Yasuo
Yone,mid,16.19,,Immortal Shieldbow,Immortal Shieldbow → Infinity Edge,Death's Dance | Lord Dominik's Regards | Bloodthirster,Guardian Angel | Mortal Reminder | Death's Dance,Guardian Angel | Mercurial Scimitar | Wit's End,Immortal Shieldbow → Infinity Edge → Death's Dance → Guardian Angel ; Immortal Shieldbow → Infinity Edge → Death's Dance → Mortal Reminder ; Immortal Shieldbow → Infinity Edge → Death's Dance → Randuin's Omen,Berserker's Greaves → Noonquiver → Pickaxe ; Berserker's Greaves → Pickaxe → Noonquiver ; Berserker's Greaves → Cloak of Agility → Pickaxe,https://www.onetricks.gg/champions/builds/Yone
Yone,mid,16.19,,Immortal Shieldbow,Immortal Shieldbow → Lord Dominik's Regards,Death's Dance | Infinity Edge | The Collector,Guardian Angel | Endless Hunger | Hexoptics C44,Mortal Reminder,Immortal Shieldbow → Lord Dominik's Regards → Death's Dance → Endless Hunger ; Immortal Shieldbow → Lord Dominik's Regards → Death's Dance → Guardian Angel ; Immortal Shieldbow → Lord Dominik's Regards → Infinity Edge → Guardian Angel → Mortal Reminder,Berserker's Greaves → Noonquiver → Pickaxe ; Berserker's Greaves → Pickaxe → Noonquiver ; Berserker's Greaves → Cloak of Agility → Pickaxe,https://www.onetricks.gg/champions/builds/Yone
Yone,mid,16.19,,Immortal Shieldbow,Immortal Shieldbow → Mortal Reminder,Death's Dance | Infinity Edge | Kaenic Rookern,"Randuin's Omen | Death's Dance | Jak'Sho, The Protean",Guardian Angel,"Immortal Shieldbow → Mortal Reminder → Death's Dance → Randuin's Omen ; Immortal Shieldbow → Mortal Reminder → Infinity Edge → Death's Dance → Guardian Angel ; Immortal Shieldbow → Mortal Reminder → Death's Dance → Jak'Sho, The Protean → Guardian Angel",Berserker's Greaves → Noonquiver → Pickaxe ; Berserker's Greaves → Pickaxe → Noonquiver ; Berserker's Greaves → Cloak of Agility → Pickaxe,https://www.onetricks.gg/champions/builds/Yone
Yone,mid,16.19,,Blade of The Ruined King,Blade of The Ruined King → Immortal Shieldbow,Infinity Edge | Mortal Reminder | Lord Dominik's Regards,"Death's Dance | Guardian Angel | Jak'Sho, The Protean",Death's Dance | Infinity Edge | Mortal Reminder,Blade of The Ruined King → Immortal Shieldbow → Infinity Edge → Death's Dance ; Blade of The Ruined King → Immortal Shieldbow → Lord Dominik's Regards → Death's Dance ; Blade of The Ruined King → Immortal Shieldbow → Infinity Edge → Guardian Angel,Berserker's Greaves → Vampiric Scepter → Recurve Bow ; Berserker's Greaves → Vampiric Scepter → Pickaxe ; Berserker's Greaves → Recurve Bow → Vampiric Scepter,https://www.onetricks.gg/champions/builds/Yone
Yone,mid,16.19,,Deprecated item,Deprecated item → Immortal Shieldbow,Infinity Edge | Death's Dance | Lord Dominik's Regards,Death's Dance | Infinity Edge | Guardian Angel,Guardian Angel | Mercurial Scimitar | Death's Dance,Deprecated item → Immortal Shieldbow → Infinity Edge → Death's Dance ; Deprecated item → Immortal Shieldbow → Death's Dance → Infinity Edge ; Deprecated item → Immortal Shieldbow → Infinity Edge → Death's Dance → Guardian Angel,Berserker's Greaves → Cloak of Agility → Scout's Slingshot ; Berserker's Greaves → B. F. Sword → Cloak of Agility ; Berserker's Greaves → Scout's Slingshot → Cloak of Agility,https://www.onetricks.gg/champions/builds/Yone
Yone,mid,16.19,,Deprecated item,Deprecated item → Infinity Edge,Death's Dance | Lord Dominik's Regards | Force of Nature,Guardian Angel | Spirit Visage | Death's Dance,,Deprecated item → Infinity Edge → Death's Dance → Spirit Visage ; Deprecated item → Infinity Edge → Death's Dance → Guardian Angel ; Deprecated item → Infinity Edge → Force of Nature → Death's Dance,Berserker's Greaves → Cloak of Agility → Scout's Slingshot ; Berserker's Greaves → B. F. Sword → Cloak of Agility ; Berserker's Greaves → Scout's Slingshot → Cloak of Agility,https://www.onetricks.gg/champions/builds/Yone
Yone,mid,16.19,,Yun Tal Wildarrows,Yun Tal Wildarrows → Infinity Edge,Death's Dance | Immortal Shieldbow | Serpent's Fang,Randuin's Omen,,Yun Tal Wildarrows → Infinity Edge → Death's Dance → Randuin's Omen ; Yun Tal Wildarrows → Infinity Edge → Immortal Shieldbow ; Yun Tal Wildarrows → Infinity Edge → Serpent's Fang,Berserker's Greaves → B. F. Sword → Scout's Slingshot,https://www.onetricks.gg/champions/builds/Yone
Yone,mid,16.19,,Yun Tal Wildarrows,Yun Tal Wildarrows → Immortal Shieldbow,Death's Dance | Infinity Edge,Death's Dance,,Yun Tal Wildarrows → Immortal Shieldbow → Death's Dance ; Yun Tal Wildarrows → Immortal Shieldbow → Infinity Edge → Death's Dance,Berserker's Greaves → B. F. Sword → Scout's Slingshot,https://www.onetricks.gg/champions/builds/Yone
Yone,mid,16.19,,Phantom Dancer,Phantom Dancer → Infinity Edge,Death's Dance,Blade of The Ruined King,,Phantom Dancer → Infinity Edge → Death's Dance → Blade of The Ruined King,Zeal,https://www.onetricks.gg/champions/builds/Yone
Yone,mid,16.19,,Phantom Dancer,Phantom Dancer → Immortal Shieldbow,Death's Dance,,,Phantom Dancer → Immortal Shieldbow → Death's Dance,Zeal,https://www.onetricks.gg/champions/builds/Yone
Yone,mid,16.19,,Kraken Slayer,Kraken Slayer → Immortal Shieldbow,Infinity Edge | Mortal Reminder | Zeke's Convergence,"Mortal Reminder | Death's Dance | Jak'Sho, The Protean",Bloodthirster,"Kraken Slayer → Immortal Shieldbow → Infinity Edge → Death's Dance → Bloodthirster ; Kraken Slayer → Immortal Shieldbow → Infinity Edge → Mortal Reminder ; Kraken Slayer → Immortal Shieldbow → Infinity Edge → Jak'Sho, The Protean",Berserker's Greaves → Recurve Bow → Hearthbound Axe,https://www.onetricks.gg/champions/builds/Yone
Yorick,top,16.19,,Trinity Force,Trinity Force → Spear of Shojin,Sterak's Gage | Serylda's Grudge | Chempunk Chainsword,Sterak's Gage | Mortal Reminder | Spirit Visage,Randuin's Omen | Liandry's Torment | Death's Dance,Trinity Force → Spear of Shojin → Death's Dance → Spirit Visage ; Trinity Force → Spear of Shojin → Chempunk Chainsword → Sterak's Gage ; Trinity Force → Spear of Shojin → Sterak's Gage → Lord Dominik's Regards → Death's Dance,Sheen → Phage → Hearthbound Axe ; Phage → Sheen → Hearthbound Axe ; Plated Steelcaps → Sheen → Phage,https://www.onetricks.gg/champions/builds/Yorick
Yorick,top,16.19,,Trinity Force,Trinity Force → Black Cleaver,Sterak's Gage | Spear of Shojin | Chempunk Chainsword,"Spear of Shojin | Endless Hunger | Jak'Sho, The Protean",Liandry's Torment | Sundered Sky | Frozen Heart,Trinity Force → Black Cleaver → Sterak's Gage → Spear of Shojin ; Trinity Force → Black Cleaver → Maw of Malmortius → Endless Hunger ; Trinity Force → Black Cleaver → Sterak's Gage → Spear of Shojin → Liandry's Torment,Sheen → Phage → Hearthbound Axe ; Phage → Sheen → Hearthbound Axe ; Plated Steelcaps → Sheen → Phage,https://www.onetricks.gg/champions/builds/Yorick
Yorick,top,16.19,,Trinity Force,Trinity Force → Titanic Hydra,Hullbreaker | Frozen Heart | Dead Man's Plate,"Dead Man's Plate | Force of Nature | Jak'Sho, The Protean",Overlord's Bloodmail | Thornmail | Randuin's Omen,Trinity Force → Titanic Hydra → Hullbreaker → Dead Man's Plate ; Trinity Force → Titanic Hydra → Hullbreaker → Force of Nature ; Trinity Force → Titanic Hydra → Hullbreaker → Dead Man's Plate → Thornmail,Sheen → Phage → Hearthbound Axe ; Phage → Sheen → Hearthbound Axe ; Plated Steelcaps → Sheen → Phage,https://www.onetricks.gg/champions/builds/Yorick
Yorick,top,16.19,,Trinity Force,Trinity Force → Serylda's Grudge,Spear of Shojin | Youmuu's Ghostblade | Kaenic Rookern,Hullbreaker | Liandry's Torment | Frozen Heart,Randuin's Omen | Serpent's Fang | Youmuu's Ghostblade,Trinity Force → Serylda's Grudge → Spear of Shojin → Hullbreaker → Randuin's Omen ; Trinity Force → Serylda's Grudge → Spear of Shojin → Liandry's Torment → Serpent's Fang ; Trinity Force → Serylda's Grudge → Youmuu's Ghostblade → Frozen Heart,Sheen → Phage → Hearthbound Axe ; Phage → Sheen → Hearthbound Axe ; Plated Steelcaps → Sheen → Phage,https://www.onetricks.gg/champions/builds/Yorick
Yorick,top,16.19,,Black Cleaver,Black Cleaver → Eclipse,Spear of Shojin | Sterak's Gage | Randuin's Omen,Overlord's Bloodmail | Sterak's Gage,Chempunk Chainsword | Bandlepipes,Black Cleaver → Eclipse → Sterak's Gage → Overlord's Bloodmail → Chempunk Chainsword ; Black Cleaver → Eclipse → Liandry's Torment → Sterak's Gage → Bandlepipes,Phage → Pickaxe → Kindlegem ; Phage → Kindlegem → Pickaxe ; Pickaxe → Phage → Kindlegem,https://www.onetricks.gg/champions/builds/Yorick
Yorick,top,16.19,,Black Cleaver,Black Cleaver → Spear of Shojin,Sterak's Gage | Liandry's Torment | Titanic Hydra,"Force of Nature | Sundered Sky | Jak'Sho, The Protean",Guardian Angel | Chempunk Chainsword | Thornmail,"Black Cleaver → Spear of Shojin → Sterak's Gage → Force of Nature → Guardian Angel ; Black Cleaver → Spear of Shojin → Titanic Hydra → Sundered Sky ; Black Cleaver → Spear of Shojin → Liandry's Torment → Jak'Sho, The Protean → Chempunk Chainsword",Phage → Pickaxe → Kindlegem ; Phage → Kindlegem → Pickaxe ; Pickaxe → Phage → Kindlegem,https://www.onetricks.gg/champions/builds/Yorick
Yorick,top,16.19,,Iceborn Gauntlet,Iceborn Gauntlet → Black Cleaver,Spirit Visage | Thornmail | Force of Nature,Hullbreaker | Sterak's Gage | Spear of Shojin,Sterak's Gage,Iceborn Gauntlet → Black Cleaver → Spirit Visage → Hullbreaker ; Iceborn Gauntlet → Black Cleaver → Spear of Shojin → Sterak's Gage ; Iceborn Gauntlet → Black Cleaver → Sterak's Gage → Spear of Shojin,Sheen → Chain Vest → Ruby Crystal ; Chain Vest → Sheen → Ruby Crystal ; Chain Vest → Plated Steelcaps → Sheen,https://www.onetricks.gg/champions/builds/Yorick
Yorick,top,16.19,,Iceborn Gauntlet,Iceborn Gauntlet → Bandlepipes,Black Cleaver | Sterak's Gage | Randuin's Omen,Spirit Visage | Black Cleaver,,Iceborn Gauntlet → Bandlepipes → Black Cleaver ; Iceborn Gauntlet → Bandlepipes → Sterak's Gage → Spirit Visage ; Iceborn Gauntlet → Bandlepipes → Maw of Malmortius → Black Cleaver,Sheen → Chain Vest → Ruby Crystal ; Chain Vest → Sheen → Ruby Crystal ; Chain Vest → Plated Steelcaps → Sheen,https://www.onetricks.gg/champions/builds/Yorick
Yorick,top,16.19,,Iceborn Gauntlet,Iceborn Gauntlet → Spear of Shojin,Black Cleaver | Randuin's Omen | Thornmail,Thornmail | Randuin's Omen,Hullbreaker,Iceborn Gauntlet → Spear of Shojin → Serylda's Grudge → Thornmail → Hullbreaker ; Iceborn Gauntlet → Spear of Shojin → Sterak's Gage → Randuin's Omen,Sheen → Chain Vest → Ruby Crystal ; Chain Vest → Sheen → Ruby Crystal ; Chain Vest → Plated Steelcaps → Sheen,https://www.onetricks.gg/champions/builds/Yorick
Yorick,top,16.19,,Voltaic Cyclosword,Voltaic Cyclosword → Spear of Shojin,Frozen Heart | Bastionbreaker | Serylda's Grudge,Bastionbreaker,,Voltaic Cyclosword → Spear of Shojin → Frozen Heart ; Voltaic Cyclosword → Spear of Shojin → Serylda's Grudge → Bastionbreaker ; Voltaic Cyclosword → Spear of Shojin → Bastionbreaker,The Brutalizer ; Pickaxe ; The Brutalizer → Boots of Swiftness → Long Sword,https://www.onetricks.gg/champions/builds/Yorick
Yorick,top,16.19,,Voltaic Cyclosword,Voltaic Cyclosword → Black Cleaver,Spear of Shojin | Eclipse | Chempunk Chainsword,,,Voltaic Cyclosword → Black Cleaver → Spear of Shojin ; Voltaic Cyclosword → Black Cleaver → Eclipse ; Voltaic Cyclosword → Black Cleaver → Chempunk Chainsword,The Brutalizer ; Pickaxe ; The Brutalizer → Boots of Swiftness → Long Sword,https://www.onetricks.gg/champions/builds/Yorick
Yorick,top,16.19,,Voltaic Cyclosword,Voltaic Cyclosword → Serylda's Grudge,Bastionbreaker | Profane Hydra | Youmuu's Ghostblade,Edge of Night | Serpent's Fang,Profane Hydra,Voltaic Cyclosword → Serylda's Grudge → Bastionbreaker → Edge of Night → Profane Hydra ; Voltaic Cyclosword → Serylda's Grudge → Profane Hydra → Serpent's Fang ; Voltaic Cyclosword → Serylda's Grudge → Bastionbreaker → Edge of Night,The Brutalizer ; Pickaxe ; The Brutalizer → Boots of Swiftness → Long Sword,https://www.onetricks.gg/champions/builds/Yorick
Yorick,top,16.19,,Spear of Shojin,Spear of Shojin → Black Cleaver,Liandry's Torment | Hullbreaker | Stridebreaker,"Jak'Sho, The Protean",Sterak's Gage,"Spear of Shojin → Black Cleaver → Liandry's Torment → Jak'Sho, The Protean ; Spear of Shojin → Black Cleaver → Stridebreaker ; Spear of Shojin → Black Cleaver → Liandry's Torment → Jak'Sho, The Protean → Sterak's Gage",Tunneler → Pickaxe → Ruby Crystal ; Cull → Tunneler → Pickaxe,https://www.onetricks.gg/champions/builds/Yorick
Yorick,top,16.19,,Eclipse,Eclipse → Black Cleaver,"Voltaic Cyclosword | Spear of Shojin | Jak'Sho, The Protean",Liandry's Torment | Serpent's Fang | Profane Hydra,Profane Hydra,Eclipse → Black Cleaver → Spear of Shojin → Liandry's Torment ; Eclipse → Black Cleaver → Voltaic Cyclosword → Serpent's Fang → Profane Hydra ; Eclipse → Black Cleaver → Voltaic Cyclosword → Profane Hydra,Caulfield's Warhammer → Pickaxe → Long Sword ; Pickaxe → Caulfield's Warhammer → Long Sword,https://www.onetricks.gg/champions/builds/Yorick
Yorick,top,16.19,,Eclipse,Eclipse → Voltaic Cyclosword,Black Cleaver | Death's Dance | Serpent's Fang,Death's Dance | Youmuu's Ghostblade,,Eclipse → Voltaic Cyclosword → Black Cleaver → Death's Dance ; Eclipse → Voltaic Cyclosword → Death's Dance ; Eclipse → Voltaic Cyclosword → Serpent's Fang → Youmuu's Ghostblade,Caulfield's Warhammer → Pickaxe → Long Sword ; Pickaxe → Caulfield's Warhammer → Long Sword,https://www.onetricks.gg/champions/builds/Yorick
Yunara,bot,16.19,,Kraken Slayer,Kraken Slayer → Runaan's Hurricane,Infinity Edge | Hexoptics C44 | Lord Dominik's Regards,Lord Dominik's Regards | Infinity Edge | Mortal Reminder,Hexoptics C44 | Immortal Shieldbow | Guardian Angel,Kraken Slayer → Runaan's Hurricane → Infinity Edge → Lord Dominik's Regards ; Kraken Slayer → Runaan's Hurricane → Infinity Edge → Mortal Reminder ; Kraken Slayer → Runaan's Hurricane → Lord Dominik's Regards → Infinity Edge,Cull → Recurve Bow → Hearthbound Axe ; Recurve Bow → Hearthbound Axe → Rectrix ; Recurve Bow → Rectrix → Hearthbound Axe,https://www.onetricks.gg/champions/builds/Yunara
Yunara,bot,16.19,,Kraken Slayer,Kraken Slayer → Fiendhunter Bolts,Hexoptics C44 | Lord Dominik's Regards | Infinity Edge,Infinity Edge | Mortal Reminder | Hexoptics C44,Bloodthirster | Mortal Reminder | Hexoptics C44,Kraken Slayer → Fiendhunter Bolts → Hexoptics C44 → Infinity Edge ; Kraken Slayer → Fiendhunter Bolts → Lord Dominik's Regards → Infinity Edge ; Kraken Slayer → Fiendhunter Bolts → Hexoptics C44 → Mortal Reminder,Cull → Recurve Bow → Hearthbound Axe ; Recurve Bow → Hearthbound Axe → Rectrix ; Recurve Bow → Rectrix → Hearthbound Axe,https://www.onetricks.gg/champions/builds/Yunara
Yunara,bot,16.19,,Yun Tal Wildarrows,Yun Tal Wildarrows → Runaan's Hurricane,Infinity Edge | Lord Dominik's Regards | Mortal Reminder,Lord Dominik's Regards | Infinity Edge | Mortal Reminder,Bloodthirster | Guardian Angel | Mercurial Scimitar,Yun Tal Wildarrows → Runaan's Hurricane → Infinity Edge → Lord Dominik's Regards ; Yun Tal Wildarrows → Runaan's Hurricane → Infinity Edge → Mortal Reminder ; Yun Tal Wildarrows → Runaan's Hurricane → Infinity Edge → Immortal Shieldbow,Cull → B. F. Sword → Scout's Slingshot ; B. F. Sword → Scout's Slingshot → Long Sword ; Cull → Scout's Slingshot → B. F. Sword,https://www.onetricks.gg/champions/builds/Yunara
Yunara,bot,16.19,,Yun Tal Wildarrows,Yun Tal Wildarrows → Fiendhunter Bolts,Infinity Edge,Lord Dominik's Regards,Bloodthirster,Yun Tal Wildarrows → Fiendhunter Bolts → Infinity Edge → Lord Dominik's Regards → Bloodthirster,Cull → B. F. Sword → Scout's Slingshot ; B. F. Sword → Scout's Slingshot → Long Sword ; Cull → Scout's Slingshot → B. F. Sword,https://www.onetricks.gg/champions/builds/Yunara
Yunara,bot,16.19,,Hexoptics C44,Hexoptics C44 → Runaan's Hurricane,Infinity Edge | Terminus | Mortal Reminder,Immortal Shieldbow | Infinity Edge | Terminus,Guardian Angel,Hexoptics C44 → Runaan's Hurricane → Infinity Edge → Immortal Shieldbow ; Hexoptics C44 → Runaan's Hurricane → Infinity Edge → Terminus ; Hexoptics C44 → Runaan's Hurricane → Infinity Edge → Immortal Shieldbow → Guardian Angel,Cull → Pickaxe → Noonquiver ; Pickaxe → Noonquiver → Long Sword ; Pickaxe → Cloak of Agility → Noonquiver,https://www.onetricks.gg/champions/builds/Yunara
Yuumi,supp,16.19,,all,Dream Maker → Ardent Censer,Moonstone Renewer | Mikael's Blessing | Knight's Vow,Mikael's Blessing | Knight's Vow | Moonstone Renewer,Knight's Vow | Dawncore | Moonstone Renewer,Dream Maker → Ardent Censer → Moonstone Renewer → Mikael's Blessing ; Dream Maker → Ardent Censer → Mikael's Blessing → Knight's Vow ; Dream Maker → Ardent Censer → Knight's Vow → Mikael's Blessing,Forbidden Idol → Aether Wisp ; Forbidden Idol → Kindlegem ; Tear of the Goddess → Bandleglass Mirror → Kindlegem,https://www.onetricks.gg/champions/builds/Yuumi
Yuumi,supp,16.19,,all,Dream Maker → Mikael's Blessing,Ardent Censer | Moonstone Renewer | Knight's Vow,Moonstone Renewer | Knight's Vow | Redemption,Diadem of Songs | Ardent Censer | Knight's Vow,Dream Maker → Mikael's Blessing → Ardent Censer → Moonstone Renewer ; Dream Maker → Mikael's Blessing → Moonstone Renewer → Knight's Vow ; Dream Maker → Mikael's Blessing → Knight's Vow → Moonstone Renewer,Forbidden Idol → Aether Wisp ; Forbidden Idol → Kindlegem ; Tear of the Goddess → Bandleglass Mirror → Kindlegem,https://www.onetricks.gg/champions/builds/Yuumi
Yuumi,supp,16.19,,all,Dream Maker → Echoes of Helia,Diadem of Songs | Knight's Vow | Mikael's Blessing,Diadem of Songs | Knight's Vow | Mikael's Blessing,Dawncore | Mikael's Blessing | Diadem of Songs,Dream Maker → Echoes of Helia → Diadem of Songs → Knight's Vow ; Dream Maker → Echoes of Helia → Knight's Vow → Diadem of Songs ; Dream Maker → Echoes of Helia → Diadem of Songs → Mikael's Blessing,Forbidden Idol → Aether Wisp ; Forbidden Idol → Kindlegem ; Tear of the Goddess → Bandleglass Mirror → Kindlegem,https://www.onetricks.gg/champions/builds/Yuumi
Yuumi,supp,16.19,,all,Dream Maker → Moonstone Renewer,Mikael's Blessing | Ardent Censer | Knight's Vow,Knight's Vow | Diadem of Songs | Mikael's Blessing,Knight's Vow | Redemption | Dawncore,Dream Maker → Moonstone Renewer → Mikael's Blessing → Diadem of Songs ; Dream Maker → Moonstone Renewer → Mikael's Blessing → Knight's Vow ; Dream Maker → Moonstone Renewer → Mikael's Blessing → Ardent Censer,Forbidden Idol → Aether Wisp ; Forbidden Idol → Kindlegem ; Tear of the Goddess → Bandleglass Mirror → Kindlegem,https://www.onetricks.gg/champions/builds/Yuumi
Zaahen,top,16.19,,Trinity Force,Trinity Force → Stridebreaker,Death's Dance | Sterak's Gage | Maw of Malmortius,Guardian Angel | Death's Dance | Maw of Malmortius,Endless Hunger | Guardian Angel,Trinity Force → Stridebreaker → Death's Dance → Maw of Malmortius ; Trinity Force → Stridebreaker → Sterak's Gage → Guardian Angel ; Trinity Force → Stridebreaker → Death's Dance → Sterak's Gage,Sheen → Phage → Hearthbound Axe ; Phage → Sheen → Hearthbound Axe ; Sheen → Hearthbound Axe → Phage,https://www.onetricks.gg/champions/builds/Zaahen
Zaahen,top,16.19,,Trinity Force,Trinity Force → Black Cleaver,Sundered Sky | Stridebreaker | Death's Dance,Maw of Malmortius | Guardian Angel,,Trinity Force → Black Cleaver → Sundered Sky ; Trinity Force → Black Cleaver → Death's Dance → Maw of Malmortius ; Trinity Force → Black Cleaver → Stridebreaker → Guardian Angel,Sheen → Phage → Hearthbound Axe ; Phage → Sheen → Hearthbound Axe ; Sheen → Hearthbound Axe → Phage,https://www.onetricks.gg/champions/builds/Zaahen
Zaahen,top,16.19,,Stridebreaker,Stridebreaker → Death's Dance,Maw of Malmortius | Spirit Visage | Endless Hunger,Endless Hunger | Guardian Angel | Sterak's Gage,Mortal Reminder,Stridebreaker → Death's Dance → Guardian Angel → Endless Hunger → Mortal Reminder ; Stridebreaker → Death's Dance → Maw of Malmortius → Endless Hunger ; Stridebreaker → Death's Dance → Endless Hunger → Guardian Angel,Phage → Tiamat → Dagger ; Phage → Plated Steelcaps → Tiamat ; Plated Steelcaps → Phage → Tiamat,https://www.onetricks.gg/champions/builds/Zaahen
Zaahen,top,16.19,,Stridebreaker,Stridebreaker → Sundered Sky,Death's Dance | Trinity Force | Maw of Malmortius,Maw of Malmortius | Black Cleaver | Chempunk Chainsword,,Stridebreaker → Sundered Sky → Death's Dance → Maw of Malmortius ; Stridebreaker → Sundered Sky → Death's Dance → Black Cleaver ; Stridebreaker → Sundered Sky → Maw of Malmortius → Chempunk Chainsword,Phage → Tiamat → Dagger ; Phage → Plated Steelcaps → Tiamat ; Plated Steelcaps → Phage → Tiamat,https://www.onetricks.gg/champions/builds/Zaahen
Zaahen,top,16.19,,Eclipse,Eclipse → Stridebreaker,Death's Dance,Endless Hunger | Maw of Malmortius,Randuin's Omen,Eclipse → Stridebreaker → Death's Dance → Endless Hunger → Randuin's Omen ; Eclipse → Stridebreaker → Death's Dance → Maw of Malmortius ; Eclipse → Stridebreaker → Death's Dance → Endless Hunger,Pickaxe → Caulfield's Warhammer → Long Sword ; Cull → Pickaxe → Caulfield's Warhammer ; Plated Steelcaps → Pickaxe → Caulfield's Warhammer,https://www.onetricks.gg/champions/builds/Zaahen
Zaahen,top,16.19,,Eclipse,Eclipse → Trinity Force,Stridebreaker,Sterak's Gage,,Eclipse → Trinity Force → Stridebreaker → Sterak's Gage,Pickaxe → Caulfield's Warhammer → Long Sword ; Cull → Pickaxe → Caulfield's Warhammer ; Plated Steelcaps → Pickaxe → Caulfield's Warhammer,https://www.onetricks.gg/champions/builds/Zaahen
Zaahen,top,16.19,,Maw of Malmortius,Maw of Malmortius → Trinity Force,Stridebreaker | Death's Dance | Experimental Hexplate,Endless Hunger,,Maw of Malmortius → Trinity Force → Death's Dance ; Maw of Malmortius → Trinity Force → Stridebreaker → Endless Hunger ; Maw of Malmortius → Trinity Force → Experimental Hexplate,Hexdrinker → Caulfield's Warhammer,https://www.onetricks.gg/champions/builds/Zaahen
Zaahen,top,16.19,,Maw of Malmortius,Maw of Malmortius → Stridebreaker,Death's Dance,Trinity Force,,Maw of Malmortius → Stridebreaker → Death's Dance → Trinity Force,Hexdrinker → Caulfield's Warhammer,https://www.onetricks.gg/champions/builds/Zaahen
Zac,jungle,16.19,,Hextech Rocketbelt,Hextech Rocketbelt → Sunfire Aegis,Spirit Visage | Randuin's Omen | Mejai's Soulstealer,Randuin's Omen | Protoplasm Harness | Spirit Visage,"Jak'Sho, The Protean | Randuin's Omen | Protoplasm Harness",Hextech Rocketbelt → Sunfire Aegis → Spirit Visage → Randuin's Omen ; Hextech Rocketbelt → Sunfire Aegis → Spirit Visage → Protoplasm Harness ; Hextech Rocketbelt → Sunfire Aegis → Spirit Visage → Riftmaker,Bami's Cinder → Dark Seal → Hextech Alternator ; Bami's Cinder → Dark Seal → Kindlegem ; Bami's Cinder → Hextech Alternator → Kindlegem,https://www.onetricks.gg/champions/builds/Zac
Zac,jungle,16.19,,Hextech Rocketbelt,Hextech Rocketbelt → Randuin's Omen,Spirit Visage | Sunfire Aegis | Knight's Vow,"Knight's Vow | Jak'Sho, The Protean | Unending Despair",Mejai's Soulstealer,"Hextech Rocketbelt → Randuin's Omen → Spirit Visage → Knight's Vow → Mejai's Soulstealer ; Hextech Rocketbelt → Randuin's Omen → Knight's Vow → Jak'Sho, The Protean ; Hextech Rocketbelt → Randuin's Omen → Sunfire Aegis → Unending Despair",Bami's Cinder → Dark Seal → Hextech Alternator ; Bami's Cinder → Dark Seal → Kindlegem ; Bami's Cinder → Hextech Alternator → Kindlegem,https://www.onetricks.gg/champions/builds/Zac
Zac,jungle,16.19,,Hextech Rocketbelt,Hextech Rocketbelt → Hollow Radiance,Spirit Visage | Randuin's Omen | Knight's Vow,"Thornmail | Force of Nature | Jak'Sho, The Protean","Jak'Sho, The Protean","Hextech Rocketbelt → Hollow Radiance → Spirit Visage → Thornmail ; Hextech Rocketbelt → Hollow Radiance → Spirit Visage → Force of Nature ; Hextech Rocketbelt → Hollow Radiance → Randuin's Omen → Thornmail → Jak'Sho, The Protean",Bami's Cinder → Dark Seal → Hextech Alternator ; Bami's Cinder → Dark Seal → Kindlegem ; Bami's Cinder → Hextech Alternator → Kindlegem,https://www.onetricks.gg/champions/builds/Zac
Zac,jungle,16.19,,Hextech Rocketbelt,Hextech Rocketbelt → Mejai's Soulstealer,Sunfire Aegis | Spirit Visage | Hollow Radiance,Spirit Visage | Sunfire Aegis | Randuin's Omen,,Hextech Rocketbelt → Mejai's Soulstealer → Sunfire Aegis → Spirit Visage ; Hextech Rocketbelt → Mejai's Soulstealer → Spirit Visage → Sunfire Aegis ; Hextech Rocketbelt → Mejai's Soulstealer → Hollow Radiance → Randuin's Omen,Bami's Cinder → Dark Seal → Hextech Alternator ; Bami's Cinder → Dark Seal → Kindlegem ; Bami's Cinder → Hextech Alternator → Kindlegem,https://www.onetricks.gg/champions/builds/Zac
Zac,jungle,16.19,,Sunfire Aegis,Sunfire Aegis → Spirit Visage,Randuin's Omen | Knight's Vow | Liandry's Torment,Protoplasm Harness | Mejai's Soulstealer | Randuin's Omen,Unending Despair | Guardian Angel,Sunfire Aegis → Spirit Visage → Randuin's Omen → Protoplasm Harness ; Sunfire Aegis → Spirit Visage → Randuin's Omen → Mejai's Soulstealer ; Sunfire Aegis → Spirit Visage → Knight's Vow → Randuin's Omen,Bami's Cinder → Dark Seal → Chain Vest ; Dark Seal → Bami's Cinder → Chain Vest ; Bami's Cinder → Boots → Dark Seal,https://www.onetricks.gg/champions/builds/Zac
Zac,jungle,16.19,,Sunfire Aegis,Sunfire Aegis → Imperial Mandate,Randuin's Omen | Zhonya's Hourglass | Spirit Visage,Thornmail | Zhonya's Hourglass,,Sunfire Aegis → Imperial Mandate → Zhonya's Hourglass ; Sunfire Aegis → Imperial Mandate → Randuin's Omen → Zhonya's Hourglass ; Sunfire Aegis → Imperial Mandate → Randuin's Omen → Thornmail,Bami's Cinder → Dark Seal → Chain Vest ; Dark Seal → Bami's Cinder → Chain Vest ; Bami's Cinder → Boots → Dark Seal,https://www.onetricks.gg/champions/builds/Zac
Zac,jungle,16.19,,Sunfire Aegis,Sunfire Aegis → Thornmail,Spirit Visage,Unending Despair | Knight's Vow,Knight's Vow,Sunfire Aegis → Thornmail → Spirit Visage → Unending Despair → Knight's Vow ; Sunfire Aegis → Thornmail → Spirit Visage → Knight's Vow,Bami's Cinder → Dark Seal → Chain Vest ; Dark Seal → Bami's Cinder → Chain Vest ; Bami's Cinder → Boots → Dark Seal,https://www.onetricks.gg/champions/builds/Zac
Zac,jungle,16.19,,Sunfire Aegis,Sunfire Aegis → Hextech Rocketbelt,Spirit Visage | Randuin's Omen,"Protoplasm Harness | Jak'Sho, The Protean | Abyssal Mask",,"Sunfire Aegis → Hextech Rocketbelt → Spirit Visage → Protoplasm Harness ; Sunfire Aegis → Hextech Rocketbelt → Spirit Visage → Abyssal Mask ; Sunfire Aegis → Hextech Rocketbelt → Randuin's Omen → Jak'Sho, The Protean",Bami's Cinder → Dark Seal → Chain Vest ; Dark Seal → Bami's Cinder → Chain Vest ; Bami's Cinder → Boots → Dark Seal,https://www.onetricks.gg/champions/builds/Zac
Zac,jungle,16.19,,Riftmaker,Riftmaker → Sunfire Aegis,Spirit Visage | Randuin's Omen,Spirit Visage | Warmog's Armor | Randuin's Omen,"Dead Man's Plate | Jak'Sho, The Protean","Riftmaker → Sunfire Aegis → Spirit Visage → Randuin's Omen → Dead Man's Plate ; Riftmaker → Sunfire Aegis → Spirit Visage → Warmog's Armor → Jak'Sho, The Protean ; Riftmaker → Sunfire Aegis → Spirit Visage → Randuin's Omen",Bami's Cinder → Dark Seal → Haunting Guise ; Dark Seal → Bami's Cinder → Haunting Guise,https://www.onetricks.gg/champions/builds/Zac
Zac,jungle,16.19,,Hollow Radiance,Hollow Radiance → Spirit Visage,Liandry's Torment | Randuin's Omen,,,Hollow Radiance → Spirit Visage → Liandry's Torment ; Hollow Radiance → Spirit Visage → Randuin's Omen,Bami's Cinder → Dark Seal → Spectre's Cowl ; Bami's Cinder → Dark Seal → Boots,https://www.onetricks.gg/champions/builds/Zac
Zed,mid,16.19,,Voltaic Cyclosword,Voltaic Cyclosword → Bastionbreaker,Edge of Night | Lord Dominik's Regards | Serylda's Grudge,Edge of Night | Serylda's Grudge | Serpent's Fang,Endless Hunger | Serpent's Fang | Axiom Arc,Voltaic Cyclosword → Bastionbreaker → Edge of Night → Serylda's Grudge ; Voltaic Cyclosword → Bastionbreaker → Lord Dominik's Regards → Endless Hunger ; Voltaic Cyclosword → Bastionbreaker → Edge of Night → Lord Dominik's Regards,The Brutalizer,https://www.onetricks.gg/champions/builds/Zed
Zed,mid,16.19,,Voltaic Cyclosword,Voltaic Cyclosword → Serpent's Fang,Bastionbreaker | Lord Dominik's Regards | Serylda's Grudge,Mortal Reminder | Edge of Night | Serylda's Grudge,Guardian Angel | Endless Hunger,Voltaic Cyclosword → Serpent's Fang → Bastionbreaker → Mortal Reminder → Guardian Angel ; Voltaic Cyclosword → Serpent's Fang → Lord Dominik's Regards → Edge of Night ; Voltaic Cyclosword → Serpent's Fang → Serylda's Grudge → Edge of Night → Endless Hunger,The Brutalizer,https://www.onetricks.gg/champions/builds/Zed
Zed,mid,16.19,,Voltaic Cyclosword,Voltaic Cyclosword → Axiom Arc,Lord Dominik's Regards | Edge of Night | Serpent's Fang,Serylda's Grudge | Lord Dominik's Regards | Edge of Night,Edge of Night | Endless Hunger | Serpent's Fang,Voltaic Cyclosword → Axiom Arc → Serpent's Fang → Serylda's Grudge ; Voltaic Cyclosword → Axiom Arc → Edge of Night → Lord Dominik's Regards ; Voltaic Cyclosword → Axiom Arc → Lord Dominik's Regards → Serpent's Fang,The Brutalizer,https://www.onetricks.gg/champions/builds/Zed
Zed,mid,16.19,,Voltaic Cyclosword,Voltaic Cyclosword → Eclipse,Serylda's Grudge | Lord Dominik's Regards | Bastionbreaker,Axiom Arc | Edge of Night | Serpent's Fang,Edge of Night,Voltaic Cyclosword → Eclipse → Serylda's Grudge → Axiom Arc ; Voltaic Cyclosword → Eclipse → Lord Dominik's Regards → Serpent's Fang → Edge of Night ; Voltaic Cyclosword → Eclipse → Axiom Arc → Edge of Night,The Brutalizer,https://www.onetricks.gg/champions/builds/Zed
Zed,mid,16.19,,Eclipse,Eclipse → Voltaic Cyclosword,Serylda's Grudge | Bastionbreaker | Lord Dominik's Regards,Edge of Night | Serylda's Grudge | Endless Hunger,Serpent's Fang | Axiom Arc | Lord Dominik's Regards,Eclipse → Voltaic Cyclosword → Serylda's Grudge → Edge of Night ; Eclipse → Voltaic Cyclosword → Bastionbreaker → Edge of Night ; Eclipse → Voltaic Cyclosword → Edge of Night → Serylda's Grudge,Pickaxe → Caulfield's Warhammer → Long Sword ; Caulfield's Warhammer → Pickaxe → Long Sword,https://www.onetricks.gg/champions/builds/Zed
Zed,mid,16.19,,Eclipse,Eclipse → Serpent's Fang,Voltaic Cyclosword | Serylda's Grudge | Lord Dominik's Regards,Lord Dominik's Regards | Axiom Arc | Serylda's Grudge,Profane Hydra | Axiom Arc,Eclipse → Serpent's Fang → Voltaic Cyclosword → Lord Dominik's Regards ; Eclipse → Serpent's Fang → Mortal Reminder → Axiom Arc → Profane Hydra ; Eclipse → Serpent's Fang → Edge of Night → Serylda's Grudge,Pickaxe → Caulfield's Warhammer → Long Sword ; Caulfield's Warhammer → Pickaxe → Long Sword,https://www.onetricks.gg/champions/builds/Zed
Zed,mid,16.19,,Eclipse,Eclipse → Black Cleaver,Spear of Shojin | Endless Hunger,Spear of Shojin | Endless Hunger,Maw of Malmortius,Eclipse → Black Cleaver → Endless Hunger → Spear of Shojin ; Eclipse → Black Cleaver → Spear of Shojin → Endless Hunger ; Eclipse → Black Cleaver → Endless Hunger → Spear of Shojin → Maw of Malmortius,Pickaxe → Caulfield's Warhammer → Long Sword ; Caulfield's Warhammer → Pickaxe → Long Sword,https://www.onetricks.gg/champions/builds/Zed
Zed,mid,16.19,,Bastionbreaker,Bastionbreaker → Voltaic Cyclosword,Edge of Night | Lord Dominik's Regards | Serylda's Grudge,Edge of Night | Serylda's Grudge | Lord Dominik's Regards,Axiom Arc | Endless Hunger | Mortal Reminder,Bastionbreaker → Voltaic Cyclosword → Lord Dominik's Regards → Edge of Night → Axiom Arc ; Bastionbreaker → Voltaic Cyclosword → Edge of Night → Serylda's Grudge ; Bastionbreaker → Voltaic Cyclosword → Eclipse → Edge of Night,Serrated Dirk → The Brutalizer ; Serrated Dirk → Pickaxe → The Brutalizer ; The Brutalizer → Serrated Dirk,https://www.onetricks.gg/champions/builds/Zed
Zed,mid,16.19,,Bastionbreaker,Bastionbreaker → Serpent's Fang,Voltaic Cyclosword | Lord Dominik's Regards | Serylda's Grudge,Edge of Night | Lord Dominik's Regards,,Bastionbreaker → Serpent's Fang → Voltaic Cyclosword → Lord Dominik's Regards ; Bastionbreaker → Serpent's Fang → Voltaic Cyclosword → Edge of Night ; Bastionbreaker → Serpent's Fang → Lord Dominik's Regards → Edge of Night,Serrated Dirk → The Brutalizer ; Serrated Dirk → Pickaxe → The Brutalizer ; The Brutalizer → Serrated Dirk,https://www.onetricks.gg/champions/builds/Zed
Zed,mid,16.19,,Hubris,Hubris → Voltaic Cyclosword,Edge of Night | Bastionbreaker | Lord Dominik's Regards,Mortal Reminder | Lord Dominik's Regards | Serpent's Fang,Endless Hunger,Hubris → Voltaic Cyclosword → Edge of Night → Mortal Reminder ; Hubris → Voltaic Cyclosword → Bastionbreaker → Lord Dominik's Regards → Endless Hunger ; Hubris → Voltaic Cyclosword → Lord Dominik's Regards → Serpent's Fang → Endless Hunger,Serrated Dirk → Caulfield's Warhammer,https://www.onetricks.gg/champions/builds/Zed
Zeri,bot,16.19,,Yun Tal Wildarrows,Yun Tal Wildarrows → Runaan's Hurricane,Infinity Edge | Mortal Reminder | Lord Dominik's Regards,Lord Dominik's Regards | Infinity Edge | Mortal Reminder,Bloodthirster | Guardian Angel | Mercurial Scimitar,Yun Tal Wildarrows → Runaan's Hurricane → Infinity Edge → Lord Dominik's Regards ; Yun Tal Wildarrows → Runaan's Hurricane → Infinity Edge → Mortal Reminder ; Yun Tal Wildarrows → Runaan's Hurricane → Mortal Reminder → Infinity Edge,Cull → B. F. Sword → Scout's Slingshot ; B. F. Sword → Scout's Slingshot → Long Sword ; Cull → Scout's Slingshot → B. F. Sword,https://www.onetricks.gg/champions/builds/Zeri
Zeri,bot,16.19,,Yun Tal Wildarrows,Yun Tal Wildarrows → Fiendhunter Bolts,Infinity Edge | Experimental Hexplate | Immortal Shieldbow,Immortal Shieldbow | Lord Dominik's Regards | Infinity Edge,Guardian Angel,Yun Tal Wildarrows → Fiendhunter Bolts → Infinity Edge → Immortal Shieldbow ; Yun Tal Wildarrows → Fiendhunter Bolts → Infinity Edge → Lord Dominik's Regards → Guardian Angel ; Yun Tal Wildarrows → Fiendhunter Bolts → Infinity Edge → Immortal Shieldbow → Guardian Angel,Cull → B. F. Sword → Scout's Slingshot ; B. F. Sword → Scout's Slingshot → Long Sword ; Cull → Scout's Slingshot → B. F. Sword,https://www.onetricks.gg/champions/builds/Zeri
Zeri,bot,16.19,,Deprecated item,Deprecated item → Runaan's Hurricane,Infinity Edge | Lord Dominik's Regards | Mortal Reminder,Lord Dominik's Regards | Mortal Reminder | Infinity Edge,Guardian Angel | Mercurial Scimitar | Bloodthirster,Deprecated item → Runaan's Hurricane → Infinity Edge → Lord Dominik's Regards ; Deprecated item → Runaan's Hurricane → Infinity Edge → Mortal Reminder ; Deprecated item → Runaan's Hurricane → Infinity Edge → Immortal Shieldbow,B. F. Sword → Cloak of Agility → Scout's Slingshot ; Cull → B. F. Sword → Scout's Slingshot ; Cull → Scout's Slingshot → B. F. Sword,https://www.onetricks.gg/champions/builds/Zeri
Zeri,bot,16.19,,Deprecated item,Deprecated item → Fiendhunter Bolts,Infinity Edge,Lord Dominik's Regards,Mercurial Scimitar,Deprecated item → Fiendhunter Bolts → Infinity Edge → Lord Dominik's Regards → Mercurial Scimitar,B. F. Sword → Cloak of Agility → Scout's Slingshot ; Cull → B. F. Sword → Scout's Slingshot ; Cull → Scout's Slingshot → B. F. Sword,https://www.onetricks.gg/champions/builds/Zeri
Zeri,bot,16.19,,Deprecated item,Deprecated item → Phantom Dancer,Infinity Edge,Lord Dominik's Regards | Randuin's Omen,Bloodthirster | Mercurial Scimitar,Deprecated item → Phantom Dancer → Infinity Edge → Lord Dominik's Regards ; Deprecated item → Phantom Dancer → Infinity Edge → Randuin's Omen ; Deprecated item → Phantom Dancer → Infinity Edge → Lord Dominik's Regards → Mercurial Scimitar,B. F. Sword → Cloak of Agility → Scout's Slingshot ; Cull → B. F. Sword → Scout's Slingshot ; Cull → Scout's Slingshot → B. F. Sword,https://www.onetricks.gg/champions/builds/Zeri
Zeri,bot,16.19,,Experimental Hexplate,Experimental Hexplate → Runaan's Hurricane,Infinity Edge | Mortal Reminder | Hexoptics C44,Hexoptics C44 | Infinity Edge | Immortal Shieldbow,Infinity Edge | Mortal Reminder | Hexoptics C44,Experimental Hexplate → Runaan's Hurricane → Infinity Edge → Immortal Shieldbow ; Experimental Hexplate → Runaan's Hurricane → Mortal Reminder → Infinity Edge ; Experimental Hexplate → Runaan's Hurricane → Mortal Reminder → Hexoptics C44,Tunneler → Phage → Dagger,https://www.onetricks.gg/champions/builds/Zeri
Zeri,bot,16.19,,Hexoptics C44,Hexoptics C44 → Runaan's Hurricane,Infinity Edge | Lord Dominik's Regards,Mortal Reminder | Infinity Edge | Lord Dominik's Regards,Bloodthirster | Mercurial Scimitar,Hexoptics C44 → Runaan's Hurricane → Infinity Edge → Mortal Reminder ; Hexoptics C44 → Runaan's Hurricane → Lord Dominik's Regards → Infinity Edge ; Hexoptics C44 → Runaan's Hurricane → Infinity Edge → Lord Dominik's Regards,Cull → Pickaxe → Noonquiver ; Pickaxe → Noonquiver → Long Sword,https://www.onetricks.gg/champions/builds/Zeri
Ziggs,bot,16.19,,Luden's Echo,Luden's Echo → Shadowflame,Rabadon's Deathcap | Void Staff | Zhonya's Hourglass,Void Staff | Zhonya's Hourglass | Rabadon's Deathcap,Morellonomicon,Luden's Echo → Shadowflame → Rabadon's Deathcap → Zhonya's Hourglass ; Luden's Echo → Shadowflame → Zhonya's Hourglass → Void Staff ; Luden's Echo → Shadowflame → Rabadon's Deathcap → Morellonomicon,Lost Chapter → Hextech Alternator ; Dark Seal → Lost Chapter → Hextech Alternator ; Lost Chapter → Dark Seal → Hextech Alternator,https://www.onetricks.gg/champions/builds/Ziggs
Ziggs,bot,16.19,,Luden's Echo,Luden's Echo → Horizon Focus,Shadowflame | Zhonya's Hourglass | Rabadon's Deathcap,Zhonya's Hourglass | Mejai's Soulstealer | Rabadon's Deathcap,Shadowflame | Void Staff | Zhonya's Hourglass,Luden's Echo → Horizon Focus → Shadowflame → Zhonya's Hourglass ; Luden's Echo → Horizon Focus → Shadowflame → Rabadon's Deathcap ; Luden's Echo → Horizon Focus → Zhonya's Hourglass → Mejai's Soulstealer → Shadowflame,Lost Chapter → Hextech Alternator ; Dark Seal → Lost Chapter → Hextech Alternator ; Lost Chapter → Dark Seal → Hextech Alternator,https://www.onetricks.gg/champions/builds/Ziggs
Ziggs,bot,16.19,,Luden's Echo,Luden's Echo → Stormsurge,Shadowflame | Void Staff,Void Staff | Banshee's Veil,Mejai's Soulstealer | Banshee's Veil,Luden's Echo → Stormsurge → Shadowflame → Void Staff → Banshee's Veil ; Luden's Echo → Stormsurge → Shadowflame → Void Staff → Mejai's Soulstealer ; Luden's Echo → Stormsurge → Void Staff → Banshee's Veil,Lost Chapter → Hextech Alternator ; Dark Seal → Lost Chapter → Hextech Alternator ; Lost Chapter → Dark Seal → Hextech Alternator,https://www.onetricks.gg/champions/builds/Ziggs
Ziggs,bot,16.19,,Luden's Echo,Luden's Echo → Seraph's Embrace,Shadowflame,Rabadon's Deathcap | Void Staff | Zhonya's Hourglass,Banshee's Veil,Luden's Echo → Seraph's Embrace → Shadowflame → Rabadon's Deathcap → Banshee's Veil ; Luden's Echo → Seraph's Embrace → Shadowflame → Void Staff ; Luden's Echo → Seraph's Embrace → Shadowflame → Zhonya's Hourglass,Lost Chapter → Hextech Alternator ; Dark Seal → Lost Chapter → Hextech Alternator ; Lost Chapter → Dark Seal → Hextech Alternator,https://www.onetricks.gg/champions/builds/Ziggs
Ziggs,bot,16.19,,Blackfire Torch,Blackfire Torch → Shadowflame,Rabadon's Deathcap | Cryptbloom | Mejai's Soulstealer,Rabadon's Deathcap | Cryptbloom,Cryptbloom,Blackfire Torch → Shadowflame → Rabadon's Deathcap → Cryptbloom ; Blackfire Torch → Shadowflame → Mejai's Soulstealer → Rabadon's Deathcap → Cryptbloom ; Blackfire Torch → Shadowflame → Banshee's Veil → Rabadon's Deathcap,Lost Chapter ; Lost Chapter → Fated Ashes ; Dark Seal → Lost Chapter → Fated Ashes,https://www.onetricks.gg/champions/builds/Ziggs
Ziggs,bot,16.19,,Blackfire Torch,Blackfire Torch → Liandry's Torment,Void Staff | Shadowflame | Zhonya's Hourglass,Seraph's Embrace | Shadowflame | Rabadon's Deathcap,Zhonya's Hourglass,Blackfire Torch → Liandry's Torment → Void Staff → Seraph's Embrace ; Blackfire Torch → Liandry's Torment → Void Staff → Rabadon's Deathcap → Zhonya's Hourglass ; Blackfire Torch → Liandry's Torment → Void Staff → Shadowflame,Lost Chapter ; Lost Chapter → Fated Ashes ; Dark Seal → Lost Chapter → Fated Ashes,https://www.onetricks.gg/champions/builds/Ziggs
Ziggs,bot,16.19,,Blackfire Torch,Blackfire Torch → Zhonya's Hourglass,Cryptbloom | Shadowflame,Mejai's Soulstealer | Cryptbloom,,Blackfire Torch → Zhonya's Hourglass → Cryptbloom → Mejai's Soulstealer ; Blackfire Torch → Zhonya's Hourglass → Shadowflame → Cryptbloom,Lost Chapter ; Lost Chapter → Fated Ashes ; Dark Seal → Lost Chapter → Fated Ashes,https://www.onetricks.gg/champions/builds/Ziggs
Zilean,supp,16.19,,all,Solstice Sleigh → Shurelya's Battlesong,Bandlepipes | Locket of the Iron Solari | Mikael's Blessing,Imperial Mandate | Mikael's Blessing | Locket of the Iron Solari,Locket of the Iron Solari | Imperial Mandate | Mejai's Soulstealer,Solstice Sleigh → Shurelya's Battlesong → Bandlepipes → Imperial Mandate ; Solstice Sleigh → Shurelya's Battlesong → Bandlepipes → Mikael's Blessing ; Solstice Sleigh → Shurelya's Battlesong → Bandlepipes → Imperial Mandate → Locket of the Iron Solari,Ionian Boots of Lucidity → Aether Wisp → Bandleglass Mirror ; Ionian Boots of Lucidity → Bandleglass Mirror → Aether Wisp ; Ionian Boots of Lucidity → Aether Wisp,https://www.onetricks.gg/champions/builds/Zilean
Zilean,supp,16.19,,all,Solstice Sleigh → Locket of the Iron Solari,Knight's Vow | Mikael's Blessing | Imperial Mandate,Mikael's Blessing | Bandlepipes | Abyssal Mask,,Solstice Sleigh → Locket of the Iron Solari → Knight's Vow → Mikael's Blessing ; Solstice Sleigh → Locket of the Iron Solari → Knight's Vow → Abyssal Mask ; Solstice Sleigh → Locket of the Iron Solari → Knight's Vow → Bandlepipes,Ionian Boots of Lucidity → Aether Wisp → Bandleglass Mirror ; Ionian Boots of Lucidity → Bandleglass Mirror → Aether Wisp ; Ionian Boots of Lucidity → Aether Wisp,https://www.onetricks.gg/champions/builds/Zilean
Zilean,supp,16.19,,all,Celestial Opposition → Shurelya's Battlesong,Locket of the Iron Solari | Mikael's Blessing | Imperial Mandate,Mikael's Blessing | Morellonomicon | Imperial Mandate,,Celestial Opposition → Shurelya's Battlesong → Mikael's Blessing → Imperial Mandate ; Celestial Opposition → Shurelya's Battlesong → Locket of the Iron Solari → Mikael's Blessing ; Celestial Opposition → Shurelya's Battlesong → Locket of the Iron Solari → Cosmic Drive,Ionian Boots of Lucidity → Aether Wisp → Bandleglass Mirror ; Ionian Boots of Lucidity → Bandleglass Mirror → Aether Wisp ; Ionian Boots of Lucidity → Aether Wisp,https://www.onetricks.gg/champions/builds/Zilean
Zilean,supp,16.19,,all,Solstice Sleigh → Bandlepipes,Knight's Vow | Mikael's Blessing | Shurelya's Battlesong,Locket of the Iron Solari | Knight's Vow | Abyssal Mask,,Solstice Sleigh → Bandlepipes → Knight's Vow → Locket of the Iron Solari ; Solstice Sleigh → Bandlepipes → Mikael's Blessing → Locket of the Iron Solari ; Solstice Sleigh → Bandlepipes → Locket of the Iron Solari → Knight's Vow,Ionian Boots of Lucidity → Aether Wisp → Bandleglass Mirror ; Ionian Boots of Lucidity → Bandleglass Mirror → Aether Wisp ; Ionian Boots of Lucidity → Aether Wisp,https://www.onetricks.gg/champions/builds/Zilean
Zoe,mid,16.19,,Luden's Echo,Luden's Echo → Lich Bane,Shadowflame | Rabadon's Deathcap | Zhonya's Hourglass,Rabadon's Deathcap | Banshee's Veil | Horizon Focus,Void Staff | Shadowflame | Banshee's Veil,Luden's Echo → Lich Bane → Rabadon's Deathcap → Banshee's Veil ; Luden's Echo → Lich Bane → Shadowflame → Rabadon's Deathcap ; Luden's Echo → Lich Bane → Void Staff → Rabadon's Deathcap,Dark Seal → Lost Chapter → Hextech Alternator ; Dark Seal → Lost Chapter → Sorcerer's Shoes ; Dark Seal → Sorcerer's Shoes → Lost Chapter,https://www.onetricks.gg/champions/builds/Zoe
Zoe,mid,16.19,,Luden's Echo,Luden's Echo → Horizon Focus,Rabadon's Deathcap | Lich Bane | Mejai's Soulstealer,Cryptbloom | Void Staff | Mejai's Soulstealer,Hextech Rocketbelt,Luden's Echo → Horizon Focus → Mejai's Soulstealer → Cryptbloom ; Luden's Echo → Horizon Focus → Rabadon's Deathcap → Void Staff ; Luden's Echo → Horizon Focus → Lich Bane → Cosmic Drive,Dark Seal → Lost Chapter → Hextech Alternator ; Dark Seal → Lost Chapter → Sorcerer's Shoes ; Dark Seal → Sorcerer's Shoes → Lost Chapter,https://www.onetricks.gg/champions/builds/Zoe
Zoe,mid,16.19,,Luden's Echo,Luden's Echo → Stormsurge,Shadowflame | Rabadon's Deathcap | Lich Bane,Rabadon's Deathcap | Cryptbloom | Zhonya's Hourglass,Mejai's Soulstealer | Horizon Focus,Luden's Echo → Stormsurge → Shadowflame → Rabadon's Deathcap ; Luden's Echo → Stormsurge → Rabadon's Deathcap → Cryptbloom ; Luden's Echo → Stormsurge → Shadowflame → Zhonya's Hourglass,Dark Seal → Lost Chapter → Hextech Alternator ; Dark Seal → Lost Chapter → Sorcerer's Shoes ; Dark Seal → Sorcerer's Shoes → Lost Chapter,https://www.onetricks.gg/champions/builds/Zoe
Zoe,mid,16.19,,Luden's Echo,Luden's Echo → Shadowflame,Banshee's Veil | Void Staff | Zhonya's Hourglass,Cryptbloom | Zhonya's Hourglass,,Luden's Echo → Shadowflame → Banshee's Veil ; Luden's Echo → Shadowflame → Horizon Focus → Cryptbloom ; Luden's Echo → Shadowflame → Void Staff → Zhonya's Hourglass,Dark Seal → Lost Chapter → Hextech Alternator ; Dark Seal → Lost Chapter → Sorcerer's Shoes ; Dark Seal → Sorcerer's Shoes → Lost Chapter,https://www.onetricks.gg/champions/builds/Zoe
Zoe,mid,16.19,,Blackfire Torch,Blackfire Torch → Horizon Focus,Imperial Mandate | Rabadon's Deathcap | Cryptbloom,Rabadon's Deathcap | Zhonya's Hourglass | Mejai's Soulstealer,Zhonya's Hourglass,Blackfire Torch → Horizon Focus → Mejai's Soulstealer → Rabadon's Deathcap → Zhonya's Hourglass ; Blackfire Torch → Horizon Focus → Zhonya's Hourglass → Rabadon's Deathcap ; Blackfire Torch → Horizon Focus → Imperial Mandate → Rabadon's Deathcap,Dark Seal → Lost Chapter → Fated Ashes ; Dark Seal → Lost Chapter → Ionian Boots of Lucidity ; Ionian Boots of Lucidity → Dark Seal → Lost Chapter,https://www.onetricks.gg/champions/builds/Zoe
Zoe,mid,16.19,,Lich Bane,Lich Bane → Shadowflame,Rabadon's Deathcap | Mejai's Soulstealer | Void Staff,Rabadon's Deathcap | Zhonya's Hourglass | Void Staff,Void Staff,Lich Bane → Shadowflame → Rabadon's Deathcap → Zhonya's Hourglass ; Lich Bane → Shadowflame → Mejai's Soulstealer → Rabadon's Deathcap ; Lich Bane → Shadowflame → Rabadon's Deathcap → Void Staff,Dark Seal → Sorcerer's Shoes → Blasting Wand,https://www.onetricks.gg/champions/builds/Zoe
Zoe,mid,16.19,,Lich Bane,Lich Bane → Mejai's Soulstealer,Shadowflame | Rabadon's Deathcap,Rabadon's Deathcap | Shadowflame,,Lich Bane → Mejai's Soulstealer → Shadowflame → Rabadon's Deathcap ; Lich Bane → Mejai's Soulstealer → Rabadon's Deathcap → Shadowflame,Dark Seal → Sorcerer's Shoes → Blasting Wand,https://www.onetricks.gg/champions/builds/Zoe
Zoe,mid,16.19,,Seraph's Embrace,Seraph's Embrace → Horizon Focus,Imperial Mandate,Cryptbloom,,Seraph's Embrace → Horizon Focus → Imperial Mandate → Cryptbloom,Tear of the Goddess ; Tear of the Goddess → Ionian Boots of Lucidity → Lost Chapter,https://www.onetricks.gg/champions/builds/Zoe
Zoe,mid,16.19,,Seraph's Embrace,Seraph's Embrace → Blackfire Torch,Imperial Mandate,Cryptbloom,,Seraph's Embrace → Blackfire Torch → Imperial Mandate → Cryptbloom,Tear of the Goddess ; Tear of the Goddess → Ionian Boots of Lucidity → Lost Chapter,https://www.onetricks.gg/champions/builds/Zoe
Zyra,jungle,16.19,,Liandry's Torment,Liandry's Torment → Shadowflame,Zhonya's Hourglass | Cryptbloom | Mejai's Soulstealer,Zhonya's Hourglass | Banshee's Veil | Mejai's Soulstealer,Rabadon's Deathcap | Banshee's Veil | Morellonomicon,Liandry's Torment → Shadowflame → Zhonya's Hourglass → Void Staff ; Liandry's Torment → Shadowflame → Zhonya's Hourglass → Cryptbloom ; Liandry's Torment → Shadowflame → Zhonya's Hourglass → Mejai's Soulstealer,Fated Ashes → Boots → Haunting Guise ; Fated Ashes → Dark Seal → Boots ; Fated Ashes → Haunting Guise,https://www.onetricks.gg/champions/builds/Zyra
Zyra,jungle,16.19,,Liandry's Torment,Liandry's Torment → Zhonya's Hourglass,Shadowflame | Cryptbloom | Mejai's Soulstealer,Shadowflame | Cryptbloom | Banshee's Veil,Rabadon's Deathcap | Mejai's Soulstealer | Shadowflame,Liandry's Torment → Zhonya's Hourglass → Shadowflame → Mejai's Soulstealer ; Liandry's Torment → Zhonya's Hourglass → Mejai's Soulstealer → Shadowflame ; Liandry's Torment → Zhonya's Hourglass → Rylai's Crystal Scepter → Cryptbloom,Fated Ashes → Boots → Haunting Guise ; Fated Ashes → Dark Seal → Boots ; Fated Ashes → Haunting Guise,https://www.onetricks.gg/champions/builds/Zyra
Zyra,jungle,16.19,,Liandry's Torment,Liandry's Torment → Rylai's Crystal Scepter,Zhonya's Hourglass | Shadowflame | Bloodletter's Curse,Zhonya's Hourglass | Morellonomicon | Shadowflame,Riftmaker | Rabadon's Deathcap | Morellonomicon,Liandry's Torment → Rylai's Crystal Scepter → Zhonya's Hourglass → Morellonomicon ; Liandry's Torment → Rylai's Crystal Scepter → Zhonya's Hourglass → Shadowflame ; Liandry's Torment → Rylai's Crystal Scepter → Zhonya's Hourglass → Cryptbloom,Fated Ashes → Boots → Haunting Guise ; Fated Ashes → Dark Seal → Boots ; Fated Ashes → Haunting Guise,https://www.onetricks.gg/champions/builds/Zyra
Zyra,jungle,16.19,,Liandry's Torment,Liandry's Torment → Hextech Rocketbelt,Zhonya's Hourglass | Void Staff | Mejai's Soulstealer,Cryptbloom | Zhonya's Hourglass | Mejai's Soulstealer,Banshee's Veil | Mejai's Soulstealer | Cryptbloom,Liandry's Torment → Hextech Rocketbelt → Zhonya's Hourglass → Cryptbloom → Banshee's Veil ; Liandry's Torment → Hextech Rocketbelt → Mejai's Soulstealer → Zhonya's Hourglass → Cryptbloom ; Liandry's Torment → Hextech Rocketbelt → Zhonya's Hourglass → Cryptbloom → Mejai's Soulstealer,Fated Ashes → Boots → Haunting Guise ; Fated Ashes → Dark Seal → Boots ; Fated Ashes → Haunting Guise,https://www.onetricks.gg/champions/builds/Zyra
