champion,role,patch,source_status,forms,source_url,source_retrieved,source_primary_core,before,after,basis,changed
Aatrox,TOP,16.19,ok,,https://www.onetricks.gg/champions/builds/Aatrox,2026-10-01T18:21:13.253882+00:00,Eclipse > Black Cleaver,Black Cleaver > Spear of Shojin > Death's Dance,Eclipse > Black Cleaver > Death's Dance,sampled_observations > external_reference > external_reference,True
Aatrox,JUNGLE,16.19,ok,,https://www.onetricks.gg/champions/builds/Aatrox?role=jungle,2026-10-01T19:02:53.262904+00:00,Hubris > Sundered Sky,Hubris > Sundered Sky > Death's Dance,Hubris > Sundered Sky > Death's Dance,sampled_observations > external_reference > external_reference,False
Aatrox,MIDDLE,16.19,ok,,https://www.onetricks.gg/champions/builds/Aatrox?role=mid,2026-10-01T19:02:53.423235+00:00,Eclipse > Sundered Sky,Eclipse > Sundered Sky > Warmog's Armor,Eclipse > Sundered Sky > Warmog's Armor,external_reference > external_reference > mechanical_estimate,False
Aatrox,BOTTOM,16.19,no_same_patch_routes,,https://www.onetricks.gg/champions/builds/Aatrox?role=bot,2026-10-01T19:02:54.005666+00:00,,Warmog's Armor > Black Cleaver > Experimental Hexplate,Warmog's Armor > Black Cleaver > Experimental Hexplate,mechanical_estimate > mechanical_estimate > mechanical_estimate,False
Aatrox,UTILITY,16.19,setup_only,,https://www.onetricks.gg/champions/builds/Aatrox?role=supp,2026-10-01T19:03:00.049786+00:00,,Sundered Sky > Warmog's Armor > Black Cleaver,Sundered Sky > Warmog's Armor > Black Cleaver,mechanical_estimate > mechanical_estimate > mechanical_estimate,False
Ahri,TOP,16.19,ok,,https://www.onetricks.gg/champions/builds/Ahri?role=top,2026-10-01T19:03:00.361314+00:00,Blackfire Torch > Cosmic Drive,Malignance > Lich Bane > Shadowflame,Blackfire Torch > Cosmic Drive > Shadowflame,external_reference > external_reference > external_reference,True
Ahri,JUNGLE,16.19,no_same_patch_routes,,https://www.onetricks.gg/champions/builds/Ahri?role=jungle,2026-10-01T19:03:00.127222+00:00,,Malignance > Lich Bane > Cryptbloom,Malignance > Lich Bane > Cryptbloom,mechanical_estimate > mechanical_estimate > mechanical_estimate,False
Ahri,MIDDLE,16.19,ok,,https://www.onetricks.gg/champions/builds/Ahri,2026-10-01T18:21:13.498300+00:00,Malignance > Lich Bane,Malignance > Lich Bane > Rabadon's Deathcap,Malignance > Lich Bane > Rabadon's Deathcap,sampled_observations > sampled_observations > sampled_observations,False
Ahri,BOTTOM,16.19,ok,,https://www.onetricks.gg/champions/builds/Ahri?role=bot,2026-10-01T19:03:05.255785+00:00,Malignance > Lich Bane,Malignance > Lich Bane > Shadowflame,Malignance > Lich Bane > Shadowflame,external_reference > external_reference > external_reference,False
Ahri,UTILITY,16.19,ok,,https://www.onetricks.gg/champions/builds/Ahri?role=supp,2026-10-01T19:03:05.151229+00:00,Malignance,Malignance > Rylai's Crystal Scepter > Lich Bane,Malignance > Mejai's Soulstealer > Lich Bane,external_reference > external_reference > mechanical_estimate,True
Akali,TOP,16.19,ok,,https://www.onetricks.gg/champions/builds/Akali?role=top,2026-10-01T19:03:04.739424+00:00,Hextech Gunblade > Shadowflame,Hextech Gunblade > Shadowflame > Stormsurge,Hextech Gunblade > Shadowflame > Stormsurge,sampled_observations > limited_observations > external_reference,False
Akali,JUNGLE,16.19,no_same_patch_routes,,https://www.onetricks.gg/champions/builds/Akali?role=jungle,2026-10-01T19:03:09.758952+00:00,,Hextech Gunblade > Malignance > Axiom Arc,Hextech Gunblade > Malignance > Axiom Arc,mechanical_estimate > mechanical_estimate > mechanical_estimate,False
Akali,MIDDLE,16.19,ok,,https://www.onetricks.gg/champions/builds/Akali,2026-10-01T18:21:13.788899+00:00,Hextech Gunblade > Shadowflame,Hextech Gunblade > Shadowflame > Rabadon's Deathcap,Hextech Gunblade > Shadowflame > Rabadon's Deathcap,sampled_observations > sampled_observations > sampled_observations,False
Akali,BOTTOM,16.19,ok,,https://www.onetricks.gg/champions/builds/Akali?role=bot,2026-10-01T19:03:10.323040+00:00,Hextech Gunblade > Shadowflame,Hextech Gunblade > Shadowflame > Rabadon's Deathcap,Hextech Gunblade > Shadowflame > Rabadon's Deathcap,external_reference > external_reference > external_reference,False
Akali,UTILITY,16.19,ok,,https://www.onetricks.gg/champions/builds/Akali?role=supp,2026-10-01T19:03:09.735303+00:00,Stormsurge,Stormsurge > Hextech Rocketbelt > Hextech Gunblade,Stormsurge > Hextech Rocketbelt > Hextech Gunblade,external_reference > external_reference > mechanical_estimate,False
Akshan,TOP,16.19,ok,,https://www.onetricks.gg/champions/builds/Akshan?role=top,2026-10-01T19:03:14.972241+00:00,Kraken Slayer > The Collector,Kraken Slayer > The Collector > Infinity Edge,Kraken Slayer > The Collector > Lord Dominik's Regards,external_reference > external_reference > external_reference,True
Akshan,JUNGLE,16.19,no_same_patch_routes,,https://www.onetricks.gg/champions/builds/Akshan?role=jungle,2026-10-01T19:03:14.624931+00:00,,Essence Reaver > Infinity Edge > Bloodthirster,Essence Reaver > Infinity Edge > Bloodthirster,mechanical_estimate > mechanical_estimate > mechanical_estimate,False
Akshan,MIDDLE,16.19,ok,,https://www.onetricks.gg/champions/builds/Akshan,2026-10-01T18:21:20.297445+00:00,The Collector > Infinity Edge,The Collector > Infinity Edge > Lord Dominik's Regards,The Collector > Infinity Edge > Lord Dominik's Regards,sampled_observations > sampled_observations > limited_observations,False
Akshan,BOTTOM,16.19,ok,,https://www.onetricks.gg/champions/builds/Akshan?role=bot,2026-10-01T19:03:14.682469+00:00,The Collector > Infinity Edge,The Collector > Infinity Edge > Lord Dominik's Regards,The Collector > Infinity Edge > Lord Dominik's Regards,external_reference > external_reference > external_reference,False
Akshan,UTILITY,16.19,ok,,https://www.onetricks.gg/champions/builds/Akshan?role=supp,2026-10-01T19:03:19.066129+00:00,Voltaic Cyclosword,Voltaic Cyclosword > Lord Dominik's Regards > Essence Reaver,Voltaic Cyclosword > Lord Dominik's Regards > Essence Reaver,external_reference > external_reference > mechanical_estimate,False
Alistar,TOP,16.19,ok,,https://www.onetricks.gg/champions/builds/Alistar?role=top,2026-10-01T19:03:18.837041+00:00,Lich Bane > Cosmic Drive,Lich Bane > Cosmic Drive > Winter's Approach,Lich Bane > Cosmic Drive > Winter's Approach,external_reference > external_reference > mechanical_estimate,False
Alistar,JUNGLE,16.19,no_same_patch_routes,,https://www.onetricks.gg/champions/builds/Alistar?role=jungle,2026-10-01T19:03:18.722763+00:00,,Winter's Approach > Warmog's Armor > Protoplasm Harness,Winter's Approach > Warmog's Armor > Protoplasm Harness,mechanical_estimate > mechanical_estimate > mechanical_estimate,False
Alistar,MIDDLE,16.19,no_same_patch_routes,,https://www.onetricks.gg/champions/builds/Alistar?role=mid,2026-10-01T19:03:23.776304+00:00,,Winter's Approach > Warmog's Armor > Protoplasm Harness,Winter's Approach > Warmog's Armor > Protoplasm Harness,mechanical_estimate > mechanical_estimate > mechanical_estimate,False
Alistar,BOTTOM,16.19,setup_only,,https://www.onetricks.gg/champions/builds/Alistar?role=bot,2026-10-01T19:03:23.595795+00:00,,Winter's Approach > Warmog's Armor > Protoplasm Harness,Winter's Approach > Warmog's Armor > Protoplasm Harness,mechanical_estimate > mechanical_estimate > mechanical_estimate,False
Alistar,UTILITY,16.19,ok,,https://www.onetricks.gg/champions/builds/Alistar,2026-10-01T18:28:18.669522+00:00,Zeke's Convergence,Zeke's Convergence > Knight's Vow > Winter's Approach,Zeke's Convergence > Knight's Vow > Winter's Approach,sampled_observations > sampled_observations > mechanical_estimate,False
Ambessa,TOP,16.19,ok,,https://www.onetricks.gg/champions/builds/Ambessa,2026-10-01T18:21:19.577959+00:00,Eclipse > Black Cleaver,Eclipse > Black Cleaver > Death's Dance,Eclipse > Spear of Shojin > Death's Dance,sampled_observations > sampled_observations > sampled_observations,True
Ambessa,JUNGLE,16.19,ok,,https://www.onetricks.gg/champions/builds/Ambessa?role=jungle,2026-10-01T19:03:23.640579+00:00,Profane Hydra > Voltaic Cyclosword,Profane Hydra > Voltaic Cyclosword > Death's Dance,Profane Hydra > Voltaic Cyclosword > Death's Dance,sampled_observations > sampled_observations > limited_observations,False
Ambessa,MIDDLE,16.19,ok,,https://www.onetricks.gg/champions/builds/Ambessa?role=mid,2026-10-01T19:03:29.230921+00:00,Profane Hydra > Voltaic Cyclosword,Profane Hydra > Voltaic Cyclosword > Death's Dance,Profane Hydra > Voltaic Cyclosword > Death's Dance,sampled_observations > external_reference > external_reference,False
Ambessa,BOTTOM,16.19,ok,,https://www.onetricks.gg/champions/builds/Ambessa?role=bot,2026-10-01T19:03:29.725224+00:00,Profane Hydra > Death's Dance,Profane Hydra > Death's Dance > Endless Hunger,Profane Hydra > Death's Dance > Endless Hunger,external_reference > external_reference > external_reference,False
Ambessa,UTILITY,16.19,no_same_patch_routes,,https://www.onetricks.gg/champions/builds/Ambessa?role=supp,2026-10-01T19:03:29.281452+00:00,,Axiom Arc > Umbral Glaive > Essence Reaver,Axiom Arc > Umbral Glaive > Essence Reaver,mechanical_estimate > mechanical_estimate > mechanical_estimate,False
Amumu,TOP,16.19,ok,,https://www.onetricks.gg/champions/builds/Amumu?role=top,2026-10-01T19:03:34.924118+00:00,Thornmail > Winter's Approach,Thornmail > Winter's Approach > Imperial Mandate,Thornmail > Winter's Approach > Imperial Mandate,external_reference > external_reference > external_reference,False
Amumu,JUNGLE,16.19,ok,,https://www.onetricks.gg/champions/builds/Amumu?role=jungle,2026-10-01T19:03:34.900789+00:00,Liandry's Torment > Sunfire Aegis,Liandry's Torment > Zeke's Convergence > Abyssal Mask,Liandry's Torment > Sunfire Aegis > Abyssal Mask,external_reference > external_reference > external_reference,True
Amumu,MIDDLE,16.19,no_same_patch_routes,,https://www.onetricks.gg/champions/builds/Amumu?role=mid,2026-10-01T19:03:35.274455+00:00,,Winter's Approach > Cosmic Drive > Warmog's Armor,Winter's Approach > Cosmic Drive > Warmog's Armor,mechanical_estimate > mechanical_estimate > mechanical_estimate,False
Amumu,BOTTOM,16.19,no_same_patch_routes,,https://www.onetricks.gg/champions/builds/Amumu?role=bot,2026-10-01T19:03:40.125275+00:00,,Winter's Approach > Cosmic Drive > Warmog's Armor,Winter's Approach > Cosmic Drive > Warmog's Armor,mechanical_estimate > mechanical_estimate > mechanical_estimate,False
Amumu,UTILITY,16.19,ok,,https://www.onetricks.gg/champions/builds/Amumu,2026-10-01T18:28:18.728308+00:00,Zeke's Convergence,Zeke's Convergence > Locket of the Iron Solari > Winter's Approach,Zeke's Convergence > Locket of the Iron Solari > Winter's Approach,external_reference > external_reference > mechanical_estimate,False
Anivia,TOP,16.19,ok,,https://www.onetricks.gg/champions/builds/Anivia?role=top,2026-10-01T19:03:39.699012+00:00,Rod of Ages > Malignance,Rod of Ages > Malignance > Shadowflame,Rod of Ages > Malignance > Shadowflame,sampled_observations > external_reference > external_reference,False
Anivia,JUNGLE,16.19,no_same_patch_routes,,https://www.onetricks.gg/champions/builds/Anivia?role=jungle,2026-10-01T19:03:40.227857+00:00,,Malignance > Blackfire Torch > Lich Bane,Malignance > Blackfire Torch > Lich Bane,mechanical_estimate > mechanical_estimate > mechanical_estimate,False
Anivia,MIDDLE,16.19,ok,,https://www.onetricks.gg/champions/builds/Anivia,2026-10-01T18:21:27.559462+00:00,Rod of Ages > Malignance,Rod of Ages > Malignance > Liandry's Torment,Rod of Ages > Malignance > Liandry's Torment,sampled_observations > sampled_observations > external_reference,False
Anivia,BOTTOM,16.19,ok,,https://www.onetricks.gg/champions/builds/Anivia?role=bot,2026-10-01T19:03:45.305296+00:00,Rod of Ages > Malignance,Malignance > Liandry's Torment > Cosmic Drive,Rod of Ages > Malignance > Hextech Rocketbelt,external_reference > external_reference > external_reference,True
Anivia,UTILITY,16.19,ok,,https://www.onetricks.gg/champions/builds/Anivia?role=supp,2026-10-01T19:03:44.836238+00:00,Rod of Ages,Rod of Ages > Imperial Mandate > Malignance,Rod of Ages > Imperial Mandate > Malignance,external_reference > external_reference > mechanical_estimate,False
Annie,TOP,16.19,ok,,https://www.onetricks.gg/champions/builds/Annie?role=top,2026-10-01T19:03:45.196933+00:00,Malignance > Hextech Rocketbelt,Malignance > Hextech Rocketbelt > Bloodletter's Curse,Malignance > Hextech Rocketbelt > Liandry's Torment,external_reference > external_reference > external_reference,True
Annie,JUNGLE,16.19,no_same_patch_routes,,https://www.onetricks.gg/champions/builds/Annie?role=jungle,2026-10-01T19:03:50.849587+00:00,,Malignance > Lich Bane > Cryptbloom,Malignance > Lich Bane > Cryptbloom,mechanical_estimate > mechanical_estimate > mechanical_estimate,False
Annie,MIDDLE,16.19,ok,,https://www.onetricks.gg/champions/builds/Annie,2026-10-01T18:21:27.343545+00:00,Malignance > Shadowflame,Malignance > Hextech Rocketbelt > Shadowflame,Malignance > Shadowflame > Rabadon's Deathcap,sampled_observations > external_reference > external_reference,True
Annie,BOTTOM,16.19,ok,,https://www.onetricks.gg/champions/builds/Annie?role=bot,2026-10-01T19:03:50.864722+00:00,Malignance > Archangel's Staff,Malignance > Archangel's Staff > Actualizer,Malignance > Archangel's Staff > Actualizer,external_reference > external_reference > external_reference,False
Annie,UTILITY,16.19,ok,,https://www.onetricks.gg/champions/builds/Annie?role=supp,2026-10-01T19:03:50.498763+00:00,Malignance,Malignance > Rylai's Crystal Scepter > Cryptbloom,Malignance > Rylai's Crystal Scepter > Cryptbloom,external_reference > external_reference > mechanical_estimate,False
Aphelios,TOP,16.19,ok,,https://www.onetricks.gg/champions/builds/Aphelios?role=top,2026-10-01T19:03:56.542726+00:00,Experimental Hexplate > Infinity Edge,Experimental Hexplate > Infinity Edge > Phantom Dancer,Experimental Hexplate > Infinity Edge > Lord Dominik's Regards,external_reference > external_reference > external_reference,True
Aphelios,JUNGLE,16.19,no_same_patch_routes,,https://www.onetricks.gg/champions/builds/Aphelios?role=jungle,2026-10-01T19:03:55.393818+00:00,,Infinity Edge > Essence Reaver > Hexoptics C44,Infinity Edge > Essence Reaver > Hexoptics C44,mechanical_estimate > mechanical_estimate > mechanical_estimate,False
Aphelios,MIDDLE,16.19,ok,,https://www.onetricks.gg/champions/builds/Aphelios?role=mid,2026-10-01T19:03:55.349911+00:00,Stormrazor > Lord Dominik's Regards,Stormrazor > Lord Dominik's Regards > Infinity Edge,Stormrazor > Lord Dominik's Regards > Infinity Edge,external_reference > external_reference > external_reference,False
Aphelios,BOTTOM,16.19,ok,,https://www.onetricks.gg/champions/builds/Aphelios,2026-10-01T18:21:35.760446+00:00,The Collector > Infinity Edge,Stormrazor > Infinity Edge > Lord Dominik's Regards,The Collector > Infinity Edge > Lord Dominik's Regards,sampled_observations > sampled_observations > sampled_observations,True
Aphelios,UTILITY,16.19,ok,,https://www.onetricks.gg/champions/builds/Aphelios?role=supp,2026-10-01T19:04:00.455011+00:00,Hubris,Hubris > Infinity Edge > Essence Reaver,Hubris > Infinity Edge > Essence Reaver,external_reference > mechanical_estimate > mechanical_estimate,False
Ashe,TOP,16.19,no_same_patch_routes,,https://www.onetricks.gg/champions/builds/Ashe?role=top,2026-10-01T19:04:00.505409+00:00,,Essence Reaver > Infinity Edge > Axiom Arc,Essence Reaver > Infinity Edge > Axiom Arc,mechanical_estimate > mechanical_estimate > mechanical_estimate,False
Ashe,JUNGLE,16.19,no_same_patch_routes,,https://www.onetricks.gg/champions/builds/Ashe?role=jungle,2026-10-01T19:04:00.480407+00:00,,Essence Reaver > Infinity Edge > Axiom Arc,Essence Reaver > Infinity Edge > Axiom Arc,mechanical_estimate > mechanical_estimate > mechanical_estimate,False
Ashe,MIDDLE,16.19,no_same_patch_routes,,https://www.onetricks.gg/champions/builds/Ashe?role=mid,2026-10-01T19:04:05.143154+00:00,,Essence Reaver > Infinity Edge > Axiom Arc,Essence Reaver > Infinity Edge > Axiom Arc,mechanical_estimate > mechanical_estimate > mechanical_estimate,False
Ashe,BOTTOM,16.19,ok,,https://www.onetricks.gg/champions/builds/Ashe,2026-10-01T18:21:35.968164+00:00,Hexoptics C44 > Phantom Dancer,Hexoptics C44 > Phantom Dancer > Infinity Edge,Hexoptics C44 > Phantom Dancer > Infinity Edge,sampled_observations > sampled_observations > sampled_observations,False
Ashe,UTILITY,16.19,ok,,https://www.onetricks.gg/champions/builds/Ashe?role=supp,2026-10-01T19:04:05.691341+00:00,Black Cleaver,Black Cleaver > Essence Reaver > Infinity Edge,Black Cleaver > Essence Reaver > Infinity Edge,external_reference > mechanical_estimate > mechanical_estimate,False
AurelionSol,TOP,16.19,ok,,https://www.onetricks.gg/champions/builds/AurelionSol?role=top,2026-10-01T19:04:05.385059+00:00,Rylai's Crystal Scepter > Liandry's Torment,Rylai's Crystal Scepter > Liandry's Torment > Bloodletter's Curse,Rylai's Crystal Scepter > Liandry's Torment > Bloodletter's Curse,external_reference > external_reference > external_reference,False
AurelionSol,JUNGLE,16.19,ok,,https://www.onetricks.gg/champions/builds/AurelionSol?role=jungle,2026-10-01T19:04:09.644349+00:00,Blackfire Torch > Bloodletter's Curse,Blackfire Torch > Bloodletter's Curse > Malignance,Blackfire Torch > Bloodletter's Curse > Malignance,external_reference > external_reference > mechanical_estimate,False
AurelionSol,MIDDLE,16.19,ok,,https://www.onetricks.gg/champions/builds/AurelionSol,2026-10-01T18:32:46.440386+00:00,Rylai's Crystal Scepter > Liandry's Torment,Rylai's Crystal Scepter > Liandry's Torment > Void Staff,Rylai's Crystal Scepter > Liandry's Torment > Bloodletter's Curse,sampled_observations > limited_observations > external_reference,True
AurelionSol,BOTTOM,16.19,ok,,https://www.onetricks.gg/champions/builds/AurelionSol?role=bot,2026-10-01T19:04:10.005742+00:00,Rylai's Crystal Scepter > Liandry's Torment,Rylai's Crystal Scepter > Liandry's Torment > Bloodletter's Curse,Rylai's Crystal Scepter > Liandry's Torment > Bloodletter's Curse,sampled_observations > sampled_observations > external_reference,False
AurelionSol,UTILITY,16.19,ok,,https://www.onetricks.gg/champions/builds/AurelionSol?role=supp,2026-10-01T19:04:10.298512+00:00,Liandry's Torment,Liandry's Torment > Malignance > Blackfire Torch,Liandry's Torment > Malignance > Blackfire Torch,external_reference > mechanical_estimate > mechanical_estimate,False
Aurora,TOP,16.19,ok,,https://www.onetricks.gg/champions/builds/Aurora?role=top,2026-10-01T19:04:14.950796+00:00,Stormsurge > Shadowflame,Luden's Echo > Shadowflame > Stormsurge,Stormsurge > Shadowflame > Rabadon's Deathcap,sampled_observations > external_reference > external_reference,True
Aurora,JUNGLE,16.19,no_same_patch_routes,,https://www.onetricks.gg/champions/builds/Aurora?role=jungle,2026-10-01T19:04:14.987433+00:00,,Malignance > Lich Bane > Cryptbloom,Malignance > Lich Bane > Cryptbloom,mechanical_estimate > mechanical_estimate > mechanical_estimate,False
Aurora,MIDDLE,16.19,ok,,https://www.onetricks.gg/champions/builds/Aurora,2026-10-01T18:21:35.898851+00:00,Stormsurge > Shadowflame,Stormsurge > Shadowflame > Rabadon's Deathcap,Stormsurge > Shadowflame > Rabadon's Deathcap,sampled_observations > sampled_observations > sampled_observations,False
Aurora,BOTTOM,16.19,ok,,https://www.onetricks.gg/champions/builds/Aurora?role=bot,2026-10-01T19:04:15.237121+00:00,Stormsurge > Shadowflame,Stormsurge > Shadowflame > Rabadon's Deathcap,Stormsurge > Shadowflame > Rabadon's Deathcap,external_reference > external_reference > external_reference,False
Aurora,UTILITY,16.19,ok,,https://www.onetricks.gg/champions/builds/Aurora?role=supp,2026-10-01T19:04:20.676467+00:00,Stormsurge,Stormsurge > Shadowflame > Malignance,Stormsurge > Shadowflame > Malignance,external_reference > external_reference > mechanical_estimate,False
Azir,TOP,16.19,ok,,https://www.onetricks.gg/champions/builds/Azir?role=top,2026-10-01T19:04:20.809362+00:00,Nashor's Tooth > Riftmaker,Nashor's Tooth > Rabadon's Deathcap > Shadowflame,Nashor's Tooth > Riftmaker > Void Staff,external_reference > external_reference > external_reference,True
Azir,JUNGLE,16.19,ok,,https://www.onetricks.gg/champions/builds/Azir?role=jungle,2026-10-01T19:04:20.290083+00:00,Nashor's Tooth > Rabadon's Deathcap,Nashor's Tooth > Rabadon's Deathcap > Void Staff,Nashor's Tooth > Rabadon's Deathcap > Void Staff,external_reference > external_reference > external_reference,False
Azir,MIDDLE,16.19,ok,,https://www.onetricks.gg/champions/builds/Azir,2026-10-01T18:21:42.580075+00:00,Nashor's Tooth > Shadowflame,Nashor's Tooth > Shadowflame > Rabadon's Deathcap,Nashor's Tooth > Shadowflame > Rabadon's Deathcap,sampled_observations > external_reference > external_reference,False
Azir,BOTTOM,16.19,ok,,https://www.onetricks.gg/champions/builds/Azir?role=bot,2026-10-01T19:04:25.004806+00:00,Nashor's Tooth > Riftmaker,Nashor's Tooth > Rabadon's Deathcap > Void Staff,Nashor's Tooth > Riftmaker > Rabadon's Deathcap,external_reference > external_reference > external_reference,True
Azir,UTILITY,16.19,no_same_patch_routes,,https://www.onetricks.gg/champions/builds/Azir?role=supp,2026-10-01T19:04:24.528910+00:00,,Essence Reaver > Malignance > Hextech Gunblade,Essence Reaver > Malignance > Hextech Gunblade,mechanical_estimate > mechanical_estimate > mechanical_estimate,False
Bard,TOP,16.19,no_same_patch_routes,,https://www.onetricks.gg/champions/builds/Bard?role=top,2026-10-01T19:04:25.470735+00:00,,Essence Reaver > Archangel's Staff > Cosmic Drive,Essence Reaver > Archangel's Staff > Cosmic Drive,mechanical_estimate > mechanical_estimate > mechanical_estimate,False
Bard,JUNGLE,16.19,no_same_patch_routes,,https://www.onetricks.gg/champions/builds/Bard?role=jungle,2026-10-01T19:04:28.273947+00:00,,Essence Reaver > Archangel's Staff > Cosmic Drive,Essence Reaver > Archangel's Staff > Cosmic Drive,mechanical_estimate > mechanical_estimate > mechanical_estimate,False
Bard,MIDDLE,16.19,ok,,https://www.onetricks.gg/champions/builds/Bard?role=mid,2026-10-01T19:04:28.731310+00:00,Dead Man's Plate > Liandry's Torment,Dead Man's Plate > Liandry's Torment > Essence Reaver,Dead Man's Plate > Liandry's Torment > Essence Reaver,external_reference > external_reference > mechanical_estimate,False
Bard,BOTTOM,16.19,ok,,https://www.onetricks.gg/champions/builds/Bard?role=bot,2026-10-01T19:04:28.701120+00:00,Hextech Rocketbelt > Zeke's Convergence,Hextech Rocketbelt > Zeke's Convergence > Essence Reaver,Hextech Rocketbelt > Zeke's Convergence > Essence Reaver,external_reference > external_reference > mechanical_estimate,False
Bard,UTILITY,16.19,ok,,https://www.onetricks.gg/champions/builds/Bard,2026-10-01T18:28:18.742173+00:00,Dead Man's Plate,Locket of the Iron Solari > Bandlepipes > Echoes of Helia,Locket of the Iron Solari > Bandlepipes > Echoes of Helia,sampled_observations > external_reference > mechanical_estimate,False
Belveth,TOP,16.19,no_same_patch_routes,,https://www.onetricks.gg/champions/builds/Belveth?role=top,2026-10-01T19:04:34.912273+00:00,,Phantom Dancer > Yun Tal Wildarrows > Infinity Edge,Phantom Dancer > Yun Tal Wildarrows > Infinity Edge,mechanical_estimate > mechanical_estimate > mechanical_estimate,False
Belveth,JUNGLE,16.19,ok,,https://www.onetricks.gg/champions/builds/Belveth,2026-10-01T18:21:43.931817+00:00,Kraken Slayer > Blade of The Ruined King,Kraken Slayer > Blade of The Ruined King > Death's Dance,Kraken Slayer > Blade of The Ruined King > Death's Dance,sampled_observations > sampled_observations > limited_observations,False
Belveth,MIDDLE,16.19,no_same_patch_routes,,https://www.onetricks.gg/champions/builds/Belveth?role=mid,2026-10-01T19:04:34.727357+00:00,,Phantom Dancer > Yun Tal Wildarrows > Infinity Edge,Phantom Dancer > Yun Tal Wildarrows > Infinity Edge,mechanical_estimate > mechanical_estimate > mechanical_estimate,False
Belveth,BOTTOM,16.19,no_same_patch_routes,,https://www.onetricks.gg/champions/builds/Belveth?role=bot,2026-10-01T19:04:34.705735+00:00,,Phantom Dancer > Yun Tal Wildarrows > Infinity Edge,Phantom Dancer > Yun Tal Wildarrows > Infinity Edge,mechanical_estimate > mechanical_estimate > mechanical_estimate,False
Belveth,UTILITY,16.19,no_same_patch_routes,,https://www.onetricks.gg/champions/builds/Belveth?role=supp,2026-10-01T19:04:38.624997+00:00,,Phantom Dancer > Yun Tal Wildarrows > Infinity Edge,Phantom Dancer > Yun Tal Wildarrows > Infinity Edge,mechanical_estimate > mechanical_estimate > mechanical_estimate,False
Blitzcrank,TOP,16.19,no_same_patch_routes,,https://www.onetricks.gg/champions/builds/Blitzcrank?role=top,2026-10-01T19:04:38.685410+00:00,,Winter's Approach > Protoplasm Harness > Dusk and Dawn,Winter's Approach > Protoplasm Harness > Dusk and Dawn,mechanical_estimate > mechanical_estimate > mechanical_estimate,False
Blitzcrank,JUNGLE,16.19,no_same_patch_routes,,https://www.onetricks.gg/champions/builds/Blitzcrank?role=jungle,2026-10-01T19:04:38.789272+00:00,,Winter's Approach > Protoplasm Harness > Dusk and Dawn,Winter's Approach > Protoplasm Harness > Dusk and Dawn,mechanical_estimate > mechanical_estimate > mechanical_estimate,False
Blitzcrank,MIDDLE,16.19,no_same_patch_routes,,https://www.onetricks.gg/champions/builds/Blitzcrank?role=mid,2026-10-01T19:04:44.349337+00:00,,Winter's Approach > Protoplasm Harness > Dusk and Dawn,Winter's Approach > Protoplasm Harness > Dusk and Dawn,mechanical_estimate > mechanical_estimate > mechanical_estimate,False
Blitzcrank,BOTTOM,16.19,no_same_patch_routes,,https://www.onetricks.gg/champions/builds/Blitzcrank?role=bot,2026-10-01T19:04:44.435022+00:00,,Winter's Approach > Protoplasm Harness > Dusk and Dawn,Winter's Approach > Protoplasm Harness > Dusk and Dawn,mechanical_estimate > mechanical_estimate > mechanical_estimate,False
Blitzcrank,UTILITY,16.19,ok,,https://www.onetricks.gg/champions/builds/Blitzcrank,2026-10-01T18:21:49.453296+00:00,Mikael's Blessing,Locket of the Iron Solari > Winter's Approach > Protoplasm Harness,Locket of the Iron Solari > Winter's Approach > Protoplasm Harness,sampled_observations > mechanical_estimate > mechanical_estimate,False
Brand,TOP,16.19,ok,,https://www.onetricks.gg/champions/builds/Brand?role=top,2026-10-01T19:04:44.847300+00:00,Rylai's Crystal Scepter > Liandry's Torment,Blackfire Torch > Rylai's Crystal Scepter > Malignance,Rylai's Crystal Scepter > Liandry's Torment > Bloodletter's Curse,external_reference > external_reference > external_reference,True
Brand,JUNGLE,16.19,ok,,https://www.onetricks.gg/champions/builds/Brand?role=jungle,2026-10-01T19:04:51.466784+00:00,Liandry's Torment > Rylai's Crystal Scepter,Blackfire Torch > Liandry's Torment > Rylai's Crystal Scepter,Liandry's Torment > Rylai's Crystal Scepter > Shadowflame,external_reference > external_reference > external_reference,True
Brand,MIDDLE,16.19,ok,,https://www.onetricks.gg/champions/builds/Brand?role=mid,2026-10-01T19:04:51.781700+00:00,Rylai's Crystal Scepter > Liandry's Torment,Blackfire Torch > Liandry's Torment > Rylai's Crystal Scepter,Rylai's Crystal Scepter > Liandry's Torment > Bloodletter's Curse,external_reference > external_reference > external_reference,True
Brand,BOTTOM,16.19,ok,,https://www.onetricks.gg/champions/builds/Brand,2026-10-01T18:21:49.624684+00:00,Blackfire Torch > Liandry's Torment,Blackfire Torch > Liandry's Torment > Rylai's Crystal Scepter,Blackfire Torch > Liandry's Torment > Rylai's Crystal Scepter,external_reference > external_reference > external_reference,False
Brand,UTILITY,16.19,ok,,https://www.onetricks.gg/champions/builds/Brand?role=supp,2026-10-01T19:04:51.336142+00:00,Rylai's Crystal Scepter,Rylai's Crystal Scepter > Liandry's Torment > Malignance,Rylai's Crystal Scepter > Liandry's Torment > Malignance,limited_observations > external_reference > mechanical_estimate,False
Braum,TOP,16.19,no_same_patch_routes,,https://www.onetricks.gg/champions/builds/Braum?role=top,2026-10-01T19:04:57.268744+00:00,,Winter's Approach > Protoplasm Harness > Warmog's Armor,Winter's Approach > Protoplasm Harness > Warmog's Armor,mechanical_estimate > mechanical_estimate > mechanical_estimate,False
Braum,JUNGLE,16.19,no_same_patch_routes,,https://www.onetricks.gg/champions/builds/Braum?role=jungle,2026-10-01T19:04:57.162329+00:00,,Winter's Approach > Protoplasm Harness > Warmog's Armor,Winter's Approach > Protoplasm Harness > Warmog's Armor,mechanical_estimate > mechanical_estimate > mechanical_estimate,False
Braum,MIDDLE,16.19,no_same_patch_routes,,https://www.onetricks.gg/champions/builds/Braum?role=mid,2026-10-01T19:04:57.283148+00:00,,Winter's Approach > Protoplasm Harness > Warmog's Armor,Winter's Approach > Protoplasm Harness > Warmog's Armor,mechanical_estimate > mechanical_estimate > mechanical_estimate,False
Braum,BOTTOM,16.19,no_same_patch_routes,,https://www.onetricks.gg/champions/builds/Braum?role=bot,2026-10-01T19:05:02.529474+00:00,,Winter's Approach > Protoplasm Harness > Warmog's Armor,Winter's Approach > Protoplasm Harness > Warmog's Armor,mechanical_estimate > mechanical_estimate > mechanical_estimate,False
Braum,UTILITY,16.19,ok,,https://www.onetricks.gg/champions/builds/Braum,2026-10-01T18:28:28.335920+00:00,Locket of the Iron Solari,Locket of the Iron Solari > Knight's Vow > Winter's Approach,Locket of the Iron Solari > Knight's Vow > Winter's Approach,sampled_observations > limited_observations > mechanical_estimate,False
Briar,TOP,16.19,ok,,https://www.onetricks.gg/champions/builds/Briar?role=top,2026-10-01T19:05:02.609816+00:00,Titanic Hydra > Black Cleaver,Titanic Hydra > Black Cleaver > Death's Dance,Titanic Hydra > Black Cleaver > Death's Dance,external_reference > external_reference > external_reference,False
Briar,JUNGLE,16.19,ok,,https://www.onetricks.gg/champions/builds/Briar,2026-10-01T18:21:56.139610+00:00,Titanic Hydra > Black Cleaver,Titanic Hydra > Black Cleaver > Death's Dance,Titanic Hydra > Black Cleaver > Death's Dance,sampled_observations > limited_observations > external_reference,False
Briar,MIDDLE,16.19,ok,,https://www.onetricks.gg/champions/builds/Briar?role=mid,2026-10-01T19:05:02.633824+00:00,Eclipse > Titanic Hydra,Titanic Hydra > Black Cleaver > Death's Dance,Eclipse > Titanic Hydra > Black Cleaver,external_reference > external_reference > external_reference,True
Briar,BOTTOM,16.19,ok,,https://www.onetricks.gg/champions/builds/Briar?role=bot,2026-10-01T19:05:07.412468+00:00,Titanic Hydra > Black Cleaver,Titanic Hydra > Black Cleaver > Warmog's Armor,Titanic Hydra > Black Cleaver > Warmog's Armor,external_reference > external_reference > mechanical_estimate,False
Briar,UTILITY,16.19,no_same_patch_routes,,https://www.onetricks.gg/champions/builds/Briar?role=supp,2026-10-01T19:05:07.878925+00:00,,Warmog's Armor > Sundered Sky > Heartsteel,Warmog's Armor > Sundered Sky > Heartsteel,mechanical_estimate > mechanical_estimate > mechanical_estimate,False
Caitlyn,TOP,16.19,ok,,https://www.onetricks.gg/champions/builds/Caitlyn?role=top,2026-10-01T19:05:07.658411+00:00,The Collector > Infinity Edge,The Collector > Infinity Edge > Essence Reaver,The Collector > Infinity Edge > Essence Reaver,external_reference > external_reference > mechanical_estimate,False
Caitlyn,JUNGLE,16.19,no_same_patch_routes,,https://www.onetricks.gg/champions/builds/Caitlyn?role=jungle,2026-10-01T19:05:18.834365+00:00,,Essence Reaver > Infinity Edge > Hexoptics C44,Essence Reaver > Infinity Edge > Hexoptics C44,mechanical_estimate > mechanical_estimate > mechanical_estimate,False
Caitlyn,MIDDLE,16.19,ok,,https://www.onetricks.gg/champions/builds/Caitlyn?role=mid,2026-10-01T19:05:18.590034+00:00,The Collector > Infinity Edge,The Collector > Infinity Edge > Lord Dominik's Regards,The Collector > Infinity Edge > Lord Dominik's Regards,external_reference > external_reference > external_reference,False
Caitlyn,BOTTOM,16.19,ok,,https://www.onetricks.gg/champions/builds/Caitlyn,2026-10-01T18:21:55.907138+00:00,Hexoptics C44 > Infinity Edge,Hexoptics C44 > Infinity Edge > Lord Dominik's Regards,Hexoptics C44 > Infinity Edge > Lord Dominik's Regards,sampled_observations > sampled_observations > sampled_observations,False
Caitlyn,UTILITY,16.19,no_same_patch_routes,,https://www.onetricks.gg/champions/builds/Caitlyn?role=supp,2026-10-01T19:05:19.074093+00:00,,Essence Reaver > Infinity Edge > Hexoptics C44,Essence Reaver > Infinity Edge > Hexoptics C44,mechanical_estimate > mechanical_estimate > mechanical_estimate,False
Camille,TOP,16.19,ok,,https://www.onetricks.gg/champions/builds/Camille,2026-10-01T18:21:56.067868+00:00,Trinity Force > Ravenous Hydra,Trinity Force > Ravenous Hydra > Death's Dance,Trinity Force > Ravenous Hydra > Death's Dance,sampled_observations > sampled_observations > sampled_observations,False
Camille,JUNGLE,16.19,ok,,https://www.onetricks.gg/champions/builds/Camille?role=jungle,2026-10-01T19:05:24.291771+00:00,Trinity Force > Ravenous Hydra,Trinity Force > Ravenous Hydra > Axiom Arc,Trinity Force > Ravenous Hydra > Axiom Arc,external_reference > external_reference > mechanical_estimate,False
Camille,MIDDLE,16.19,ok,,https://www.onetricks.gg/champions/builds/Camille?role=mid,2026-10-01T19:05:24.666478+00:00,Trinity Force > Ravenous Hydra,Trinity Force > Ravenous Hydra > Spear of Shojin,Trinity Force > Ravenous Hydra > Spear of Shojin,external_reference > external_reference > external_reference,False
Camille,BOTTOM,16.19,no_same_patch_routes,,https://www.onetricks.gg/champions/builds/Camille?role=bot,2026-10-01T19:05:24.162425+00:00,,Essence Reaver > Axiom Arc > Umbral Glaive,Essence Reaver > Axiom Arc > Umbral Glaive,mechanical_estimate > mechanical_estimate > mechanical_estimate,False
Camille,UTILITY,16.19,ok,,https://www.onetricks.gg/champions/builds/Camille?role=supp,2026-10-01T19:05:28.761454+00:00,Eclipse,Sundered Sky > Essence Reaver > Axiom Arc,Sundered Sky > Essence Reaver > Axiom Arc,sampled_observations > mechanical_estimate > mechanical_estimate,False
Cassiopeia,TOP,16.19,ok,,https://www.onetricks.gg/champions/builds/Cassiopeia?role=top,2026-10-01T19:05:29.231730+00:00,Rod of Ages > Archangel's Staff,Archangel's Staff > Rylai's Crystal Scepter > Void Staff,Rod of Ages > Archangel's Staff > Rylai's Crystal Scepter,sampled_observations > limited_observations > limited_observations,True
Cassiopeia,JUNGLE,16.19,no_same_patch_routes,,https://www.onetricks.gg/champions/builds/Cassiopeia?role=jungle,2026-10-01T19:05:28.818623+00:00,,Malignance > Blackfire Torch > Lich Bane,Malignance > Blackfire Torch > Lich Bane,mechanical_estimate > mechanical_estimate > mechanical_estimate,False
Cassiopeia,MIDDLE,16.19,ok,,https://www.onetricks.gg/champions/builds/Cassiopeia,2026-10-01T18:22:04.218766+00:00,Rod of Ages > Archangel's Staff,Rod of Ages > Archangel's Staff > Rylai's Crystal Scepter,Rod of Ages > Archangel's Staff > Rylai's Crystal Scepter,sampled_observations > sampled_observations > limited_observations,False
Cassiopeia,BOTTOM,16.19,ok,,https://www.onetricks.gg/champions/builds/Cassiopeia?role=bot,2026-10-01T19:05:37.914448+00:00,Blackfire Torch > Rylai's Crystal Scepter,Blackfire Torch > Liandry's Torment > Bloodletter's Curse,Blackfire Torch > Rylai's Crystal Scepter > Hextech Rocketbelt,sampled_observations > external_reference > external_reference,True
Cassiopeia,UTILITY,16.19,ok,,https://www.onetricks.gg/champions/builds/Cassiopeia?role=supp,2026-10-01T19:05:37.956552+00:00,Liandry's Torment,Rod of Ages > Knight's Vow > Malignance,Liandry's Torment > Bloodletter's Curse > Malignance,external_reference > external_reference > mechanical_estimate,True
Chogath,TOP,16.19,ok,,https://www.onetricks.gg/champions/builds/Chogath,2026-10-01T18:22:03.964075+00:00,Hextech Rocketbelt > Riftmaker,Heartsteel > Unending Despair > Hollow Radiance,Hextech Rocketbelt > Riftmaker > Dead Man's Plate,sampled_observations > external_reference > external_reference,True
Chogath,JUNGLE,16.19,ok,,https://www.onetricks.gg/champions/builds/Chogath?role=jungle,2026-10-01T19:05:37.867120+00:00,Heartsteel > Dead Man's Plate,Heartsteel > Dead Man's Plate > Unending Despair,Heartsteel > Dead Man's Plate > Force of Nature,sampled_observations > sampled_observations > sampled_observations,True
Chogath,MIDDLE,16.19,ok,,https://www.onetricks.gg/champions/builds/Chogath?role=mid,2026-10-01T19:05:38.739936+00:00,Hextech Rocketbelt > Riftmaker,Hextech Rocketbelt > Riftmaker > Dead Man's Plate,Hextech Rocketbelt > Riftmaker > Dead Man's Plate,limited_observations > external_reference > external_reference,False
Chogath,BOTTOM,16.19,ok,,https://www.onetricks.gg/champions/builds/Chogath?role=bot,2026-10-01T19:05:38.732783+00:00,Rod of Ages > Dead Man's Plate,Rod of Ages > Dead Man's Plate > Riftmaker,Rod of Ages > Dead Man's Plate > Riftmaker,external_reference > external_reference > external_reference,False
Chogath,UTILITY,16.19,ok,,https://www.onetricks.gg/champions/builds/Chogath?role=supp,2026-10-01T19:05:38.779980+00:00,Hextech Rocketbelt,Hextech Rocketbelt > Riftmaker > Winter's Approach,Hextech Rocketbelt > Riftmaker > Winter's Approach,external_reference > external_reference > mechanical_estimate,False
Corki,TOP,16.19,ok,,https://www.onetricks.gg/champions/builds/Corki?role=top,2026-10-01T19:05:45.807903+00:00,Trinity Force > Black Cleaver,Trinity Force > Black Cleaver > The Collector,Trinity Force > Black Cleaver > The Collector,limited_observations > external_reference > external_reference,False
Corki,JUNGLE,16.19,ok,,https://www.onetricks.gg/champions/builds/Corki?role=jungle,2026-10-01T19:05:45.784344+00:00,The Collector > Essence Reaver,The Collector > Essence Reaver > Infinity Edge,The Collector > Essence Reaver > Infinity Edge,external_reference > external_reference > mechanical_estimate,False
Corki,MIDDLE,16.19,ok,,https://www.onetricks.gg/champions/builds/Corki?role=mid,2026-10-01T19:05:45.689145+00:00,Trinity Force > Manamune,Essence Reaver > The Collector > Infinity Edge,Trinity Force > Manamune > Lord Dominik's Regards,external_reference > external_reference > external_reference,True
Corki,BOTTOM,16.19,ok,,https://www.onetricks.gg/champions/builds/Corki,2026-10-01T18:22:04.006150+00:00,Essence Reaver > The Collector,Essence Reaver > Hexoptics C44 > Infinity Edge,Essence Reaver > The Collector > Infinity Edge,sampled_observations > sampled_observations > limited_observations,True
Corki,UTILITY,16.19,no_same_patch_routes,,https://www.onetricks.gg/champions/builds/Corki?role=supp,2026-10-01T19:05:44.791711+00:00,,Essence Reaver > Infinity Edge > Axiom Arc,Essence Reaver > Infinity Edge > Axiom Arc,mechanical_estimate > mechanical_estimate > mechanical_estimate,False
Darius,TOP,16.19,ok,,https://www.onetricks.gg/champions/builds/Darius,2026-10-01T18:22:10.138544+00:00,Youmuu's Ghostblade > Dead Man's Plate,Youmuu's Ghostblade > Dead Man's Plate > Death's Dance,Youmuu's Ghostblade > Dead Man's Plate > Death's Dance,sampled_observations > sampled_observations > sampled_observations,False
Darius,JUNGLE,16.19,ok,,https://www.onetricks.gg/champions/builds/Darius?role=jungle,2026-10-01T19:05:44.260315+00:00,Youmuu's Ghostblade > Dead Man's Plate,Youmuu's Ghostblade > Titanic Hydra > Dead Man's Plate,Youmuu's Ghostblade > Dead Man's Plate > Death's Dance,limited_observations > external_reference > external_reference,True
Darius,MIDDLE,16.19,ok,,https://www.onetricks.gg/champions/builds/Darius?role=mid,2026-10-01T19:05:44.769344+00:00,Youmuu's Ghostblade > Dead Man's Plate,Youmuu's Ghostblade > Dead Man's Plate > Death's Dance,Youmuu's Ghostblade > Dead Man's Plate > Death's Dance,external_reference > external_reference > external_reference,False
Darius,BOTTOM,16.19,ok,,https://www.onetricks.gg/champions/builds/Darius?role=bot,2026-10-01T19:05:51.067288+00:00,Youmuu's Ghostblade > Dead Man's Plate,Youmuu's Ghostblade > Dead Man's Plate > Sterak's Gage,Youmuu's Ghostblade > Dead Man's Plate > Sterak's Gage,external_reference > external_reference > external_reference,False
Darius,UTILITY,16.19,ok,,https://www.onetricks.gg/champions/builds/Darius?role=supp,2026-10-01T19:05:51.066458+00:00,Black Cleaver,Black Cleaver > Essence Reaver > Axiom Arc,Black Cleaver > Essence Reaver > Axiom Arc,external_reference > mechanical_estimate > mechanical_estimate,False
Diana,TOP,16.19,ok,,https://www.onetricks.gg/champions/builds/Diana?role=top,2026-10-01T19:05:51.159492+00:00,Rod of Ages > Lich Bane,Rod of Ages > Lich Bane > Malignance,Rod of Ages > Lich Bane > Malignance,external_reference > external_reference > mechanical_estimate,False
Diana,JUNGLE,16.19,ok,,https://www.onetricks.gg/champions/builds/Diana?role=jungle,2026-10-01T19:05:49.706536+00:00,Dusk and Dawn > Riftmaker,Dusk and Dawn > Riftmaker > Spirit Visage,Dusk and Dawn > Riftmaker > Frozen Heart,sampled_observations > limited_observations > external_reference,True
Diana,MIDDLE,16.19,ok,,https://www.onetricks.gg/champions/builds/Diana,2026-10-01T18:22:10.032894+00:00,Stormsurge > Shadowflame,Lich Bane > Shadowflame > Rabadon's Deathcap,Stormsurge > Shadowflame > Malignance,sampled_observations > external_reference > mechanical_estimate,True
Diana,BOTTOM,16.19,ok,,https://www.onetricks.gg/champions/builds/Diana?role=bot,2026-10-01T19:05:49.926322+00:00,Lich Bane > Shadowflame,Lich Bane > Shadowflame > Rabadon's Deathcap,Lich Bane > Shadowflame > Rabadon's Deathcap,external_reference > external_reference > external_reference,False
Diana,UTILITY,16.19,no_same_patch_routes,,https://www.onetricks.gg/champions/builds/Diana?role=supp,2026-10-01T19:05:50.151811+00:00,,Malignance > Hextech Rocketbelt > Cosmic Drive,Malignance > Hextech Rocketbelt > Cosmic Drive,mechanical_estimate > mechanical_estimate > mechanical_estimate,False
DrMundo,TOP,16.19,ok,,https://www.onetricks.gg/champions/builds/DrMundo,2026-10-01T18:22:10.064982+00:00,Heartsteel > Spirit Visage,Warmog's Armor > Heartsteel > Titanic Hydra,Warmog's Armor > Heartsteel > Spirit Visage,sampled_observations > sampled_observations > sampled_observations,True
DrMundo,JUNGLE,16.19,ok,,https://www.onetricks.gg/champions/builds/DrMundo?role=jungle,2026-10-01T19:05:55.267404+00:00,Heartsteel > Spirit Visage,"Heartsteel > Spirit Visage > Jak'Sho, The Protean","Heartsteel > Spirit Visage > Jak'Sho, The Protean",limited_observations > external_reference > external_reference,False
DrMundo,MIDDLE,16.19,ok,,https://www.onetricks.gg/champions/builds/DrMundo?role=mid,2026-10-01T19:05:55.286448+00:00,Heartsteel > Randuin's Omen,Heartsteel > Titanic Hydra > Spirit Visage,Heartsteel > Titanic Hydra > Spirit Visage,external_reference > external_reference > external_reference,False
DrMundo,BOTTOM,16.19,no_same_patch_routes,,https://www.onetricks.gg/champions/builds/DrMundo?role=bot,2026-10-01T19:05:55.316748+00:00,,Warmog's Armor > Heartsteel > Protoplasm Harness,Warmog's Armor > Heartsteel > Protoplasm Harness,mechanical_estimate > mechanical_estimate > mechanical_estimate,False
DrMundo,UTILITY,16.19,no_same_patch_routes,,https://www.onetricks.gg/champions/builds/DrMundo?role=supp,2026-10-01T19:05:55.638967+00:00,,Warmog's Armor > Heartsteel > Protoplasm Harness,Warmog's Armor > Heartsteel > Protoplasm Harness,mechanical_estimate > mechanical_estimate > mechanical_estimate,False
Draven,TOP,16.19,ok,,https://www.onetricks.gg/champions/builds/Draven?role=top,2026-10-01T19:05:54.724578+00:00,Bloodthirster > Hexoptics C44,Bloodthirster > Hexoptics C44 > Infinity Edge,Bloodthirster > Hexoptics C44 > Infinity Edge,external_reference > external_reference > external_reference,False
Draven,JUNGLE,16.19,ok,,https://www.onetricks.gg/champions/builds/Draven?role=jungle,2026-10-01T19:05:55.529741+00:00,Youmuu's Ghostblade > The Collector,Youmuu's Ghostblade > Hexoptics C44 > Lord Dominik's Regards,Youmuu's Ghostblade > The Collector > Essence Reaver,external_reference > external_reference > mechanical_estimate,True
Draven,MIDDLE,16.19,ok,,https://www.onetricks.gg/champions/builds/Draven?role=mid,2026-10-01T19:06:03.774093+00:00,Hubris > Lord Dominik's Regards,Hubris > Lord Dominik's Regards > Axiom Arc,Hubris > Lord Dominik's Regards > Axiom Arc,external_reference > external_reference > external_reference,False
Draven,BOTTOM,16.19,ok,,https://www.onetricks.gg/champions/builds/Draven,2026-10-01T18:22:16.859097+00:00,Hubris > Hexoptics C44,Hubris > Hexoptics C44 > Infinity Edge,Hubris > Hexoptics C44 > Infinity Edge,sampled_observations > sampled_observations > sampled_observations,False
Draven,UTILITY,16.19,no_same_patch_routes,,https://www.onetricks.gg/champions/builds/Draven?role=supp,2026-10-01T19:06:03.831626+00:00,,Essence Reaver > Infinity Edge > Hexoptics C44,Essence Reaver > Infinity Edge > Hexoptics C44,mechanical_estimate > mechanical_estimate > mechanical_estimate,False
Ekko,TOP,16.19,ok,,https://www.onetricks.gg/champions/builds/Ekko?role=top,2026-10-01T19:06:03.879354+00:00,Dusk and Dawn > Shadowflame,Dusk and Dawn > Shadowflame > Rabadon's Deathcap,Dusk and Dawn > Shadowflame > Rabadon's Deathcap,external_reference > external_reference > external_reference,False
Ekko,JUNGLE,16.19,ok,,https://www.onetricks.gg/champions/builds/Ekko?role=jungle,2026-10-01T19:06:01.091684+00:00,Nashor's Tooth > Dusk and Dawn,Nashor's Tooth > Dusk and Dawn > Rabadon's Deathcap,Nashor's Tooth > Dusk and Dawn > Rabadon's Deathcap,sampled_observations > sampled_observations > sampled_observations,False
Ekko,MIDDLE,16.19,ok,,https://www.onetricks.gg/champions/builds/Ekko,2026-10-01T18:22:17.841294+00:00,Dusk and Dawn > Shadowflame,Dusk and Dawn > Shadowflame > Rabadon's Deathcap,Dusk and Dawn > Shadowflame > Rabadon's Deathcap,sampled_observations > sampled_observations > sampled_observations,False
Ekko,BOTTOM,16.19,ok,,https://www.onetricks.gg/champions/builds/Ekko?role=bot,2026-10-01T19:06:01.517733+00:00,Dusk and Dawn > Shadowflame,Dusk and Dawn > Shadowflame > Rabadon's Deathcap,Dusk and Dawn > Shadowflame > Rabadon's Deathcap,limited_observations > external_reference > external_reference,False
Ekko,UTILITY,16.19,ok,,https://www.onetricks.gg/champions/builds/Ekko?role=supp,2026-10-01T19:06:01.786108+00:00,Stormsurge,Stormsurge > Dusk and Dawn > Malignance,Stormsurge > Dusk and Dawn > Malignance,external_reference > external_reference > mechanical_estimate,False
Elise,TOP,16.19,ok,,https://www.onetricks.gg/champions/builds/Elise?role=top,2026-10-01T19:06:07.142739+00:00,Lich Bane > Shadowflame,Hextech Rocketbelt > Dusk and Dawn > Nashor's Tooth,Lich Bane > Shadowflame > Mejai's Soulstealer,external_reference > external_reference > external_reference,True
Elise,JUNGLE,16.19,ok,,https://www.onetricks.gg/champions/builds/Elise,2026-10-01T18:22:16.953362+00:00,Lich Bane > Shadowflame,Lich Bane > Shadowflame > Void Staff,Lich Bane > Shadowflame > Rabadon's Deathcap,sampled_observations > sampled_observations > sampled_observations,True
Elise,MIDDLE,16.19,ok,,https://www.onetricks.gg/champions/builds/Elise?role=mid,2026-10-01T19:06:07.355507+00:00,Stormsurge > Shadowflame,Stormsurge > Shadowflame > Liandry's Torment,Stormsurge > Shadowflame > Liandry's Torment,external_reference > external_reference > external_reference,False
Elise,BOTTOM,16.19,ok,,https://www.onetricks.gg/champions/builds/Elise?role=bot,2026-10-01T19:06:06.359814+00:00,Lich Bane > Shadowflame,Lich Bane > Shadowflame > Void Staff,Lich Bane > Shadowflame > Void Staff,external_reference > external_reference > external_reference,False
Elise,UTILITY,16.19,ok,,https://www.onetricks.gg/champions/builds/Elise?role=supp,2026-10-01T19:06:06.202527+00:00,Stormsurge,Hextech Rocketbelt > Rod of Ages > Protoplasm Harness,Stormsurge > Shadowflame > Rod of Ages,sampled_observations > external_reference > mechanical_estimate,True
Evelynn,TOP,16.19,ok,,https://www.onetricks.gg/champions/builds/Evelynn?role=top,2026-10-01T19:06:06.586654+00:00,Hextech Rocketbelt > Lich Bane,Hextech Rocketbelt > Lich Bane > Malignance,Hextech Rocketbelt > Lich Bane > Malignance,external_reference > external_reference > mechanical_estimate,False
Evelynn,JUNGLE,16.19,ok,,https://www.onetricks.gg/champions/builds/Evelynn,2026-10-01T18:22:24.835553+00:00,Lich Bane > Rabadon's Deathcap,Lich Bane > Rabadon's Deathcap > Void Staff,Lich Bane > Rabadon's Deathcap > Void Staff,sampled_observations > sampled_observations > external_reference,False
Evelynn,MIDDLE,16.19,ok,,https://www.onetricks.gg/champions/builds/Evelynn?role=mid,2026-10-01T19:06:07.253829+00:00,Lich Bane > Shadowflame,Lich Bane > Shadowflame > Cryptbloom,Lich Bane > Shadowflame > Rabadon's Deathcap,external_reference > external_reference > external_reference,True
Evelynn,BOTTOM,16.19,no_same_patch_routes,,https://www.onetricks.gg/champions/builds/Evelynn?role=bot,2026-10-01T19:06:11.911366+00:00,,Malignance > Cosmic Drive > Dusk and Dawn,Malignance > Cosmic Drive > Dusk and Dawn,mechanical_estimate > mechanical_estimate > mechanical_estimate,False
Evelynn,UTILITY,16.19,no_same_patch_routes,,https://www.onetricks.gg/champions/builds/Evelynn?role=supp,2026-10-01T19:06:12.027172+00:00,,Malignance > Cryptbloom > Echoes of Helia,Malignance > Cryptbloom > Echoes of Helia,mechanical_estimate > mechanical_estimate > mechanical_estimate,False
Ezreal,TOP,16.19,ok,,https://www.onetricks.gg/champions/builds/Ezreal?role=top,2026-10-01T19:06:12.020424+00:00,Trinity Force > Manamune,Trinity Force > Manamune > Endless Hunger,Trinity Force > Manamune > Endless Hunger,external_reference > external_reference > external_reference,False
Ezreal,JUNGLE,16.19,no_same_patch_routes,,https://www.onetricks.gg/champions/builds/Ezreal?role=jungle,2026-10-01T19:06:11.856274+00:00,,Essence Reaver > Hextech Gunblade > Malignance,Essence Reaver > Hextech Gunblade > Malignance,mechanical_estimate > mechanical_estimate > mechanical_estimate,False
Ezreal,MIDDLE,16.19,ok,,https://www.onetricks.gg/champions/builds/Ezreal?role=mid,2026-10-01T19:06:11.782396+00:00,Trinity Force > Manamune,Trinity Force > Manamune > Hextech Gunblade,Trinity Force > Manamune > Hextech Gunblade,external_reference > external_reference > mechanical_estimate,False
Ezreal,BOTTOM,16.19,ok,,https://www.onetricks.gg/champions/builds/Ezreal,2026-10-01T18:22:24.931968+00:00,Trinity Force > Manamune,Trinity Force > Manamune > Endless Hunger,Trinity Force > Manamune > Endless Hunger,sampled_observations > sampled_observations > sampled_observations,False
Ezreal,UTILITY,16.19,no_same_patch_routes,,https://www.onetricks.gg/champions/builds/Ezreal?role=supp,2026-10-01T19:06:12.382151+00:00,,Essence Reaver > Malignance > Hextech Gunblade,Essence Reaver > Malignance > Hextech Gunblade,mechanical_estimate > mechanical_estimate > mechanical_estimate,False
Fiddlesticks,TOP,16.19,ok,,https://www.onetricks.gg/champions/builds/Fiddlesticks?role=top,2026-10-01T19:06:18.407242+00:00,Malignance > Shadowflame,Malignance > Shadowflame > Void Staff,Malignance > Shadowflame > Void Staff,external_reference > external_reference > external_reference,False
Fiddlesticks,JUNGLE,16.19,ok,,https://www.onetricks.gg/champions/builds/Fiddlesticks,2026-10-01T18:22:25.641024+00:00,Hextech Rocketbelt > Shadowflame,Malignance > Cryptbloom > Blackfire Torch,Hextech Rocketbelt > Shadowflame > Malignance,sampled_observations > external_reference > mechanical_estimate,True
Fiddlesticks,MIDDLE,16.19,ok,,https://www.onetricks.gg/champions/builds/Fiddlesticks?role=mid,2026-10-01T19:06:18.235367+00:00,Malignance > Void Staff,Malignance > Void Staff > Blackfire Torch,Malignance > Void Staff > Blackfire Torch,external_reference > external_reference > mechanical_estimate,False
Fiddlesticks,BOTTOM,16.19,ok,,https://www.onetricks.gg/champions/builds/Fiddlesticks?role=bot,2026-10-01T19:06:18.662251+00:00,Blackfire Torch > Hextech Rocketbelt,Blackfire Torch > Hextech Rocketbelt > Malignance,Blackfire Torch > Hextech Rocketbelt > Malignance,external_reference > external_reference > mechanical_estimate,False
Fiddlesticks,UTILITY,16.19,ok,,https://www.onetricks.gg/champions/builds/Fiddlesticks?role=supp,2026-10-01T19:06:18.748725+00:00,Dead Man's Plate,Malignance > Cryptbloom > Blackfire Torch,Dead Man's Plate > Abyssal Mask > Malignance,external_reference > external_reference > mechanical_estimate,True
Fiora,TOP,16.19,ok,,https://www.onetricks.gg/champions/builds/Fiora,2026-10-01T18:22:32.138391+00:00,Ravenous Hydra > Trinity Force,Ravenous Hydra > Trinity Force > Death's Dance,Ravenous Hydra > Trinity Force > Death's Dance,sampled_observations > sampled_observations > sampled_observations,False
Fiora,JUNGLE,16.19,no_same_patch_routes,,https://www.onetricks.gg/champions/builds/Fiora?role=jungle,2026-10-01T19:06:18.274018+00:00,,Essence Reaver > Infinity Edge > Black Cleaver,Essence Reaver > Infinity Edge > Black Cleaver,mechanical_estimate > mechanical_estimate > mechanical_estimate,False
Fiora,MIDDLE,16.19,ok,,https://www.onetricks.gg/champions/builds/Fiora?role=mid,2026-10-01T19:06:18.918590+00:00,Ravenous Hydra > Trinity Force,Ravenous Hydra > Trinity Force > Endless Hunger,Ravenous Hydra > Trinity Force > Endless Hunger,external_reference > external_reference > external_reference,False
Fiora,BOTTOM,16.19,ok,,https://www.onetricks.gg/champions/builds/Fiora?role=bot,2026-10-01T19:06:23.732272+00:00,Ravenous Hydra > Eclipse,Ravenous Hydra > Eclipse > Maw of Malmortius,Ravenous Hydra > Eclipse > Maw of Malmortius,external_reference > external_reference > external_reference,False
Fiora,UTILITY,16.19,ok,,https://www.onetricks.gg/champions/builds/Fiora?role=supp,2026-10-01T19:06:22.993091+00:00,Eclipse,Eclipse > Death's Dance > Essence Reaver,Eclipse > Death's Dance > Essence Reaver,external_reference > external_reference > mechanical_estimate,False
Fizz,TOP,16.19,ok,,https://www.onetricks.gg/champions/builds/Fizz?role=top,2026-10-01T19:06:23.603666+00:00,Lich Bane > Zhonya's Hourglass,Lich Bane > Shadowflame > Rabadon's Deathcap,Lich Bane > Shadowflame > Rabadon's Deathcap,external_reference > external_reference > external_reference,False
Fizz,JUNGLE,16.19,ok,,https://www.onetricks.gg/champions/builds/Fizz?role=jungle,2026-10-01T19:06:23.249515+00:00,Dusk and Dawn > Nashor's Tooth,Dusk and Dawn > Nashor's Tooth > Mejai's Soulstealer,Dusk and Dawn > Nashor's Tooth > Mejai's Soulstealer,limited_observations > external_reference > external_reference,False
Fizz,MIDDLE,16.19,ok,,https://www.onetricks.gg/champions/builds/Fizz,2026-10-01T18:22:31.807782+00:00,Lich Bane > Zhonya's Hourglass,Lich Bane > Shadowflame > Rabadon's Deathcap,Lich Bane > Mejai's Soulstealer > Malignance,sampled_observations > external_reference > mechanical_estimate,True
Fizz,BOTTOM,16.19,ok,,https://www.onetricks.gg/champions/builds/Fizz?role=bot,2026-10-01T19:06:23.168515+00:00,Lich Bane > Zhonya's Hourglass,Lich Bane > Shadowflame > Rabadon's Deathcap,Lich Bane > Shadowflame > Rabadon's Deathcap,external_reference > external_reference > external_reference,False
Fizz,UTILITY,16.19,setup_only,,https://www.onetricks.gg/champions/builds/Fizz?role=supp,2026-10-01T19:06:23.888655+00:00,,Malignance > Blackfire Torch > Lich Bane,Malignance > Blackfire Torch > Lich Bane,mechanical_estimate > mechanical_estimate > mechanical_estimate,False
Galio,TOP,16.19,ok,,https://www.onetricks.gg/champions/builds/Galio?role=top,2026-10-01T19:06:28.235602+00:00,Hextech Rocketbelt > Imperial Mandate,Hextech Rocketbelt > Imperial Mandate > Rabadon's Deathcap,Hextech Rocketbelt > Imperial Mandate > Rabadon's Deathcap,external_reference > external_reference > external_reference,False
Galio,JUNGLE,16.19,no_same_patch_routes,,https://www.onetricks.gg/champions/builds/Galio?role=jungle,2026-10-01T19:06:28.072154+00:00,,Winter's Approach > Warmog's Armor > Protoplasm Harness,Winter's Approach > Warmog's Armor > Protoplasm Harness,mechanical_estimate > mechanical_estimate > mechanical_estimate,False
Galio,MIDDLE,16.19,ok,,https://www.onetricks.gg/champions/builds/Galio,2026-10-01T18:22:31.830151+00:00,Hextech Rocketbelt > Imperial Mandate,Hextech Rocketbelt > Imperial Mandate > Cryptbloom,Hextech Rocketbelt > Imperial Mandate > Cryptbloom,sampled_observations > sampled_observations > external_reference,False
Galio,BOTTOM,16.19,ok,,https://www.onetricks.gg/champions/builds/Galio?role=bot,2026-10-01T19:06:28.404535+00:00,Hextech Rocketbelt > Imperial Mandate,Hextech Rocketbelt > Imperial Mandate > Cryptbloom,Hextech Rocketbelt > Imperial Mandate > Cryptbloom,external_reference > external_reference > external_reference,False
Galio,UTILITY,16.19,ok,,https://www.onetricks.gg/champions/builds/Galio?role=supp,2026-10-01T19:06:27.980621+00:00,Locket of the Iron Solari,Locket of the Iron Solari > Imperial Mandate > Winter's Approach,Locket of the Iron Solari > Imperial Mandate > Winter's Approach,sampled_observations > external_reference > mechanical_estimate,False
Gangplank,TOP,16.19,ok,,https://www.onetricks.gg/champions/builds/Gangplank,2026-10-01T18:22:38.669958+00:00,Essence Reaver > The Collector,Essence Reaver > The Collector > Infinity Edge,Essence Reaver > The Collector > Infinity Edge,sampled_observations > sampled_observations > external_reference,False
Gangplank,JUNGLE,16.19,ok,,https://www.onetricks.gg/champions/builds/Gangplank?role=jungle,2026-10-01T19:06:27.917811+00:00,Essence Reaver > Immortal Shieldbow,Essence Reaver > Immortal Shieldbow > Voltaic Cyclosword,Essence Reaver > Immortal Shieldbow > Voltaic Cyclosword,external_reference > external_reference > external_reference,False
Gangplank,MIDDLE,16.19,ok,,https://www.onetricks.gg/champions/builds/Gangplank?role=mid,2026-10-01T19:06:27.993212+00:00,Essence Reaver > Lord Dominik's Regards,Essence Reaver > Lord Dominik's Regards > Voltaic Cyclosword,Essence Reaver > Lord Dominik's Regards > Voltaic Cyclosword,limited_observations > external_reference > external_reference,False
Gangplank,BOTTOM,16.19,ok,,https://www.onetricks.gg/champions/builds/Gangplank?role=bot,2026-10-01T19:06:33.114746+00:00,Essence Reaver > Mortal Reminder,Essence Reaver > Malignance > Blackfire Torch,Essence Reaver > Malignance > Blackfire Torch,external_reference > mechanical_estimate > mechanical_estimate,False
Gangplank,UTILITY,16.19,no_same_patch_routes,,https://www.onetricks.gg/champions/builds/Gangplank?role=supp,2026-10-01T19:06:33.133661+00:00,,Malignance > Lich Bane > Blackfire Torch,Malignance > Lich Bane > Blackfire Torch,mechanical_estimate > mechanical_estimate > mechanical_estimate,False
Garen,TOP,16.19,ok,,https://www.onetricks.gg/champions/builds/Garen,2026-10-01T18:22:38.956943+00:00,Stridebreaker > Youmuu's Ghostblade,Stridebreaker > Youmuu's Ghostblade > Voltaic Cyclosword,Stridebreaker > Youmuu's Ghostblade > Voltaic Cyclosword,sampled_observations > sampled_observations > external_reference,False
Garen,JUNGLE,16.19,ok,,https://www.onetricks.gg/champions/builds/Garen?role=jungle,2026-10-01T19:06:32.502577+00:00,Stridebreaker > Youmuu's Ghostblade,Stridebreaker > Youmuu's Ghostblade > Voltaic Cyclosword,Stridebreaker > Youmuu's Ghostblade > Voltaic Cyclosword,external_reference > external_reference > external_reference,False
Garen,MIDDLE,16.19,ok,,https://www.onetricks.gg/champions/builds/Garen?role=mid,2026-10-01T19:06:33.210400+00:00,Stridebreaker > Youmuu's Ghostblade,Stridebreaker > Youmuu's Ghostblade > Voltaic Cyclosword,Stridebreaker > Youmuu's Ghostblade > Voltaic Cyclosword,limited_observations > external_reference > external_reference,False
Garen,BOTTOM,16.19,ok,,https://www.onetricks.gg/champions/builds/Garen?role=bot,2026-10-01T19:06:32.839417+00:00,Stridebreaker > Youmuu's Ghostblade,Stridebreaker > Youmuu's Ghostblade > Voltaic Cyclosword,Stridebreaker > Youmuu's Ghostblade > Voltaic Cyclosword,external_reference > external_reference > external_reference,False
Garen,UTILITY,16.19,no_same_patch_routes,,https://www.onetricks.gg/champions/builds/Garen?role=supp,2026-10-01T19:06:32.796794+00:00,,Warmog's Armor > Protoplasm Harness > Heartsteel,Warmog's Armor > Protoplasm Harness > Heartsteel,mechanical_estimate > mechanical_estimate > mechanical_estimate,False
Gnar,TOP,16.19,ok,,https://www.onetricks.gg/champions/builds/Gnar,2026-10-01T18:22:39.118874+00:00,Trinity Force > Black Cleaver,Trinity Force > Black Cleaver > Sterak's Gage,Trinity Force > Black Cleaver > Sterak's Gage,sampled_observations > sampled_observations > sampled_observations,False
Gnar,JUNGLE,16.19,no_same_patch_routes,,https://www.onetricks.gg/champions/builds/Gnar?role=jungle,2026-10-01T19:06:38.390543+00:00,,Essence Reaver > Black Cleaver > Axiom Arc,Essence Reaver > Black Cleaver > Axiom Arc,mechanical_estimate > mechanical_estimate > mechanical_estimate,False
Gnar,MIDDLE,16.19,ok,,https://www.onetricks.gg/champions/builds/Gnar?role=mid,2026-10-01T19:06:38.890912+00:00,Trinity Force > Black Cleaver,Trinity Force > Black Cleaver > Blade of The Ruined King,Trinity Force > Black Cleaver > Sterak's Gage,external_reference > external_reference > external_reference,True
Gnar,BOTTOM,16.19,ok,,https://www.onetricks.gg/champions/builds/Gnar?role=bot,2026-10-01T19:06:38.630321+00:00,Trinity Force > Sterak's Gage,Trinity Force > Sterak's Gage > Wit's End,Trinity Force > Sterak's Gage > Wit's End,external_reference > external_reference > external_reference,False
Gnar,UTILITY,16.19,no_same_patch_routes,,https://www.onetricks.gg/champions/builds/Gnar?role=supp,2026-10-01T19:06:38.653754+00:00,,Essence Reaver > Black Cleaver > Axiom Arc,Essence Reaver > Black Cleaver > Axiom Arc,mechanical_estimate > mechanical_estimate > mechanical_estimate,False
Gragas,TOP,16.19,ok,,https://www.onetricks.gg/champions/builds/Gragas,2026-10-01T18:22:45.675679+00:00,Lich Bane > Shadowflame,Hextech Rocketbelt > Lich Bane > Luden's Echo,Lich Bane > Shadowflame > Rabadon's Deathcap,sampled_observations > external_reference > external_reference,True
Gragas,JUNGLE,16.19,ok,,https://www.onetricks.gg/champions/builds/Gragas?role=jungle,2026-10-01T19:06:38.459825+00:00,Lich Bane > Shadowflame,Lich Bane > Shadowflame > Stormsurge,Lich Bane > Shadowflame > Stormsurge,limited_observations > external_reference > external_reference,False
Gragas,MIDDLE,16.19,ok,,https://www.onetricks.gg/champions/builds/Gragas?role=mid,2026-10-01T19:06:38.221440+00:00,Lich Bane > Shadowflame,Luden's Echo > Shadowflame > Rabadon's Deathcap,Lich Bane > Shadowflame > Stormsurge,sampled_observations > external_reference > external_reference,True
Gragas,BOTTOM,16.19,ok,,https://www.onetricks.gg/champions/builds/Gragas?role=bot,2026-10-01T19:06:45.633559+00:00,Luden's Echo > Lich Bane,Luden's Echo > Lich Bane > Stormsurge,Luden's Echo > Lich Bane > Stormsurge,external_reference > external_reference > external_reference,False
Gragas,UTILITY,16.19,ok,,https://www.onetricks.gg/champions/builds/Gragas?role=supp,2026-10-01T19:06:45.556588+00:00,Locket of the Iron Solari,Imperial Mandate > Hextech Rocketbelt > Winter's Approach,Locket of the Iron Solari > Bandlepipes > Winter's Approach,external_reference > external_reference > mechanical_estimate,True
Graves,TOP,16.19,ok,,https://www.onetricks.gg/champions/builds/Graves?role=top,2026-10-01T19:06:45.782402+00:00,Essence Reaver > Mortal Reminder,Essence Reaver > Infinity Edge > Hexoptics C44,Essence Reaver > Infinity Edge > Hexoptics C44,external_reference > mechanical_estimate > mechanical_estimate,False
Graves,JUNGLE,16.19,ok,,https://www.onetricks.gg/champions/builds/Graves,2026-10-01T18:22:45.673902+00:00,Hubris > The Collector,Hubris > The Collector > Immortal Shieldbow,Hubris > The Collector > Lord Dominik's Regards,sampled_observations > sampled_observations > sampled_observations,True
Graves,MIDDLE,16.19,ok,,https://www.onetricks.gg/champions/builds/Graves?role=mid,2026-10-01T19:06:45.405456+00:00,Ravenous Hydra > Black Cleaver,Ravenous Hydra > Black Cleaver > Death's Dance,Ravenous Hydra > Black Cleaver > Death's Dance,external_reference > external_reference > external_reference,False
Graves,BOTTOM,16.19,ok,,https://www.onetricks.gg/champions/builds/Graves?role=bot,2026-10-01T19:06:45.557740+00:00,Stridebreaker > Immortal Shieldbow,Stridebreaker > Immortal Shieldbow > Infinity Edge,Stridebreaker > Immortal Shieldbow > Guardian Angel,external_reference > external_reference > external_reference,True
Graves,UTILITY,16.19,ok,,https://www.onetricks.gg/champions/builds/Graves?role=supp,2026-10-01T19:06:45.586602+00:00,Umbral Glaive,Umbral Glaive > The Collector > Essence Reaver,Umbral Glaive > The Collector > Essence Reaver,external_reference > external_reference > mechanical_estimate,False
Gwen,TOP,16.19,ok,,https://www.onetricks.gg/champions/builds/Gwen,2026-10-01T18:22:45.528298+00:00,Dusk and Dawn > Shadowflame,Dusk and Dawn > Shadowflame > Rabadon's Deathcap,Dusk and Dawn > Shadowflame > Rabadon's Deathcap,sampled_observations > limited_observations > limited_observations,False
Gwen,JUNGLE,16.19,ok,,https://www.onetricks.gg/champions/builds/Gwen?role=jungle,2026-10-01T19:06:51.340608+00:00,Dusk and Dawn > Shadowflame,Dusk and Dawn > Shadowflame > Rabadon's Deathcap,Dusk and Dawn > Shadowflame > Rabadon's Deathcap,sampled_observations > limited_observations > limited_observations,False
Gwen,MIDDLE,16.19,ok,,https://www.onetricks.gg/champions/builds/Gwen?role=mid,2026-10-01T19:06:51.138225+00:00,Dusk and Dawn > Shadowflame,Dusk and Dawn > Malignance > Rabadon's Deathcap,Dusk and Dawn > Shadowflame > Rabadon's Deathcap,external_reference > external_reference > external_reference,True
Gwen,BOTTOM,16.19,ok,,https://www.onetricks.gg/champions/builds/Gwen?role=bot,2026-10-01T19:06:51.282676+00:00,Dusk and Dawn > Shadowflame,Dusk and Dawn > Shadowflame > Rabadon's Deathcap,Dusk and Dawn > Shadowflame > Rabadon's Deathcap,external_reference > external_reference > external_reference,False
Gwen,UTILITY,16.19,no_same_patch_routes,,https://www.onetricks.gg/champions/builds/Gwen?role=supp,2026-10-01T19:06:51.187278+00:00,,Malignance > Cryptbloom > Echoes of Helia,Malignance > Cryptbloom > Echoes of Helia,mechanical_estimate > mechanical_estimate > mechanical_estimate,False
Hecarim,TOP,16.19,no_same_patch_routes,,https://www.onetricks.gg/champions/builds/Hecarim?role=top,2026-10-01T19:06:51.481230+00:00,,Essence Reaver > Malignance > Cosmic Drive,Essence Reaver > Malignance > Cosmic Drive,mechanical_estimate > mechanical_estimate > mechanical_estimate,False
Hecarim,JUNGLE,16.19,ok,,https://www.onetricks.gg/champions/builds/Hecarim,2026-10-01T18:22:51.700649+00:00,Spear of Shojin > Death's Dance,Black Cleaver > Death's Dance > Endless Hunger,Spear of Shojin > Death's Dance > Endless Hunger,sampled_observations > sampled_observations > sampled_observations,True
Hecarim,MIDDLE,16.19,no_same_patch_routes,,https://www.onetricks.gg/champions/builds/Hecarim?role=mid,2026-10-01T19:06:51.512396+00:00,,Essence Reaver > Malignance > Cosmic Drive,Essence Reaver > Malignance > Cosmic Drive,mechanical_estimate > mechanical_estimate > mechanical_estimate,False
Hecarim,BOTTOM,16.19,no_same_patch_routes,,https://www.onetricks.gg/champions/builds/Hecarim?role=bot,2026-10-01T19:06:56.089438+00:00,,Essence Reaver > Malignance > Cosmic Drive,Essence Reaver > Malignance > Cosmic Drive,mechanical_estimate > mechanical_estimate > mechanical_estimate,False
Hecarim,UTILITY,16.19,no_same_patch_routes,,https://www.onetricks.gg/champions/builds/Hecarim?role=supp,2026-10-01T19:06:55.984311+00:00,,Essence Reaver > Malignance > Cosmic Drive,Essence Reaver > Malignance > Cosmic Drive,mechanical_estimate > mechanical_estimate > mechanical_estimate,False
Heimerdinger,TOP,16.19,ok,,https://www.onetricks.gg/champions/builds/Heimerdinger,2026-10-01T18:22:51.787893+00:00,Blackfire Torch > Rabadon's Deathcap,Blackfire Torch > Rabadon's Deathcap > Shadowflame,Blackfire Torch > Rabadon's Deathcap > Shadowflame,external_reference > external_reference > external_reference,False
Heimerdinger,JUNGLE,16.19,ok,,https://www.onetricks.gg/champions/builds/Heimerdinger?role=jungle,2026-10-01T19:06:56.418134+00:00,Liandry's Torment > Rylai's Crystal Scepter,Liandry's Torment > Rylai's Crystal Scepter > Cryptbloom,Liandry's Torment > Rylai's Crystal Scepter > Cryptbloom,external_reference > external_reference > external_reference,False
Heimerdinger,MIDDLE,16.19,ok,,https://www.onetricks.gg/champions/builds/Heimerdinger?role=mid,2026-10-01T19:06:56.717134+00:00,Blackfire Torch > Liandry's Torment,Blackfire Torch > Rabadon's Deathcap > Shadowflame,Blackfire Torch > Liandry's Torment > Rabadon's Deathcap,external_reference > external_reference > external_reference,True
Heimerdinger,BOTTOM,16.19,ok,,https://www.onetricks.gg/champions/builds/Heimerdinger?role=bot,2026-10-01T19:06:56.202746+00:00,Blackfire Torch > Rabadon's Deathcap,Blackfire Torch > Rabadon's Deathcap > Shadowflame,Blackfire Torch > Rabadon's Deathcap > Shadowflame,external_reference > external_reference > external_reference,False
Heimerdinger,UTILITY,16.19,ok,,https://www.onetricks.gg/champions/builds/Heimerdinger?role=supp,2026-10-01T19:06:56.699169+00:00,Rylai's Crystal Scepter,Rylai's Crystal Scepter > Liandry's Torment > Malignance,Rylai's Crystal Scepter > Liandry's Torment > Malignance,external_reference > external_reference > mechanical_estimate,False
Hwei,TOP,16.19,ok,,https://www.onetricks.gg/champions/builds/Hwei?role=top,2026-10-01T19:07:02.011320+00:00,Blackfire Torch > Horizon Focus,Blackfire Torch > Horizon Focus > Shadowflame,Blackfire Torch > Horizon Focus > Shadowflame,external_reference > external_reference > external_reference,False
Hwei,JUNGLE,16.19,no_same_patch_routes,,https://www.onetricks.gg/champions/builds/Hwei?role=jungle,2026-10-01T19:07:02.028958+00:00,,Malignance > Blackfire Torch > Lich Bane,Malignance > Blackfire Torch > Lich Bane,mechanical_estimate > mechanical_estimate > mechanical_estimate,False
Hwei,MIDDLE,16.19,ok,,https://www.onetricks.gg/champions/builds/Hwei?role=mid,2026-10-01T19:07:02.013291+00:00,Blackfire Torch > Hextech Rocketbelt,Blackfire Torch > Hextech Rocketbelt > Shadowflame,Blackfire Torch > Hextech Rocketbelt > Shadowflame,sampled_observations > sampled_observations > external_reference,False
Hwei,BOTTOM,16.19,ok,,https://www.onetricks.gg/champions/builds/Hwei,2026-10-01T18:22:51.909797+00:00,Blackfire Torch > Horizon Focus,Blackfire Torch > Horizon Focus > Shadowflame,Blackfire Torch > Horizon Focus > Shadowflame,sampled_observations > sampled_observations > external_reference,False
Hwei,UTILITY,16.19,ok,,https://www.onetricks.gg/champions/builds/Hwei?role=supp,2026-10-01T19:07:02.057776+00:00,Blackfire Torch,Blackfire Torch > Malignance > Lich Bane,Blackfire Torch > Malignance > Lich Bane,limited_observations > mechanical_estimate > mechanical_estimate,False
Illaoi,TOP,16.19,ok,,https://www.onetricks.gg/champions/builds/Illaoi,2026-10-01T18:22:57.333374+00:00,Black Cleaver > Sterak's Gage,Black Cleaver > Iceborn Gauntlet > Sterak's Gage,Black Cleaver > Sterak's Gage > Death's Dance,sampled_observations > external_reference > external_reference,True
Illaoi,JUNGLE,16.19,ok,,https://www.onetricks.gg/champions/builds/Illaoi?role=jungle,2026-10-01T19:07:02.379193+00:00,Youmuu's Ghostblade > Maw of Malmortius,Youmuu's Ghostblade > Maw of Malmortius > Death's Dance,Youmuu's Ghostblade > Maw of Malmortius > Death's Dance,external_reference > external_reference > external_reference,False
Illaoi,MIDDLE,16.19,ok,,https://www.onetricks.gg/champions/builds/Illaoi?role=mid,2026-10-01T19:07:02.283208+00:00,Black Cleaver > Sterak's Gage,Black Cleaver > Sterak's Gage > Death's Dance,Black Cleaver > Sterak's Gage > Force of Nature,external_reference > external_reference > external_reference,True
Illaoi,BOTTOM,16.19,ok,,https://www.onetricks.gg/champions/builds/Illaoi?role=bot,2026-10-01T19:07:09.189812+00:00,Sundered Sky > Sterak's Gage,Sundered Sky > Sterak's Gage > Iceborn Gauntlet,Sundered Sky > Sterak's Gage > Iceborn Gauntlet,external_reference > external_reference > external_reference,False
Illaoi,UTILITY,16.19,ok,,https://www.onetricks.gg/champions/builds/Illaoi?role=supp,2026-10-01T19:07:08.983744+00:00,Umbral Glaive,Umbral Glaive > Maw of Malmortius > Essence Reaver,Umbral Glaive > Maw of Malmortius > Essence Reaver,external_reference > external_reference > mechanical_estimate,False
Irelia,TOP,16.19,ok,,https://www.onetricks.gg/champions/builds/Irelia,2026-10-01T18:22:57.661425+00:00,Blade of The Ruined King > Hullbreaker,Blade of The Ruined King > Hullbreaker > Death's Dance,Blade of The Ruined King > Hullbreaker > Wit's End,sampled_observations > sampled_observations > sampled_observations,True
Irelia,JUNGLE,16.19,no_same_patch_routes,,https://www.onetricks.gg/champions/builds/Irelia?role=jungle,2026-10-01T19:07:09.035851+00:00,,Essence Reaver > Malignance > Cosmic Drive,Essence Reaver > Malignance > Cosmic Drive,mechanical_estimate > mechanical_estimate > mechanical_estimate,False
Irelia,MIDDLE,16.19,ok,,https://www.onetricks.gg/champions/builds/Irelia?role=mid,2026-10-01T19:07:08.688947+00:00,Blade of The Ruined King > Kraken Slayer,Blade of The Ruined King > Kraken Slayer > Death's Dance,Blade of The Ruined King > Kraken Slayer > Death's Dance,sampled_observations > sampled_observations > limited_observations,False
Irelia,BOTTOM,16.19,ok,,https://www.onetricks.gg/champions/builds/Irelia?role=bot,2026-10-01T19:07:09.596436+00:00,Blade of The Ruined King > Kraken Slayer,Blade of The Ruined King > Kraken Slayer > Death's Dance,Blade of The Ruined King > Kraken Slayer > Death's Dance,external_reference > external_reference > external_reference,False
Irelia,UTILITY,16.19,ok,,https://www.onetricks.gg/champions/builds/Irelia?role=supp,2026-10-01T19:07:09.060572+00:00,Blade of The Ruined King,Blade of The Ruined King > Sundered Sky > Essence Reaver,Blade of The Ruined King > Sundered Sky > Essence Reaver,external_reference > external_reference > mechanical_estimate,False
Ivern,TOP,16.19,ok,,https://www.onetricks.gg/champions/builds/Ivern?role=top,2026-10-01T19:07:14.387106+00:00,Malignance > Imperial Mandate,Malignance > Imperial Mandate > Rylai's Crystal Scepter,Malignance > Imperial Mandate > Rylai's Crystal Scepter,external_reference > external_reference > external_reference,False
Ivern,JUNGLE,16.19,ok,,https://www.onetricks.gg/champions/builds/Ivern,2026-10-01T18:22:57.416779+00:00,Redemption > Moonstone Renewer,Redemption > Moonstone Renewer > Dawncore,Redemption > Moonstone Renewer > Dawncore,sampled_observations > limited_observations > external_reference,False
Ivern,MIDDLE,16.19,ok,,https://www.onetricks.gg/champions/builds/Ivern?role=mid,2026-10-01T19:07:14.699897+00:00,Malignance > Moonstone Renewer,Malignance > Moonstone Renewer > Essence Reaver,Malignance > Moonstone Renewer > Essence Reaver,external_reference > external_reference > mechanical_estimate,False
Ivern,BOTTOM,16.19,ok,,https://www.onetricks.gg/champions/builds/Ivern?role=bot,2026-10-01T19:07:14.794610+00:00,Malignance > Redemption,Malignance > Redemption > Essence Reaver,Malignance > Redemption > Essence Reaver,external_reference > external_reference > mechanical_estimate,False
Ivern,UTILITY,16.19,ok,,https://www.onetricks.gg/champions/builds/Ivern?role=supp,2026-10-01T19:07:14.857024+00:00,Echoes of Helia,Echoes of Helia > Mejai's Soulstealer > Essence Reaver,Echoes of Helia > Mejai's Soulstealer > Essence Reaver,external_reference > external_reference > mechanical_estimate,False
Janna,TOP,16.19,ok,,https://www.onetricks.gg/champions/builds/Janna?role=top,2026-10-01T19:07:14.709850+00:00,Whispering Circlet > Moonstone Renewer,Whispering Circlet > Moonstone Renewer > Dusk and Dawn,Whispering Circlet > Moonstone Renewer > Dusk and Dawn,external_reference > external_reference > mechanical_estimate,False
Janna,JUNGLE,16.19,no_same_patch_routes,,https://www.onetricks.gg/champions/builds/Janna?role=jungle,2026-10-01T19:07:14.560842+00:00,,Dawncore > Archangel's Staff > Dusk and Dawn,Dawncore > Archangel's Staff > Dusk and Dawn,mechanical_estimate > mechanical_estimate > mechanical_estimate,False
Janna,MIDDLE,16.19,ok,,https://www.onetricks.gg/champions/builds/Janna?role=mid,2026-10-01T19:07:20.930499+00:00,Moonstone Renewer > Redemption,Moonstone Renewer > Redemption > Archangel's Staff,Moonstone Renewer > Redemption > Archangel's Staff,external_reference > external_reference > external_reference,False
Janna,BOTTOM,16.19,no_same_patch_routes,,https://www.onetricks.gg/champions/builds/Janna?role=bot,2026-10-01T19:07:20.881458+00:00,,Dawncore > Archangel's Staff > Dusk and Dawn,Dawncore > Archangel's Staff > Dusk and Dawn,mechanical_estimate > mechanical_estimate > mechanical_estimate,False
Janna,UTILITY,16.19,ok,,https://www.onetricks.gg/champions/builds/Janna,2026-10-01T18:28:28.355042+00:00,Moonstone Renewer,Moonstone Renewer > Redemption > Dawncore,Moonstone Renewer > Redemption > Dawncore,sampled_observations > sampled_observations > sampled_observations,False
JarvanIV,TOP,16.19,no_same_patch_routes,,https://www.onetricks.gg/champions/builds/JarvanIV?role=top,2026-10-01T19:07:21.394532+00:00,,Essence Reaver > Black Cleaver > Axiom Arc,Essence Reaver > Black Cleaver > Axiom Arc,mechanical_estimate > mechanical_estimate > mechanical_estimate,False
JarvanIV,JUNGLE,16.19,ok,,https://www.onetricks.gg/champions/builds/JarvanIV,2026-10-01T18:23:04.155087+00:00,Profane Hydra > Voltaic Cyclosword,Profane Hydra > Voltaic Cyclosword > Bastionbreaker,Profane Hydra > Voltaic Cyclosword > Bastionbreaker,sampled_observations > sampled_observations > sampled_observations,False
JarvanIV,MIDDLE,16.19,ok,,https://www.onetricks.gg/champions/builds/JarvanIV?role=mid,2026-10-01T19:07:21.134719+00:00,Eclipse > Sundered Sky,Eclipse > Sundered Sky > Black Cleaver,Eclipse > Sundered Sky > Black Cleaver,external_reference > external_reference > external_reference,False
JarvanIV,BOTTOM,16.19,no_same_patch_routes,,https://www.onetricks.gg/champions/builds/JarvanIV?role=bot,2026-10-01T19:07:20.844837+00:00,,Essence Reaver > Black Cleaver > Axiom Arc,Essence Reaver > Black Cleaver > Axiom Arc,mechanical_estimate > mechanical_estimate > mechanical_estimate,False
JarvanIV,UTILITY,16.19,ok,,https://www.onetricks.gg/champions/builds/JarvanIV?role=supp,2026-10-01T19:07:21.328861+00:00,Zeke's Convergence,Zeke's Convergence > Essence Reaver > Sundered Sky,Zeke's Convergence > Essence Reaver > Sundered Sky,external_reference > mechanical_estimate > mechanical_estimate,False
Jax,TOP,16.19,ok,,https://www.onetricks.gg/champions/builds/Jax,2026-10-01T18:23:04.225321+00:00,Trinity Force > Hextech Gunblade,Trinity Force > Hextech Gunblade > Riftmaker,Trinity Force > Hextech Gunblade > Riftmaker,sampled_observations > sampled_observations > external_reference,False
Jax,JUNGLE,16.19,ok,,https://www.onetricks.gg/champions/builds/Jax?role=jungle,2026-10-01T19:07:26.766666+00:00,Trinity Force > Sundered Sky,Trinity Force > Sundered Sky > Guardian Angel,Trinity Force > Sundered Sky > Guardian Angel,external_reference > external_reference > external_reference,False
Jax,MIDDLE,16.19,ok,,https://www.onetricks.gg/champions/builds/Jax?role=mid,2026-10-01T19:07:27.110395+00:00,Stridebreaker > Trinity Force,Stridebreaker > Trinity Force > Death's Dance,Stridebreaker > Trinity Force > Death's Dance,external_reference > external_reference > external_reference,False
Jax,BOTTOM,16.19,ok,,https://www.onetricks.gg/champions/builds/Jax?role=bot,2026-10-01T19:07:27.553001+00:00,Stridebreaker > Trinity Force,Stridebreaker > Trinity Force > Infinity Edge,Stridebreaker > Trinity Force > Infinity Edge,external_reference > external_reference > mechanical_estimate,False
Jax,UTILITY,16.19,ok,,https://www.onetricks.gg/champions/builds/Jax?role=supp,2026-10-01T19:07:27.045118+00:00,Stridebreaker,Stridebreaker > Sundered Sky > Essence Reaver,Stridebreaker > Sundered Sky > Essence Reaver,external_reference > external_reference > mechanical_estimate,False
Jayce,TOP,16.19,ok,,https://www.onetricks.gg/champions/builds/Jayce,2026-10-01T18:23:10.660890+00:00,Youmuu's Ghostblade > Manamune,Youmuu's Ghostblade > Manamune > Voltaic Cyclosword,Youmuu's Ghostblade > Manamune > Voltaic Cyclosword,sampled_observations > sampled_observations > sampled_observations,False
Jayce,JUNGLE,16.19,ok,,https://www.onetricks.gg/champions/builds/Jayce?role=jungle,2026-10-01T19:07:27.235471+00:00,Youmuu's Ghostblade > Voltaic Cyclosword,Bastionbreaker > Voltaic Cyclosword > Serylda's Grudge,Youmuu's Ghostblade > Voltaic Cyclosword > Serylda's Grudge,sampled_observations > limited_observations > external_reference,True
Jayce,MIDDLE,16.19,ok,,https://www.onetricks.gg/champions/builds/Jayce?role=mid,2026-10-01T19:07:27.191606+00:00,Youmuu's Ghostblade > Manamune,Youmuu's Ghostblade > Voltaic Cyclosword > Lord Dominik's Regards,Youmuu's Ghostblade > Manamune > Voltaic Cyclosword,sampled_observations > sampled_observations > external_reference,True
Jayce,BOTTOM,16.19,ok,,https://www.onetricks.gg/champions/builds/Jayce?role=bot,2026-10-01T19:07:32.366213+00:00,Youmuu's Ghostblade > Manamune,Youmuu's Ghostblade > Manamune > Voltaic Cyclosword,Youmuu's Ghostblade > Manamune > Voltaic Cyclosword,external_reference > external_reference > external_reference,False
Jayce,UTILITY,16.19,no_same_patch_routes,,https://www.onetricks.gg/champions/builds/Jayce?role=supp,2026-10-01T19:07:33.276591+00:00,,Essence Reaver > Axiom Arc > Umbral Glaive,Essence Reaver > Axiom Arc > Umbral Glaive,mechanical_estimate > mechanical_estimate > mechanical_estimate,False
Jhin,TOP,16.19,ok,,https://www.onetricks.gg/champions/builds/Jhin?role=top,2026-10-01T19:07:32.472843+00:00,The Collector > Infinity Edge,The Collector > Infinity Edge > Essence Reaver,The Collector > Infinity Edge > Essence Reaver,external_reference > external_reference > mechanical_estimate,False
Jhin,JUNGLE,16.19,setup_only,,https://www.onetricks.gg/champions/builds/Jhin?role=jungle,2026-10-01T19:07:33.340070+00:00,,Essence Reaver > Infinity Edge > Hexoptics C44,Essence Reaver > Infinity Edge > Hexoptics C44,mechanical_estimate > mechanical_estimate > mechanical_estimate,False
Jhin,MIDDLE,16.19,ok,,https://www.onetricks.gg/champions/builds/Jhin?role=mid,2026-10-01T19:07:32.829037+00:00,Hubris > The Collector,Hubris > The Collector > Infinity Edge,Hubris > The Collector > Infinity Edge,external_reference > external_reference > external_reference,False
Jhin,BOTTOM,16.19,ok,,https://www.onetricks.gg/champions/builds/Jhin,2026-10-01T18:23:09.835299+00:00,Hubris > Phantom Dancer,Hubris > Phantom Dancer > Infinity Edge,Hubris > Phantom Dancer > Infinity Edge,sampled_observations > sampled_observations > sampled_observations,False
Jhin,UTILITY,16.19,ok,,https://www.onetricks.gg/champions/builds/Jhin?role=supp,2026-10-01T19:07:32.956154+00:00,Serpent's Fang,Axiom Arc > Essence Reaver > Infinity Edge,Axiom Arc > Essence Reaver > Infinity Edge,external_reference > mechanical_estimate > mechanical_estimate,False
Jinx,TOP,16.19,no_same_patch_routes,,https://www.onetricks.gg/champions/builds/Jinx?role=top,2026-10-01T19:07:40.158892+00:00,,Essence Reaver > Infinity Edge > Hexoptics C44,Essence Reaver > Infinity Edge > Hexoptics C44,mechanical_estimate > mechanical_estimate > mechanical_estimate,False
Jinx,JUNGLE,16.19,no_same_patch_routes,,https://www.onetricks.gg/champions/builds/Jinx?role=jungle,2026-10-01T19:07:40.075664+00:00,,Essence Reaver > Infinity Edge > Hexoptics C44,Essence Reaver > Infinity Edge > Hexoptics C44,mechanical_estimate > mechanical_estimate > mechanical_estimate,False
Jinx,MIDDLE,16.19,no_same_patch_routes,,https://www.onetricks.gg/champions/builds/Jinx?role=mid,2026-10-01T19:07:40.055964+00:00,,Essence Reaver > Infinity Edge > Hexoptics C44,Essence Reaver > Infinity Edge > Hexoptics C44,mechanical_estimate > mechanical_estimate > mechanical_estimate,False
Jinx,BOTTOM,16.19,ok,,https://www.onetricks.gg/champions/builds/Jinx,2026-10-01T18:23:11.069360+00:00,Hexoptics C44 > Runaan's Hurricane,Hexoptics C44 > Runaan's Hurricane > Infinity Edge,Hexoptics C44 > Runaan's Hurricane > Infinity Edge,sampled_observations > sampled_observations > sampled_observations,False
Jinx,UTILITY,16.19,no_same_patch_routes,,https://www.onetricks.gg/champions/builds/Jinx?role=supp,2026-10-01T19:07:40.014931+00:00,,Essence Reaver > Infinity Edge > Hexoptics C44,Essence Reaver > Infinity Edge > Hexoptics C44,mechanical_estimate > mechanical_estimate > mechanical_estimate,False
KSante,TOP,16.19,ok,,https://www.onetricks.gg/champions/builds/KSante,2026-10-01T18:23:17.445814+00:00,"Iceborn Gauntlet > Jak'Sho, The Protean",Iceborn Gauntlet > Unending Despair > Spirit Visage,"Iceborn Gauntlet > Jak'Sho, The Protean > Spirit Visage",sampled_observations > sampled_observations > external_reference,True
KSante,JUNGLE,16.19,no_same_patch_routes,,https://www.onetricks.gg/champions/builds/KSante?role=jungle,2026-10-01T19:07:39.744334+00:00,,Warmog's Armor > Heartsteel > Winter's Approach,Warmog's Armor > Heartsteel > Winter's Approach,mechanical_estimate > mechanical_estimate > mechanical_estimate,False
KSante,MIDDLE,16.19,ok,,https://www.onetricks.gg/champions/builds/KSante?role=mid,2026-10-01T19:07:40.241784+00:00,Kaenic Rookern > Iceborn Gauntlet,"Iceborn Gauntlet > Jak'Sho, The Protean > Force of Nature","Iceborn Gauntlet > Jak'Sho, The Protean > Force of Nature",external_reference > external_reference > external_reference,False
KSante,BOTTOM,16.19,ok,,https://www.onetricks.gg/champions/builds/KSante?role=bot,2026-10-01T19:07:46.243678+00:00,Iceborn Gauntlet > Spirit Visage,"Iceborn Gauntlet > Spirit Visage > Jak'Sho, The Protean","Iceborn Gauntlet > Spirit Visage > Jak'Sho, The Protean",external_reference > external_reference > external_reference,False
KSante,UTILITY,16.19,ok,,https://www.onetricks.gg/champions/builds/KSante?role=supp,2026-10-01T19:07:46.242335+00:00,Zeke's Convergence,"Zeke's Convergence > Jak'Sho, The Protean > Warmog's Armor","Zeke's Convergence > Jak'Sho, The Protean > Warmog's Armor",external_reference > external_reference > mechanical_estimate,False
Kaisa,TOP,16.19,ok,,https://www.onetricks.gg/champions/builds/Kaisa?role=top,2026-10-01T19:07:46.158977+00:00,Kraken Slayer > Guinsoo's Rageblade,Kraken Slayer > Guinsoo's Rageblade > Terminus,Kraken Slayer > Guinsoo's Rageblade > Terminus,external_reference > external_reference > external_reference,False
Kaisa,JUNGLE,16.19,ok,,https://www.onetricks.gg/champions/builds/Kaisa?role=jungle,2026-10-01T19:07:45.751158+00:00,Kraken Slayer > Guinsoo's Rageblade,Kraken Slayer > Guinsoo's Rageblade > Terminus,Kraken Slayer > Guinsoo's Rageblade > Terminus,external_reference > external_reference > external_reference,False
Kaisa,MIDDLE,16.19,ok,,https://www.onetricks.gg/champions/builds/Kaisa?role=mid,2026-10-01T19:07:46.060066+00:00,Kraken Slayer > Guinsoo's Rageblade,Kraken Slayer > Guinsoo's Rageblade > Nashor's Tooth,Kraken Slayer > Guinsoo's Rageblade > Nashor's Tooth,external_reference > external_reference > external_reference,False
Kaisa,BOTTOM,16.19,ok,,https://www.onetricks.gg/champions/builds/Kaisa,2026-10-01T18:23:17.102789+00:00,Kraken Slayer > Guinsoo's Rageblade,Kraken Slayer > Guinsoo's Rageblade > Terminus,Kraken Slayer > Guinsoo's Rageblade > Terminus,sampled_observations > sampled_observations > sampled_observations,False
Kaisa,UTILITY,16.19,no_same_patch_routes,,https://www.onetricks.gg/champions/builds/Kaisa?role=supp,2026-10-01T19:07:46.301512+00:00,,Phantom Dancer > Essence Reaver > Infinity Edge,Phantom Dancer > Essence Reaver > Infinity Edge,mechanical_estimate > mechanical_estimate > mechanical_estimate,False
Kalista,TOP,16.19,ok,,https://www.onetricks.gg/champions/builds/Kalista?role=top,2026-10-01T19:07:51.845476+00:00,Statikk Shiv > Guinsoo's Rageblade,Statikk Shiv > Guinsoo's Rageblade > Terminus,Statikk Shiv > Guinsoo's Rageblade > Terminus,limited_observations > external_reference > external_reference,False
Kalista,JUNGLE,16.19,no_same_patch_routes,,https://www.onetricks.gg/champions/builds/Kalista?role=jungle,2026-10-01T19:07:51.366867+00:00,,Essence Reaver > Infinity Edge > Hexoptics C44,Essence Reaver > Infinity Edge > Hexoptics C44,mechanical_estimate > mechanical_estimate > mechanical_estimate,False
Kalista,MIDDLE,16.19,ok,,https://www.onetricks.gg/champions/builds/Kalista?role=mid,2026-10-01T19:07:51.283543+00:00,Statikk Shiv > Guinsoo's Rageblade,Statikk Shiv > Guinsoo's Rageblade > Terminus,Statikk Shiv > Guinsoo's Rageblade > Terminus,external_reference > external_reference > external_reference,False
Kalista,BOTTOM,16.19,ok,,https://www.onetricks.gg/champions/builds/Kalista,2026-10-01T18:23:17.037590+00:00,Statikk Shiv > Guinsoo's Rageblade,Statikk Shiv > Guinsoo's Rageblade > Terminus,Statikk Shiv > Guinsoo's Rageblade > Terminus,sampled_observations > sampled_observations > sampled_observations,False
Kalista,UTILITY,16.19,ok,,https://www.onetricks.gg/champions/builds/Kalista?role=supp,2026-10-01T19:07:51.926747+00:00,Hubris,Hubris > Umbral Glaive > Essence Reaver,Hubris > Umbral Glaive > Essence Reaver,external_reference > external_reference > mechanical_estimate,False
Karma,TOP,16.19,ok,,https://www.onetricks.gg/champions/builds/Karma?role=top,2026-10-01T19:07:50.895296+00:00,Malignance > Moonstone Renewer,Malignance > Moonstone Renewer > Shurelya's Battlesong,Malignance > Moonstone Renewer > Shurelya's Battlesong,external_reference > external_reference > external_reference,False
Karma,JUNGLE,16.19,no_same_patch_routes,,https://www.onetricks.gg/champions/builds/Karma?role=jungle,2026-10-01T19:07:51.405636+00:00,,Lich Bane > Archangel's Staff > Horizon Focus,Lich Bane > Archangel's Staff > Horizon Focus,mechanical_estimate > mechanical_estimate > mechanical_estimate,False
Karma,MIDDLE,16.19,ok,,https://www.onetricks.gg/champions/builds/Karma?role=mid,2026-10-01T19:07:57.514619+00:00,Malignance > Shadowflame,Malignance > Moonstone Renewer > Dawncore,Malignance > Shadowflame > Bloodletter's Curse,limited_observations > external_reference > external_reference,True
Karma,BOTTOM,16.19,no_same_patch_routes,,https://www.onetricks.gg/champions/builds/Karma?role=bot,2026-10-01T19:07:57.204084+00:00,,Lich Bane > Archangel's Staff > Horizon Focus,Lich Bane > Archangel's Staff > Horizon Focus,mechanical_estimate > mechanical_estimate > mechanical_estimate,False
Karma,UTILITY,16.19,ok,,https://www.onetricks.gg/champions/builds/Karma,2026-10-01T18:28:28.414866+00:00,Echoes of Helia,Echoes of Helia > Moonstone Renewer > Cryptbloom,Echoes of Helia > Moonstone Renewer > Cryptbloom,sampled_observations > sampled_observations > mechanical_estimate,False
Karthus,TOP,16.19,ok,,https://www.onetricks.gg/champions/builds/Karthus?role=top,2026-10-01T19:07:57.274553+00:00,Blackfire Torch > Liandry's Torment,Blackfire Torch > Shadowflame > Stormsurge,Blackfire Torch > Liandry's Torment > Stormsurge,external_reference > external_reference > external_reference,True
Karthus,JUNGLE,16.19,ok,,https://www.onetricks.gg/champions/builds/Karthus?role=jungle,2026-10-01T19:07:57.080634+00:00,Blackfire Torch > Shadowflame,Blackfire Torch > Shadowflame > Liandry's Torment,Blackfire Torch > Shadowflame > Liandry's Torment,sampled_observations > sampled_observations > external_reference,False
Karthus,MIDDLE,16.19,ok,,https://www.onetricks.gg/champions/builds/Karthus?role=mid,2026-10-01T19:07:56.924426+00:00,Blackfire Torch > Shadowflame,Blackfire Torch > Shadowflame > Stormsurge,Blackfire Torch > Shadowflame > Stormsurge,limited_observations > external_reference > external_reference,False
Karthus,BOTTOM,16.19,ok,,https://www.onetricks.gg/champions/builds/Karthus,2026-10-01T18:23:23.850632+00:00,Blackfire Torch > Shadowflame,Blackfire Torch > Shadowflame > Stormsurge,Blackfire Torch > Shadowflame > Stormsurge,sampled_observations > sampled_observations > external_reference,False
Karthus,UTILITY,16.19,ok,,https://www.onetricks.gg/champions/builds/Karthus?role=supp,2026-10-01T19:07:57.153538+00:00,Blackfire Torch,Blackfire Torch > Liandry's Torment > Malignance,Blackfire Torch > Liandry's Torment > Malignance,external_reference > external_reference > mechanical_estimate,False
Kassadin,TOP,16.19,ok,,https://www.onetricks.gg/champions/builds/Kassadin?role=top,2026-10-01T19:08:03.770579+00:00,Rod of Ages > Archangel's Staff,Rod of Ages > Archangel's Staff > Malignance,Rod of Ages > Archangel's Staff > Malignance,external_reference > external_reference > external_reference,False
Kassadin,JUNGLE,16.19,ok,,https://www.onetricks.gg/champions/builds/Kassadin?role=jungle,2026-10-01T19:08:04.387556+00:00,Luden's Echo > Frozen Heart,Luden's Echo > Frozen Heart > Malignance,Luden's Echo > Frozen Heart > Malignance,external_reference > external_reference > mechanical_estimate,False
Kassadin,MIDDLE,16.19,ok,,https://www.onetricks.gg/champions/builds/Kassadin,2026-10-01T18:23:24.008839+00:00,Rod of Ages > Archangel's Staff,Rod of Ages > Archangel's Staff > Malignance,Rod of Ages > Archangel's Staff > Malignance,sampled_observations > sampled_observations > limited_observations,False
Kassadin,BOTTOM,16.19,ok,,https://www.onetricks.gg/champions/builds/Kassadin?role=bot,2026-10-01T19:08:03.218583+00:00,Rod of Ages > Archangel's Staff,Rod of Ages > Archangel's Staff > Malignance,Rod of Ages > Archangel's Staff > Malignance,external_reference > external_reference > external_reference,False
Kassadin,UTILITY,16.19,no_same_patch_routes,,https://www.onetricks.gg/champions/builds/Kassadin?role=supp,2026-10-01T19:08:03.873504+00:00,,Malignance > Cryptbloom > Lich Bane,Malignance > Cryptbloom > Lich Bane,mechanical_estimate > mechanical_estimate > mechanical_estimate,False
Katarina,TOP,16.19,ok,,https://www.onetricks.gg/champions/builds/Katarina?role=top,2026-10-01T19:08:03.432226+00:00,Kraken Slayer > Terminus,Lich Bane > Shadowflame > Void Staff,Kraken Slayer > Terminus > Death's Dance,external_reference > external_reference > external_reference,True
Katarina,JUNGLE,16.19,ok,,https://www.onetricks.gg/champions/builds/Katarina?role=jungle,2026-10-01T19:08:03.574883+00:00,Kraken Slayer > Blade of The Ruined King,Kraken Slayer > Dusk and Dawn > Terminus,Kraken Slayer > Blade of The Ruined King > Terminus,external_reference > external_reference > external_reference,True
Katarina,MIDDLE,16.19,ok,,https://www.onetricks.gg/champions/builds/Katarina,2026-10-01T18:23:30.537332+00:00,Lich Bane > Shadowflame,Lich Bane > Shadowflame > Rabadon's Deathcap,Lich Bane > Shadowflame > Rabadon's Deathcap,sampled_observations > sampled_observations > sampled_observations,False
Katarina,BOTTOM,16.19,ok,,https://www.onetricks.gg/champions/builds/Katarina?role=bot,2026-10-01T19:08:09.884731+00:00,Kraken Slayer > Terminus,Kraken Slayer > Terminus > Death's Dance,Kraken Slayer > Terminus > Death's Dance,sampled_observations > limited_observations > limited_observations,False
Katarina,UTILITY,16.19,ok,,https://www.onetricks.gg/champions/builds/Katarina?role=supp,2026-10-01T19:08:10.027560+00:00,Lich Bane,Lich Bane > Shadowflame > Axiom Arc,Lich Bane > Shadowflame > Axiom Arc,external_reference > external_reference > mechanical_estimate,False
Kayle,TOP,16.19,ok,,https://www.onetricks.gg/champions/builds/Kayle,2026-10-01T18:23:30.220969+00:00,Nashor's Tooth > Dusk and Dawn,Nashor's Tooth > Dusk and Dawn > Rabadon's Deathcap,Nashor's Tooth > Dusk and Dawn > Rabadon's Deathcap,sampled_observations > limited_observations > limited_observations,False
Kayle,JUNGLE,16.19,ok,,https://www.onetricks.gg/champions/builds/Kayle?role=jungle,2026-10-01T19:08:09.743612+00:00,Nashor's Tooth > Dusk and Dawn,Nashor's Tooth > Dusk and Dawn > Rabadon's Deathcap,Nashor's Tooth > Dusk and Dawn > Rabadon's Deathcap,external_reference > external_reference > external_reference,False
Kayle,MIDDLE,16.19,ok,,https://www.onetricks.gg/champions/builds/Kayle?role=mid,2026-10-01T19:08:09.239402+00:00,Nashor's Tooth > Dusk and Dawn,Nashor's Tooth > Dusk and Dawn > Rabadon's Deathcap,Nashor's Tooth > Dusk and Dawn > Rabadon's Deathcap,sampled_observations > limited_observations > limited_observations,False
Kayle,BOTTOM,16.19,ok,,https://www.onetricks.gg/champions/builds/Kayle?role=bot,2026-10-01T19:08:09.875451+00:00,Nashor's Tooth > Dusk and Dawn,Nashor's Tooth > Dusk and Dawn > Rabadon's Deathcap,Nashor's Tooth > Dusk and Dawn > Rabadon's Deathcap,external_reference > external_reference > external_reference,False
Kayle,UTILITY,16.19,ok,,https://www.onetricks.gg/champions/builds/Kayle?role=supp,2026-10-01T19:08:09.516599+00:00,Moonstone Renewer,Moonstone Renewer > Ardent Censer > Essence Reaver,Moonstone Renewer > Locket of the Iron Solari > Essence Reaver,external_reference > external_reference > mechanical_estimate,True
Kayn,TOP,16.19,ok,red|blue,https://www.onetricks.gg/champions/builds/Kayn?role=top,2026-10-01T19:08:15.307928+00:00,,Essence Reaver > Infinity Edge > Bloodthirster,Essence Reaver > Infinity Edge > Bloodthirster,mechanical_estimate > mechanical_estimate > mechanical_estimate,False
Kayn,JUNGLE,16.19,ok,red|blue,https://www.onetricks.gg/champions/builds/Kayn?role=jungle,2026-10-01T19:08:15.000093+00:00,,Voltaic Cyclosword > Bastionbreaker > Essence Reaver,Voltaic Cyclosword > Bastionbreaker > Essence Reaver,sampled_observations > sampled_observations > mechanical_estimate,False
Kayn,MIDDLE,16.19,no_same_patch_routes,,https://www.onetricks.gg/champions/builds/Kayn?role=mid,2026-10-01T19:08:15.284277+00:00,,Essence Reaver > Infinity Edge > Bloodthirster,Essence Reaver > Infinity Edge > Bloodthirster,mechanical_estimate > mechanical_estimate > mechanical_estimate,False
Kayn,BOTTOM,16.19,ok,red,https://www.onetricks.gg/champions/builds/Kayn?role=bot,2026-10-01T19:08:15.074604+00:00,,Essence Reaver > Infinity Edge > Bloodthirster,Essence Reaver > Infinity Edge > Bloodthirster,mechanical_estimate > mechanical_estimate > mechanical_estimate,False
Kayn,UTILITY,16.19,no_same_patch_routes,,https://www.onetricks.gg/champions/builds/Kayn?role=supp,2026-10-01T19:08:15.401437+00:00,,Essence Reaver > Infinity Edge > Bloodthirster,Essence Reaver > Infinity Edge > Bloodthirster,mechanical_estimate > mechanical_estimate > mechanical_estimate,False
Kennen,TOP,16.19,ok,,https://www.onetricks.gg/champions/builds/Kennen,2026-10-01T18:23:41.800776+00:00,Hextech Rocketbelt > Shadowflame,Hextech Rocketbelt > Shadowflame > Void Staff,Hextech Rocketbelt > Shadowflame > Void Staff,sampled_observations > external_reference > external_reference,False
Kennen,JUNGLE,16.19,no_same_patch_routes,,https://www.onetricks.gg/champions/builds/Kennen?role=jungle,2026-10-01T19:08:15.453003+00:00,,Malignance > Lich Bane > Hextech Gunblade,Malignance > Lich Bane > Hextech Gunblade,mechanical_estimate > mechanical_estimate > mechanical_estimate,False
Kennen,MIDDLE,16.19,ok,,https://www.onetricks.gg/champions/builds/Kennen?role=mid,2026-10-01T19:08:21.566848+00:00,Hextech Rocketbelt > Shadowflame,Hextech Rocketbelt > Shadowflame > Malignance,Hextech Rocketbelt > Shadowflame > Malignance,limited_observations > external_reference > mechanical_estimate,False
Kennen,BOTTOM,16.19,ok,,https://www.onetricks.gg/champions/builds/Kennen?role=bot,2026-10-01T19:08:21.863302+00:00,Shadowflame > Hextech Rocketbelt,Shadowflame > Hextech Rocketbelt > Void Staff,Shadowflame > Hextech Rocketbelt > Void Staff,external_reference > external_reference > external_reference,False
Kennen,UTILITY,16.19,ok,,https://www.onetricks.gg/champions/builds/Kennen?role=supp,2026-10-01T19:08:21.936397+00:00,Hextech Rocketbelt,Hextech Rocketbelt > Stormsurge > Malignance,Hextech Rocketbelt > Stormsurge > Malignance,external_reference > external_reference > mechanical_estimate,False
Khazix,TOP,16.19,ok,,https://www.onetricks.gg/champions/builds/Khazix?role=top,2026-10-01T19:08:22.027715+00:00,Profane Hydra > Manamune,Profane Hydra > Manamune > Voltaic Cyclosword,Profane Hydra > Manamune > Voltaic Cyclosword,external_reference > external_reference > external_reference,False
Khazix,JUNGLE,16.19,ok,,https://www.onetricks.gg/champions/builds/Khazix,2026-10-01T18:23:40.902095+00:00,Umbral Glaive > Voltaic Cyclosword,Umbral Glaive > Voltaic Cyclosword > Bastionbreaker,Umbral Glaive > Voltaic Cyclosword > Bastionbreaker,sampled_observations > sampled_observations > sampled_observations,False
Khazix,MIDDLE,16.19,ok,,https://www.onetricks.gg/champions/builds/Khazix?role=mid,2026-10-01T19:08:21.925222+00:00,Profane Hydra > Manamune,Profane Hydra > Manamune > Axiom Arc,Profane Hydra > Manamune > Axiom Arc,external_reference > external_reference > mechanical_estimate,False
Khazix,BOTTOM,16.19,no_same_patch_routes,,https://www.onetricks.gg/champions/builds/Khazix?role=bot,2026-10-01T19:08:21.644300+00:00,,Essence Reaver > Axiom Arc > Umbral Glaive,Essence Reaver > Axiom Arc > Umbral Glaive,mechanical_estimate > mechanical_estimate > mechanical_estimate,False
Khazix,UTILITY,16.19,no_same_patch_routes,,https://www.onetricks.gg/champions/builds/Khazix?role=supp,2026-10-01T19:08:27.960763+00:00,,Essence Reaver > Axiom Arc > Umbral Glaive,Essence Reaver > Axiom Arc > Umbral Glaive,mechanical_estimate > mechanical_estimate > mechanical_estimate,False
Kindred,TOP,16.19,ok,,https://www.onetricks.gg/champions/builds/Kindred?role=top,2026-10-01T19:08:28.302309+00:00,Trinity Force > The Collector,Trinity Force > The Collector > Infinity Edge,Trinity Force > The Collector > Infinity Edge,external_reference > external_reference > mechanical_estimate,False
Kindred,JUNGLE,16.19,ok,,https://www.onetricks.gg/champions/builds/Kindred,2026-10-01T18:23:40.874494+00:00,Trinity Force > The Collector,Kraken Slayer > The Collector > Lord Dominik's Regards,Kraken Slayer > The Collector > Lord Dominik's Regards,sampled_observations > limited_observations > external_reference,False
Kindred,MIDDLE,16.19,ok,,https://www.onetricks.gg/champions/builds/Kindred?role=mid,2026-10-01T19:08:28.413739+00:00,Kraken Slayer > The Collector,Kraken Slayer > The Collector > Essence Reaver,Kraken Slayer > The Collector > Essence Reaver,external_reference > external_reference > mechanical_estimate,False
Kindred,BOTTOM,16.19,ok,,https://www.onetricks.gg/champions/builds/Kindred?role=bot,2026-10-01T19:08:28.107489+00:00,Kraken Slayer > Hexoptics C44,Kraken Slayer > Hexoptics C44 > Infinity Edge,Kraken Slayer > Hexoptics C44 > Infinity Edge,external_reference > external_reference > external_reference,False
Kindred,UTILITY,16.19,no_same_patch_routes,,https://www.onetricks.gg/champions/builds/Kindred?role=supp,2026-10-01T19:08:28.149227+00:00,,Essence Reaver > Infinity Edge > Hexoptics C44,Essence Reaver > Infinity Edge > Hexoptics C44,mechanical_estimate > mechanical_estimate > mechanical_estimate,False
Kled,TOP,16.19,ok,,https://www.onetricks.gg/champions/builds/Kled,2026-10-01T18:23:46.566501+00:00,Titanic Hydra > Hullbreaker,Titanic Hydra > Black Cleaver > Hullbreaker,Titanic Hydra > Black Cleaver > Hullbreaker,sampled_observations > sampled_observations > external_reference,False
Kled,JUNGLE,16.19,ok,,https://www.onetricks.gg/champions/builds/Kled?role=jungle,2026-10-01T19:08:27.961671+00:00,Profane Hydra > Black Cleaver,Profane Hydra > Black Cleaver > Immortal Shieldbow,Profane Hydra > Black Cleaver > Immortal Shieldbow,external_reference > external_reference > external_reference,False
Kled,MIDDLE,16.19,ok,,https://www.onetricks.gg/champions/builds/Kled?role=mid,2026-10-01T19:08:34.403897+00:00,Titanic Hydra > Black Cleaver,Titanic Hydra > Black Cleaver > Sterak's Gage,Titanic Hydra > Black Cleaver > Sterak's Gage,external_reference > external_reference > external_reference,False
Kled,BOTTOM,16.19,ok,,https://www.onetricks.gg/champions/builds/Kled?role=bot,2026-10-01T19:08:34.288831+00:00,Titanic Hydra > Sterak's Gage,Titanic Hydra > Black Cleaver > Essence Reaver,Titanic Hydra > Sterak's Gage > Hullbreaker,external_reference > external_reference > external_reference,True
Kled,UTILITY,16.19,ok,,https://www.onetricks.gg/champions/builds/Kled?role=supp,2026-10-01T19:08:34.141368+00:00,Umbral Glaive,Umbral Glaive > Axiom Arc > Sundered Sky,Umbral Glaive > Axiom Arc > Sundered Sky,external_reference > external_reference > mechanical_estimate,False
KogMaw,TOP,16.19,ok,,https://www.onetricks.gg/champions/builds/KogMaw?role=top,2026-10-01T19:08:34.396074+00:00,Dusk and Dawn > Shadowflame,Dusk and Dawn > Shadowflame > Rabadon's Deathcap,Dusk and Dawn > Shadowflame > Rabadon's Deathcap,external_reference > external_reference > external_reference,False
KogMaw,JUNGLE,16.19,no_same_patch_routes,,https://www.onetricks.gg/champions/builds/KogMaw?role=jungle,2026-10-01T19:08:33.985327+00:00,,Essence Reaver > Infinity Edge > Hexoptics C44,Essence Reaver > Infinity Edge > Hexoptics C44,mechanical_estimate > mechanical_estimate > mechanical_estimate,False
KogMaw,MIDDLE,16.19,ok,,https://www.onetricks.gg/champions/builds/KogMaw?role=mid,2026-10-01T19:08:33.836065+00:00,Dusk and Dawn > Shadowflame,Dusk and Dawn > Shadowflame > Rabadon's Deathcap,Dusk and Dawn > Shadowflame > Rabadon's Deathcap,sampled_observations > limited_observations > external_reference,False
KogMaw,BOTTOM,16.19,ok,,https://www.onetricks.gg/champions/builds/KogMaw,2026-10-01T18:23:46.579651+00:00,Guinsoo's Rageblade > Runaan's Hurricane,Guinsoo's Rageblade > Navori Flickerblade > Terminus,Guinsoo's Rageblade > Navori Flickerblade > Terminus,sampled_observations > sampled_observations > limited_observations,False
KogMaw,UTILITY,16.19,ok,,https://www.onetricks.gg/champions/builds/KogMaw?role=supp,2026-10-01T19:08:40.585831+00:00,Blackfire Torch,Blackfire Torch > Horizon Focus > Infinity Edge,Blackfire Torch > Horizon Focus > Infinity Edge,external_reference > external_reference > mechanical_estimate,False
Leblanc,TOP,16.19,ok,,https://www.onetricks.gg/champions/builds/Leblanc?role=top,2026-10-01T19:08:39.790946+00:00,Luden's Echo > Shadowflame,Luden's Echo > Shadowflame > Void Staff,Luden's Echo > Shadowflame > Void Staff,limited_observations > external_reference > external_reference,False
Leblanc,JUNGLE,16.19,ok,,https://www.onetricks.gg/champions/builds/Leblanc?role=jungle,2026-10-01T19:08:39.526977+00:00,Luden's Echo > Shadowflame,Luden's Echo > Shadowflame > Stormsurge,Luden's Echo > Shadowflame > Stormsurge,external_reference > external_reference > external_reference,False
Leblanc,MIDDLE,16.19,ok,,https://www.onetricks.gg/champions/builds/Leblanc,2026-10-01T18:23:47.347946+00:00,Luden's Echo > Shadowflame,Luden's Echo > Shadowflame > Rabadon's Deathcap,Luden's Echo > Shadowflame > Rabadon's Deathcap,sampled_observations > sampled_observations > sampled_observations,False
Leblanc,BOTTOM,16.19,ok,,https://www.onetricks.gg/champions/builds/Leblanc?role=bot,2026-10-01T19:08:39.900202+00:00,Hextech Gunblade > Shadowflame,Luden's Echo > Cryptbloom > Cosmic Drive,Hextech Gunblade > Shadowflame > Malignance,external_reference > external_reference > mechanical_estimate,True
Leblanc,UTILITY,16.19,ok,,https://www.onetricks.gg/champions/builds/Leblanc?role=supp,2026-10-01T19:08:39.429886+00:00,Stormsurge,Luden's Echo > Stormsurge > Malignance,Stormsurge > Shadowflame > Malignance,sampled_observations > external_reference > mechanical_estimate,True
LeeSin,TOP,16.19,ok,,https://www.onetricks.gg/champions/builds/LeeSin?role=top,2026-10-01T19:08:40.007410+00:00,Eclipse > Sundered Sky,Eclipse > Sundered Sky > Death's Dance,Eclipse > Sundered Sky > Death's Dance,external_reference > external_reference > external_reference,False
LeeSin,JUNGLE,16.19,ok,,https://www.onetricks.gg/champions/builds/LeeSin,2026-10-01T18:23:52.439099+00:00,Eclipse > Black Cleaver,Eclipse > Black Cleaver > Death's Dance,Eclipse > Black Cleaver > Death's Dance,sampled_observations > sampled_observations > sampled_observations,False
LeeSin,MIDDLE,16.19,ok,,https://www.onetricks.gg/champions/builds/LeeSin?role=mid,2026-10-01T19:15:34.237225+00:00,Profane Hydra > Voltaic Cyclosword,Profane Hydra > Voltaic Cyclosword > Death's Dance,Profane Hydra > Voltaic Cyclosword > Death's Dance,external_reference > external_reference > external_reference,False
LeeSin,BOTTOM,16.19,no_same_patch_routes,,https://www.onetricks.gg/champions/builds/LeeSin?role=bot,2026-10-01T19:15:34.064747+00:00,,Axiom Arc > Umbral Glaive > Essence Reaver,Axiom Arc > Umbral Glaive > Essence Reaver,mechanical_estimate > mechanical_estimate > mechanical_estimate,False
LeeSin,UTILITY,16.19,ok,,https://www.onetricks.gg/champions/builds/LeeSin?role=supp,2026-10-01T19:15:34.019388+00:00,Hubris,Hubris > Umbral Glaive > Axiom Arc,Hubris > Umbral Glaive > Axiom Arc,external_reference > external_reference > mechanical_estimate,False
Leona,TOP,16.19,no_same_patch_routes,,https://www.onetricks.gg/champions/builds/Leona?role=top,2026-10-01T19:15:33.657599+00:00,,Winter's Approach > Warmog's Armor > Protoplasm Harness,Winter's Approach > Warmog's Armor > Protoplasm Harness,mechanical_estimate > mechanical_estimate > mechanical_estimate,False
Leona,JUNGLE,16.19,no_same_patch_routes,,https://www.onetricks.gg/champions/builds/Leona?role=jungle,2026-10-01T19:15:33.671512+00:00,,Winter's Approach > Warmog's Armor > Protoplasm Harness,Winter's Approach > Warmog's Armor > Protoplasm Harness,mechanical_estimate > mechanical_estimate > mechanical_estimate,False
Leona,MIDDLE,16.19,no_same_patch_routes,,https://www.onetricks.gg/champions/builds/Leona?role=mid,2026-10-01T19:15:35.822328+00:00,,Winter's Approach > Warmog's Armor > Protoplasm Harness,Winter's Approach > Warmog's Armor > Protoplasm Harness,mechanical_estimate > mechanical_estimate > mechanical_estimate,False
Leona,BOTTOM,16.19,no_same_patch_routes,,https://www.onetricks.gg/champions/builds/Leona?role=bot,2026-10-01T19:15:39.834982+00:00,,Winter's Approach > Warmog's Armor > Protoplasm Harness,Winter's Approach > Warmog's Armor > Protoplasm Harness,mechanical_estimate > mechanical_estimate > mechanical_estimate,False
Leona,UTILITY,16.19,ok,,https://www.onetricks.gg/champions/builds/Leona,2026-10-01T18:28:41.297475+00:00,Locket of the Iron Solari,Locket of the Iron Solari > Knight's Vow > Winter's Approach,Locket of the Iron Solari > Knight's Vow > Winter's Approach,sampled_observations > sampled_observations > mechanical_estimate,False
Lillia,TOP,16.19,ok,,https://www.onetricks.gg/champions/builds/Lillia?role=top,2026-10-01T19:15:39.695768+00:00,Blackfire Torch > Liandry's Torment,Blackfire Torch > Liandry's Torment > Rylai's Crystal Scepter,Blackfire Torch > Liandry's Torment > Rylai's Crystal Scepter,external_reference > external_reference > external_reference,False
Lillia,JUNGLE,16.19,ok,,https://www.onetricks.gg/champions/builds/Lillia,2026-10-01T18:23:52.301154+00:00,Liandry's Torment > Riftmaker,Liandry's Torment > Riftmaker > Malignance,Liandry's Torment > Riftmaker > Malignance,sampled_observations > sampled_observations > mechanical_estimate,False
Lillia,MIDDLE,16.19,no_same_patch_routes,,https://www.onetricks.gg/champions/builds/Lillia?role=mid,2026-10-01T19:15:39.785234+00:00,,Malignance > Blackfire Torch > Lich Bane,Malignance > Blackfire Torch > Lich Bane,mechanical_estimate > mechanical_estimate > mechanical_estimate,False
Lillia,BOTTOM,16.19,no_same_patch_routes,,https://www.onetricks.gg/champions/builds/Lillia?role=bot,2026-10-01T19:15:39.726278+00:00,,Malignance > Blackfire Torch > Lich Bane,Malignance > Blackfire Torch > Lich Bane,mechanical_estimate > mechanical_estimate > mechanical_estimate,False
Lillia,UTILITY,16.19,no_same_patch_routes,,https://www.onetricks.gg/champions/builds/Lillia?role=supp,2026-10-01T19:15:39.913818+00:00,,Malignance > Blackfire Torch > Lich Bane,Malignance > Blackfire Torch > Lich Bane,mechanical_estimate > mechanical_estimate > mechanical_estimate,False
Lissandra,TOP,16.19,ok,,https://www.onetricks.gg/champions/builds/Lissandra?role=top,2026-10-01T19:15:40.308787+00:00,Blackfire Torch > Hextech Rocketbelt,Blackfire Torch > Hextech Rocketbelt > Imperial Mandate,Blackfire Torch > Hextech Rocketbelt > Imperial Mandate,sampled_observations > external_reference > external_reference,False
Lissandra,JUNGLE,16.19,no_same_patch_routes,,https://www.onetricks.gg/champions/builds/Lissandra?role=jungle,2026-10-01T19:15:45.528089+00:00,,Malignance > Lich Bane > Cryptbloom,Malignance > Lich Bane > Cryptbloom,mechanical_estimate > mechanical_estimate > mechanical_estimate,False
Lissandra,MIDDLE,16.19,ok,,https://www.onetricks.gg/champions/builds/Lissandra,2026-10-01T18:24:00.507224+00:00,Blackfire Torch > Hextech Rocketbelt,Malignance > Shadowflame > Rabadon's Deathcap,Blackfire Torch > Hextech Rocketbelt > Cryptbloom,sampled_observations > sampled_observations > external_reference,True
Lissandra,BOTTOM,16.19,ok,,https://www.onetricks.gg/champions/builds/Lissandra?role=bot,2026-10-01T19:15:46.224518+00:00,Blackfire Torch > Banshee's Veil,Malignance > Hextech Rocketbelt > Liandry's Torment,Blackfire Torch > Malignance > Lich Bane,external_reference > mechanical_estimate > mechanical_estimate,True
Lissandra,UTILITY,16.19,ok,,https://www.onetricks.gg/champions/builds/Lissandra?role=supp,2026-10-01T19:15:46.034724+00:00,Imperial Mandate,Imperial Mandate > Hextech Rocketbelt > Malignance,Imperial Mandate > Hextech Rocketbelt > Malignance,external_reference > external_reference > mechanical_estimate,False
Locke,TOP,16.19,ok,,https://www.onetricks.gg/champions/builds/Locke?role=top,2026-10-01T19:15:45.363628+00:00,Lich Bane > Stormsurge,,,,False
Locke,JUNGLE,16.19,ok,,https://www.onetricks.gg/champions/builds/Locke?role=jungle,2026-10-01T19:15:45.871981+00:00,Lich Bane > Shadowflame,,,,False
Locke,MIDDLE,16.19,ok,,https://www.onetricks.gg/champions/builds/Locke,2026-10-01T18:24:00.474556+00:00,Lich Bane > Shadowflame,,,,False
Locke,BOTTOM,16.19,ok,,https://www.onetricks.gg/champions/builds/Locke?role=bot,2026-10-01T19:15:45.623132+00:00,Lich Bane > Shadowflame,,,,False
Locke,UTILITY,16.19,no_same_patch_routes,,https://www.onetricks.gg/champions/builds/Locke?role=supp,2026-10-01T19:15:51.571657+00:00,,,,,False
Lucian,TOP,16.19,no_same_patch_routes,,https://www.onetricks.gg/champions/builds/Lucian?role=top,2026-10-01T19:15:51.366773+00:00,,Essence Reaver > Infinity Edge > Hexoptics C44,Essence Reaver > Infinity Edge > Hexoptics C44,limited_observations > mechanical_estimate > mechanical_estimate,False
Lucian,JUNGLE,16.19,no_same_patch_routes,,https://www.onetricks.gg/champions/builds/Lucian?role=jungle,2026-10-01T19:15:51.419832+00:00,,Essence Reaver > Infinity Edge > Hexoptics C44,Essence Reaver > Infinity Edge > Hexoptics C44,mechanical_estimate > mechanical_estimate > mechanical_estimate,False
Lucian,MIDDLE,16.19,ok,,https://www.onetricks.gg/champions/builds/Lucian?role=mid,2026-10-01T19:15:51.275950+00:00,Essence Reaver > Navori Flickerblade,Essence Reaver > Navori Flickerblade > Black Cleaver,Essence Reaver > Navori Flickerblade > Black Cleaver,sampled_observations > sampled_observations > external_reference,False
Lucian,BOTTOM,16.19,ok,,https://www.onetricks.gg/champions/builds/Lucian,2026-10-01T18:24:00.546113+00:00,Essence Reaver > Navori Flickerblade,Essence Reaver > Navori Flickerblade > Infinity Edge,Essence Reaver > Navori Flickerblade > Infinity Edge,sampled_observations > sampled_observations > sampled_observations,False
Lucian,UTILITY,16.19,no_same_patch_routes,,https://www.onetricks.gg/champions/builds/Lucian?role=supp,2026-10-01T19:15:51.391983+00:00,,Essence Reaver > Infinity Edge > Phantom Dancer,Essence Reaver > Infinity Edge > Phantom Dancer,mechanical_estimate > mechanical_estimate > mechanical_estimate,False
Lulu,TOP,16.19,ok,,https://www.onetricks.gg/champions/builds/Lulu?role=top,2026-10-01T19:15:51.636529+00:00,Liandry's Torment > Rod of Ages,Rod of Ages > Hextech Rocketbelt > Mejai's Soulstealer,Liandry's Torment > Rod of Ages > Lich Bane,external_reference > external_reference > mechanical_estimate,True
Lulu,JUNGLE,16.19,no_same_patch_routes,,https://www.onetricks.gg/champions/builds/Lulu?role=jungle,2026-10-01T19:15:57.763148+00:00,,Malignance > Lich Bane > Horizon Focus,Malignance > Lich Bane > Horizon Focus,mechanical_estimate > mechanical_estimate > mechanical_estimate,False
Lulu,MIDDLE,16.19,ok,,https://www.onetricks.gg/champions/builds/Lulu?role=mid,2026-10-01T19:15:58.416798+00:00,Rod of Ages > Imperial Mandate,Rod of Ages > Shurelya's Battlesong > Ardent Censer,Rod of Ages > Imperial Mandate > Lich Bane,external_reference > external_reference > mechanical_estimate,True
Lulu,BOTTOM,16.19,no_same_patch_routes,,https://www.onetricks.gg/champions/builds/Lulu?role=bot,2026-10-01T19:15:57.961021+00:00,,Malignance > Lich Bane > Horizon Focus,Malignance > Lich Bane > Horizon Focus,mechanical_estimate > mechanical_estimate > mechanical_estimate,False
Lulu,UTILITY,16.19,ok,,https://www.onetricks.gg/champions/builds/Lulu,2026-10-01T18:28:41.327922+00:00,Ardent Censer,Ardent Censer > Moonstone Renewer > Echoes of Helia,Ardent Censer > Knight's Vow > Echoes of Helia,sampled_observations > sampled_observations > mechanical_estimate,True
Lux,TOP,16.19,ok,,https://www.onetricks.gg/champions/builds/Lux?role=top,2026-10-01T19:15:58.505096+00:00,Luden's Echo > Stormsurge,Luden's Echo > Stormsurge > Rabadon's Deathcap,Luden's Echo > Stormsurge > Rabadon's Deathcap,external_reference > external_reference > external_reference,False
Lux,JUNGLE,16.19,no_same_patch_routes,,https://www.onetricks.gg/champions/builds/Lux?role=jungle,2026-10-01T19:15:57.695213+00:00,,Malignance > Lich Bane > Cryptbloom,Malignance > Lich Bane > Cryptbloom,mechanical_estimate > mechanical_estimate > mechanical_estimate,False
Lux,MIDDLE,16.19,ok,,https://www.onetricks.gg/champions/builds/Lux,2026-10-01T18:24:06.828373+00:00,Luden's Echo > Stormsurge,Malignance > Stormsurge > Void Staff,Malignance > Stormsurge > Shadowflame,sampled_observations > external_reference > external_reference,True
Lux,BOTTOM,16.19,ok,,https://www.onetricks.gg/champions/builds/Lux?role=bot,2026-10-01T19:15:58.307514+00:00,Malignance > Shadowflame,Malignance > Horizon Focus > Cryptbloom,Malignance > Shadowflame > Rabadon's Deathcap,sampled_observations > external_reference > external_reference,True
Lux,UTILITY,16.19,ok,,https://www.onetricks.gg/champions/builds/Lux?role=supp,2026-10-01T19:16:03.893269+00:00,Luden's Echo,Luden's Echo > Stormsurge > Malignance,Shurelya's Battlesong > Imperial Mandate > Malignance,sampled_observations > external_reference > mechanical_estimate,True
Malphite,TOP,16.19,ok,,https://www.onetricks.gg/champions/builds/Malphite,2026-10-01T18:24:07.091654+00:00,Sunfire Aegis > Thornmail,Malignance > Stormsurge > Shadowflame,"Sunfire Aegis > Thornmail > Jak'Sho, The Protean",sampled_observations > external_reference > external_reference,True
Malphite,JUNGLE,16.19,ok,,https://www.onetricks.gg/champions/builds/Malphite?role=jungle,2026-10-01T19:16:04.285604+00:00,Dusk and Dawn > Zeke's Convergence,Dusk and Dawn > Zeke's Convergence > Frozen Heart,Dusk and Dawn > Zeke's Convergence > Frozen Heart,external_reference > external_reference > external_reference,False
Malphite,MIDDLE,16.19,ok,,https://www.onetricks.gg/champions/builds/Malphite?role=mid,2026-10-01T19:16:03.790246+00:00,Sunfire Aegis > Thornmail,Sunfire Aegis > Thornmail > Frozen Heart,Sunfire Aegis > Thornmail > Frozen Heart,external_reference > external_reference > external_reference,False
Malphite,BOTTOM,16.19,no_same_patch_routes,,https://www.onetricks.gg/champions/builds/Malphite?role=bot,2026-10-01T19:16:04.072193+00:00,,Winter's Approach > Warmog's Armor > Protoplasm Harness,Winter's Approach > Warmog's Armor > Protoplasm Harness,mechanical_estimate > mechanical_estimate > mechanical_estimate,False
Malphite,UTILITY,16.19,ok,,https://www.onetricks.gg/champions/builds/Malphite?role=supp,2026-10-01T19:16:04.341278+00:00,Locket of the Iron Solari,Locket of the Iron Solari > Zeke's Convergence > Winter's Approach,Locket of the Iron Solari > Zeke's Convergence > Winter's Approach,external_reference > external_reference > mechanical_estimate,False
Malzahar,TOP,16.19,ok,,https://www.onetricks.gg/champions/builds/Malzahar?role=top,2026-10-01T19:16:04.258304+00:00,Blackfire Torch > Rylai's Crystal Scepter,Blackfire Torch > Rylai's Crystal Scepter > Liandry's Torment,Blackfire Torch > Rylai's Crystal Scepter > Liandry's Torment,external_reference > external_reference > external_reference,False
Malzahar,JUNGLE,16.19,no_same_patch_routes,,https://www.onetricks.gg/champions/builds/Malzahar?role=jungle,2026-10-01T19:16:10.131065+00:00,,Malignance > Blackfire Torch > Lich Bane,Malignance > Blackfire Torch > Lich Bane,mechanical_estimate > mechanical_estimate > mechanical_estimate,False
Malzahar,MIDDLE,16.19,ok,,https://www.onetricks.gg/champions/builds/Malzahar,2026-10-01T18:24:13.204010+00:00,Blackfire Torch > Rylai's Crystal Scepter,Blackfire Torch > Liandry's Torment > Rylai's Crystal Scepter,Blackfire Torch > Rylai's Crystal Scepter > Liandry's Torment,sampled_observations > external_reference > external_reference,True
Malzahar,BOTTOM,16.19,ok,,https://www.onetricks.gg/champions/builds/Malzahar?role=bot,2026-10-01T19:16:09.921033+00:00,Blackfire Torch > Rylai's Crystal Scepter,Blackfire Torch > Rylai's Crystal Scepter > Liandry's Torment,Blackfire Torch > Rylai's Crystal Scepter > Liandry's Torment,external_reference > external_reference > external_reference,False
Malzahar,UTILITY,16.19,ok,,https://www.onetricks.gg/champions/builds/Malzahar?role=supp,2026-10-01T19:16:10.202337+00:00,Blackfire Torch,Blackfire Torch > Hextech Rocketbelt > Malignance,Blackfire Torch > Rylai's Crystal Scepter > Malignance,external_reference > external_reference > mechanical_estimate,True
Maokai,TOP,16.19,ok,,https://www.onetricks.gg/champions/builds/Maokai?role=top,2026-10-01T19:16:09.440859+00:00,Hollow Radiance > Winter's Approach,Heartsteel > Sunfire Aegis > Unending Despair,Hollow Radiance > Winter's Approach > Warmog's Armor,external_reference > external_reference > mechanical_estimate,True
Maokai,JUNGLE,16.19,ok,,https://www.onetricks.gg/champions/builds/Maokai?role=jungle,2026-10-01T19:16:09.708182+00:00,Liandry's Torment > Protoplasm Harness,Liandry's Torment > Protoplasm Harness > Warmog's Armor,Liandry's Torment > Protoplasm Harness > Warmog's Armor,limited_observations > external_reference > mechanical_estimate,False
Maokai,MIDDLE,16.19,no_same_patch_routes,,https://www.onetricks.gg/champions/builds/Maokai?role=mid,2026-10-01T19:16:09.839661+00:00,,Warmog's Armor > Winter's Approach > Heartsteel,Warmog's Armor > Winter's Approach > Heartsteel,mechanical_estimate > mechanical_estimate > mechanical_estimate,False
Maokai,BOTTOM,16.19,no_same_patch_routes,,https://www.onetricks.gg/champions/builds/Maokai?role=bot,2026-10-01T19:16:15.141634+00:00,,Warmog's Armor > Winter's Approach > Heartsteel,Warmog's Armor > Winter's Approach > Heartsteel,mechanical_estimate > mechanical_estimate > mechanical_estimate,False
Maokai,UTILITY,16.19,ok,,https://www.onetricks.gg/champions/builds/Maokai,2026-10-01T18:28:48.841522+00:00,Locket of the Iron Solari,Bandlepipes > Locket of the Iron Solari > Winter's Approach,Bandlepipes > Locket of the Iron Solari > Winter's Approach,sampled_observations > external_reference > mechanical_estimate,False
MasterYi,TOP,16.19,ok,,https://www.onetricks.gg/champions/builds/MasterYi?role=top,2026-10-01T19:16:15.319547+00:00,Titanic Hydra > Blade of The Ruined King,Kraken Slayer > Blade of The Ruined King > Guinsoo's Rageblade,Titanic Hydra > Blade of The Ruined King > Terminus,external_reference > external_reference > external_reference,True
MasterYi,JUNGLE,16.19,ok,,https://www.onetricks.gg/champions/builds/MasterYi,2026-10-01T18:24:13.636763+00:00,Kraken Slayer > The Collector,Kraken Slayer > The Collector > Infinity Edge,Kraken Slayer > The Collector > Lord Dominik's Regards,sampled_observations > sampled_observations > sampled_observations,True
MasterYi,MIDDLE,16.19,ok,,https://www.onetricks.gg/champions/builds/MasterYi?role=mid,2026-10-01T19:16:15.245198+00:00,Kraken Slayer > The Collector,Kraken Slayer > The Collector > Infinity Edge,Kraken Slayer > The Collector > Black Cleaver,external_reference > external_reference > external_reference,True
MasterYi,BOTTOM,16.19,ok,,https://www.onetricks.gg/champions/builds/MasterYi?role=bot,2026-10-01T19:16:14.982529+00:00,Kraken Slayer > The Collector,Kraken Slayer > The Collector > Lord Dominik's Regards,Kraken Slayer > The Collector > Lord Dominik's Regards,external_reference > external_reference > external_reference,False
MasterYi,UTILITY,16.19,ok,,https://www.onetricks.gg/champions/builds/MasterYi?role=supp,2026-10-01T19:16:15.749663+00:00,Kraken Slayer,Kraken Slayer > The Collector > Infinity Edge,Kraken Slayer > The Collector > Infinity Edge,external_reference > external_reference > mechanical_estimate,False
Mel,TOP,16.19,ok,,https://www.onetricks.gg/champions/builds/Mel?role=top,2026-10-01T19:16:15.688162+00:00,Blackfire Torch > Zhonya's Hourglass,Blackfire Torch > Cosmic Drive > Liandry's Torment,Blackfire Torch > Cosmic Drive > Liandry's Torment,external_reference > external_reference > external_reference,False
Mel,JUNGLE,16.19,no_same_patch_routes,,https://www.onetricks.gg/champions/builds/Mel?role=jungle,2026-10-01T19:08:57.047820+00:00,,Malignance > Lich Bane > Cryptbloom,Malignance > Lich Bane > Cryptbloom,mechanical_estimate > mechanical_estimate > mechanical_estimate,False
Mel,MIDDLE,16.19,ok,,https://www.onetricks.gg/champions/builds/Mel,2026-10-01T18:24:19.260022+00:00,Luden's Echo > Shadowflame,Luden's Echo > Shadowflame > Rabadon's Deathcap,Luden's Echo > Shadowflame > Rabadon's Deathcap,sampled_observations > external_reference > external_reference,False
Mel,BOTTOM,16.19,ok,,https://www.onetricks.gg/champions/builds/Mel?role=bot,2026-10-01T19:08:57.058516+00:00,Luden's Echo > Shadowflame,Luden's Echo > Shadowflame > Rabadon's Deathcap,Luden's Echo > Shadowflame > Rabadon's Deathcap,sampled_observations > external_reference > external_reference,False
Mel,UTILITY,16.19,ok,,https://www.onetricks.gg/champions/builds/Mel?role=supp,2026-10-01T19:08:56.836140+00:00,Luden's Echo,Luden's Echo > Shadowflame > Malignance,Luden's Echo > Shadowflame > Malignance,external_reference > external_reference > mechanical_estimate,False
Milio,TOP,16.19,no_same_patch_routes,,https://www.onetricks.gg/champions/builds/Milio?role=top,2026-10-01T19:08:57.351646+00:00,,Dawncore > Blackfire Torch > Redemption,Dawncore > Blackfire Torch > Redemption,mechanical_estimate > mechanical_estimate > mechanical_estimate,False
Milio,JUNGLE,16.19,no_same_patch_routes,,https://www.onetricks.gg/champions/builds/Milio?role=jungle,2026-10-01T19:08:56.892837+00:00,,Dawncore > Blackfire Torch > Redemption,Dawncore > Blackfire Torch > Redemption,mechanical_estimate > mechanical_estimate > mechanical_estimate,False
Milio,MIDDLE,16.19,no_same_patch_routes,,https://www.onetricks.gg/champions/builds/Milio?role=mid,2026-10-01T19:08:56.898267+00:00,,Dawncore > Blackfire Torch > Redemption,Dawncore > Blackfire Torch > Redemption,mechanical_estimate > mechanical_estimate > mechanical_estimate,False
Milio,BOTTOM,16.19,no_same_patch_routes,,https://www.onetricks.gg/champions/builds/Milio?role=bot,2026-10-01T19:09:03.626407+00:00,,Dawncore > Blackfire Torch > Redemption,Dawncore > Blackfire Torch > Redemption,mechanical_estimate > mechanical_estimate > mechanical_estimate,False
Milio,UTILITY,16.19,ok,,https://www.onetricks.gg/champions/builds/Milio,2026-10-01T18:28:48.842640+00:00,Echoes of Helia,Echoes of Helia > Moonstone Renewer > Redemption,Echoes of Helia > Moonstone Renewer > Redemption,sampled_observations > external_reference > mechanical_estimate,False
MissFortune,TOP,16.19,ok,,https://www.onetricks.gg/champions/builds/MissFortune?role=top,2026-10-01T19:09:03.704763+00:00,The Collector > Infinity Edge,The Collector > Infinity Edge > Hexoptics C44,The Collector > Infinity Edge > Hexoptics C44,external_reference > external_reference > external_reference,False
MissFortune,JUNGLE,16.19,no_same_patch_routes,,https://www.onetricks.gg/champions/builds/MissFortune?role=jungle,2026-10-01T19:09:03.432248+00:00,,Essence Reaver > Malignance > Infinity Edge,Essence Reaver > Malignance > Infinity Edge,mechanical_estimate > mechanical_estimate > mechanical_estimate,False
MissFortune,MIDDLE,16.19,no_same_patch_routes,,https://www.onetricks.gg/champions/builds/MissFortune?role=mid,2026-10-01T19:09:03.712281+00:00,,Essence Reaver > Malignance > Infinity Edge,Essence Reaver > Malignance > Infinity Edge,mechanical_estimate > mechanical_estimate > mechanical_estimate,False
MissFortune,BOTTOM,16.19,ok,,https://www.onetricks.gg/champions/builds/MissFortune,2026-10-01T18:24:19.145393+00:00,Hubris > The Collector,Bloodthirster > The Collector > Infinity Edge,Bloodthirster > The Collector > Infinity Edge,sampled_observations > limited_observations > limited_observations,False
MissFortune,UTILITY,16.19,ok,,https://www.onetricks.gg/champions/builds/MissFortune?role=supp,2026-10-01T19:09:03.483115+00:00,Blackfire Torch,Blackfire Torch > Liandry's Torment > Hextech Gunblade,Blackfire Torch > Liandry's Torment > Hextech Gunblade,external_reference > external_reference > mechanical_estimate,False
Mordekaiser,TOP,16.19,ok,,https://www.onetricks.gg/champions/builds/Mordekaiser,2026-10-01T18:24:24.759117+00:00,Riftmaker > Dusk and Dawn,Riftmaker > Dusk and Dawn > Hextech Rocketbelt,Riftmaker > Dusk and Dawn > Hextech Rocketbelt,sampled_observations > external_reference > external_reference,False
Mordekaiser,JUNGLE,16.19,ok,,https://www.onetricks.gg/champions/builds/Mordekaiser?role=jungle,2026-10-01T19:09:08.798515+00:00,Rylai's Crystal Scepter > Hextech Rocketbelt,Dusk and Dawn > Riftmaker > Dead Man's Plate,Rylai's Crystal Scepter > Hextech Rocketbelt > Riftmaker,external_reference > external_reference > external_reference,True
Mordekaiser,MIDDLE,16.19,ok,,https://www.onetricks.gg/champions/builds/Mordekaiser?role=mid,2026-10-01T19:09:08.988382+00:00,Hextech Rocketbelt > Dusk and Dawn,Hextech Rocketbelt > Dusk and Dawn > Rylai's Crystal Scepter,Hextech Rocketbelt > Dusk and Dawn > Experimental Hexplate,external_reference > external_reference > external_reference,True
Mordekaiser,BOTTOM,16.19,no_same_patch_routes,,https://www.onetricks.gg/champions/builds/Mordekaiser?role=bot,2026-10-01T19:09:08.725144+00:00,,Blackfire Torch > Cosmic Drive > Dusk and Dawn,Blackfire Torch > Cosmic Drive > Dusk and Dawn,mechanical_estimate > mechanical_estimate > mechanical_estimate,False
Mordekaiser,UTILITY,16.19,ok,,https://www.onetricks.gg/champions/builds/Mordekaiser?role=supp,2026-10-01T19:09:15.771274+00:00,Zeke's Convergence,Zeke's Convergence > Abyssal Mask > Cryptbloom,Zeke's Convergence > Abyssal Mask > Cryptbloom,external_reference > external_reference > mechanical_estimate,False
Morgana,TOP,16.19,ok,,https://www.onetricks.gg/champions/builds/Morgana?role=top,2026-10-01T19:09:16.071690+00:00,Blackfire Torch > Liandry's Torment,Blackfire Torch > Liandry's Torment > Mejai's Soulstealer,Blackfire Torch > Liandry's Torment > Mejai's Soulstealer,external_reference > external_reference > external_reference,False
Morgana,JUNGLE,16.19,ok,,https://www.onetricks.gg/champions/builds/Morgana?role=jungle,2026-10-01T19:09:15.511695+00:00,Liandry's Torment > Imperial Mandate,Blackfire Torch > Shadowflame > Stormsurge,Liandry's Torment > Imperial Mandate > Rylai's Crystal Scepter,external_reference > external_reference > external_reference,True
Morgana,MIDDLE,16.19,ok,,https://www.onetricks.gg/champions/builds/Morgana?role=mid,2026-10-01T19:09:15.286335+00:00,Blackfire Torch > Liandry's Torment,Blackfire Torch > Liandry's Torment > Rylai's Crystal Scepter,Blackfire Torch > Liandry's Torment > Rylai's Crystal Scepter,limited_observations > external_reference > external_reference,False
Morgana,BOTTOM,16.19,ok,,https://www.onetricks.gg/champions/builds/Morgana?role=bot,2026-10-01T19:09:15.194024+00:00,Blackfire Torch > Zhonya's Hourglass,Blackfire Torch > Liandry's Torment > Rabadon's Deathcap,Blackfire Torch > Liandry's Torment > Rabadon's Deathcap,external_reference > external_reference > external_reference,False
Morgana,UTILITY,16.19,ok,,https://www.onetricks.gg/champions/builds/Morgana,2026-10-01T18:28:48.930264+00:00,Rylai's Crystal Scepter,Rylai's Crystal Scepter > Bandlepipes > Malignance,Rylai's Crystal Scepter > Bandlepipes > Malignance,sampled_observations > external_reference > mechanical_estimate,False
Naafiri,TOP,16.19,ok,,https://www.onetricks.gg/champions/builds/Naafiri?role=top,2026-10-01T19:09:16.268944+00:00,Eclipse > Black Cleaver,Eclipse > Black Cleaver > Death's Dance,Eclipse > Black Cleaver > Death's Dance,external_reference > external_reference > external_reference,False
Naafiri,JUNGLE,16.19,ok,,https://www.onetricks.gg/champions/builds/Naafiri,2026-10-01T18:24:32.563662+00:00,Voltaic Cyclosword > Black Cleaver,Voltaic Cyclosword > Black Cleaver > Death's Dance,Voltaic Cyclosword > Black Cleaver > Death's Dance,sampled_observations > sampled_observations > sampled_observations,False
Naafiri,MIDDLE,16.19,ok,,https://www.onetricks.gg/champions/builds/Naafiri?role=mid,2026-10-01T19:09:21.288068+00:00,Voltaic Cyclosword > Bastionbreaker,Voltaic Cyclosword > Bastionbreaker > Endless Hunger,Voltaic Cyclosword > Bastionbreaker > Endless Hunger,external_reference > external_reference > external_reference,False
Naafiri,BOTTOM,16.19,ok,,https://www.onetricks.gg/champions/builds/Naafiri?role=bot,2026-10-01T19:09:21.781500+00:00,Voltaic Cyclosword > Bastionbreaker,Voltaic Cyclosword > Bastionbreaker > Axiom Arc,Voltaic Cyclosword > Bastionbreaker > Axiom Arc,external_reference > external_reference > external_reference,False
Naafiri,UTILITY,16.19,no_same_patch_routes,,https://www.onetricks.gg/champions/builds/Naafiri?role=supp,2026-10-01T19:09:22.031797+00:00,,Essence Reaver > Axiom Arc > Umbral Glaive,Essence Reaver > Axiom Arc > Umbral Glaive,mechanical_estimate > mechanical_estimate > mechanical_estimate,False
Nami,TOP,16.19,no_same_patch_routes,,https://www.onetricks.gg/champions/builds/Nami?role=top,2026-10-01T19:09:21.530162+00:00,,Malignance > Dusk and Dawn > Cosmic Drive,Malignance > Dusk and Dawn > Cosmic Drive,mechanical_estimate > mechanical_estimate > mechanical_estimate,False
Nami,JUNGLE,16.19,no_same_patch_routes,,https://www.onetricks.gg/champions/builds/Nami?role=jungle,2026-10-01T19:09:21.620291+00:00,,Malignance > Dusk and Dawn > Cosmic Drive,Malignance > Dusk and Dawn > Cosmic Drive,mechanical_estimate > mechanical_estimate > mechanical_estimate,False
Nami,MIDDLE,16.19,no_same_patch_routes,,https://www.onetricks.gg/champions/builds/Nami?role=mid,2026-10-01T19:09:21.870017+00:00,,Malignance > Dusk and Dawn > Cosmic Drive,Malignance > Dusk and Dawn > Cosmic Drive,mechanical_estimate > mechanical_estimate > mechanical_estimate,False
Nami,BOTTOM,16.19,no_same_patch_routes,,https://www.onetricks.gg/champions/builds/Nami?role=bot,2026-10-01T19:09:27.336448+00:00,,Malignance > Dusk and Dawn > Cosmic Drive,Malignance > Dusk and Dawn > Cosmic Drive,mechanical_estimate > mechanical_estimate > mechanical_estimate,False
Nami,UTILITY,16.19,ok,,https://www.onetricks.gg/champions/builds/Nami,2026-10-01T18:29:02.657132+00:00,Echoes of Helia,Echoes of Helia > Moonstone Renewer > Malignance,Echoes of Helia > Moonstone Renewer > Malignance,sampled_observations > sampled_observations > mechanical_estimate,False
Nasus,TOP,16.19,ok,,https://www.onetricks.gg/champions/builds/Nasus,2026-10-01T18:24:32.848537+00:00,Trinity Force > Frozen Heart,"Trinity Force > Protoplasm Harness > Jak'Sho, The Protean",Trinity Force > Frozen Heart > Protoplasm Harness,sampled_observations > external_reference > external_reference,True
Nasus,JUNGLE,16.19,ok,,https://www.onetricks.gg/champions/builds/Nasus?role=jungle,2026-10-01T19:09:27.757267+00:00,Iceborn Gauntlet > Spirit Visage,Trinity Force > Spirit Visage > Protoplasm Harness,Iceborn Gauntlet > Spirit Visage > Lord Dominik's Regards,external_reference > external_reference > external_reference,True
Nasus,MIDDLE,16.19,ok,,https://www.onetricks.gg/champions/builds/Nasus?role=mid,2026-10-01T19:09:27.448403+00:00,Trinity Force > Frozen Heart,Trinity Force > Bandlepipes > Dead Man's Plate,Trinity Force > Frozen Heart > Spirit Visage,sampled_observations > external_reference > external_reference,True
Nasus,BOTTOM,16.19,setup_only,,https://www.onetricks.gg/champions/builds/Nasus?role=bot,2026-10-01T19:09:27.675448+00:00,,Warmog's Armor > Winter's Approach > Heartsteel,Warmog's Armor > Winter's Approach > Heartsteel,mechanical_estimate > mechanical_estimate > mechanical_estimate,False
Nasus,UTILITY,16.19,no_same_patch_routes,,https://www.onetricks.gg/champions/builds/Nasus?role=supp,2026-10-01T19:09:27.283838+00:00,,Winter's Approach > Sundered Sky > Warmog's Armor,Winter's Approach > Sundered Sky > Warmog's Armor,mechanical_estimate > mechanical_estimate > mechanical_estimate,False
Nautilus,TOP,16.19,no_same_patch_routes,,https://www.onetricks.gg/champions/builds/Nautilus?role=top,2026-10-01T19:09:27.751039+00:00,,Warmog's Armor > Winter's Approach > Heartsteel,Warmog's Armor > Winter's Approach > Heartsteel,mechanical_estimate > mechanical_estimate > mechanical_estimate,False
Nautilus,JUNGLE,16.19,no_same_patch_routes,,https://www.onetricks.gg/champions/builds/Nautilus?role=jungle,2026-10-01T19:09:33.446165+00:00,,Warmog's Armor > Winter's Approach > Heartsteel,Warmog's Armor > Winter's Approach > Heartsteel,mechanical_estimate > mechanical_estimate > mechanical_estimate,False
Nautilus,MIDDLE,16.19,no_same_patch_routes,,https://www.onetricks.gg/champions/builds/Nautilus?role=mid,2026-10-01T19:09:34.193967+00:00,,Warmog's Armor > Winter's Approach > Heartsteel,Warmog's Armor > Winter's Approach > Heartsteel,mechanical_estimate > mechanical_estimate > mechanical_estimate,False
Nautilus,BOTTOM,16.19,no_same_patch_routes,,https://www.onetricks.gg/champions/builds/Nautilus?role=bot,2026-10-01T19:09:33.523712+00:00,,Warmog's Armor > Winter's Approach > Heartsteel,Warmog's Armor > Winter's Approach > Heartsteel,mechanical_estimate > mechanical_estimate > mechanical_estimate,False
Nautilus,UTILITY,16.19,ok,,https://www.onetricks.gg/champions/builds/Nautilus,2026-10-01T18:29:02.641741+00:00,Locket of the Iron Solari,Locket of the Iron Solari > Knight's Vow > Protoplasm Harness,Locket of the Iron Solari > Knight's Vow > Bandlepipes,sampled_observations > sampled_observations > sampled_observations,True
Neeko,TOP,16.19,ok,,https://www.onetricks.gg/champions/builds/Neeko?role=top,2026-10-01T19:09:33.951365+00:00,Hextech Rocketbelt > Zhonya's Hourglass,Hextech Rocketbelt > Cryptbloom > Malignance,Hextech Rocketbelt > Cryptbloom > Malignance,external_reference > external_reference > mechanical_estimate,False
Neeko,JUNGLE,16.19,ok,,https://www.onetricks.gg/champions/builds/Neeko?role=jungle,2026-10-01T19:09:34.176006+00:00,Hextech Rocketbelt > Shadowflame,Hextech Rocketbelt > Shadowflame > Malignance,Hextech Rocketbelt > Shadowflame > Malignance,external_reference > external_reference > mechanical_estimate,False
Neeko,MIDDLE,16.19,ok,,https://www.onetricks.gg/champions/builds/Neeko?role=mid,2026-10-01T19:09:33.517960+00:00,Hextech Rocketbelt > Stormsurge,Hextech Rocketbelt > Stormsurge > Shadowflame,Hextech Rocketbelt > Stormsurge > Shadowflame,limited_observations > external_reference > external_reference,False
Neeko,BOTTOM,16.19,ok,,https://www.onetricks.gg/champions/builds/Neeko?role=bot,2026-10-01T19:09:40.411782+00:00,Hextech Rocketbelt > Imperial Mandate,Hextech Rocketbelt > Shadowflame > Void Staff,Hextech Rocketbelt > Imperial Mandate > Stormsurge,external_reference > external_reference > external_reference,True
Neeko,UTILITY,16.19,ok,,https://www.onetricks.gg/champions/builds/Neeko,2026-10-01T18:29:02.608664+00:00,Hextech Rocketbelt,Hextech Rocketbelt > Frozen Heart > Malignance,Hextech Rocketbelt > Frozen Heart > Malignance,sampled_observations > external_reference > mechanical_estimate,False
Nidalee,TOP,16.19,ok,,https://www.onetricks.gg/champions/builds/Nidalee?role=top,2026-10-01T19:09:40.300312+00:00,Trinity Force > Spear of Shojin,Trinity Force > Spear of Shojin > Hextech Gunblade,Trinity Force > Spear of Shojin > Hextech Gunblade,external_reference > external_reference > mechanical_estimate,False
Nidalee,JUNGLE,16.19,ok,,https://www.onetricks.gg/champions/builds/Nidalee,2026-10-01T18:24:38.558636+00:00,Lich Bane > Hextech Rocketbelt,Lich Bane > Hextech Rocketbelt > Mejai's Soulstealer,Lich Bane > Hextech Rocketbelt > Mejai's Soulstealer,sampled_observations > sampled_observations > sampled_observations,False
Nidalee,MIDDLE,16.19,ok,,https://www.onetricks.gg/champions/builds/Nidalee?role=mid,2026-10-01T19:09:39.950115+00:00,Lich Bane > Stormsurge,Lich Bane > Stormsurge > Cryptbloom,Lich Bane > Stormsurge > Cryptbloom,external_reference > external_reference > external_reference,False
Nidalee,BOTTOM,16.19,ok,,https://www.onetricks.gg/champions/builds/Nidalee?role=bot,2026-10-01T19:09:40.178992+00:00,Trinity Force > Terminus,Trinity Force > Terminus > Wit's End,Trinity Force > Terminus > Wit's End,external_reference > external_reference > external_reference,False
Nidalee,UTILITY,16.19,ok,,https://www.onetricks.gg/champions/builds/Nidalee?role=supp,2026-10-01T19:09:40.387174+00:00,Echoes of Helia,Echoes of Helia > Essence Reaver > Hextech Gunblade,Echoes of Helia > Essence Reaver > Hextech Gunblade,external_reference > mechanical_estimate > mechanical_estimate,False
Nilah,TOP,16.19,ok,,https://www.onetricks.gg/champions/builds/Nilah?role=top,2026-10-01T19:09:40.403552+00:00,Experimental Hexplate > Yun Tal Wildarrows,Immortal Shieldbow > Lord Dominik's Regards > Infinity Edge,Experimental Hexplate > Yun Tal Wildarrows > Infinity Edge,external_reference > external_reference > external_reference,True
Nilah,JUNGLE,16.19,ok,,https://www.onetricks.gg/champions/builds/Nilah?role=jungle,2026-10-01T19:09:45.312846+00:00,Youmuu's Ghostblade > The Collector,Youmuu's Ghostblade > The Collector > Essence Reaver,Youmuu's Ghostblade > The Collector > Essence Reaver,external_reference > external_reference > mechanical_estimate,False
Nilah,MIDDLE,16.19,ok,,https://www.onetricks.gg/champions/builds/Nilah?role=mid,2026-10-01T19:09:45.780758+00:00,Yun Tal Wildarrows > Infinity Edge,Yun Tal Wildarrows > Infinity Edge > Essence Reaver,Yun Tal Wildarrows > Infinity Edge > Essence Reaver,external_reference > external_reference > mechanical_estimate,False
Nilah,BOTTOM,16.19,ok,,https://www.onetricks.gg/champions/builds/Nilah,2026-10-01T18:24:45.073640+00:00,The Collector > Infinity Edge,The Collector > Infinity Edge > Lord Dominik's Regards,The Collector > Infinity Edge > Lord Dominik's Regards,external_reference > external_reference > external_reference,False
Nilah,UTILITY,16.19,no_same_patch_routes,,https://www.onetricks.gg/champions/builds/Nilah?role=supp,2026-10-01T19:09:45.821975+00:00,,Essence Reaver > Infinity Edge > Hexoptics C44,Essence Reaver > Infinity Edge > Hexoptics C44,mechanical_estimate > mechanical_estimate > mechanical_estimate,False
Nocturne,TOP,16.19,ok,,https://www.onetricks.gg/champions/builds/Nocturne?role=top,2026-10-01T19:09:45.442805+00:00,Stridebreaker > Experimental Hexplate,Stridebreaker > Experimental Hexplate > Black Cleaver,Stridebreaker > Experimental Hexplate > Black Cleaver,external_reference > external_reference > external_reference,False
Nocturne,JUNGLE,16.19,ok,,https://www.onetricks.gg/champions/builds/Nocturne,2026-10-01T18:24:45.246426+00:00,Profane Hydra > Axiom Arc,Experimental Hexplate > Stridebreaker > Black Cleaver,Experimental Hexplate > Stridebreaker > Black Cleaver,sampled_observations > limited_observations > external_reference,False
Nocturne,MIDDLE,16.19,ok,,https://www.onetricks.gg/champions/builds/Nocturne?role=mid,2026-10-01T19:09:45.793196+00:00,Stridebreaker > Axiom Arc,Axiom Arc > Voltaic Cyclosword > Serylda's Grudge,Stridebreaker > Axiom Arc > Voltaic Cyclosword,external_reference > external_reference > external_reference,True
Nocturne,BOTTOM,16.19,no_same_patch_routes,,https://www.onetricks.gg/champions/builds/Nocturne?role=bot,2026-10-01T19:09:45.699808+00:00,,Essence Reaver > Guardian Angel > Axiom Arc,Essence Reaver > Guardian Angel > Axiom Arc,mechanical_estimate > mechanical_estimate > mechanical_estimate,False
Nocturne,UTILITY,16.19,ok,,https://www.onetricks.gg/champions/builds/Nocturne?role=supp,2026-10-01T19:09:52.210216+00:00,Profane Hydra,Profane Hydra > Essence Reaver > Guardian Angel,Profane Hydra > Essence Reaver > Guardian Angel,external_reference > mechanical_estimate > mechanical_estimate,False
Nunu,TOP,16.19,ok,,https://www.onetricks.gg/champions/builds/Nunu?role=top,2026-10-01T19:09:51.812871+00:00,Stormsurge > Hextech Rocketbelt,Hextech Rocketbelt > Warmog's Armor > Winter's Approach,Stormsurge > Hextech Rocketbelt > Warmog's Armor,external_reference > external_reference > mechanical_estimate,True
Nunu,JUNGLE,16.19,ok,,https://www.onetricks.gg/champions/builds/Nunu,2026-10-01T18:24:45.097731+00:00,Liandry's Torment > Dead Man's Plate,Liandry's Torment > Winter's Approach > Spirit Visage,Liandry's Torment > Dead Man's Plate > Abyssal Mask,sampled_observations > external_reference > external_reference,True
Nunu,MIDDLE,16.19,ok,,https://www.onetricks.gg/champions/builds/Nunu?role=mid,2026-10-01T19:09:54.717785+00:00,Stormsurge > Hextech Rocketbelt,Stormsurge > Hextech Rocketbelt > Mejai's Soulstealer,Stormsurge > Hextech Rocketbelt > Mejai's Soulstealer,limited_observations > external_reference > external_reference,False
Nunu,BOTTOM,16.19,no_same_patch_routes,,https://www.onetricks.gg/champions/builds/Nunu?role=bot,2026-10-01T19:09:51.940751+00:00,,Warmog's Armor > Winter's Approach > Heartsteel,Warmog's Armor > Winter's Approach > Heartsteel,mechanical_estimate > mechanical_estimate > mechanical_estimate,False
Nunu,UTILITY,16.19,ok,,https://www.onetricks.gg/champions/builds/Nunu?role=supp,2026-10-01T19:09:54.093459+00:00,Hextech Rocketbelt,Hextech Rocketbelt > Winter's Approach > Warmog's Armor,Hextech Rocketbelt > Winter's Approach > Warmog's Armor,external_reference > external_reference > mechanical_estimate,False
Olaf,TOP,16.19,ok,,https://www.onetricks.gg/champions/builds/Olaf,2026-10-01T18:24:51.594957+00:00,Ravenous Hydra > Death's Dance,Stridebreaker > Experimental Hexplate > Death's Dance,Stridebreaker > Experimental Hexplate > Death's Dance,sampled_observations > sampled_observations > limited_observations,False
Olaf,JUNGLE,16.19,ok,,https://www.onetricks.gg/champions/builds/Olaf?role=jungle,2026-10-01T19:09:51.853523+00:00,Experimental Hexplate > Stridebreaker,Experimental Hexplate > Stridebreaker > Death's Dance,Experimental Hexplate > Stridebreaker > Death's Dance,sampled_observations > external_reference > external_reference,False
Olaf,MIDDLE,16.19,ok,,https://www.onetricks.gg/champions/builds/Olaf?role=mid,2026-10-01T19:09:59.315765+00:00,Ravenous Hydra > Death's Dance,Ravenous Hydra > Death's Dance > Fiendhunter Bolts,Ravenous Hydra > Death's Dance > Fiendhunter Bolts,external_reference > external_reference > external_reference,False
Olaf,BOTTOM,16.19,ok,,https://www.onetricks.gg/champions/builds/Olaf?role=bot,2026-10-01T19:09:59.058462+00:00,Ravenous Hydra > Death's Dance,Ravenous Hydra > Death's Dance > Maw of Malmortius,Ravenous Hydra > Death's Dance > Maw of Malmortius,external_reference > external_reference > external_reference,False
Olaf,UTILITY,16.19,ok,,https://www.onetricks.gg/champions/builds/Olaf?role=supp,2026-10-01T19:09:58.971914+00:00,Stridebreaker,Stridebreaker > Death's Dance > Essence Reaver,Stridebreaker > Death's Dance > Essence Reaver,external_reference > external_reference > mechanical_estimate,False
Orianna,TOP,16.19,ok,,https://www.onetricks.gg/champions/builds/Orianna?role=top,2026-10-01T19:10:00.378770+00:00,Blackfire Torch > Archangel's Staff,Blackfire Torch > Archangel's Staff > Bloodletter's Curse,Blackfire Torch > Archangel's Staff > Bloodletter's Curse,external_reference > external_reference > external_reference,False
Orianna,JUNGLE,16.19,no_same_patch_routes,,https://www.onetricks.gg/champions/builds/Orianna?role=jungle,2026-10-01T19:09:58.619417+00:00,,Malignance > Lich Bane > Horizon Focus,Malignance > Lich Bane > Horizon Focus,mechanical_estimate > mechanical_estimate > mechanical_estimate,False
Orianna,MIDDLE,16.19,ok,,https://www.onetricks.gg/champions/builds/Orianna,2026-10-01T18:24:51.511940+00:00,Blackfire Torch > Hextech Rocketbelt,Blackfire Torch > Hextech Rocketbelt > Shadowflame,Blackfire Torch > Hextech Rocketbelt > Shadowflame,sampled_observations > sampled_observations > external_reference,False
Orianna,BOTTOM,16.19,ok,,https://www.onetricks.gg/champions/builds/Orianna?role=bot,2026-10-01T19:09:59.990963+00:00,Blackfire Torch > Hextech Rocketbelt,Blackfire Torch > Hextech Rocketbelt > Cryptbloom,Blackfire Torch > Hextech Rocketbelt > Cryptbloom,external_reference > external_reference > external_reference,False
Orianna,UTILITY,16.19,ok,,https://www.onetricks.gg/champions/builds/Orianna?role=supp,2026-10-01T19:10:06.015222+00:00,Blackfire Torch,Blackfire Torch > Stormsurge > Malignance,Blackfire Torch > Stormsurge > Malignance,external_reference > external_reference > mechanical_estimate,False
Ornn,TOP,16.19,ok,,https://www.onetricks.gg/champions/builds/Ornn,2026-10-01T18:24:51.395992+00:00,Unending Despair > Kaenic Rookern,Unending Despair > Sunfire Aegis > Warmog's Armor,Unending Despair > Sunfire Aegis > Warmog's Armor,sampled_observations > external_reference > mechanical_estimate,False
Ornn,JUNGLE,16.19,ok,,https://www.onetricks.gg/champions/builds/Ornn?role=jungle,2026-10-01T19:10:05.551101+00:00,Force of Nature > Dead Man's Plate,Force of Nature > Dead Man's Plate > Warmog's Armor,Force of Nature > Dead Man's Plate > Warmog's Armor,external_reference > external_reference > mechanical_estimate,False
Ornn,MIDDLE,16.19,ok,,https://www.onetricks.gg/champions/builds/Ornn?role=mid,2026-10-01T19:10:05.858286+00:00,Kaenic Rookern > Randuin's Omen,Hollow Radiance > Dead Man's Plate > Warmog's Armor,Hollow Radiance > Thornmail > Unending Despair,external_reference > external_reference > external_reference,True
Ornn,BOTTOM,16.19,no_same_patch_routes,,https://www.onetricks.gg/champions/builds/Ornn?role=bot,2026-10-01T19:10:06.076210+00:00,,Warmog's Armor > Winter's Approach > Heartsteel,Warmog's Armor > Winter's Approach > Heartsteel,mechanical_estimate > mechanical_estimate > mechanical_estimate,False
Ornn,UTILITY,16.19,ok,,https://www.onetricks.gg/champions/builds/Ornn?role=supp,2026-10-01T19:10:05.859653+00:00,Locket of the Iron Solari,Locket of the Iron Solari > Zeke's Convergence > Winter's Approach,Locket of the Iron Solari > Zeke's Convergence > Winter's Approach,external_reference > external_reference > mechanical_estimate,False
Pantheon,TOP,16.19,ok,,https://www.onetricks.gg/champions/builds/Pantheon,2026-10-01T18:24:57.479656+00:00,Bastionbreaker > Voltaic Cyclosword,Black Cleaver > Spear of Shojin > Death's Dance,Bastionbreaker > Voltaic Cyclosword > Lord Dominik's Regards,sampled_observations > limited_observations > limited_observations,True
Pantheon,JUNGLE,16.19,ok,,https://www.onetricks.gg/champions/builds/Pantheon?role=jungle,2026-10-01T19:10:05.518508+00:00,Sundered Sky > Black Cleaver,Sundered Sky > Black Cleaver > Guardian Angel,Sundered Sky > Black Cleaver > Guardian Angel,sampled_observations > external_reference > external_reference,False
Pantheon,MIDDLE,16.19,ok,,https://www.onetricks.gg/champions/builds/Pantheon?role=mid,2026-10-01T19:10:12.067648+00:00,Youmuu's Ghostblade > Voltaic Cyclosword,Youmuu's Ghostblade > Voltaic Cyclosword > Bastionbreaker,Youmuu's Ghostblade > Voltaic Cyclosword > Bastionbreaker,sampled_observations > external_reference > external_reference,False
Pantheon,BOTTOM,16.19,ok,,https://www.onetricks.gg/champions/builds/Pantheon?role=bot,2026-10-01T19:10:11.965133+00:00,Voltaic Cyclosword > Bastionbreaker,Voltaic Cyclosword > Bastionbreaker > Maw of Malmortius,Voltaic Cyclosword > Bastionbreaker > Maw of Malmortius,external_reference > external_reference > external_reference,False
Pantheon,UTILITY,16.19,ok,,https://www.onetricks.gg/champions/builds/Pantheon?role=supp,2026-10-01T19:10:11.904648+00:00,Black Cleaver,Sundered Sky > Voltaic Cyclosword > Malignance,Sundered Sky > Voltaic Cyclosword > Malignance,sampled_observations > external_reference > mechanical_estimate,False
Poppy,TOP,16.19,ok,,https://www.onetricks.gg/champions/builds/Poppy,2026-10-01T18:24:57.398148+00:00,Sundered Sky > Winter's Approach,Sunfire Aegis > Winter's Approach > Spirit Visage,"Sunfire Aegis > Jak'Sho, The Protean > Thornmail",sampled_observations > external_reference > external_reference,True
Poppy,JUNGLE,16.19,ok,,https://www.onetricks.gg/champions/builds/Poppy?role=jungle,2026-10-01T19:10:11.394663+00:00,Sundered Sky > Dead Man's Plate,Sundered Sky > Dead Man's Plate > Force of Nature,Sundered Sky > Dead Man's Plate > Force of Nature,external_reference > external_reference > external_reference,False
Poppy,MIDDLE,16.19,ok,,https://www.onetricks.gg/champions/builds/Poppy?role=mid,2026-10-01T19:10:12.159583+00:00,"Hollow Radiance > Jak'Sho, The Protean",Hollow Radiance > Winter's Approach > Protoplasm Harness,"Hollow Radiance > Jak'Sho, The Protean > Essence Reaver",external_reference > external_reference > mechanical_estimate,True
Poppy,BOTTOM,16.19,no_same_patch_routes,,https://www.onetricks.gg/champions/builds/Poppy?role=bot,2026-10-01T19:10:12.280136+00:00,,Essence Reaver > Winter's Approach > Warmog's Armor,Essence Reaver > Winter's Approach > Warmog's Armor,mechanical_estimate > mechanical_estimate > mechanical_estimate,False
Poppy,UTILITY,16.19,ok,,https://www.onetricks.gg/champions/builds/Poppy?role=supp,2026-10-01T19:10:16.884425+00:00,Locket of the Iron Solari,Locket of the Iron Solari > Knight's Vow > Sundered Sky,Locket of the Iron Solari > Knight's Vow > Sundered Sky,sampled_observations > external_reference > mechanical_estimate,False
Pyke,TOP,16.19,no_same_patch_routes,,https://www.onetricks.gg/champions/builds/Pyke?role=top,2026-10-01T19:10:17.109047+00:00,,Essence Reaver > Axiom Arc > Umbral Glaive,Essence Reaver > Axiom Arc > Umbral Glaive,mechanical_estimate > mechanical_estimate > mechanical_estimate,False
Pyke,JUNGLE,16.19,no_same_patch_routes,,https://www.onetricks.gg/champions/builds/Pyke?role=jungle,2026-10-01T19:10:18.076171+00:00,,Essence Reaver > Axiom Arc > Umbral Glaive,Essence Reaver > Axiom Arc > Umbral Glaive,mechanical_estimate > mechanical_estimate > mechanical_estimate,False
Pyke,MIDDLE,16.19,ok,,https://www.onetricks.gg/champions/builds/Pyke?role=mid,2026-10-01T19:10:17.230966+00:00,Profane Hydra > Voltaic Cyclosword,Profane Hydra > Voltaic Cyclosword > Youmuu's Ghostblade,Profane Hydra > Voltaic Cyclosword > Youmuu's Ghostblade,external_reference > external_reference > external_reference,False
Pyke,BOTTOM,16.19,ok,,https://www.onetricks.gg/champions/builds/Pyke?role=bot,2026-10-01T19:10:17.837013+00:00,Profane Hydra > Voltaic Cyclosword,Profane Hydra > Voltaic Cyclosword > Bastionbreaker,Profane Hydra > Voltaic Cyclosword > Bastionbreaker,external_reference > external_reference > external_reference,False
Pyke,UTILITY,16.19,ok,,https://www.onetricks.gg/champions/builds/Pyke,2026-10-01T18:29:14.231741+00:00,Umbral Glaive,Umbral Glaive > Youmuu's Ghostblade > Essence Reaver,Umbral Glaive > Youmuu's Ghostblade > Essence Reaver,sampled_observations > external_reference > mechanical_estimate,False
Qiyana,TOP,16.19,ok,,https://www.onetricks.gg/champions/builds/Qiyana?role=top,2026-10-01T19:10:18.102891+00:00,Profane Hydra > Voltaic Cyclosword,Profane Hydra > Voltaic Cyclosword > Serylda's Grudge,Profane Hydra > Voltaic Cyclosword > Serylda's Grudge,external_reference > external_reference > external_reference,False
Qiyana,JUNGLE,16.19,ok,,https://www.onetricks.gg/champions/builds/Qiyana,2026-10-01T18:25:05.243596+00:00,Voltaic Cyclosword > Bastionbreaker,Umbral Glaive > Bastionbreaker > Voltaic Cyclosword,Bastionbreaker > Voltaic Cyclosword > Serylda's Grudge,sampled_observations > sampled_observations > sampled_observations,True
Qiyana,MIDDLE,16.19,ok,,https://www.onetricks.gg/champions/builds/Qiyana?role=mid,2026-10-01T19:10:24.207276+00:00,Profane Hydra > Voltaic Cyclosword,Profane Hydra > Voltaic Cyclosword > Serylda's Grudge,Profane Hydra > Voltaic Cyclosword > Serylda's Grudge,sampled_observations > limited_observations > external_reference,False
Qiyana,BOTTOM,16.19,ok,,https://www.onetricks.gg/champions/builds/Qiyana?role=bot,2026-10-01T19:10:25.057864+00:00,Hubris > Voltaic Cyclosword,Hubris > Voltaic Cyclosword > Serylda's Grudge,Hubris > Voltaic Cyclosword > Serylda's Grudge,external_reference > external_reference > external_reference,False
Qiyana,UTILITY,16.19,ok,,https://www.onetricks.gg/champions/builds/Qiyana?role=supp,2026-10-01T19:10:23.515670+00:00,Umbral Glaive,Umbral Glaive > Axiom Arc > Essence Reaver,Umbral Glaive > Axiom Arc > Essence Reaver,external_reference > external_reference > mechanical_estimate,False
Quinn,TOP,16.19,ok,,https://www.onetricks.gg/champions/builds/Quinn,2026-10-01T18:25:04.936078+00:00,Profane Hydra > Edge of Night,Profane Hydra > The Collector > Lord Dominik's Regards,Profane Hydra > The Collector > Lord Dominik's Regards,sampled_observations > external_reference > external_reference,False
Quinn,JUNGLE,16.19,ok,,https://www.onetricks.gg/champions/builds/Quinn?role=jungle,2026-10-01T19:10:23.871030+00:00,Hubris > The Collector,Hubris > The Collector > Lord Dominik's Regards,Hubris > The Collector > Lord Dominik's Regards,sampled_observations > limited_observations > limited_observations,False
Quinn,MIDDLE,16.19,ok,,https://www.onetricks.gg/champions/builds/Quinn?role=mid,2026-10-01T19:10:24.205654+00:00,Profane Hydra > Edge of Night,Profane Hydra > Stormrazor > Lord Dominik's Regards,Profane Hydra > Stormrazor > Lord Dominik's Regards,external_reference > external_reference > external_reference,False
Quinn,BOTTOM,16.19,ok,,https://www.onetricks.gg/champions/builds/Quinn?role=bot,2026-10-01T19:10:24.978213+00:00,Profane Hydra > Mortal Reminder,Profane Hydra > Essence Reaver > Infinity Edge,Profane Hydra > Essence Reaver > Infinity Edge,external_reference > mechanical_estimate > mechanical_estimate,False
Quinn,UTILITY,16.19,ok,,https://www.onetricks.gg/champions/builds/Quinn?role=supp,2026-10-01T19:10:30.665517+00:00,The Collector > Serpent's Fang,The Collector > Essence Reaver > Infinity Edge,The Collector > Essence Reaver > Infinity Edge,external_reference > mechanical_estimate > mechanical_estimate,False
Rakan,TOP,16.19,no_same_patch_routes,,https://www.onetricks.gg/champions/builds/Rakan?role=top,2026-10-01T19:10:32.420712+00:00,,Winter's Approach > Protoplasm Harness > Dusk and Dawn,Winter's Approach > Protoplasm Harness > Dusk and Dawn,mechanical_estimate > mechanical_estimate > mechanical_estimate,False
Rakan,JUNGLE,16.19,no_same_patch_routes,,https://www.onetricks.gg/champions/builds/Rakan?role=jungle,2026-10-01T19:10:31.904344+00:00,,Winter's Approach > Protoplasm Harness > Dusk and Dawn,Winter's Approach > Protoplasm Harness > Dusk and Dawn,mechanical_estimate > mechanical_estimate > mechanical_estimate,False
Rakan,MIDDLE,16.19,ok,,https://www.onetricks.gg/champions/builds/Rakan?role=mid,2026-10-01T19:10:32.342661+00:00,Luden's Echo > Malignance,Luden's Echo > Malignance > Protoplasm Harness,Luden's Echo > Malignance > Protoplasm Harness,external_reference > external_reference > mechanical_estimate,False
Rakan,BOTTOM,16.19,no_same_patch_routes,,https://www.onetricks.gg/champions/builds/Rakan?role=bot,2026-10-01T19:10:31.977089+00:00,,Winter's Approach > Protoplasm Harness > Dusk and Dawn,Winter's Approach > Protoplasm Harness > Dusk and Dawn,mechanical_estimate > mechanical_estimate > mechanical_estimate,False
Rakan,UTILITY,16.19,ok,,https://www.onetricks.gg/champions/builds/Rakan,2026-10-01T18:29:14.223134+00:00,Zeke's Convergence,Zeke's Convergence > Locket of the Iron Solari > Knight's Vow,Zeke's Convergence > Locket of the Iron Solari > Knight's Vow,sampled_observations > sampled_observations > limited_observations,False
Rammus,TOP,16.19,ok,,https://www.onetricks.gg/champions/builds/Rammus?role=top,2026-10-01T19:10:32.510858+00:00,Thornmail > Dead Man's Plate,Thornmail > Dead Man's Plate > Winter's Approach,Thornmail > Dead Man's Plate > Winter's Approach,external_reference > external_reference > mechanical_estimate,False
Rammus,JUNGLE,16.19,ok,,https://www.onetricks.gg/champions/builds/Rammus,2026-10-01T18:25:12.731603+00:00,Thornmail > Sunfire Aegis,"Thornmail > Hollow Radiance > Jak'Sho, The Protean","Thornmail > Sunfire Aegis > Jak'Sho, The Protean",limited_observations > external_reference > external_reference,True
Rammus,MIDDLE,16.19,ok,,https://www.onetricks.gg/champions/builds/Rammus?role=mid,2026-10-01T19:10:37.911193+00:00,Hollow Radiance > Thornmail,Hollow Radiance > Thornmail > Winter's Approach,Hollow Radiance > Thornmail > Winter's Approach,external_reference > external_reference > mechanical_estimate,False
Rammus,BOTTOM,16.19,no_same_patch_routes,,https://www.onetricks.gg/champions/builds/Rammus?role=bot,2026-10-01T19:10:36.693350+00:00,,Winter's Approach > Warmog's Armor > Cosmic Drive,Winter's Approach > Warmog's Armor > Cosmic Drive,mechanical_estimate > mechanical_estimate > mechanical_estimate,False
Rammus,UTILITY,16.19,ok,,https://www.onetricks.gg/champions/builds/Rammus?role=supp,2026-10-01T19:10:36.301083+00:00,Thornmail,Thornmail > Protoplasm Harness > Winter's Approach,Thornmail > Protoplasm Harness > Winter's Approach,external_reference > external_reference > mechanical_estimate,False
RekSai,TOP,16.19,ok,,https://www.onetricks.gg/champions/builds/RekSai?role=top,2026-10-01T19:10:37.978348+00:00,Titanic Hydra > Spear of Shojin,Titanic Hydra > Spear of Shojin > Black Cleaver,Titanic Hydra > Spear of Shojin > Abyssal Mask,external_reference > external_reference > external_reference,True
RekSai,JUNGLE,16.19,ok,,https://www.onetricks.gg/champions/builds/RekSai,2026-10-01T18:25:14.215870+00:00,Titanic Hydra > Spear of Shojin,Titanic Hydra > Spear of Shojin > Death's Dance,Titanic Hydra > Spear of Shojin > Death's Dance,sampled_observations > sampled_observations > external_reference,False
RekSai,MIDDLE,16.19,ok,,https://www.onetricks.gg/champions/builds/RekSai?role=mid,2026-10-01T19:10:37.716607+00:00,Spear of Shojin > Titanic Hydra,Spear of Shojin > Titanic Hydra > Death's Dance,Spear of Shojin > Titanic Hydra > Death's Dance,external_reference > external_reference > external_reference,False
RekSai,BOTTOM,16.19,no_same_patch_routes,,https://www.onetricks.gg/champions/builds/RekSai?role=bot,2026-10-01T19:10:37.969765+00:00,,Black Cleaver > Experimental Hexplate > Trinity Force,Black Cleaver > Experimental Hexplate > Trinity Force,mechanical_estimate > mechanical_estimate > mechanical_estimate,False
RekSai,UTILITY,16.19,ok,,https://www.onetricks.gg/champions/builds/RekSai?role=supp,2026-10-01T19:10:43.203765+00:00,Spear of Shojin,Spear of Shojin > Titanic Hydra > Sundered Sky,Spear of Shojin > Titanic Hydra > Sundered Sky,external_reference > external_reference > mechanical_estimate,False
Rell,TOP,16.19,setup_only,,https://www.onetricks.gg/champions/builds/Rell?role=top,2026-10-01T19:10:42.472959+00:00,,Warmog's Armor > Winter's Approach > Heartsteel,Warmog's Armor > Winter's Approach > Heartsteel,mechanical_estimate > mechanical_estimate > mechanical_estimate,False
Rell,JUNGLE,16.19,no_same_patch_routes,,https://www.onetricks.gg/champions/builds/Rell?role=jungle,2026-10-01T19:10:41.833325+00:00,,Warmog's Armor > Winter's Approach > Heartsteel,Warmog's Armor > Winter's Approach > Heartsteel,mechanical_estimate > mechanical_estimate > mechanical_estimate,False
Rell,MIDDLE,16.19,no_same_patch_routes,,https://www.onetricks.gg/champions/builds/Rell?role=mid,2026-10-01T19:10:42.901261+00:00,,Warmog's Armor > Winter's Approach > Heartsteel,Warmog's Armor > Winter's Approach > Heartsteel,mechanical_estimate > mechanical_estimate > mechanical_estimate,False
Rell,BOTTOM,16.19,no_same_patch_routes,,https://www.onetricks.gg/champions/builds/Rell?role=bot,2026-10-01T19:10:41.959181+00:00,,Warmog's Armor > Winter's Approach > Heartsteel,Warmog's Armor > Winter's Approach > Heartsteel,mechanical_estimate > mechanical_estimate > mechanical_estimate,False
Rell,UTILITY,16.19,ok,,https://www.onetricks.gg/champions/builds/Rell,2026-10-01T18:29:14.223883+00:00,Locket of the Iron Solari,Zeke's Convergence > Locket of the Iron Solari > Knight's Vow,Zeke's Convergence > Locket of the Iron Solari > Knight's Vow,sampled_observations > sampled_observations > limited_observations,False
Renata,TOP,16.19,no_same_patch_routes,,https://www.onetricks.gg/champions/builds/Renata?role=top,2026-10-01T19:10:42.193108+00:00,,Malignance > Lich Bane > Horizon Focus,Malignance > Lich Bane > Horizon Focus,mechanical_estimate > mechanical_estimate > mechanical_estimate,False
Renata,JUNGLE,16.19,no_same_patch_routes,,https://www.onetricks.gg/champions/builds/Renata?role=jungle,2026-10-01T19:10:47.690133+00:00,,Malignance > Lich Bane > Horizon Focus,Malignance > Lich Bane > Horizon Focus,mechanical_estimate > mechanical_estimate > mechanical_estimate,False
Renata,MIDDLE,16.19,no_same_patch_routes,,https://www.onetricks.gg/champions/builds/Renata?role=mid,2026-10-01T19:10:48.001296+00:00,,Malignance > Lich Bane > Horizon Focus,Malignance > Lich Bane > Horizon Focus,mechanical_estimate > mechanical_estimate > mechanical_estimate,False
Renata,BOTTOM,16.19,no_same_patch_routes,,https://www.onetricks.gg/champions/builds/Renata?role=bot,2026-10-01T19:10:49.098709+00:00,,Malignance > Lich Bane > Horizon Focus,Malignance > Lich Bane > Horizon Focus,mechanical_estimate > mechanical_estimate > mechanical_estimate,False
Renata,UTILITY,16.19,ok,,https://www.onetricks.gg/champions/builds/Renata,2026-10-01T18:29:37.172489+00:00,Locket of the Iron Solari,Shurelya's Battlesong > Locket of the Iron Solari > Echoes of Helia,Locket of the Iron Solari > Knight's Vow > Echoes of Helia,sampled_observations > external_reference > mechanical_estimate,True
Renekton,TOP,16.19,ok,,https://www.onetricks.gg/champions/builds/Renekton,2026-10-01T18:25:20.847624+00:00,Eclipse > Black Cleaver,Black Cleaver > Spear of Shojin > Death's Dance,Eclipse > Black Cleaver > Death's Dance,sampled_observations > sampled_observations > external_reference,True
Renekton,JUNGLE,16.19,no_same_patch_routes,,https://www.onetricks.gg/champions/builds/Renekton?role=jungle,2026-10-01T19:10:49.454950+00:00,,Black Cleaver > Essence Reaver > Axiom Arc,Black Cleaver > Essence Reaver > Axiom Arc,mechanical_estimate > mechanical_estimate > mechanical_estimate,False
Renekton,MIDDLE,16.19,ok,,https://www.onetricks.gg/champions/builds/Renekton?role=mid,2026-10-01T19:10:49.521737+00:00,Stridebreaker > Death's Dance,Stridebreaker > Death's Dance > Black Cleaver,Stridebreaker > Death's Dance > Black Cleaver,external_reference > external_reference > external_reference,False
Renekton,BOTTOM,16.19,ok,,https://www.onetricks.gg/champions/builds/Renekton?role=bot,2026-10-01T19:10:48.265180+00:00,Eclipse > Black Cleaver,Eclipse > Black Cleaver > Spear of Shojin,Eclipse > Black Cleaver > Spear of Shojin,external_reference > external_reference > external_reference,False
Renekton,UTILITY,16.19,no_same_patch_routes,,https://www.onetricks.gg/champions/builds/Renekton?role=supp,2026-10-01T19:10:54.206611+00:00,,Sundered Sky > Black Cleaver > Axiom Arc,Sundered Sky > Black Cleaver > Axiom Arc,mechanical_estimate > mechanical_estimate > mechanical_estimate,False
Rengar,TOP,16.19,ok,,https://www.onetricks.gg/champions/builds/Rengar?role=top,2026-10-01T19:10:54.582624+00:00,Ravenous Hydra > Serpent's Fang,Ravenous Hydra > Voltaic Cyclosword > Essence Reaver,Ravenous Hydra > Voltaic Cyclosword > Essence Reaver,limited_observations > external_reference > mechanical_estimate,False
Rengar,JUNGLE,16.19,ok,,https://www.onetricks.gg/champions/builds/Rengar,2026-10-01T18:25:21.043755+00:00,Umbral Glaive > Profane Hydra,Umbral Glaive > Profane Hydra > Lord Dominik's Regards,Umbral Glaive > Profane Hydra > Lord Dominik's Regards,sampled_observations > sampled_observations > sampled_observations,False
Rengar,MIDDLE,16.19,no_same_patch_routes,,https://www.onetricks.gg/champions/builds/Rengar?role=mid,2026-10-01T19:10:54.440215+00:00,,Essence Reaver > Axiom Arc > Umbral Glaive,Essence Reaver > Axiom Arc > Umbral Glaive,mechanical_estimate > mechanical_estimate > mechanical_estimate,False
Rengar,BOTTOM,16.19,no_same_patch_routes,,https://www.onetricks.gg/champions/builds/Rengar?role=bot,2026-10-01T19:10:54.247634+00:00,,Essence Reaver > Axiom Arc > Umbral Glaive,Essence Reaver > Axiom Arc > Umbral Glaive,mechanical_estimate > mechanical_estimate > mechanical_estimate,False
Rengar,UTILITY,16.19,ok,,https://www.onetricks.gg/champions/builds/Rengar?role=supp,2026-10-01T19:10:54.349754+00:00,Umbral Glaive,Umbral Glaive > Profane Hydra > Essence Reaver,Umbral Glaive > Profane Hydra > Essence Reaver,external_reference > external_reference > mechanical_estimate,False
Riven,TOP,16.19,ok,,https://www.onetricks.gg/champions/builds/Riven,2026-10-01T18:25:28.958679+00:00,Axiom Arc > Endless Hunger,Axiom Arc > Endless Hunger > Death's Dance,Axiom Arc > Endless Hunger > Death's Dance,sampled_observations > external_reference > external_reference,False
Riven,JUNGLE,16.19,ok,,https://www.onetricks.gg/champions/builds/Riven?role=jungle,2026-10-01T19:10:54.938228+00:00,Umbral Glaive > Endless Hunger,Umbral Glaive > Endless Hunger > Death's Dance,Umbral Glaive > Endless Hunger > Death's Dance,external_reference > external_reference > external_reference,False
Riven,MIDDLE,16.19,ok,,https://www.onetricks.gg/champions/builds/Riven?role=mid,2026-10-01T19:11:01.091191+00:00,Axiom Arc > Endless Hunger,Umbral Glaive > Endless Hunger > Death's Dance,Umbral Glaive > Endless Hunger > Death's Dance,sampled_observations > external_reference > external_reference,False
Riven,BOTTOM,16.19,ok,,https://www.onetricks.gg/champions/builds/Riven?role=bot,2026-10-01T19:11:00.716854+00:00,Axiom Arc > Endless Hunger,Axiom Arc > Endless Hunger > Death's Dance,Axiom Arc > Endless Hunger > Death's Dance,external_reference > external_reference > external_reference,False
Riven,UTILITY,16.19,ok,,https://www.onetricks.gg/champions/builds/Riven?role=supp,2026-10-01T19:11:01.156529+00:00,Umbral Glaive,Umbral Glaive > Death's Dance > Axiom Arc,Umbral Glaive > Death's Dance > Axiom Arc,external_reference > external_reference > mechanical_estimate,False
Rumble,TOP,16.19,ok,,https://www.onetricks.gg/champions/builds/Rumble,2026-10-01T18:25:28.527861+00:00,Liandry's Torment > Bloodletter's Curse,Liandry's Torment > Bloodletter's Curse > Malignance,Liandry's Torment > Bloodletter's Curse > Malignance,sampled_observations > sampled_observations > mechanical_estimate,False
Rumble,JUNGLE,16.19,ok,,https://www.onetricks.gg/champions/builds/Rumble?role=jungle,2026-10-01T19:11:01.077685+00:00,Liandry's Torment > Bloodletter's Curse,Hextech Rocketbelt > Liandry's Torment > Shadowflame,Liandry's Torment > Bloodletter's Curse > Malignance,external_reference > external_reference > mechanical_estimate,True
Rumble,MIDDLE,16.19,ok,,https://www.onetricks.gg/champions/builds/Rumble?role=mid,2026-10-01T19:11:00.274724+00:00,Hextech Rocketbelt > Liandry's Torment,Hextech Rocketbelt > Liandry's Torment > Shadowflame,Hextech Rocketbelt > Liandry's Torment > Shadowflame,external_reference > external_reference > external_reference,False
Rumble,BOTTOM,16.19,no_same_patch_routes,,https://www.onetricks.gg/champions/builds/Rumble?role=bot,2026-10-01T19:11:00.505569+00:00,,Malignance > Cosmic Drive > Hextech Rocketbelt,Malignance > Cosmic Drive > Hextech Rocketbelt,mechanical_estimate > mechanical_estimate > mechanical_estimate,False
Rumble,UTILITY,16.19,no_same_patch_routes,,https://www.onetricks.gg/champions/builds/Rumble?role=supp,2026-10-01T19:11:08.398887+00:00,,Malignance > Cryptbloom > Echoes of Helia,Malignance > Cryptbloom > Echoes of Helia,mechanical_estimate > mechanical_estimate > mechanical_estimate,False
Ryze,TOP,16.19,ok,,https://www.onetricks.gg/champions/builds/Ryze?role=top,2026-10-01T19:11:07.123258+00:00,Rod of Ages > Archangel's Staff,Rod of Ages > Archangel's Staff > Actualizer,Rod of Ages > Archangel's Staff > Actualizer,limited_observations > limited_observations > limited_observations,False
Ryze,JUNGLE,16.19,no_same_patch_routes,,https://www.onetricks.gg/champions/builds/Ryze?role=jungle,2026-10-01T19:11:08.228659+00:00,,Lich Bane > Malignance > Cryptbloom,Lich Bane > Malignance > Cryptbloom,mechanical_estimate > mechanical_estimate > mechanical_estimate,False
Ryze,MIDDLE,16.19,ok,,https://www.onetricks.gg/champions/builds/Ryze,2026-10-01T18:25:28.512393+00:00,Rod of Ages > Archangel's Staff,Rod of Ages > Archangel's Staff > Actualizer,Rod of Ages > Archangel's Staff > Actualizer,sampled_observations > sampled_observations > sampled_observations,False
Ryze,BOTTOM,16.19,ok,,https://www.onetricks.gg/champions/builds/Ryze?role=bot,2026-10-01T19:11:08.333817+00:00,Rod of Ages > Archangel's Staff,Rod of Ages > Archangel's Staff > Actualizer,Rod of Ages > Archangel's Staff > Actualizer,external_reference > external_reference > external_reference,False
Ryze,UTILITY,16.19,no_same_patch_routes,,https://www.onetricks.gg/champions/builds/Ryze?role=supp,2026-10-01T19:11:07.770120+00:00,,Lich Bane > Malignance > Cryptbloom,Lich Bane > Malignance > Cryptbloom,mechanical_estimate > mechanical_estimate > mechanical_estimate,False
Samira,TOP,16.19,no_same_patch_routes,,https://www.onetricks.gg/champions/builds/Samira?role=top,2026-10-01T19:11:08.289896+00:00,,Essence Reaver > Infinity Edge > Hexoptics C44,Essence Reaver > Infinity Edge > Hexoptics C44,mechanical_estimate > mechanical_estimate > mechanical_estimate,False
Samira,JUNGLE,16.19,no_same_patch_routes,,https://www.onetricks.gg/champions/builds/Samira?role=jungle,2026-10-01T19:11:14.360790+00:00,,Essence Reaver > Infinity Edge > Hexoptics C44,Essence Reaver > Infinity Edge > Hexoptics C44,mechanical_estimate > mechanical_estimate > mechanical_estimate,False
Samira,MIDDLE,16.19,no_same_patch_routes,,https://www.onetricks.gg/champions/builds/Samira?role=mid,2026-10-01T19:11:14.528241+00:00,,Essence Reaver > Infinity Edge > Hexoptics C44,Essence Reaver > Infinity Edge > Hexoptics C44,mechanical_estimate > mechanical_estimate > mechanical_estimate,False
Samira,BOTTOM,16.19,ok,,https://www.onetricks.gg/champions/builds/Samira,2026-10-01T18:25:35.780473+00:00,The Collector > Infinity Edge,The Collector > Infinity Edge > Lord Dominik's Regards,The Collector > Infinity Edge > Lord Dominik's Regards,sampled_observations > limited_observations > limited_observations,False
Samira,UTILITY,16.19,no_same_patch_routes,,https://www.onetricks.gg/champions/builds/Samira?role=supp,2026-10-01T19:11:14.542836+00:00,,Essence Reaver > Infinity Edge > Hexoptics C44,Essence Reaver > Infinity Edge > Hexoptics C44,mechanical_estimate > mechanical_estimate > mechanical_estimate,False
Sejuani,TOP,16.19,ok,,https://www.onetricks.gg/champions/builds/Sejuani?role=top,2026-10-01T19:11:13.727203+00:00,Dusk and Dawn > Heartsteel,Dusk and Dawn > Heartsteel > Rylai's Crystal Scepter,Dusk and Dawn > Heartsteel > Rylai's Crystal Scepter,external_reference > external_reference > external_reference,False
Sejuani,JUNGLE,16.19,ok,,https://www.onetricks.gg/champions/builds/Sejuani,2026-10-01T18:25:35.984947+00:00,Heartsteel > Unending Despair,"Heartsteel > Unending Despair > Jak'Sho, The Protean","Heartsteel > Unending Despair > Jak'Sho, The Protean",sampled_observations > external_reference > external_reference,False
Sejuani,MIDDLE,16.19,ok,,https://www.onetricks.gg/champions/builds/Sejuani?role=mid,2026-10-01T19:11:14.175876+00:00,Dusk and Dawn > Abyssal Mask,Dusk and Dawn > Heartsteel > Zeke's Convergence,Dusk and Dawn > Abyssal Mask > Knight's Vow,external_reference > external_reference > external_reference,True
Sejuani,BOTTOM,16.19,no_same_patch_routes,,https://www.onetricks.gg/champions/builds/Sejuani?role=bot,2026-10-01T19:11:14.007970+00:00,,Malignance > Cosmic Drive > Hextech Rocketbelt,Malignance > Cosmic Drive > Hextech Rocketbelt,mechanical_estimate > mechanical_estimate > mechanical_estimate,False
Sejuani,UTILITY,16.19,ok,,https://www.onetricks.gg/champions/builds/Sejuani?role=supp,2026-10-01T19:11:19.251689+00:00,Protoplasm Harness,Protoplasm Harness > Locket of the Iron Solari > Winter's Approach,Protoplasm Harness > Locket of the Iron Solari > Winter's Approach,external_reference > external_reference > mechanical_estimate,False
Senna,TOP,16.19,no_same_patch_routes,,https://www.onetricks.gg/champions/builds/Senna?role=top,2026-10-01T19:11:19.156279+00:00,,Essence Reaver > Dawncore > Malignance,Essence Reaver > Dawncore > Malignance,mechanical_estimate > mechanical_estimate > mechanical_estimate,False
Senna,JUNGLE,16.19,no_same_patch_routes,,https://www.onetricks.gg/champions/builds/Senna?role=jungle,2026-10-01T19:11:18.887617+00:00,,Essence Reaver > Dawncore > Malignance,Essence Reaver > Dawncore > Malignance,mechanical_estimate > mechanical_estimate > mechanical_estimate,False
Senna,MIDDLE,16.19,no_same_patch_routes,,https://www.onetricks.gg/champions/builds/Senna?role=mid,2026-10-01T19:11:19.303607+00:00,,Essence Reaver > Dawncore > Malignance,Essence Reaver > Dawncore > Malignance,mechanical_estimate > mechanical_estimate > mechanical_estimate,False
Senna,BOTTOM,16.19,ok,,https://www.onetricks.gg/champions/builds/Senna?role=bot,2026-10-01T19:11:19.501781+00:00,Statikk Shiv > Black Cleaver,Statikk Shiv > Black Cleaver > Hexoptics C44,Statikk Shiv > Black Cleaver > Hexoptics C44,limited_observations > external_reference > external_reference,False
Senna,UTILITY,16.19,ok,,https://www.onetricks.gg/champions/builds/Senna,2026-10-01T18:25:35.867542+00:00,Black Cleaver,Black Cleaver > Statikk Shiv > Guardian Angel,Black Cleaver > Statikk Shiv > Guardian Angel,sampled_observations > sampled_observations > external_reference,False
Seraphine,TOP,16.19,ok,,https://www.onetricks.gg/champions/builds/Seraphine?role=top,2026-10-01T19:11:19.728832+00:00,Imperial Mandate > Mikael's Blessing,Archangel's Staff > Shadowflame > Malignance,Imperial Mandate > Malignance > Lich Bane,external_reference > mechanical_estimate > mechanical_estimate,True
Seraphine,JUNGLE,16.19,no_same_patch_routes,,https://www.onetricks.gg/champions/builds/Seraphine?role=jungle,2026-10-01T19:11:25.279696+00:00,,Malignance > Lich Bane > Cryptbloom,Malignance > Lich Bane > Cryptbloom,mechanical_estimate > mechanical_estimate > mechanical_estimate,False
Seraphine,MIDDLE,16.19,ok,,https://www.onetricks.gg/champions/builds/Seraphine?role=mid,2026-10-01T19:11:25.212985+00:00,Blackfire Torch > Rylai's Crystal Scepter,Blackfire Torch > Lich Bane > Malignance,Blackfire Torch > Rylai's Crystal Scepter > Whispering Circlet,external_reference > external_reference > external_reference,True
Seraphine,BOTTOM,16.19,ok,,https://www.onetricks.gg/champions/builds/Seraphine,2026-10-01T18:25:42.718762+00:00,Blackfire Torch > Lich Bane,Blackfire Torch > Lich Bane > Shadowflame,Blackfire Torch > Lich Bane > Shadowflame,sampled_observations > external_reference > external_reference,False
Seraphine,UTILITY,16.19,ok,,https://www.onetricks.gg/champions/builds/Seraphine?role=supp,2026-10-01T19:11:25.496001+00:00,Echoes of Helia,Echoes of Helia > Whispering Circlet > Malignance,Echoes of Helia > Whispering Circlet > Malignance,sampled_observations > external_reference > mechanical_estimate,False
Sett,TOP,16.19,ok,,https://www.onetricks.gg/champions/builds/Sett,2026-10-01T18:25:43.966410+00:00,Stridebreaker > Black Cleaver,Stridebreaker > Black Cleaver > Overlord's Bloodmail,Stridebreaker > Black Cleaver > Overlord's Bloodmail,sampled_observations > external_reference > external_reference,False
Sett,JUNGLE,16.19,ok,,https://www.onetricks.gg/champions/builds/Sett?role=jungle,2026-10-01T19:11:25.572373+00:00,Stridebreaker > Overlord's Bloodmail,Stridebreaker > Overlord's Bloodmail > Warmog's Armor,Stridebreaker > Overlord's Bloodmail > Warmog's Armor,external_reference > external_reference > external_reference,False
Sett,MIDDLE,16.19,ok,,https://www.onetricks.gg/champions/builds/Sett?role=mid,2026-10-01T19:11:25.545419+00:00,Stridebreaker > Black Cleaver,Stridebreaker > Black Cleaver > Overlord's Bloodmail,Stridebreaker > Black Cleaver > Overlord's Bloodmail,external_reference > external_reference > external_reference,False
Sett,BOTTOM,16.19,ok,,https://www.onetricks.gg/champions/builds/Sett?role=bot,2026-10-01T19:11:25.350286+00:00,Stridebreaker > Black Cleaver,Stridebreaker > Black Cleaver > Sterak's Gage,Stridebreaker > Black Cleaver > Sterak's Gage,external_reference > external_reference > external_reference,False
Sett,UTILITY,16.19,ok,,https://www.onetricks.gg/champions/builds/Sett?role=supp,2026-10-01T19:11:30.838686+00:00,Stridebreaker,Stridebreaker > Overlord's Bloodmail > Sundered Sky,Stridebreaker > Overlord's Bloodmail > Sundered Sky,external_reference > external_reference > mechanical_estimate,False
Shaco,TOP,16.19,ok,,https://www.onetricks.gg/champions/builds/Shaco?role=top,2026-10-01T19:11:30.911347+00:00,Blackfire Torch > Imperial Mandate,Blackfire Torch > Liandry's Torment > Cryptbloom,Blackfire Torch > Imperial Mandate > Liandry's Torment,external_reference > external_reference > external_reference,True
Shaco,JUNGLE,16.19,ok,,https://www.onetricks.gg/champions/builds/Shaco,2026-10-01T18:25:43.053630+00:00,Blackfire Torch > Liandry's Torment,Blackfire Torch > Liandry's Torment > Imperial Mandate,Blackfire Torch > Liandry's Torment > Imperial Mandate,sampled_observations > sampled_observations > limited_observations,False
Shaco,MIDDLE,16.19,ok,,https://www.onetricks.gg/champions/builds/Shaco?role=mid,2026-10-01T19:11:32.022104+00:00,Blackfire Torch > Imperial Mandate,Blackfire Torch > Imperial Mandate > Liandry's Torment,Blackfire Torch > Imperial Mandate > Liandry's Torment,external_reference > external_reference > external_reference,False
Shaco,BOTTOM,16.19,no_same_patch_routes,,https://www.onetricks.gg/champions/builds/Shaco?role=bot,2026-10-01T19:11:31.197993+00:00,,Malignance > Hextech Gunblade > Nashor's Tooth,Malignance > Hextech Gunblade > Nashor's Tooth,mechanical_estimate > mechanical_estimate > mechanical_estimate,False
Shaco,UTILITY,16.19,ok,,https://www.onetricks.gg/champions/builds/Shaco?role=supp,2026-10-01T19:11:31.617209+00:00,Umbral Glaive,Blackfire Torch > Imperial Mandate > Malignance,Umbral Glaive > Bastionbreaker > Malignance,external_reference > external_reference > mechanical_estimate,True
Shen,TOP,16.19,ok,,https://www.onetricks.gg/champions/builds/Shen,2026-10-01T18:25:48.921560+00:00,Titanic Hydra > Dusk and Dawn,Titanic Hydra > Dusk and Dawn > Bandlepipes,Titanic Hydra > Dusk and Dawn > Bandlepipes,sampled_observations > sampled_observations > external_reference,False
Shen,JUNGLE,16.19,ok,,https://www.onetricks.gg/champions/builds/Shen?role=jungle,2026-10-01T19:11:31.609582+00:00,"Heartsteel > Jak'Sho, The Protean","Heartsteel > Jak'Sho, The Protean > Hollow Radiance","Heartsteel > Jak'Sho, The Protean > Hollow Radiance",external_reference > external_reference > external_reference,False
Shen,MIDDLE,16.19,ok,,https://www.onetricks.gg/champions/builds/Shen?role=mid,2026-10-01T19:11:37.430359+00:00,Titanic Hydra > Protoplasm Harness,Titanic Hydra > Protoplasm Harness > Force of Nature,Titanic Hydra > Protoplasm Harness > Force of Nature,external_reference > external_reference > external_reference,False
Shen,BOTTOM,16.19,ok,,https://www.onetricks.gg/champions/builds/Shen?role=bot,2026-10-01T19:11:39.591489+00:00,Titanic Hydra > Dusk and Dawn,Titanic Hydra > Protoplasm Harness > Dead Man's Plate,Titanic Hydra > Dusk and Dawn > Dead Man's Plate,external_reference > external_reference > external_reference,True
Shen,UTILITY,16.19,ok,,https://www.onetricks.gg/champions/builds/Shen?role=supp,2026-10-01T19:11:37.357206+00:00,Locket of the Iron Solari,Protoplasm Harness > Locket of the Iron Solari > Warmog's Armor,Locket of the Iron Solari > Protoplasm Harness > Warmog's Armor,sampled_observations > external_reference > mechanical_estimate,True
Shyvana,TOP,16.19,ok,,https://www.onetricks.gg/champions/builds/Shyvana?role=top,2026-10-01T19:11:37.674888+00:00,Dusk and Dawn > Sterak's Gage,Dusk and Dawn > Death's Dance > Endless Hunger,Dusk and Dawn > Sterak's Gage > Spear of Shojin,external_reference > external_reference > external_reference,True
Shyvana,JUNGLE,16.19,ok,,https://www.onetricks.gg/champions/builds/Shyvana,2026-10-01T18:25:48.885651+00:00,Trinity Force > Spear of Shojin,Trinity Force > Spear of Shojin > Death's Dance,Trinity Force > Spear of Shojin > Death's Dance,sampled_observations > sampled_observations > sampled_observations,False
Shyvana,MIDDLE,16.19,ok,,https://www.onetricks.gg/champions/builds/Shyvana?role=mid,2026-10-01T19:11:37.866737+00:00,Hextech Gunblade > Statikk Shiv,Hextech Gunblade > Statikk Shiv > Endless Hunger,Hextech Gunblade > Statikk Shiv > Endless Hunger,external_reference > external_reference > external_reference,False
Shyvana,BOTTOM,16.19,no_same_patch_routes,,https://www.onetricks.gg/champions/builds/Shyvana?role=bot,2026-10-01T19:11:37.575978+00:00,,Malignance > Blackfire Torch > Black Cleaver,Malignance > Blackfire Torch > Black Cleaver,mechanical_estimate > mechanical_estimate > mechanical_estimate,False
Shyvana,UTILITY,16.19,ok,,https://www.onetricks.gg/champions/builds/Shyvana?role=supp,2026-10-01T19:11:43.366962+00:00,Horizon Focus,Horizon Focus > Bandlepipes > Malignance,Horizon Focus > Bandlepipes > Malignance,external_reference > external_reference > mechanical_estimate,False
Singed,TOP,16.19,ok,,https://www.onetricks.gg/champions/builds/Singed,2026-10-01T18:25:49.104447+00:00,Liandry's Torment > Rylai's Crystal Scepter,Liandry's Torment > Rylai's Crystal Scepter > Protoplasm Harness,Liandry's Torment > Rylai's Crystal Scepter > Protoplasm Harness,sampled_observations > external_reference > external_reference,False
Singed,JUNGLE,16.19,ok,,https://www.onetricks.gg/champions/builds/Singed?role=jungle,2026-10-01T19:11:42.861856+00:00,Liandry's Torment > Rylai's Crystal Scepter,Liandry's Torment > Rylai's Crystal Scepter > Winter's Approach,Liandry's Torment > Rylai's Crystal Scepter > Winter's Approach,external_reference > external_reference > mechanical_estimate,False
Singed,MIDDLE,16.19,ok,,https://www.onetricks.gg/champions/builds/Singed?role=mid,2026-10-01T19:11:42.197240+00:00,Liandry's Torment > Rylai's Crystal Scepter,Hextech Rocketbelt > Rylai's Crystal Scepter > Protoplasm Harness,"Liandry's Torment > Rylai's Crystal Scepter > Jak'Sho, The Protean",external_reference > external_reference > external_reference,True
Singed,BOTTOM,16.19,ok,,https://www.onetricks.gg/champions/builds/Singed?role=bot,2026-10-01T19:11:43.498624+00:00,Liandry's Torment > Riftmaker,Liandry's Torment > Riftmaker > Shadowflame,Liandry's Torment > Riftmaker > Shadowflame,external_reference > external_reference > external_reference,False
Singed,UTILITY,16.19,ok,,https://www.onetricks.gg/champions/builds/Singed?role=supp,2026-10-01T19:11:43.295403+00:00,Rylai's Crystal Scepter,Rylai's Crystal Scepter > Protoplasm Harness > Winter's Approach,Rylai's Crystal Scepter > Protoplasm Harness > Winter's Approach,external_reference > external_reference > mechanical_estimate,False
Sion,TOP,16.19,ok,,https://www.onetricks.gg/champions/builds/Sion,2026-10-01T18:25:58.072099+00:00,Unending Despair > Spirit Visage,Heartsteel > Unending Despair > Titanic Hydra,Unending Despair > Spirit Visage > Thornmail,sampled_observations > external_reference > external_reference,True
Sion,JUNGLE,16.19,ok,,https://www.onetricks.gg/champions/builds/Sion?role=jungle,2026-10-01T19:11:42.613689+00:00,Axiom Arc > Youmuu's Ghostblade,Heartsteel > Hollow Radiance > Unending Despair,Axiom Arc > Youmuu's Ghostblade > Lord Dominik's Regards,external_reference > external_reference > external_reference,True
Sion,MIDDLE,16.19,ok,,https://www.onetricks.gg/champions/builds/Sion?role=mid,2026-10-01T19:11:48.386794+00:00,Hollow Radiance > Titanic Hydra,Hollow Radiance > Titanic Hydra > Unending Despair,Hollow Radiance > Titanic Hydra > Unending Despair,external_reference > external_reference > external_reference,False
Sion,BOTTOM,16.19,setup_only,,https://www.onetricks.gg/champions/builds/Sion?role=bot,2026-10-01T19:11:47.832660+00:00,,Warmog's Armor > Winter's Approach > Heartsteel,Warmog's Armor > Winter's Approach > Heartsteel,mechanical_estimate > mechanical_estimate > mechanical_estimate,False
Sion,UTILITY,16.19,ok,,https://www.onetricks.gg/champions/builds/Sion?role=supp,2026-10-01T19:11:48.417174+00:00,Frozen Heart,Frozen Heart > Zeke's Convergence > Warmog's Armor,Frozen Heart > Zeke's Convergence > Warmog's Armor,external_reference > external_reference > mechanical_estimate,False
Sivir,TOP,16.19,no_same_patch_routes,,https://www.onetricks.gg/champions/builds/Sivir?role=top,2026-10-01T19:11:48.148202+00:00,,Essence Reaver > Infinity Edge > Hexoptics C44,Essence Reaver > Infinity Edge > Hexoptics C44,mechanical_estimate > mechanical_estimate > mechanical_estimate,False
Sivir,JUNGLE,16.19,no_same_patch_routes,,https://www.onetricks.gg/champions/builds/Sivir?role=jungle,2026-10-01T19:11:47.852326+00:00,,Essence Reaver > Infinity Edge > Hexoptics C44,Essence Reaver > Infinity Edge > Hexoptics C44,mechanical_estimate > mechanical_estimate > mechanical_estimate,False
Sivir,MIDDLE,16.19,ok,,https://www.onetricks.gg/champions/builds/Sivir?role=mid,2026-10-01T19:11:48.481269+00:00,Essence Reaver > Navori Flickerblade,Essence Reaver > Navori Flickerblade > Infinity Edge,Essence Reaver > Navori Flickerblade > Infinity Edge,external_reference > external_reference > mechanical_estimate,False
Sivir,BOTTOM,16.19,ok,,https://www.onetricks.gg/champions/builds/Sivir,2026-10-01T18:25:58.070221+00:00,Yun Tal Wildarrows > Infinity Edge,Yun Tal Wildarrows > Infinity Edge > Lord Dominik's Regards,Yun Tal Wildarrows > Infinity Edge > Navori Flickerblade,sampled_observations > sampled_observations > sampled_observations,True
Sivir,UTILITY,16.19,no_same_patch_routes,,https://www.onetricks.gg/champions/builds/Sivir?role=supp,2026-10-01T19:11:54.061791+00:00,,Essence Reaver > Infinity Edge > Hexoptics C44,Essence Reaver > Infinity Edge > Hexoptics C44,mechanical_estimate > mechanical_estimate > mechanical_estimate,False
Skarner,TOP,16.19,ok,,https://www.onetricks.gg/champions/builds/Skarner?role=top,2026-10-01T19:11:54.217809+00:00,Heartsteel > Winter's Approach,Heartsteel > Winter's Approach > Warmog's Armor,Heartsteel > Winter's Approach > Warmog's Armor,external_reference > external_reference > mechanical_estimate,False
Skarner,JUNGLE,16.19,ok,,https://www.onetricks.gg/champions/builds/Skarner,2026-10-01T18:25:57.768217+00:00,Heartsteel > Unending Despair,Heartsteel > Unending Despair > Spirit Visage,Heartsteel > Unending Despair > Spirit Visage,sampled_observations > sampled_observations > external_reference,False
Skarner,MIDDLE,16.19,ok,,https://www.onetricks.gg/champions/builds/Skarner?role=mid,2026-10-01T19:11:54.765607+00:00,Hollow Radiance > Knight's Vow,Hollow Radiance > Knight's Vow > Warmog's Armor,Hollow Radiance > Knight's Vow > Warmog's Armor,external_reference > external_reference > mechanical_estimate,False
Skarner,BOTTOM,16.19,no_same_patch_routes,,https://www.onetricks.gg/champions/builds/Skarner?role=bot,2026-10-01T19:11:53.899722+00:00,,Warmog's Armor > Heartsteel > Winter's Approach,Warmog's Armor > Heartsteel > Winter's Approach,mechanical_estimate > mechanical_estimate > mechanical_estimate,False
Skarner,UTILITY,16.19,ok,,https://www.onetricks.gg/champions/builds/Skarner?role=supp,2026-10-01T19:11:53.930305+00:00,Titanic Hydra,Heartsteel > Locket of the Iron Solari > Warmog's Armor,Titanic Hydra > Locket of the Iron Solari > Warmog's Armor,external_reference > external_reference > mechanical_estimate,True
Smolder,TOP,16.19,ok,,https://www.onetricks.gg/champions/builds/Smolder?role=top,2026-10-01T19:11:54.491405+00:00,Essence Reaver > Spear of Shojin,Essence Reaver > Spear of Shojin > Lord Dominik's Regards,Essence Reaver > Spear of Shojin > Rapid Firecannon,external_reference > external_reference > external_reference,True
Smolder,JUNGLE,16.19,no_same_patch_routes,,https://www.onetricks.gg/champions/builds/Smolder?role=jungle,2026-10-01T19:11:59.095592+00:00,,Essence Reaver > Infinity Edge > Axiom Arc,Essence Reaver > Infinity Edge > Axiom Arc,mechanical_estimate > mechanical_estimate > mechanical_estimate,False
Smolder,MIDDLE,16.19,ok,,https://www.onetricks.gg/champions/builds/Smolder?role=mid,2026-10-01T19:11:59.107514+00:00,Essence Reaver > Rapid Firecannon,Essence Reaver > Spear of Shojin > Black Cleaver,Essence Reaver > Rapid Firecannon > Infinity Edge,external_reference > external_reference > external_reference,True
Smolder,BOTTOM,16.19,ok,,https://www.onetricks.gg/champions/builds/Smolder,2026-10-01T18:26:05.014955+00:00,Essence Reaver > Black Cleaver,Essence Reaver > Infinity Edge > Lord Dominik's Regards,Essence Reaver > Black Cleaver > Spear of Shojin,limited_observations > external_reference > external_reference,True
Smolder,UTILITY,16.19,no_same_patch_routes,,https://www.onetricks.gg/champions/builds/Smolder?role=supp,2026-10-01T19:11:58.933329+00:00,,Essence Reaver > Infinity Edge > Axiom Arc,Essence Reaver > Infinity Edge > Axiom Arc,mechanical_estimate > mechanical_estimate > mechanical_estimate,False
Sona,TOP,16.19,ok,,https://www.onetricks.gg/champions/builds/Sona?role=top,2026-10-01T19:11:59.361461+00:00,Archangel's Staff > Echoes of Helia,Archangel's Staff > Echoes of Helia > Moonstone Renewer,Archangel's Staff > Echoes of Helia > Moonstone Renewer,external_reference > external_reference > external_reference,False
Sona,JUNGLE,16.19,no_same_patch_routes,,https://www.onetricks.gg/champions/builds/Sona?role=jungle,2026-10-01T19:11:58.987667+00:00,,Malignance > Lich Bane > Horizon Focus,Malignance > Lich Bane > Horizon Focus,mechanical_estimate > mechanical_estimate > mechanical_estimate,False
Sona,MIDDLE,16.19,no_same_patch_routes,,https://www.onetricks.gg/champions/builds/Sona?role=mid,2026-10-01T19:11:59.910533+00:00,,Malignance > Lich Bane > Horizon Focus,Malignance > Lich Bane > Horizon Focus,mechanical_estimate > mechanical_estimate > mechanical_estimate,False
Sona,BOTTOM,16.19,no_same_patch_routes,,https://www.onetricks.gg/champions/builds/Sona?role=bot,2026-10-01T19:12:04.609145+00:00,,Malignance > Lich Bane > Horizon Focus,Malignance > Lich Bane > Horizon Focus,mechanical_estimate > mechanical_estimate > mechanical_estimate,False
Sona,UTILITY,16.19,ok,,https://www.onetricks.gg/champions/builds/Sona,2026-10-01T18:29:37.022548+00:00,Echoes of Helia,Echoes of Helia > Archangel's Staff > Malignance,Echoes of Helia > Archangel's Staff > Malignance,sampled_observations > external_reference > mechanical_estimate,False
Soraka,TOP,16.19,ok,,https://www.onetricks.gg/champions/builds/Soraka?role=top,2026-10-01T19:12:05.065828+00:00,Shurelya's Battlesong > Locket of the Iron Solari,Shurelya's Battlesong > Locket of the Iron Solari > Moonstone Renewer,Shurelya's Battlesong > Locket of the Iron Solari > Moonstone Renewer,external_reference > external_reference > external_reference,False
Soraka,JUNGLE,16.19,no_same_patch_routes,,https://www.onetricks.gg/champions/builds/Soraka?role=jungle,2026-10-01T19:12:04.315909+00:00,,Dusk and Dawn > Winter's Approach > Protoplasm Harness,Dusk and Dawn > Winter's Approach > Protoplasm Harness,mechanical_estimate > mechanical_estimate > mechanical_estimate,False
Soraka,MIDDLE,16.19,no_same_patch_routes,,https://www.onetricks.gg/champions/builds/Soraka?role=mid,2026-10-01T19:12:05.305230+00:00,,Dusk and Dawn > Winter's Approach > Protoplasm Harness,Dusk and Dawn > Winter's Approach > Protoplasm Harness,mechanical_estimate > mechanical_estimate > mechanical_estimate,False
Soraka,BOTTOM,16.19,no_same_patch_routes,,https://www.onetricks.gg/champions/builds/Soraka?role=bot,2026-10-01T19:12:04.758495+00:00,,Dusk and Dawn > Winter's Approach > Protoplasm Harness,Dusk and Dawn > Winter's Approach > Protoplasm Harness,mechanical_estimate > mechanical_estimate > mechanical_estimate,False
Soraka,UTILITY,16.19,ok,,https://www.onetricks.gg/champions/builds/Soraka,2026-10-01T18:29:37.055756+00:00,Moonstone Renewer,Moonstone Renewer > Redemption > Echoes of Helia,Moonstone Renewer > Redemption > Echoes of Helia,sampled_observations > external_reference > mechanical_estimate,False
Swain,TOP,16.19,ok,,https://www.onetricks.gg/champions/builds/Swain?role=top,2026-10-01T19:12:04.519862+00:00,Rylai's Crystal Scepter > Liandry's Torment,Rylai's Crystal Scepter > Winter's Approach > Force of Nature,Rylai's Crystal Scepter > Liandry's Torment > Bloodletter's Curse,external_reference > external_reference > external_reference,True
Swain,JUNGLE,16.19,ok,,https://www.onetricks.gg/champions/builds/Swain?role=jungle,2026-10-01T19:12:14.153879+00:00,Blackfire Torch > Zhonya's Hourglass,Blackfire Torch > Cosmic Drive > Dusk and Dawn,Blackfire Torch > Cosmic Drive > Dusk and Dawn,external_reference > mechanical_estimate > mechanical_estimate,False
Swain,MIDDLE,16.19,ok,,https://www.onetricks.gg/champions/builds/Swain?role=mid,2026-10-01T19:12:13.822976+00:00,Rylai's Crystal Scepter > Winter's Approach,Rylai's Crystal Scepter > Winter's Approach > Malignance,"Rylai's Crystal Scepter > Winter's Approach > Jak'Sho, The Protean",external_reference > external_reference > external_reference,True
Swain,BOTTOM,16.19,ok,,https://www.onetricks.gg/champions/builds/Swain,2026-10-01T18:26:11.110325+00:00,Rylai's Crystal Scepter > Liandry's Torment,Rylai's Crystal Scepter > Liandry's Torment > Malignance,Rylai's Crystal Scepter > Liandry's Torment > Malignance,sampled_observations > external_reference > mechanical_estimate,False
Swain,UTILITY,16.19,ok,,https://www.onetricks.gg/champions/builds/Swain?role=supp,2026-10-01T19:12:14.055198+00:00,Rylai's Crystal Scepter,Rylai's Crystal Scepter > Bandlepipes > Malignance,Rylai's Crystal Scepter > Frozen Heart > Malignance,sampled_observations > external_reference > mechanical_estimate,True
Sylas,TOP,16.19,ok,,https://www.onetricks.gg/champions/builds/Sylas?role=top,2026-10-01T19:12:14.013040+00:00,Hextech Rocketbelt > Riftmaker,Hextech Rocketbelt > Riftmaker > Bloodletter's Curse,Hextech Rocketbelt > Riftmaker > Mejai's Soulstealer,sampled_observations > external_reference > external_reference,True
Sylas,JUNGLE,16.19,ok,,https://www.onetricks.gg/champions/builds/Sylas?role=jungle,2026-10-01T19:12:13.801109+00:00,Hextech Rocketbelt > Riftmaker,Hextech Rocketbelt > Riftmaker > Winter's Approach,Hextech Rocketbelt > Riftmaker > Winter's Approach,sampled_observations > sampled_observations > mechanical_estimate,False
Sylas,MIDDLE,16.19,ok,,https://www.onetricks.gg/champions/builds/Sylas,2026-10-01T18:26:11.180247+00:00,Hextech Rocketbelt > Riftmaker,Hextech Rocketbelt > Riftmaker > Winter's Approach,Hextech Rocketbelt > Riftmaker > Winter's Approach,sampled_observations > sampled_observations > mechanical_estimate,False
Sylas,BOTTOM,16.19,ok,,https://www.onetricks.gg/champions/builds/Sylas?role=bot,2026-10-01T19:12:14.225172+00:00,Hextech Rocketbelt > Riftmaker,Hextech Rocketbelt > Riftmaker > Winter's Approach,Hextech Rocketbelt > Riftmaker > Winter's Approach,external_reference > external_reference > mechanical_estimate,False
Sylas,UTILITY,16.19,ok,,https://www.onetricks.gg/champions/builds/Sylas?role=supp,2026-10-01T19:12:22.057226+00:00,Hextech Rocketbelt,Hextech Rocketbelt > Riftmaker > Winter's Approach,Hextech Rocketbelt > Riftmaker > Winter's Approach,sampled_observations > external_reference > mechanical_estimate,False
Syndra,TOP,16.19,ok,,https://www.onetricks.gg/champions/builds/Syndra?role=top,2026-10-01T19:12:22.201170+00:00,Blackfire Torch > Cosmic Drive,Blackfire Torch > Cosmic Drive > Cryptbloom,Blackfire Torch > Cosmic Drive > Cryptbloom,limited_observations > external_reference > external_reference,False
Syndra,JUNGLE,16.19,no_same_patch_routes,,https://www.onetricks.gg/champions/builds/Syndra?role=jungle,2026-10-01T19:12:21.856690+00:00,,Malignance > Lich Bane > Cryptbloom,Malignance > Lich Bane > Cryptbloom,mechanical_estimate > mechanical_estimate > mechanical_estimate,False
Syndra,MIDDLE,16.19,ok,,https://www.onetricks.gg/champions/builds/Syndra,2026-10-01T18:26:11.261677+00:00,Blackfire Torch > Cosmic Drive,Blackfire Torch > Cosmic Drive > Rabadon's Deathcap,Blackfire Torch > Hextech Rocketbelt > Rabadon's Deathcap,sampled_observations > sampled_observations > sampled_observations,True
Syndra,BOTTOM,16.19,ok,,https://www.onetricks.gg/champions/builds/Syndra?role=bot,2026-10-01T19:12:22.069904+00:00,Blackfire Torch > Cosmic Drive,Blackfire Torch > Cosmic Drive > Rabadon's Deathcap,Blackfire Torch > Cosmic Drive > Rabadon's Deathcap,sampled_observations > sampled_observations > external_reference,False
Syndra,UTILITY,16.19,ok,,https://www.onetricks.gg/champions/builds/Syndra?role=supp,2026-10-01T19:12:21.931647+00:00,Imperial Mandate,Imperial Mandate > Malignance > Lich Bane,Imperial Mandate > Malignance > Lich Bane,external_reference > mechanical_estimate > mechanical_estimate,False
TahmKench,TOP,16.19,ok,,https://www.onetricks.gg/champions/builds/TahmKench?role=top,2026-10-01T19:12:21.488547+00:00,Heartsteel > Dusk and Dawn,Heartsteel > Dusk and Dawn > Riftmaker,Heartsteel > Dusk and Dawn > Riftmaker,limited_observations > external_reference > external_reference,False
TahmKench,JUNGLE,16.19,no_same_patch_routes,,https://www.onetricks.gg/champions/builds/TahmKench?role=jungle,2026-10-01T19:12:26.817242+00:00,,Warmog's Armor > Heartsteel > Winter's Approach,Warmog's Armor > Heartsteel > Winter's Approach,mechanical_estimate > mechanical_estimate > mechanical_estimate,False
TahmKench,MIDDLE,16.19,ok,,https://www.onetricks.gg/champions/builds/TahmKench?role=mid,2026-10-01T19:12:26.957517+00:00,Heartsteel > Randuin's Omen,"Heartsteel > Spirit Visage > Jak'Sho, The Protean",Heartsteel > Dead Man's Plate > Spirit Visage,external_reference > external_reference > external_reference,True
TahmKench,BOTTOM,16.19,ok,,https://www.onetricks.gg/champions/builds/TahmKench?role=bot,2026-10-01T19:12:26.949008+00:00,Heartsteel > Warmog's Armor,Heartsteel > Warmog's Armor > Dusk and Dawn,Heartsteel > Warmog's Armor > Dusk and Dawn,external_reference > external_reference > external_reference,False
TahmKench,UTILITY,16.19,ok,,https://www.onetricks.gg/champions/builds/TahmKench,2026-10-01T18:29:48.656125+00:00,Heartsteel,Heartsteel > Warmog's Armor > Echoes of Helia,Heartsteel > Spirit Visage > Echoes of Helia,external_reference > external_reference > mechanical_estimate,True
Taliyah,TOP,16.19,ok,,https://www.onetricks.gg/champions/builds/Taliyah?role=top,2026-10-01T19:12:27.123688+00:00,Blackfire Torch > Shadowflame,Blackfire Torch > Shadowflame > Cryptbloom,Blackfire Torch > Shadowflame > Cryptbloom,external_reference > external_reference > external_reference,False
Taliyah,JUNGLE,16.19,ok,,https://www.onetricks.gg/champions/builds/Taliyah?role=jungle,2026-10-01T19:12:26.791972+00:00,Blackfire Torch > Shadowflame,Blackfire Torch > Shadowflame > Rabadon's Deathcap,Blackfire Torch > Shadowflame > Rabadon's Deathcap,sampled_observations > sampled_observations > external_reference,False
Taliyah,MIDDLE,16.19,ok,,https://www.onetricks.gg/champions/builds/Taliyah,2026-10-01T18:26:20.907711+00:00,Blackfire Torch > Cosmic Drive,Blackfire Torch > Cosmic Drive > Cryptbloom,Blackfire Torch > Cosmic Drive > Cryptbloom,sampled_observations > external_reference > external_reference,False
Taliyah,BOTTOM,16.19,ok,,https://www.onetricks.gg/champions/builds/Taliyah?role=bot,2026-10-01T19:12:27.231075+00:00,Blackfire Torch > Rylai's Crystal Scepter,Blackfire Torch > Hextech Rocketbelt > Cryptbloom,Blackfire Torch > Rylai's Crystal Scepter > Cryptbloom,limited_observations > external_reference > external_reference,True
Taliyah,UTILITY,16.19,ok,,https://www.onetricks.gg/champions/builds/Taliyah?role=supp,2026-10-01T19:12:34.958431+00:00,Imperial Mandate,Imperial Mandate > Hextech Rocketbelt > Malignance,Imperial Mandate > Rylai's Crystal Scepter > Malignance,external_reference > external_reference > mechanical_estimate,True
Talon,TOP,16.19,ok,,https://www.onetricks.gg/champions/builds/Talon?role=top,2026-10-01T19:12:34.887886+00:00,Eclipse > Black Cleaver,Umbral Glaive > Bastionbreaker > Youmuu's Ghostblade,Eclipse > Black Cleaver > Essence Reaver,external_reference > external_reference > mechanical_estimate,True
Talon,JUNGLE,16.19,ok,,https://www.onetricks.gg/champions/builds/Talon,2026-10-01T18:26:21.261112+00:00,Umbral Glaive > Bastionbreaker,Umbral Glaive > Bastionbreaker > Voltaic Cyclosword,Umbral Glaive > Bastionbreaker > Voltaic Cyclosword,sampled_observations > sampled_observations > sampled_observations,False
Talon,MIDDLE,16.19,ok,,https://www.onetricks.gg/champions/builds/Talon?role=mid,2026-10-01T19:12:36.269274+00:00,Umbral Glaive > Bastionbreaker,Umbral Glaive > Bastionbreaker > Youmuu's Ghostblade,Umbral Glaive > Bastionbreaker > Youmuu's Ghostblade,sampled_observations > external_reference > external_reference,False
Talon,BOTTOM,16.19,ok,,https://www.onetricks.gg/champions/builds/Talon?role=bot,2026-10-01T19:12:34.489730+00:00,Hubris > Axiom Arc,Hubris > Axiom Arc > Serylda's Grudge,Hubris > Axiom Arc > Death's Dance,external_reference > external_reference > external_reference,True
Talon,UTILITY,16.19,no_same_patch_routes,,https://www.onetricks.gg/champions/builds/Talon?role=supp,2026-10-01T19:12:34.721891+00:00,,Axiom Arc > Umbral Glaive > Essence Reaver,Axiom Arc > Umbral Glaive > Essence Reaver,mechanical_estimate > mechanical_estimate > mechanical_estimate,False
Taric,TOP,16.19,ok,,https://www.onetricks.gg/champions/builds/Taric?role=top,2026-10-01T19:12:34.776270+00:00,Iceborn Gauntlet > Knight's Vow,Iceborn Gauntlet > Knight's Vow > Winter's Approach,Iceborn Gauntlet > Knight's Vow > Winter's Approach,external_reference > external_reference > mechanical_estimate,False
Taric,JUNGLE,16.19,ok,,https://www.onetricks.gg/champions/builds/Taric?role=jungle,2026-10-01T19:12:41.132808+00:00,Rod of Ages > Dead Man's Plate,"Rod of Ages > Bandlepipes > Jak'Sho, The Protean",Rod of Ages > Dead Man's Plate > Bandlepipes,limited_observations > external_reference > external_reference,True
Taric,MIDDLE,16.19,ok,,https://www.onetricks.gg/champions/builds/Taric?role=mid,2026-10-01T19:12:41.238618+00:00,Hollow Radiance > Spirit Visage,Hollow Radiance > Spirit Visage > Winter's Approach,Hollow Radiance > Spirit Visage > Winter's Approach,external_reference > external_reference > external_reference,False
Taric,BOTTOM,16.19,ok,,https://www.onetricks.gg/champions/builds/Taric?role=bot,2026-10-01T19:12:41.466458+00:00,Iceborn Gauntlet > Winter's Approach,Iceborn Gauntlet > Winter's Approach > Frozen Heart,Iceborn Gauntlet > Winter's Approach > Frozen Heart,external_reference > external_reference > external_reference,False
Taric,UTILITY,16.19,ok,,https://www.onetricks.gg/champions/builds/Taric,2026-10-01T18:29:48.718287+00:00,Locket of the Iron Solari,Locket of the Iron Solari > Winter's Approach > Echoes of Helia,Locket of the Iron Solari > Knight's Vow > Echoes of Helia,sampled_observations > external_reference > mechanical_estimate,True
Teemo,TOP,16.19,ok,,https://www.onetricks.gg/champions/builds/Teemo,2026-10-01T18:26:28.068103+00:00,Statikk Shiv > Liandry's Torment,Statikk Shiv > Liandry's Torment > Malignance,Statikk Shiv > Liandry's Torment > Malignance,sampled_observations > limited_observations > limited_observations,False
Teemo,JUNGLE,16.19,ok,,https://www.onetricks.gg/champions/builds/Teemo?role=jungle,2026-10-01T19:12:41.393133+00:00,Statikk Shiv > Dusk and Dawn,Statikk Shiv > Dusk and Dawn > Bloodletter's Curse,Statikk Shiv > Dusk and Dawn > Bloodletter's Curse,external_reference > external_reference > external_reference,False
Teemo,MIDDLE,16.19,ok,,https://www.onetricks.gg/champions/builds/Teemo?role=mid,2026-10-01T19:12:41.385731+00:00,Statikk Shiv > Riftmaker,Statikk Shiv > Malignance > Hextech Gunblade,Statikk Shiv > Riftmaker > Essence Reaver,external_reference > external_reference > mechanical_estimate,True
Teemo,BOTTOM,16.19,no_same_patch_routes,,https://www.onetricks.gg/champions/builds/Teemo?role=bot,2026-10-01T19:12:41.320200+00:00,,Essence Reaver > Infinity Edge > Hextech Gunblade,Essence Reaver > Infinity Edge > Hextech Gunblade,mechanical_estimate > mechanical_estimate > mechanical_estimate,False
Teemo,UTILITY,16.19,ok,,https://www.onetricks.gg/champions/builds/Teemo?role=supp,2026-10-01T19:12:48.023168+00:00,Liandry's Torment,Liandry's Torment > Malignance > Hextech Gunblade,Liandry's Torment > Malignance > Hextech Gunblade,external_reference > external_reference > mechanical_estimate,False
Thresh,TOP,16.19,setup_only,,https://www.onetricks.gg/champions/builds/Thresh?role=top,2026-10-01T19:12:48.177804+00:00,,Winter's Approach > Protoplasm Harness > Dusk and Dawn,Winter's Approach > Protoplasm Harness > Dusk and Dawn,mechanical_estimate > mechanical_estimate > mechanical_estimate,False
Thresh,JUNGLE,16.19,no_same_patch_routes,,https://www.onetricks.gg/champions/builds/Thresh?role=jungle,2026-10-01T19:12:47.946159+00:00,,Winter's Approach > Protoplasm Harness > Dusk and Dawn,Winter's Approach > Protoplasm Harness > Dusk and Dawn,mechanical_estimate > mechanical_estimate > mechanical_estimate,False
Thresh,MIDDLE,16.19,no_same_patch_routes,,https://www.onetricks.gg/champions/builds/Thresh?role=mid,2026-10-01T19:12:48.296684+00:00,,Winter's Approach > Protoplasm Harness > Dusk and Dawn,Winter's Approach > Protoplasm Harness > Dusk and Dawn,mechanical_estimate > mechanical_estimate > mechanical_estimate,False
Thresh,BOTTOM,16.19,no_same_patch_routes,,https://www.onetricks.gg/champions/builds/Thresh?role=bot,2026-10-01T19:12:47.841866+00:00,,Winter's Approach > Protoplasm Harness > Dusk and Dawn,Winter's Approach > Protoplasm Harness > Dusk and Dawn,mechanical_estimate > mechanical_estimate > mechanical_estimate,False
Thresh,UTILITY,16.19,ok,,https://www.onetricks.gg/champions/builds/Thresh,2026-10-01T18:26:28.176311+00:00,Locket of the Iron Solari,Locket of the Iron Solari > Knight's Vow > Bandlepipes,Locket of the Iron Solari > Knight's Vow > Bandlepipes,sampled_observations > sampled_observations > sampled_observations,False
Tristana,TOP,16.19,ok,,https://www.onetricks.gg/champions/builds/Tristana?role=top,2026-10-01T19:12:47.754373+00:00,Yun Tal Wildarrows > Infinity Edge,Yun Tal Wildarrows > Infinity Edge > Lord Dominik's Regards,Yun Tal Wildarrows > Infinity Edge > Lord Dominik's Regards,limited_observations > external_reference > external_reference,False
Tristana,JUNGLE,16.19,no_same_patch_routes,,https://www.onetricks.gg/champions/builds/Tristana?role=jungle,2026-10-01T19:12:54.240267+00:00,,Essence Reaver > Infinity Edge > Hextech Gunblade,Essence Reaver > Infinity Edge > Hextech Gunblade,mechanical_estimate > mechanical_estimate > mechanical_estimate,False
Tristana,MIDDLE,16.19,ok,,https://www.onetricks.gg/champions/builds/Tristana?role=mid,2026-10-01T19:12:53.974892+00:00,Yun Tal Wildarrows > Infinity Edge,Yun Tal Wildarrows > Infinity Edge > Lord Dominik's Regards,Yun Tal Wildarrows > Infinity Edge > Lord Dominik's Regards,sampled_observations > sampled_observations > external_reference,False
Tristana,BOTTOM,16.19,ok,,https://www.onetricks.gg/champions/builds/Tristana,2026-10-01T18:26:34.211289+00:00,Yun Tal Wildarrows > Infinity Edge,Yun Tal Wildarrows > Infinity Edge > Navori Flickerblade,Yun Tal Wildarrows > Infinity Edge > Navori Flickerblade,sampled_observations > sampled_observations > sampled_observations,False
Tristana,UTILITY,16.19,ok,,https://www.onetricks.gg/champions/builds/Tristana?role=supp,2026-10-01T19:12:54.172912+00:00,The Collector,The Collector > Infinity Edge > Essence Reaver,The Collector > Infinity Edge > Essence Reaver,external_reference > external_reference > mechanical_estimate,False
Trundle,TOP,16.19,ok,,https://www.onetricks.gg/champions/builds/Trundle,2026-10-01T18:26:34.594863+00:00,Ravenous Hydra > Blade of The Ruined King,Ravenous Hydra > Trinity Force > Hullbreaker,Ravenous Hydra > Blade of The Ruined King > Hullbreaker,sampled_observations > external_reference > external_reference,True
Trundle,JUNGLE,16.19,ok,,https://www.onetricks.gg/champions/builds/Trundle?role=jungle,2026-10-01T19:12:53.997383+00:00,Trinity Force > Dead Man's Plate,Trinity Force > Titanic Hydra > Blade of The Ruined King,Trinity Force > Dead Man's Plate > Spirit Visage,limited_observations > external_reference > external_reference,True
Trundle,MIDDLE,16.19,ok,,https://www.onetricks.gg/champions/builds/Trundle?role=mid,2026-10-01T19:12:54.311586+00:00,Ravenous Hydra > Trinity Force,Ravenous Hydra > Trinity Force > Hullbreaker,Ravenous Hydra > Trinity Force > Hullbreaker,external_reference > external_reference > external_reference,False
Trundle,BOTTOM,16.19,ok,,https://www.onetricks.gg/champions/builds/Trundle?role=bot,2026-10-01T19:12:54.660463+00:00,Trinity Force > Blade of The Ruined King,Trinity Force > Blade of The Ruined King > Titanic Hydra,Trinity Force > Blade of The Ruined King > Titanic Hydra,external_reference > external_reference > external_reference,False
Trundle,UTILITY,16.19,ok,,https://www.onetricks.gg/champions/builds/Trundle?role=supp,2026-10-01T19:12:59.269793+00:00,Trinity Force,Trinity Force > Blade of The Ruined King > Sundered Sky,Trinity Force > Blade of The Ruined King > Sundered Sky,external_reference > external_reference > mechanical_estimate,False
Tryndamere,TOP,16.19,ok,,https://www.onetricks.gg/champions/builds/Tryndamere,2026-10-01T18:26:34.463328+00:00,Ravenous Hydra > Yun Tal Wildarrows,Ravenous Hydra > Yun Tal Wildarrows > Infinity Edge,Ravenous Hydra > Yun Tal Wildarrows > Infinity Edge,sampled_observations > sampled_observations > external_reference,False
Tryndamere,JUNGLE,16.19,ok,,https://www.onetricks.gg/champions/builds/Tryndamere?role=jungle,2026-10-01T19:12:58.970639+00:00,Ravenous Hydra > Mortal Reminder,Ravenous Hydra > Phantom Dancer > Infinity Edge,Ravenous Hydra > Navori Flickerblade > Lord Dominik's Regards,external_reference > external_reference > external_reference,True
Tryndamere,MIDDLE,16.19,ok,,https://www.onetricks.gg/champions/builds/Tryndamere?role=mid,2026-10-01T19:12:58.874458+00:00,Ravenous Hydra > Yun Tal Wildarrows,Ravenous Hydra > Yun Tal Wildarrows > Infinity Edge,Ravenous Hydra > Yun Tal Wildarrows > Infinity Edge,limited_observations > external_reference > external_reference,False
Tryndamere,BOTTOM,16.19,ok,,https://www.onetricks.gg/champions/builds/Tryndamere?role=bot,2026-10-01T19:12:59.315944+00:00,Ravenous Hydra > Yun Tal Wildarrows,Ravenous Hydra > Yun Tal Wildarrows > Infinity Edge,Ravenous Hydra > Yun Tal Wildarrows > Infinity Edge,external_reference > external_reference > external_reference,False
Tryndamere,UTILITY,16.19,ok,,https://www.onetricks.gg/champions/builds/Tryndamere?role=supp,2026-10-01T19:12:59.233322+00:00,Umbral Glaive,Umbral Glaive > Phantom Dancer > Infinity Edge,Umbral Glaive > Phantom Dancer > Infinity Edge,external_reference > external_reference > mechanical_estimate,False
TwistedFate,TOP,16.19,ok,,https://www.onetricks.gg/champions/builds/TwistedFate?role=top,2026-10-01T19:12:59.176423+00:00,Rod of Ages > Lich Bane,Kraken Slayer > Yun Tal Wildarrows > Lord Dominik's Regards,Kraken Slayer > Yun Tal Wildarrows > Rapid Firecannon,limited_observations > external_reference > external_reference,True
TwistedFate,JUNGLE,16.19,no_same_patch_routes,,https://www.onetricks.gg/champions/builds/TwistedFate?role=jungle,2026-10-01T19:13:07.159393+00:00,,Essence Reaver > Infinity Edge > Hextech Gunblade,Essence Reaver > Infinity Edge > Hextech Gunblade,mechanical_estimate > mechanical_estimate > mechanical_estimate,False
TwistedFate,MIDDLE,16.19,ok,,https://www.onetricks.gg/champions/builds/TwistedFate,2026-10-01T18:26:42.356266+00:00,Rod of Ages > Lich Bane,Rod of Ages > Lich Bane > Rapid Firecannon,Rod of Ages > Lich Bane > Rapid Firecannon,sampled_observations > sampled_observations > sampled_observations,False
TwistedFate,BOTTOM,16.19,ok,,https://www.onetricks.gg/champions/builds/TwistedFate?role=bot,2026-10-01T19:13:07.719965+00:00,Hextech Rocketbelt > Lich Bane,Hextech Rocketbelt > Lich Bane > Rapid Firecannon,Hextech Rocketbelt > Lich Bane > Rapid Firecannon,external_reference > external_reference > external_reference,False
TwistedFate,UTILITY,16.19,no_same_patch_routes,,https://www.onetricks.gg/champions/builds/TwistedFate?role=supp,2026-10-01T19:13:07.158756+00:00,,Essence Reaver > Hextech Gunblade > Infinity Edge,Essence Reaver > Hextech Gunblade > Infinity Edge,mechanical_estimate > mechanical_estimate > mechanical_estimate,False
Twitch,TOP,16.19,ok,,https://www.onetricks.gg/champions/builds/Twitch?role=top,2026-10-01T19:13:07.089999+00:00,Yun Tal Wildarrows > Infinity Edge,Yun Tal Wildarrows > Infinity Edge > Runaan's Hurricane,Yun Tal Wildarrows > Infinity Edge > Runaan's Hurricane,external_reference > external_reference > external_reference,False
Twitch,JUNGLE,16.19,ok,,https://www.onetricks.gg/champions/builds/Twitch?role=jungle,2026-10-01T19:13:07.009703+00:00,The Collector > Fiendhunter Bolts,The Collector > Fiendhunter Bolts > Infinity Edge,The Collector > Fiendhunter Bolts > Infinity Edge,external_reference > external_reference > external_reference,False
Twitch,MIDDLE,16.19,ok,,https://www.onetricks.gg/champions/builds/Twitch?role=mid,2026-10-01T19:13:07.571122+00:00,Nashor's Tooth > Rabadon's Deathcap,Nashor's Tooth > Rabadon's Deathcap > Essence Reaver,Nashor's Tooth > Rabadon's Deathcap > Essence Reaver,external_reference > external_reference > mechanical_estimate,False
Twitch,BOTTOM,16.19,ok,,https://www.onetricks.gg/champions/builds/Twitch,2026-10-01T18:26:42.400161+00:00,The Collector > Fiendhunter Bolts,Yun Tal Wildarrows > Infinity Edge > Runaan's Hurricane,The Collector > Fiendhunter Bolts > Infinity Edge,sampled_observations > limited_observations > limited_observations,True
Twitch,UTILITY,16.19,ok,,https://www.onetricks.gg/champions/builds/Twitch?role=supp,2026-10-01T19:13:13.525252+00:00,The Collector,The Collector > Infinity Edge > Essence Reaver,The Collector > Infinity Edge > Essence Reaver,external_reference > external_reference > mechanical_estimate,False
Udyr,TOP,16.19,ok,,https://www.onetricks.gg/champions/builds/Udyr?role=top,2026-10-01T19:13:13.018080+00:00,Riftmaker > Winter's Approach,Riftmaker > Winter's Approach > Dusk and Dawn,Riftmaker > Winter's Approach > Dead Man's Plate,external_reference > external_reference > external_reference,True
Udyr,JUNGLE,16.19,ok,,https://www.onetricks.gg/champions/builds/Udyr,2026-10-01T18:26:42.450632+00:00,Spear of Shojin > Death's Dance,Spear of Shojin > Experimental Hexplate > Death's Dance,Spear of Shojin > Death's Dance > Maw of Malmortius,sampled_observations > external_reference > external_reference,True
Udyr,MIDDLE,16.19,ok,,https://www.onetricks.gg/champions/builds/Udyr?role=mid,2026-10-01T19:13:13.122241+00:00,Riftmaker > Winter's Approach,Dusk and Dawn > Spirit Visage > Warmog's Armor,Riftmaker > Winter's Approach > Frozen Heart,external_reference > external_reference > external_reference,True
Udyr,BOTTOM,16.19,ok,,https://www.onetricks.gg/champions/builds/Udyr?role=bot,2026-10-01T19:13:12.984243+00:00,Hextech Rocketbelt > Liandry's Torment,Hextech Rocketbelt > Liandry's Torment > Warmog's Armor,Hextech Rocketbelt > Liandry's Torment > Warmog's Armor,external_reference > external_reference > mechanical_estimate,False
Udyr,UTILITY,16.19,ok,,https://www.onetricks.gg/champions/builds/Udyr?role=supp,2026-10-01T19:13:13.232186+00:00,Randuin's Omen,Bandlepipes > Locket of the Iron Solari > Warmog's Armor,Bandlepipes > Locket of the Iron Solari > Warmog's Armor,external_reference > external_reference > mechanical_estimate,False
Urgot,TOP,16.19,ok,,https://www.onetricks.gg/champions/builds/Urgot,2026-10-01T18:26:48.747528+00:00,Black Cleaver > Sterak's Gage,Black Cleaver > Sterak's Gage > Dead Man's Plate,Black Cleaver > Sterak's Gage > Dead Man's Plate,sampled_observations > sampled_observations > sampled_observations,False
Urgot,JUNGLE,16.19,ok,,https://www.onetricks.gg/champions/builds/Urgot?role=jungle,2026-10-01T19:13:13.252688+00:00,Black Cleaver > Sterak's Gage,Black Cleaver > Sterak's Gage > Essence Reaver,Black Cleaver > Sterak's Gage > Essence Reaver,external_reference > external_reference > mechanical_estimate,False
Urgot,MIDDLE,16.19,ok,,https://www.onetricks.gg/champions/builds/Urgot?role=mid,2026-10-01T19:13:20.019881+00:00,Black Cleaver > Sterak's Gage,Black Cleaver > Sterak's Gage > Dead Man's Plate,"Black Cleaver > Sterak's Gage > Jak'Sho, The Protean",external_reference > external_reference > external_reference,True
Urgot,BOTTOM,16.19,no_same_patch_routes,,https://www.onetricks.gg/champions/builds/Urgot?role=bot,2026-10-01T19:13:20.278118+00:00,,Essence Reaver > Winter's Approach > Warmog's Armor,Essence Reaver > Winter's Approach > Warmog's Armor,mechanical_estimate > mechanical_estimate > mechanical_estimate,False
Urgot,UTILITY,16.19,ok,,https://www.onetricks.gg/champions/builds/Urgot?role=supp,2026-10-01T19:13:20.525345+00:00,Black Cleaver,Black Cleaver > Knight's Vow > Winter's Approach,Black Cleaver > Knight's Vow > Winter's Approach,external_reference > external_reference > mechanical_estimate,False
Varus,TOP,16.19,ok,,https://www.onetricks.gg/champions/builds/Varus?role=top,2026-10-01T19:13:19.862637+00:00,Experimental Hexplate > Dusk and Dawn,Experimental Hexplate > Dusk and Dawn > Infinity Edge,Experimental Hexplate > Dusk and Dawn > Infinity Edge,sampled_observations > external_reference > mechanical_estimate,False
Varus,JUNGLE,16.19,no_same_patch_routes,,https://www.onetricks.gg/champions/builds/Varus?role=jungle,2026-10-01T19:13:20.151096+00:00,,Essence Reaver > Infinity Edge > Hexoptics C44,Essence Reaver > Infinity Edge > Hexoptics C44,mechanical_estimate > mechanical_estimate > mechanical_estimate,False
Varus,MIDDLE,16.19,ok,,https://www.onetricks.gg/champions/builds/Varus?role=mid,2026-10-01T19:13:19.851275+00:00,Nashor's Tooth > Zhonya's Hourglass,Nashor's Tooth > Stormsurge > Essence Reaver,Nashor's Tooth > Stormsurge > Essence Reaver,external_reference > external_reference > mechanical_estimate,False
Varus,BOTTOM,16.19,ok,,https://www.onetricks.gg/champions/builds/Varus,2026-10-01T18:26:48.882841+00:00,Statikk Shiv > Guinsoo's Rageblade,Statikk Shiv > Guinsoo's Rageblade > Terminus,Statikk Shiv > Guinsoo's Rageblade > Terminus,sampled_observations > sampled_observations > sampled_observations,False
Varus,UTILITY,16.19,no_same_patch_routes,,https://www.onetricks.gg/champions/builds/Varus?role=supp,2026-10-01T19:13:25.743330+00:00,,Essence Reaver > Infinity Edge > Hexoptics C44,Essence Reaver > Infinity Edge > Hexoptics C44,mechanical_estimate > mechanical_estimate > mechanical_estimate,False
Vayne,TOP,16.19,ok,,https://www.onetricks.gg/champions/builds/Vayne?role=top,2026-10-01T19:13:25.686153+00:00,Experimental Hexplate > Essence Reaver,Experimental Hexplate > Essence Reaver > Yun Tal Wildarrows,Experimental Hexplate > Essence Reaver > Lord Dominik's Regards,sampled_observations > external_reference > external_reference,True
Vayne,JUNGLE,16.19,ok,,https://www.onetricks.gg/champions/builds/Vayne?role=jungle,2026-10-01T19:13:25.804515+00:00,Kraken Slayer > Guinsoo's Rageblade,Kraken Slayer > Stormrazor > Lord Dominik's Regards,Kraken Slayer > Guinsoo's Rageblade > Terminus,external_reference > external_reference > external_reference,True
Vayne,MIDDLE,16.19,ok,,https://www.onetricks.gg/champions/builds/Vayne?role=mid,2026-10-01T19:13:26.423798+00:00,Experimental Hexplate > Essence Reaver,Essence Reaver > The Collector > Lord Dominik's Regards,Experimental Hexplate > Essence Reaver > Stormrazor,external_reference > external_reference > external_reference,True
Vayne,BOTTOM,16.19,ok,,https://www.onetricks.gg/champions/builds/Vayne,2026-10-01T18:26:48.642294+00:00,Kraken Slayer > Guinsoo's Rageblade,Essence Reaver > Experimental Hexplate > Voltaic Cyclosword,Kraken Slayer > Guinsoo's Rageblade > Terminus,external_reference > external_reference > external_reference,True
Vayne,UTILITY,16.19,no_same_patch_routes,,https://www.onetricks.gg/champions/builds/Vayne?role=supp,2026-10-01T19:13:25.634229+00:00,,Essence Reaver > Infinity Edge > Hexoptics C44,Essence Reaver > Infinity Edge > Hexoptics C44,mechanical_estimate > mechanical_estimate > mechanical_estimate,False
Veigar,TOP,16.19,ok,,https://www.onetricks.gg/champions/builds/Veigar?role=top,2026-10-01T19:13:26.103655+00:00,Rod of Ages > Shurelya's Battlesong,Rod of Ages > Archangel's Staff > Cryptbloom,Rod of Ages > Shurelya's Battlesong > Cryptbloom,external_reference > external_reference > external_reference,True
Veigar,JUNGLE,16.19,no_same_patch_routes,,https://www.onetricks.gg/champions/builds/Veigar?role=jungle,2026-10-01T19:13:33.758487+00:00,,Malignance > Lich Bane > Cryptbloom,Malignance > Lich Bane > Cryptbloom,mechanical_estimate > mechanical_estimate > mechanical_estimate,False
Veigar,MIDDLE,16.19,ok,,https://www.onetricks.gg/champions/builds/Veigar,2026-10-01T18:26:55.793607+00:00,Rod of Ages > Rabadon's Deathcap,Luden's Echo > Void Staff > Rabadon's Deathcap,Rod of Ages > Rabadon's Deathcap > Archangel's Staff,sampled_observations > external_reference > external_reference,True
Veigar,BOTTOM,16.19,ok,,https://www.onetricks.gg/champions/builds/Veigar?role=bot,2026-10-01T19:13:33.704597+00:00,Luden's Echo > Rabadon's Deathcap,Luden's Echo > Rabadon's Deathcap > Void Staff,Luden's Echo > Rabadon's Deathcap > Void Staff,sampled_observations > external_reference > external_reference,False
Veigar,UTILITY,16.19,ok,,https://www.onetricks.gg/champions/builds/Veigar?role=supp,2026-10-01T19:13:33.816679+00:00,Locket of the Iron Solari,Shurelya's Battlesong > Locket of the Iron Solari > Malignance,Locket of the Iron Solari > Shurelya's Battlesong > Malignance,external_reference > external_reference > mechanical_estimate,True
Velkoz,TOP,16.19,ok,,https://www.onetricks.gg/champions/builds/Velkoz?role=top,2026-10-01T19:13:33.980872+00:00,Blackfire Torch > Zhonya's Hourglass,Blackfire Torch > Horizon Focus > Liandry's Torment,Blackfire Torch > Cosmic Drive > Stormsurge,external_reference > external_reference > external_reference,True
Velkoz,JUNGLE,16.19,no_same_patch_routes,,https://www.onetricks.gg/champions/builds/Velkoz?role=jungle,2026-10-01T19:13:33.703760+00:00,,Malignance > Lich Bane > Horizon Focus,Malignance > Lich Bane > Horizon Focus,mechanical_estimate > mechanical_estimate > mechanical_estimate,False
Velkoz,MIDDLE,16.19,ok,,https://www.onetricks.gg/champions/builds/Velkoz?role=mid,2026-10-01T19:13:34.271497+00:00,Blackfire Torch > Horizon Focus,Blackfire Torch > Horizon Focus > Liandry's Torment,Blackfire Torch > Horizon Focus > Liandry's Torment,external_reference > external_reference > external_reference,False
Velkoz,BOTTOM,16.19,ok,,https://www.onetricks.gg/champions/builds/Velkoz,2026-10-01T18:26:55.596970+00:00,Blackfire Torch > Horizon Focus,Blackfire Torch > Horizon Focus > Rabadon's Deathcap,Blackfire Torch > Horizon Focus > Rabadon's Deathcap,sampled_observations > external_reference > external_reference,False
Velkoz,UTILITY,16.19,ok,,https://www.onetricks.gg/champions/builds/Velkoz?role=supp,2026-10-01T19:13:43.173396+00:00,Shurelya's Battlesong,Luden's Echo > Horizon Focus > Malignance,Luden's Echo > Horizon Focus > Malignance,sampled_observations > external_reference > mechanical_estimate,False
Vex,TOP,16.19,ok,,https://www.onetricks.gg/champions/builds/Vex?role=top,2026-10-01T19:13:43.132600+00:00,Luden's Echo > Stormsurge,Luden's Echo > Stormsurge > Void Staff,Luden's Echo > Stormsurge > Void Staff,external_reference > external_reference > external_reference,False
Vex,JUNGLE,16.19,no_same_patch_routes,,https://www.onetricks.gg/champions/builds/Vex?role=jungle,2026-10-01T19:13:42.692514+00:00,,Malignance > Lich Bane > Cosmic Drive,Malignance > Lich Bane > Cosmic Drive,mechanical_estimate > mechanical_estimate > mechanical_estimate,False
Vex,MIDDLE,16.19,ok,,https://www.onetricks.gg/champions/builds/Vex,2026-10-01T18:26:55.456877+00:00,Luden's Echo > Shadowflame,Luden's Echo > Shadowflame > Rabadon's Deathcap,Luden's Echo > Shadowflame > Rabadon's Deathcap,sampled_observations > limited_observations > external_reference,False
Vex,BOTTOM,16.19,ok,,https://www.onetricks.gg/champions/builds/Vex?role=bot,2026-10-01T19:13:42.889824+00:00,Luden's Echo > Shadowflame,Luden's Echo > Shadowflame > Malignance,Luden's Echo > Shadowflame > Malignance,external_reference > external_reference > mechanical_estimate,False
Vex,UTILITY,16.19,ok,,https://www.onetricks.gg/champions/builds/Vex?role=supp,2026-10-01T19:13:43.625067+00:00,Luden's Echo,Luden's Echo > Stormsurge > Malignance,Luden's Echo > Stormsurge > Malignance,external_reference > external_reference > mechanical_estimate,False
Vi,TOP,16.19,ok,,https://www.onetricks.gg/champions/builds/Vi?role=top,2026-10-01T19:13:43.420509+00:00,Voltaic Cyclosword > The Collector,Voltaic Cyclosword > The Collector > Lord Dominik's Regards,Voltaic Cyclosword > The Collector > Lord Dominik's Regards,external_reference > external_reference > external_reference,False
Vi,JUNGLE,16.19,ok,,https://www.onetricks.gg/champions/builds/Vi,2026-10-01T18:27:02.419354+00:00,Trinity Force > Black Cleaver,Trinity Force > Black Cleaver > Guardian Angel,Trinity Force > Black Cleaver > Death's Dance,sampled_observations > sampled_observations > sampled_observations,True
Vi,MIDDLE,16.19,ok,,https://www.onetricks.gg/champions/builds/Vi?role=mid,2026-10-01T19:13:48.713414+00:00,Trinity Force > Manamune,Trinity Force > Manamune > Black Cleaver,Trinity Force > Manamune > Black Cleaver,external_reference > external_reference > mechanical_estimate,False
Vi,BOTTOM,16.19,ok,,https://www.onetricks.gg/champions/builds/Vi?role=bot,2026-10-01T19:13:49.007938+00:00,Voltaic Cyclosword > The Collector,Voltaic Cyclosword > The Collector > Death's Dance,Voltaic Cyclosword > The Collector > Death's Dance,external_reference > external_reference > external_reference,False
Vi,UTILITY,16.19,ok,,https://www.onetricks.gg/champions/builds/Vi?role=supp,2026-10-01T19:13:49.157421+00:00,Trinity Force,Trinity Force > Death's Dance > Sundered Sky,Trinity Force > Death's Dance > Sundered Sky,external_reference > external_reference > mechanical_estimate,False
Viego,TOP,16.19,ok,,https://www.onetricks.gg/champions/builds/Viego?role=top,2026-10-01T19:13:48.859968+00:00,Kraken Slayer > Titanic Hydra,Kraken Slayer > Immortal Shieldbow > Lord Dominik's Regards,Kraken Slayer > Titanic Hydra > Terminus,external_reference > external_reference > external_reference,True
Viego,JUNGLE,16.19,ok,,https://www.onetricks.gg/champions/builds/Viego,2026-10-01T18:27:02.092939+00:00,Kraken Slayer > The Collector,Kraken Slayer > The Collector > Immortal Shieldbow,Kraken Slayer > The Collector > Immortal Shieldbow,sampled_observations > sampled_observations > sampled_observations,False
Viego,MIDDLE,16.19,ok,,https://www.onetricks.gg/champions/builds/Viego?role=mid,2026-10-01T19:13:48.858855+00:00,Kraken Slayer > Immortal Shieldbow,Kraken Slayer > Immortal Shieldbow > Infinity Edge,Kraken Slayer > Immortal Shieldbow > Infinity Edge,limited_observations > external_reference > mechanical_estimate,False
Viego,BOTTOM,16.19,no_same_patch_routes,,https://www.onetricks.gg/champions/builds/Viego?role=bot,2026-10-01T19:13:49.391532+00:00,,Infinity Edge > Essence Reaver > Hexoptics C44,Infinity Edge > Essence Reaver > Hexoptics C44,mechanical_estimate > mechanical_estimate > mechanical_estimate,False
Viego,UTILITY,16.19,no_same_patch_routes,,https://www.onetricks.gg/champions/builds/Viego?role=supp,2026-10-01T19:13:56.086435+00:00,,Infinity Edge > Essence Reaver > Hexoptics C44,Infinity Edge > Essence Reaver > Hexoptics C44,mechanical_estimate > mechanical_estimate > mechanical_estimate,False
Viktor,TOP,16.19,ok,,https://www.onetricks.gg/champions/builds/Viktor?role=top,2026-10-01T19:13:56.205634+00:00,Blackfire Torch > Liandry's Torment,Blackfire Torch > Hextech Rocketbelt > Void Staff,Blackfire Torch > Liandry's Torment > Cryptbloom,limited_observations > external_reference > external_reference,True
Viktor,JUNGLE,16.19,no_same_patch_routes,,https://www.onetricks.gg/champions/builds/Viktor?role=jungle,2026-10-01T19:13:55.655307+00:00,,Malignance > Lich Bane > Cryptbloom,Malignance > Lich Bane > Cryptbloom,mechanical_estimate > mechanical_estimate > mechanical_estimate,False
Viktor,MIDDLE,16.19,ok,,https://www.onetricks.gg/champions/builds/Viktor,2026-10-01T18:27:02.141785+00:00,Blackfire Torch > Liandry's Torment,Blackfire Torch > Lich Bane > Rabadon's Deathcap,Blackfire Torch > Hextech Rocketbelt > Rabadon's Deathcap,sampled_observations > sampled_observations > external_reference,True
Viktor,BOTTOM,16.19,ok,,https://www.onetricks.gg/champions/builds/Viktor?role=bot,2026-10-01T19:13:55.883874+00:00,Blackfire Torch > Hextech Rocketbelt,Blackfire Torch > Lich Bane > Void Staff,Blackfire Torch > Hextech Rocketbelt > Rabadon's Deathcap,sampled_observations > sampled_observations > sampled_observations,True
Viktor,UTILITY,16.19,ok,,https://www.onetricks.gg/champions/builds/Viktor?role=supp,2026-10-01T19:13:55.686138+00:00,Stormsurge,Stormsurge > Shadowflame > Malignance,Stormsurge > Shadowflame > Malignance,external_reference > external_reference > mechanical_estimate,False
Vladimir,TOP,16.19,ok,,https://www.onetricks.gg/champions/builds/Vladimir?role=top,2026-10-01T19:13:55.655940+00:00,Stormsurge > Liandry's Torment,Cosmic Drive > Riftmaker > Rabadon's Deathcap,Stormsurge > Liandry's Torment > Void Staff,sampled_observations > external_reference > external_reference,True
Vladimir,JUNGLE,16.19,no_same_patch_routes,,https://www.onetricks.gg/champions/builds/Vladimir?role=jungle,2026-10-01T19:14:01.285452+00:00,,Cosmic Drive > Hextech Rocketbelt > Dusk and Dawn,Cosmic Drive > Hextech Rocketbelt > Dusk and Dawn,mechanical_estimate > mechanical_estimate > mechanical_estimate,False
Vladimir,MIDDLE,16.19,ok,,https://www.onetricks.gg/champions/builds/Vladimir,2026-10-01T18:27:08.067180+00:00,Stormsurge > Liandry's Torment,Stormsurge > Liandry's Torment > Void Staff,Stormsurge > Liandry's Torment > Void Staff,sampled_observations > sampled_observations > external_reference,False
Vladimir,BOTTOM,16.19,ok,,https://www.onetricks.gg/champions/builds/Vladimir?role=bot,2026-10-01T19:14:01.028202+00:00,Stormsurge > Liandry's Torment,Stormsurge > Liandry's Torment > Void Staff,Stormsurge > Liandry's Torment > Void Staff,sampled_observations > external_reference > external_reference,False
Vladimir,UTILITY,16.19,ok,,https://www.onetricks.gg/champions/builds/Vladimir?role=supp,2026-10-01T19:14:01.128871+00:00,Hextech Rocketbelt,Hextech Rocketbelt > Cosmic Drive > Cryptbloom,Hextech Rocketbelt > Cosmic Drive > Cryptbloom,external_reference > mechanical_estimate > mechanical_estimate,False
Volibear,TOP,16.19,ok,,https://www.onetricks.gg/champions/builds/Volibear,2026-10-01T18:27:08.159689+00:00,Dusk and Dawn > Navori Flickerblade,Dusk and Dawn > Hullbreaker > Death's Dance,Hextech Gunblade > Statikk Shiv > Terminus,sampled_observations > external_reference > external_reference,True
Volibear,JUNGLE,16.19,ok,,https://www.onetricks.gg/champions/builds/Volibear?role=jungle,2026-10-01T19:14:00.686477+00:00,Dusk and Dawn > Navori Flickerblade,Dusk and Dawn > Black Cleaver > Spirit Visage,Dusk and Dawn > Navori Flickerblade > Spirit Visage,external_reference > external_reference > external_reference,True
Volibear,MIDDLE,16.19,ok,,https://www.onetricks.gg/champions/builds/Volibear?role=mid,2026-10-01T19:14:00.945355+00:00,Dusk and Dawn > Riftmaker,Dusk and Dawn > Riftmaker > Navori Flickerblade,Dusk and Dawn > Riftmaker > Navori Flickerblade,external_reference > external_reference > external_reference,False
Volibear,BOTTOM,16.19,no_same_patch_routes,,https://www.onetricks.gg/champions/builds/Volibear?role=bot,2026-10-01T19:14:01.103921+00:00,,Warmog's Armor > Heartsteel > Winter's Approach,Warmog's Armor > Heartsteel > Winter's Approach,mechanical_estimate > mechanical_estimate > mechanical_estimate,False
Volibear,UTILITY,16.19,ok,,https://www.onetricks.gg/champions/builds/Volibear?role=supp,2026-10-01T19:14:09.639791+00:00,Bandlepipes,Bandlepipes > Locket of the Iron Solari > Warmog's Armor,Bandlepipes > Locket of the Iron Solari > Warmog's Armor,external_reference > external_reference > mechanical_estimate,False
Warwick,TOP,16.19,ok,,https://www.onetricks.gg/champions/builds/Warwick,2026-10-01T18:27:07.962784+00:00,Blade of The Ruined King > Death's Dance,Stridebreaker > Experimental Hexplate > Sterak's Gage,Blade of The Ruined King > Death's Dance > Maw of Malmortius,sampled_observations > external_reference > external_reference,True
Warwick,JUNGLE,16.19,ok,,https://www.onetricks.gg/champions/builds/Warwick?role=jungle,2026-10-01T19:14:08.985939+00:00,Blade of The Ruined King > Terminus,Stridebreaker > Experimental Hexplate > Death's Dance,Blade of The Ruined King > Terminus > Frozen Heart,external_reference > external_reference > external_reference,True
Warwick,MIDDLE,16.19,ok,,https://www.onetricks.gg/champions/builds/Warwick?role=mid,2026-10-01T19:14:09.086738+00:00,Stridebreaker > Kraken Slayer,Stridebreaker > Kraken Slayer > Guardian Angel,Stridebreaker > Kraken Slayer > Guardian Angel,external_reference > external_reference > external_reference,False
Warwick,BOTTOM,16.19,no_same_patch_routes,,https://www.onetricks.gg/champions/builds/Warwick?role=bot,2026-10-01T19:14:09.280687+00:00,,Essence Reaver > Rod of Ages > Black Cleaver,Essence Reaver > Rod of Ages > Black Cleaver,mechanical_estimate > mechanical_estimate > mechanical_estimate,False
Warwick,UTILITY,16.19,no_same_patch_routes,,https://www.onetricks.gg/champions/builds/Warwick?role=supp,2026-10-01T19:14:09.454645+00:00,,Essence Reaver > Rod of Ages > Sundered Sky,Essence Reaver > Rod of Ages > Sundered Sky,mechanical_estimate > mechanical_estimate > mechanical_estimate,False
MonkeyKing,TOP,16.19,ok,,https://www.onetricks.gg/champions/builds/MonkeyKing?role=top,2026-10-01T19:09:03.440458+00:00,Trinity Force > Black Cleaver,Trinity Force > Black Cleaver > Death's Dance,Trinity Force > Black Cleaver > Death's Dance,external_reference > external_reference > external_reference,False
MonkeyKing,JUNGLE,16.19,ok,,https://www.onetricks.gg/champions/builds/MonkeyKing,2026-10-01T18:24:24.748979+00:00,Trinity Force > Black Cleaver,Trinity Force > Black Cleaver > Death's Dance,Trinity Force > Black Cleaver > Death's Dance,sampled_observations > sampled_observations > sampled_observations,False
MonkeyKing,MIDDLE,16.19,ok,,https://www.onetricks.gg/champions/builds/MonkeyKing?role=mid,2026-10-01T19:09:08.883323+00:00,Profane Hydra > Trinity Force,Trinity Force > Black Cleaver > Death's Dance,Profane Hydra > Trinity Force > Sterak's Gage,external_reference > external_reference > external_reference,True
MonkeyKing,BOTTOM,16.19,ok,,https://www.onetricks.gg/champions/builds/MonkeyKing?role=bot,2026-10-01T19:09:08.589278+00:00,Eclipse > Trinity Force,Trinity Force > Sundered Sky > Black Cleaver,Eclipse > Trinity Force > Black Cleaver,external_reference > external_reference > external_reference,True
MonkeyKing,UTILITY,16.19,ok,,https://www.onetricks.gg/champions/builds/MonkeyKing?role=supp,2026-10-01T19:09:09.068881+00:00,Black Cleaver,Black Cleaver > Zeke's Convergence > Essence Reaver,Black Cleaver > Zeke's Convergence > Essence Reaver,external_reference > external_reference > mechanical_estimate,False
Xayah,TOP,16.19,ok,,https://www.onetricks.gg/champions/builds/Xayah?role=top,2026-10-01T19:14:09.729078+00:00,Stormrazor > Navori Flickerblade,Stormrazor > Infinity Edge > Navori Flickerblade,Stormrazor > Navori Flickerblade > Infinity Edge,external_reference > external_reference > external_reference,True
Xayah,JUNGLE,16.19,no_same_patch_routes,,https://www.onetricks.gg/champions/builds/Xayah?role=jungle,2026-10-01T19:14:14.932208+00:00,,Essence Reaver > Infinity Edge > Hexoptics C44,Essence Reaver > Infinity Edge > Hexoptics C44,mechanical_estimate > mechanical_estimate > mechanical_estimate,False
Xayah,MIDDLE,16.19,ok,,https://www.onetricks.gg/champions/builds/Xayah?role=mid,2026-10-01T19:14:15.048262+00:00,Yun Tal Wildarrows > Navori Flickerblade,Hexoptics C44 > Navori Flickerblade > Infinity Edge,Yun Tal Wildarrows > Navori Flickerblade > Infinity Edge,external_reference > external_reference > external_reference,True
Xayah,BOTTOM,16.19,ok,,https://www.onetricks.gg/champions/builds/Xayah,2026-10-01T18:27:13.417660+00:00,Yun Tal Wildarrows > Infinity Edge,Yun Tal Wildarrows > Infinity Edge > Navori Flickerblade,Yun Tal Wildarrows > Navori Flickerblade > Infinity Edge,sampled_observations > sampled_observations > limited_observations,True
Xayah,UTILITY,16.19,ok,,https://www.onetricks.gg/champions/builds/Xayah?role=supp,2026-10-01T19:14:14.918288+00:00,Stormrazor,Stormrazor > Infinity Edge > Essence Reaver,Stormrazor > Infinity Edge > Essence Reaver,external_reference > external_reference > mechanical_estimate,False
Xerath,TOP,16.19,no_same_patch_routes,,https://www.onetricks.gg/champions/builds/Xerath?role=top,2026-10-01T19:14:15.381402+00:00,,Malignance > Lich Bane > Cryptbloom,Malignance > Lich Bane > Cryptbloom,mechanical_estimate > mechanical_estimate > mechanical_estimate,False
Xerath,JUNGLE,16.19,no_same_patch_routes,,https://www.onetricks.gg/champions/builds/Xerath?role=jungle,2026-10-01T19:14:14.821392+00:00,,Malignance > Lich Bane > Cryptbloom,Malignance > Lich Bane > Cryptbloom,mechanical_estimate > mechanical_estimate > mechanical_estimate,False
Xerath,MIDDLE,16.19,ok,,https://www.onetricks.gg/champions/builds/Xerath,2026-10-01T18:27:13.509318+00:00,Luden's Echo > Shadowflame,Luden's Echo > Shadowflame > Rabadon's Deathcap,Luden's Echo > Shadowflame > Rabadon's Deathcap,sampled_observations > sampled_observations > external_reference,False
Xerath,BOTTOM,16.19,ok,,https://www.onetricks.gg/champions/builds/Xerath?role=bot,2026-10-01T19:14:15.030366+00:00,Luden's Echo > Horizon Focus,Luden's Echo > Horizon Focus > Shadowflame,Luden's Echo > Horizon Focus > Shadowflame,sampled_observations > external_reference > external_reference,False
Xerath,UTILITY,16.19,ok,,https://www.onetricks.gg/champions/builds/Xerath?role=supp,2026-10-01T19:14:21.282931+00:00,Luden's Echo,Luden's Echo > Void Staff > Malignance,Luden's Echo > Void Staff > Malignance,limited_observations > external_reference > mechanical_estimate,False
XinZhao,TOP,16.19,ok,,https://www.onetricks.gg/champions/builds/XinZhao?role=top,2026-10-01T19:14:21.717253+00:00,Black Cleaver > Manamune,Black Cleaver > Titanic Hydra > Manamune,Black Cleaver > Manamune > Death's Dance,external_reference > external_reference > external_reference,True
XinZhao,JUNGLE,16.19,ok,,https://www.onetricks.gg/champions/builds/XinZhao,2026-10-01T18:27:13.526514+00:00,Titanic Hydra > Black Cleaver,Titanic Hydra > Black Cleaver > Death's Dance,Titanic Hydra > Black Cleaver > Death's Dance,sampled_observations > sampled_observations > limited_observations,False
XinZhao,MIDDLE,16.19,ok,,https://www.onetricks.gg/champions/builds/XinZhao?role=mid,2026-10-01T19:14:21.508714+00:00,Voltaic Cyclosword > The Collector,Voltaic Cyclosword > The Collector > Essence Reaver,Voltaic Cyclosword > The Collector > Essence Reaver,external_reference > external_reference > mechanical_estimate,False
XinZhao,BOTTOM,16.19,no_same_patch_routes,,https://www.onetricks.gg/champions/builds/XinZhao?role=bot,2026-10-01T19:14:22.505170+00:00,,Essence Reaver > Rod of Ages > Black Cleaver,Essence Reaver > Rod of Ages > Black Cleaver,mechanical_estimate > mechanical_estimate > mechanical_estimate,False
XinZhao,UTILITY,16.19,ok,,https://www.onetricks.gg/champions/builds/XinZhao?role=supp,2026-10-01T19:14:21.730586+00:00,Eclipse,Eclipse > Titanic Hydra > Essence Reaver,Eclipse > Titanic Hydra > Essence Reaver,external_reference > external_reference > mechanical_estimate,False
Yasuo,TOP,16.19,ok,,https://www.onetricks.gg/champions/builds/Yasuo?role=top,2026-10-01T19:14:21.193365+00:00,Blade of The Ruined King > Immortal Shieldbow,Stormrazor > Immortal Shieldbow > Infinity Edge,Blade of The Ruined King > Immortal Shieldbow > Lord Dominik's Regards,sampled_observations > limited_observations > external_reference,True
Yasuo,JUNGLE,16.19,ok,,https://www.onetricks.gg/champions/builds/Yasuo?role=jungle,2026-10-01T19:14:26.964270+00:00,Immortal Shieldbow > Infinity Edge,Immortal Shieldbow > Infinity Edge > Death's Dance,Immortal Shieldbow > Infinity Edge > Death's Dance,external_reference > external_reference > external_reference,False
Yasuo,MIDDLE,16.19,ok,,https://www.onetricks.gg/champions/builds/Yasuo,2026-10-01T18:27:19.436366+00:00,Immortal Shieldbow > Infinity Edge,Immortal Shieldbow > Infinity Edge > Death's Dance,Immortal Shieldbow > Infinity Edge > Death's Dance,sampled_observations > sampled_observations > sampled_observations,False
Yasuo,BOTTOM,16.19,ok,,https://www.onetricks.gg/champions/builds/Yasuo?role=bot,2026-10-01T19:14:27.547252+00:00,Immortal Shieldbow > Infinity Edge,Stormrazor > Immortal Shieldbow > Infinity Edge,Stormrazor > Immortal Shieldbow > Death's Dance,sampled_observations > limited_observations > external_reference,True
Yasuo,UTILITY,16.19,ok,,https://www.onetricks.gg/champions/builds/Yasuo?role=supp,2026-10-01T19:14:27.530150+00:00,Stormrazor,Stormrazor > Immortal Shieldbow > Yun Tal Wildarrows,Stormrazor > Immortal Shieldbow > Yun Tal Wildarrows,external_reference > external_reference > mechanical_estimate,False
Yone,TOP,16.19,ok,,https://www.onetricks.gg/champions/builds/Yone?role=top,2026-10-01T19:14:27.120461+00:00,Blade of The Ruined King > Immortal Shieldbow,Blade of The Ruined King > Immortal Shieldbow > Infinity Edge,Blade of The Ruined King > Immortal Shieldbow > Infinity Edge,sampled_observations > sampled_observations > sampled_observations,False
Yone,JUNGLE,16.19,ok,,https://www.onetricks.gg/champions/builds/Yone?role=jungle,2026-10-01T19:14:26.962820+00:00,Kraken Slayer > Immortal Shieldbow,Kraken Slayer > Immortal Shieldbow > Infinity Edge,Kraken Slayer > Immortal Shieldbow > Infinity Edge,external_reference > external_reference > external_reference,False
Yone,MIDDLE,16.19,ok,,https://www.onetricks.gg/champions/builds/Yone,2026-10-01T18:27:19.108838+00:00,Immortal Shieldbow > Infinity Edge,Stormrazor > Immortal Shieldbow > Infinity Edge,Immortal Shieldbow > Infinity Edge > Death's Dance,sampled_observations > sampled_observations > sampled_observations,True
Yone,BOTTOM,16.19,ok,,https://www.onetricks.gg/champions/builds/Yone?role=bot,2026-10-01T19:14:27.683316+00:00,Blade of The Ruined King > Immortal Shieldbow,Stormrazor > Immortal Shieldbow > Death's Dance,Immortal Shieldbow > Infinity Edge > Death's Dance,sampled_observations > limited_observations > external_reference,True
Yone,UTILITY,16.19,ok,,https://www.onetricks.gg/champions/builds/Yone?role=supp,2026-10-01T19:14:36.082106+00:00,Stormrazor,Stormrazor > Immortal Shieldbow > Phantom Dancer,Stormrazor > Immortal Shieldbow > Phantom Dancer,external_reference > external_reference > mechanical_estimate,False
Yorick,TOP,16.19,ok,,https://www.onetricks.gg/champions/builds/Yorick,2026-10-01T18:27:19.168320+00:00,Trinity Force > Spear of Shojin,Trinity Force > Spear of Shojin > Sterak's Gage,Trinity Force > Spear of Shojin > Sterak's Gage,sampled_observations > external_reference > external_reference,False
Yorick,JUNGLE,16.19,ok,,https://www.onetricks.gg/champions/builds/Yorick?role=jungle,2026-10-01T19:14:36.082403+00:00,Trinity Force > Black Cleaver,Trinity Force > Black Cleaver > Spirit Visage,Trinity Force > Black Cleaver > Spirit Visage,external_reference > external_reference > external_reference,False
Yorick,MIDDLE,16.19,ok,,https://www.onetricks.gg/champions/builds/Yorick?role=mid,2026-10-01T19:14:36.323184+00:00,Voltaic Cyclosword > Eclipse,Trinity Force > Black Cleaver > Spear of Shojin,Voltaic Cyclosword > Eclipse > Bastionbreaker,external_reference > external_reference > external_reference,True
Yorick,BOTTOM,16.19,ok,,https://www.onetricks.gg/champions/builds/Yorick?role=bot,2026-10-01T19:14:36.212688+00:00,Profane Hydra > Serpent's Fang,Profane Hydra > Winter's Approach > Protoplasm Harness,Profane Hydra > Winter's Approach > Protoplasm Harness,external_reference > mechanical_estimate > mechanical_estimate,False
Yorick,UTILITY,16.19,ok,,https://www.onetricks.gg/champions/builds/Yorick?role=supp,2026-10-01T19:14:35.956447+00:00,Locket of the Iron Solari,Locket of the Iron Solari > Protoplasm Harness > Winter's Approach,Locket of the Iron Solari > Protoplasm Harness > Winter's Approach,external_reference > external_reference > mechanical_estimate,False
Yunara,TOP,16.19,ok,,https://www.onetricks.gg/champions/builds/Yunara?role=top,2026-10-01T19:14:36.379992+00:00,Kraken Slayer > Runaan's Hurricane,Kraken Slayer > Runaan's Hurricane > Infinity Edge,Kraken Slayer > Runaan's Hurricane > Infinity Edge,external_reference > external_reference > external_reference,False
Yunara,JUNGLE,16.19,no_same_patch_routes,,https://www.onetricks.gg/champions/builds/Yunara?role=jungle,2026-10-01T19:14:41.559282+00:00,,Essence Reaver > Infinity Edge > Hextech Gunblade,Essence Reaver > Infinity Edge > Hextech Gunblade,mechanical_estimate > mechanical_estimate > mechanical_estimate,False
Yunara,MIDDLE,16.19,ok,,https://www.onetricks.gg/champions/builds/Yunara?role=mid,2026-10-01T19:14:41.491128+00:00,Kraken Slayer > Runaan's Hurricane,Kraken Slayer > Runaan's Hurricane > Infinity Edge,Kraken Slayer > Runaan's Hurricane > Infinity Edge,external_reference > external_reference > external_reference,False
Yunara,BOTTOM,16.19,ok,,https://www.onetricks.gg/champions/builds/Yunara,2026-10-01T18:27:26.186926+00:00,Kraken Slayer > Runaan's Hurricane,Kraken Slayer > Runaan's Hurricane > Infinity Edge,Kraken Slayer > Runaan's Hurricane > Infinity Edge,sampled_observations > sampled_observations > sampled_observations,False
Yunara,UTILITY,16.19,no_same_patch_routes,,https://www.onetricks.gg/champions/builds/Yunara?role=supp,2026-10-01T19:14:41.572199+00:00,,Essence Reaver > Infinity Edge > Axiom Arc,Essence Reaver > Infinity Edge > Axiom Arc,mechanical_estimate > mechanical_estimate > mechanical_estimate,False
Yuumi,TOP,16.19,no_same_patch_routes,,https://www.onetricks.gg/champions/builds/Yuumi?role=top,2026-10-01T19:14:41.579203+00:00,,Malignance > Cosmic Drive > Horizon Focus,Malignance > Cosmic Drive > Horizon Focus,mechanical_estimate > mechanical_estimate > mechanical_estimate,False
Yuumi,JUNGLE,16.19,no_same_patch_routes,,https://www.onetricks.gg/champions/builds/Yuumi?role=jungle,2026-10-01T19:14:41.655458+00:00,,Malignance > Cosmic Drive > Horizon Focus,Malignance > Cosmic Drive > Horizon Focus,mechanical_estimate > mechanical_estimate > mechanical_estimate,False
Yuumi,MIDDLE,16.19,ok,,https://www.onetricks.gg/champions/builds/Yuumi?role=mid,2026-10-01T19:14:41.576253+00:00,Moonstone Renewer > Whispering Circlet,Moonstone Renewer > Whispering Circlet > Malignance,Moonstone Renewer > Whispering Circlet > Malignance,external_reference > external_reference > mechanical_estimate,False
Yuumi,BOTTOM,16.19,no_same_patch_routes,,https://www.onetricks.gg/champions/builds/Yuumi?role=bot,2026-10-01T19:14:47.838160+00:00,,Malignance > Cosmic Drive > Horizon Focus,Malignance > Cosmic Drive > Horizon Focus,mechanical_estimate > mechanical_estimate > mechanical_estimate,False
Yuumi,UTILITY,16.19,ok,,https://www.onetricks.gg/champions/builds/Yuumi,2026-10-01T18:29:48.648240+00:00,Ardent Censer,Echoes of Helia > Whispering Circlet > Redemption,Ardent Censer > Moonstone Renewer > Echoes of Helia,sampled_observations > external_reference > mechanical_estimate,True
Zaahen,TOP,16.19,ok,,https://www.onetricks.gg/champions/builds/Zaahen,2026-10-01T18:27:26.423752+00:00,Trinity Force > Stridebreaker,,,,False
Zaahen,JUNGLE,16.19,ok,,https://www.onetricks.gg/champions/builds/Zaahen?role=jungle,2026-10-01T19:14:48.570848+00:00,Trinity Force > Sundered Sky,,,,False
Zaahen,MIDDLE,16.19,ok,,https://www.onetricks.gg/champions/builds/Zaahen?role=mid,2026-10-01T19:14:47.987232+00:00,Trinity Force > Stridebreaker,,,,False
Zaahen,BOTTOM,16.19,no_same_patch_routes,,https://www.onetricks.gg/champions/builds/Zaahen?role=bot,2026-10-01T19:14:47.835820+00:00,,,,,False
Zaahen,UTILITY,16.19,ok,,https://www.onetricks.gg/champions/builds/Zaahen?role=supp,2026-10-01T19:14:47.743997+00:00,Youmuu's Ghostblade,,,,False
Zac,TOP,16.19,ok,,https://www.onetricks.gg/champions/builds/Zac?role=top,2026-10-01T19:14:47.551089+00:00,Sunfire Aegis > Spirit Visage,Sunfire Aegis > Riftmaker > Spirit Visage,Sunfire Aegis > Spirit Visage > Thornmail,sampled_observations > external_reference > external_reference,True
Zac,JUNGLE,16.19,ok,,https://www.onetricks.gg/champions/builds/Zac,2026-10-01T18:27:34.118334+00:00,Hextech Rocketbelt > Sunfire Aegis,Hextech Rocketbelt > Sunfire Aegis > Spirit Visage,Hextech Rocketbelt > Sunfire Aegis > Spirit Visage,sampled_observations > sampled_observations > sampled_observations,False
Zac,MIDDLE,16.19,ok,,https://www.onetricks.gg/champions/builds/Zac?role=mid,2026-10-01T19:14:53.713601+00:00,Hextech Rocketbelt > Sunfire Aegis,Hextech Rocketbelt > Sunfire Aegis > Spirit Visage,Hextech Rocketbelt > Sunfire Aegis > Spirit Visage,external_reference > external_reference > external_reference,False
Zac,BOTTOM,16.19,no_same_patch_routes,,https://www.onetricks.gg/champions/builds/Zac?role=bot,2026-10-01T19:14:53.935617+00:00,,Warmog's Armor > Protoplasm Harness > Heartsteel,Warmog's Armor > Protoplasm Harness > Heartsteel,mechanical_estimate > mechanical_estimate > mechanical_estimate,False
Zac,UTILITY,16.19,ok,,https://www.onetricks.gg/champions/builds/Zac?role=supp,2026-10-01T19:14:54.629535+00:00,Locket of the Iron Solari,Locket of the Iron Solari > Spirit Visage > Warmog's Armor,Locket of the Iron Solari > Spirit Visage > Warmog's Armor,external_reference > external_reference > mechanical_estimate,False
Zed,TOP,16.19,ok,,https://www.onetricks.gg/champions/builds/Zed?role=top,2026-10-01T19:14:54.185242+00:00,Voltaic Cyclosword > Bastionbreaker,Voltaic Cyclosword > Bastionbreaker > Serylda's Grudge,Voltaic Cyclosword > Bastionbreaker > Lord Dominik's Regards,sampled_observations > limited_observations > external_reference,True
Zed,JUNGLE,16.19,ok,,https://www.onetricks.gg/champions/builds/Zed?role=jungle,2026-10-01T19:14:53.554741+00:00,Voltaic Cyclosword > Bastionbreaker,Voltaic Cyclosword > Bastionbreaker > Lord Dominik's Regards,Voltaic Cyclosword > Bastionbreaker > Lord Dominik's Regards,sampled_observations > limited_observations > external_reference,False
Zed,MIDDLE,16.19,ok,,https://www.onetricks.gg/champions/builds/Zed,2026-10-01T18:27:33.933830+00:00,Voltaic Cyclosword > Bastionbreaker,Voltaic Cyclosword > Bastionbreaker > Serylda's Grudge,Voltaic Cyclosword > Bastionbreaker > Lord Dominik's Regards,sampled_observations > sampled_observations > sampled_observations,True
Zed,BOTTOM,16.19,ok,,https://www.onetricks.gg/champions/builds/Zed?role=bot,2026-10-01T19:14:53.596578+00:00,Voltaic Cyclosword > Bastionbreaker,Voltaic Cyclosword > Bastionbreaker > Lord Dominik's Regards,Voltaic Cyclosword > Bastionbreaker > Lord Dominik's Regards,external_reference > external_reference > external_reference,False
Zed,UTILITY,16.19,ok,,https://www.onetricks.gg/champions/builds/Zed?role=supp,2026-10-01T19:14:59.955379+00:00,Umbral Glaive,Umbral Glaive > Axiom Arc > Essence Reaver,Umbral Glaive > Axiom Arc > Essence Reaver,external_reference > mechanical_estimate > mechanical_estimate,False
Zeri,TOP,16.19,ok,,https://www.onetricks.gg/champions/builds/Zeri?role=top,2026-10-01T19:14:59.760444+00:00,Stormrazor > Runaan's Hurricane,Stormrazor > Runaan's Hurricane > Infinity Edge,Stormrazor > Runaan's Hurricane > Infinity Edge,external_reference > external_reference > external_reference,False
Zeri,JUNGLE,16.19,ok,,https://www.onetricks.gg/champions/builds/Zeri?role=jungle,2026-10-01T19:15:00.282606+00:00,Stormrazor > Fiendhunter Bolts,Stormrazor > Fiendhunter Bolts > Infinity Edge,Stormrazor > Fiendhunter Bolts > Infinity Edge,external_reference > external_reference > external_reference,False
Zeri,MIDDLE,16.19,ok,,https://www.onetricks.gg/champions/builds/Zeri?role=mid,2026-10-01T19:14:59.824469+00:00,Yun Tal Wildarrows > Runaan's Hurricane,Yun Tal Wildarrows > Runaan's Hurricane > Lord Dominik's Regards,Yun Tal Wildarrows > Runaan's Hurricane > Lord Dominik's Regards,external_reference > external_reference > external_reference,False
Zeri,BOTTOM,16.19,ok,,https://www.onetricks.gg/champions/builds/Zeri,2026-10-01T18:27:34.051322+00:00,Yun Tal Wildarrows > Runaan's Hurricane,Yun Tal Wildarrows > Runaan's Hurricane > Infinity Edge,Yun Tal Wildarrows > Runaan's Hurricane > Infinity Edge,sampled_observations > sampled_observations > sampled_observations,False
Zeri,UTILITY,16.19,no_same_patch_routes,,https://www.onetricks.gg/champions/builds/Zeri?role=supp,2026-10-01T19:15:00.336988+00:00,,Essence Reaver > Malignance > Phantom Dancer,Essence Reaver > Malignance > Phantom Dancer,mechanical_estimate > mechanical_estimate > mechanical_estimate,False
Ziggs,TOP,16.19,ok,,https://www.onetricks.gg/champions/builds/Ziggs?role=top,2026-10-01T19:15:00.368018+00:00,Luden's Echo > Stormsurge,Luden's Echo > Stormsurge > Shadowflame,Luden's Echo > Stormsurge > Shadowflame,external_reference > external_reference > external_reference,False
Ziggs,JUNGLE,16.19,no_same_patch_routes,,https://www.onetricks.gg/champions/builds/Ziggs?role=jungle,2026-10-01T19:15:06.358760+00:00,,Malignance > Lich Bane > Cosmic Drive,Malignance > Lich Bane > Cosmic Drive,mechanical_estimate > mechanical_estimate > mechanical_estimate,False
Ziggs,MIDDLE,16.19,ok,,https://www.onetricks.gg/champions/builds/Ziggs?role=mid,2026-10-01T19:15:06.508459+00:00,Luden's Echo > Stormsurge,Luden's Echo > Stormsurge > Shadowflame,Luden's Echo > Stormsurge > Shadowflame,limited_observations > external_reference > external_reference,False
Ziggs,BOTTOM,16.19,ok,,https://www.onetricks.gg/champions/builds/Ziggs,2026-10-01T18:27:39.672998+00:00,Luden's Echo > Shadowflame,Luden's Echo > Shadowflame > Rabadon's Deathcap,Luden's Echo > Shadowflame > Rabadon's Deathcap,sampled_observations > sampled_observations > sampled_observations,False
Ziggs,UTILITY,16.19,ok,,https://www.onetricks.gg/champions/builds/Ziggs?role=supp,2026-10-01T19:15:07.134897+00:00,Luden's Echo,Luden's Echo > Malignance > Lich Bane,Luden's Echo > Malignance > Lich Bane,external_reference > mechanical_estimate > mechanical_estimate,False
Zilean,TOP,16.19,ok,,https://www.onetricks.gg/champions/builds/Zilean?role=top,2026-10-01T19:15:06.592455+00:00,Archangel's Staff > Hextech Rocketbelt,Archangel's Staff > Hextech Rocketbelt > Lich Bane,Archangel's Staff > Hextech Rocketbelt > Lich Bane,limited_observations > external_reference > mechanical_estimate,False
Zilean,JUNGLE,16.19,no_same_patch_routes,,https://www.onetricks.gg/champions/builds/Zilean?role=jungle,2026-10-01T19:15:07.178493+00:00,,Lich Bane > Archangel's Staff > Horizon Focus,Lich Bane > Archangel's Staff > Horizon Focus,mechanical_estimate > mechanical_estimate > mechanical_estimate,False
Zilean,MIDDLE,16.19,ok,,https://www.onetricks.gg/champions/builds/Zilean?role=mid,2026-10-01T19:15:07.146515+00:00,Archangel's Staff > Cosmic Drive,Archangel's Staff > Cosmic Drive > Horizon Focus,Archangel's Staff > Cosmic Drive > Horizon Focus,limited_observations > external_reference > external_reference,False
Zilean,BOTTOM,16.19,ok,,https://www.onetricks.gg/champions/builds/Zilean?role=bot,2026-10-01T19:15:12.952838+00:00,Archangel's Staff > Cosmic Drive,Archangel's Staff > Cosmic Drive > Lich Bane,Archangel's Staff > Cosmic Drive > Lich Bane,external_reference > external_reference > mechanical_estimate,False
Zilean,UTILITY,16.19,ok,,https://www.onetricks.gg/champions/builds/Zilean,2026-10-01T18:29:59.813222+00:00,Shurelya's Battlesong,Shurelya's Battlesong > Bandlepipes > Echoes of Helia,Shurelya's Battlesong > Bandlepipes > Echoes of Helia,sampled_observations > external_reference > mechanical_estimate,False
Zoe,TOP,16.19,ok,,https://www.onetricks.gg/champions/builds/Zoe?role=top,2026-10-01T19:15:12.950893+00:00,Luden's Echo > Lich Bane,Luden's Echo > Lich Bane > Shadowflame,Luden's Echo > Lich Bane > Shadowflame,external_reference > external_reference > external_reference,False
Zoe,JUNGLE,16.19,ok,,https://www.onetricks.gg/champions/builds/Zoe?role=jungle,2026-10-01T19:15:12.399002+00:00,Lich Bane > Shadowflame,Lich Bane > Shadowflame > Stormsurge,Lich Bane > Shadowflame > Stormsurge,external_reference > external_reference > external_reference,False
Zoe,MIDDLE,16.19,ok,,https://www.onetricks.gg/champions/builds/Zoe,2026-10-01T18:27:39.577256+00:00,Luden's Echo > Lich Bane,Luden's Echo > Lich Bane > Shadowflame,Luden's Echo > Lich Bane > Shadowflame,sampled_observations > sampled_observations > sampled_observations,False
Zoe,BOTTOM,16.19,ok,,https://www.onetricks.gg/champions/builds/Zoe?role=bot,2026-10-01T19:15:13.076273+00:00,Luden's Echo > Lich Bane,Luden's Echo > Lich Bane > Horizon Focus,Luden's Echo > Lich Bane > Void Staff,external_reference > external_reference > external_reference,True
Zoe,UTILITY,16.19,ok,,https://www.onetricks.gg/champions/builds/Zoe?role=supp,2026-10-01T19:15:12.126579+00:00,Imperial Mandate,Imperial Mandate > Horizon Focus > Lich Bane,Imperial Mandate > Horizon Focus > Lich Bane,sampled_observations > external_reference > mechanical_estimate,False
Zyra,TOP,16.19,ok,,https://www.onetricks.gg/champions/builds/Zyra?role=top,2026-10-01T19:15:12.261259+00:00,Liandry's Torment > Rylai's Crystal Scepter,Blackfire Torch > Liandry's Torment > Malignance,Liandry's Torment > Rylai's Crystal Scepter > Shadowflame,external_reference > external_reference > external_reference,True
Zyra,JUNGLE,16.19,ok,,https://www.onetricks.gg/champions/builds/Zyra,2026-10-01T18:27:45.591709+00:00,Liandry's Torment > Shadowflame,Liandry's Torment > Shadowflame > Malignance,Liandry's Torment > Shadowflame > Malignance,sampled_observations > sampled_observations > mechanical_estimate,False
Zyra,MIDDLE,16.19,ok,,https://www.onetricks.gg/champions/builds/Zyra?role=mid,2026-10-01T19:15:17.266513+00:00,Liandry's Torment > Blackfire Torch,Blackfire Torch > Shadowflame > Malignance,Liandry's Torment > Blackfire Torch > Rylai's Crystal Scepter,external_reference > external_reference > external_reference,True
Zyra,BOTTOM,16.19,ok,,https://www.onetricks.gg/champions/builds/Zyra?role=bot,2026-10-01T19:15:16.891683+00:00,Liandry's Torment > Blackfire Torch,Liandry's Torment > Blackfire Torch > Void Staff,Liandry's Torment > Blackfire Torch > Void Staff,limited_observations > external_reference > external_reference,False
Zyra,UTILITY,16.19,ok,,https://www.onetricks.gg/champions/builds/Zyra?role=supp,2026-10-01T19:15:17.116971+00:00,Liandry's Torment,Liandry's Torment > Blackfire Torch > Malignance,Liandry's Torment > Rylai's Crystal Scepter > Malignance,limited_observations > external_reference > mechanical_estimate,True
