champion,position,scenario,gold,inventory,target,ordered_purchases,spent,leftover,errors,missed_completion
Aatrox,TOP,empty,0,,Eclipse,,0,0,,False
Aatrox,TOP,empty,300,,Eclipse,2022 Glowing Mote (250),250,50,,False
Aatrox,TOP,empty,1200,,Eclipse,1036 Long Sword (350) -> 1036 Long Sword (350) -> 1036 Long Sword (350),1050,150,,False
Aatrox,TOP,empty,unknown,,Eclipse,,0,,,False
Aatrox,TOP,components,0,3133 | 1037 | 1036,Eclipse,,0,0,,False
Aatrox,TOP,components,624,3133 | 1037 | 1036,Eclipse,1028 Ruby Crystal (400),400,224,,False
Aatrox,TOP,components,625,3133 | 1037 | 1036,Eclipse,6692 Eclipse (625),625,0,,False
Aatrox,TOP,owned_first,1000,6692,Black Cleaver,1028 Ruby Crystal (400) -> 1028 Ruby Crystal (400),800,200,,False
Aatrox,TOP,full_slots,625,3133 | 1037 | 1036 | 900001 | 900002 | 900003,Eclipse,6692 Eclipse (625),625,0,,False
Aatrox,TOP,enemy_armor,1200,3133,Eclipse,1037 Pickaxe (875),875,325,,False
Aatrox,TOP,enemy_magic,1200,3133,Eclipse,1033 Null-Magic Mantle (400) -> 1036 Long Sword (350) -> 1028 Ruby Crystal (400),1150,50,,False
Aatrox,TOP,isolated_completion,625,3133 | 1037 | 1036,Eclipse,6692 Eclipse (625),,,,False
Aatrox,JUNGLE,empty,0,,Hubris,,0,0,,False
Aatrox,JUNGLE,empty,300,,Hubris,2022 Glowing Mote (250),250,50,,False
Aatrox,JUNGLE,empty,1200,,Hubris,1036 Long Sword (350) -> 1036 Long Sword (350) -> 1036 Long Sword (350),1050,150,,False
Aatrox,JUNGLE,empty,unknown,,Hubris,,0,,,False
Aatrox,JUNGLE,components,0,3134 | 3133,Hubris,,0,0,,False
Aatrox,JUNGLE,components,749,3134 | 3133,Hubris,1028 Ruby Crystal (400),400,349,,False
Aatrox,JUNGLE,components,750,3134 | 3133,Hubris,6697 Hubris (750),750,0,,False
Aatrox,JUNGLE,owned_first,1000,6697,Sundered Sky,1028 Ruby Crystal (400) -> 1036 Long Sword (350) -> 2022 Glowing Mote (250),1000,0,,False
Aatrox,JUNGLE,full_slots,750,3134 | 3133 | 900001 | 900002 | 900003 | 900004,Hubris,6697 Hubris (750),750,0,,False
Aatrox,JUNGLE,enemy_armor,1200,3134,Hubris,3133 Caulfield's Warhammer (1050),1050,150,,False
Aatrox,JUNGLE,enemy_magic,1200,3134,Hubris,1033 Null-Magic Mantle (400) -> 1036 Long Sword (350) -> 1036 Long Sword (350),1100,100,,False
Aatrox,JUNGLE,isolated_completion,750,3134 | 3133,Hubris,6697 Hubris (750),,,,False
Aatrox,MIDDLE,empty,0,,Eclipse,,0,0,,False
Aatrox,MIDDLE,empty,300,,Eclipse,2022 Glowing Mote (250),250,50,,False
Aatrox,MIDDLE,empty,1200,,Eclipse,1036 Long Sword (350) -> 1036 Long Sword (350) -> 1036 Long Sword (350),1050,150,,False
Aatrox,MIDDLE,empty,unknown,,Eclipse,,0,,,False
Aatrox,MIDDLE,components,0,3133 | 1037 | 1036,Eclipse,,0,0,,False
Aatrox,MIDDLE,components,624,3133 | 1037 | 1036,Eclipse,1028 Ruby Crystal (400),400,224,,False
Aatrox,MIDDLE,components,625,3133 | 1037 | 1036,Eclipse,6692 Eclipse (625),625,0,,False
Aatrox,MIDDLE,owned_first,1000,6692,Sundered Sky,1028 Ruby Crystal (400) -> 1036 Long Sword (350) -> 2022 Glowing Mote (250),1000,0,,False
Aatrox,MIDDLE,full_slots,625,3133 | 1037 | 1036 | 900001 | 900002 | 900003,Eclipse,6692 Eclipse (625),625,0,,False
Aatrox,MIDDLE,enemy_armor,1200,3133,Eclipse,1037 Pickaxe (875),875,325,,False
Aatrox,MIDDLE,enemy_magic,1200,3133,Eclipse,1033 Null-Magic Mantle (400) -> 1033 Null-Magic Mantle (400) -> 1036 Long Sword (350),1150,50,,False
Aatrox,MIDDLE,isolated_completion,625,3133 | 1037 | 1036,Eclipse,6692 Eclipse (625),,,,False
Aatrox,BOTTOM,empty,0,,Warmog's Armor,,0,0,,False
Aatrox,BOTTOM,empty,300,,Experimental Hexplate,1042 Dagger (250),250,50,,False
Aatrox,BOTTOM,empty,1200,,Warmog's Armor,1028 Ruby Crystal (400) -> 1028 Ruby Crystal (400) -> 1028 Ruby Crystal (400),1200,0,,False
Aatrox,BOTTOM,empty,unknown,,Warmog's Armor,,0,,,False
Aatrox,BOTTOM,components,0,1011 | 1011 | 3801,Warmog's Armor,,0,0,,False
Aatrox,BOTTOM,components,499,1011 | 1011 | 3801,Heartsteel,3084 Heartsteel (400),400,99,,False
Aatrox,BOTTOM,components,500,1011 | 1011 | 3801,Warmog's Armor,3083 Warmog's Armor (500),500,0,,False
Aatrox,BOTTOM,owned_first,1000,3083,Black Cleaver,1028 Ruby Crystal (400) -> 1028 Ruby Crystal (400),800,200,,False
Aatrox,BOTTOM,full_slots,500,1011 | 1011 | 3801 | 900001 | 900002 | 900003,Warmog's Armor,3083 Warmog's Armor (500),500,0,,False
Aatrox,BOTTOM,enemy_armor,1200,1011,Warmog's Armor,1011 Giant's Belt (900) -> 1006 Rejuvenation Bead (300),1200,0,,False
Aatrox,BOTTOM,enemy_magic,1200,1011,Kaenic Rookern,1033 Null-Magic Mantle (400) -> 1033 Null-Magic Mantle (400) -> 1028 Ruby Crystal (400),1200,0,,False
Aatrox,BOTTOM,isolated_completion,500,1011 | 1011 | 3801,Warmog's Armor,3083 Warmog's Armor (500),,,,False
Aatrox,UTILITY,empty,0,,Sundered Sky,,0,0,,False
Aatrox,UTILITY,empty,300,,Sundered Sky,2022 Glowing Mote (250),250,50,,False
Aatrox,UTILITY,empty,1200,,Sundered Sky,2021 Tunneler (1150),1150,50,,False
Aatrox,UTILITY,empty,unknown,,Sundered Sky,,0,,,False
Aatrox,UTILITY,components,0,2021 | 3133,Sundered Sky,,0,0,,False
Aatrox,UTILITY,components,899,2021 | 3133,Sundered Sky,1028 Ruby Crystal (400) -> 1028 Ruby Crystal (400),800,99,,False
Aatrox,UTILITY,components,900,2021 | 3133,Sundered Sky,6610 Sundered Sky (900),900,0,,False
Aatrox,UTILITY,owned_first,1000,6610,Warmog's Armor,1011 Giant's Belt (900),900,100,,False
Aatrox,UTILITY,full_slots,900,2021 | 3133 | 900001 | 900002 | 900003 | 900004,Sundered Sky,6610 Sundered Sky (900),900,0,,False
Aatrox,UTILITY,enemy_armor,1200,2021,Locket of the Iron Solari,3067 Kindlegem (800) -> 1029 Cloth Armor (300),1100,100,,False
Aatrox,UTILITY,enemy_magic,1200,2021,Kaenic Rookern,1033 Null-Magic Mantle (400) -> 1033 Null-Magic Mantle (400) -> 1028 Ruby Crystal (400),1200,0,,False
Aatrox,UTILITY,isolated_completion,900,2021 | 3133,Sundered Sky,6610 Sundered Sky (900),,,,False
Ahri,TOP,empty,0,,Blackfire Torch,,0,0,,False
Ahri,TOP,empty,300,,Blackfire Torch,2022 Glowing Mote (250),250,50,,False
Ahri,TOP,empty,1200,,Blackfire Torch,3802 Lost Chapter (1200),1200,0,,False
Ahri,TOP,empty,unknown,,Blackfire Torch,,0,,,False
Ahri,TOP,components,0,3802 | 2508,Blackfire Torch,,0,0,,False
Ahri,TOP,components,699,3802 | 2508,Blackfire Torch,,0,699,,False
Ahri,TOP,components,700,3802 | 2508,Blackfire Torch,2503 Blackfire Torch (700),700,0,,False
Ahri,TOP,owned_first,1000,2503,Cosmic Drive,3108 Fiendish Codex (850),850,150,,False
Ahri,TOP,full_slots,700,3802 | 2508 | 900001 | 900002 | 900003 | 900004,Blackfire Torch,2503 Blackfire Torch (700),700,0,,False
Ahri,TOP,enemy_armor,1200,3802,Blackfire Torch,2508 Fated Ashes (900),900,300,,False
Ahri,TOP,enemy_magic,1200,3802,Blackfire Torch,2508 Fated Ashes (900),900,300,,False
Ahri,TOP,isolated_completion,700,3802 | 2508,Blackfire Torch,2503 Blackfire Torch (700),,,,False
Ahri,JUNGLE,empty,0,,Malignance,,0,0,,False
Ahri,JUNGLE,empty,300,,Malignance,2022 Glowing Mote (250),250,50,,False
Ahri,JUNGLE,empty,1200,,Malignance,3802 Lost Chapter (1200),1200,0,,False
Ahri,JUNGLE,empty,unknown,,Malignance,,0,,,False
Ahri,JUNGLE,components,0,3802 | 1026,Malignance,,0,0,,False
Ahri,JUNGLE,components,649,3802 | 1026,Malignance,,0,649,,False
Ahri,JUNGLE,components,650,3802 | 1026,Malignance,3118 Malignance (650),650,0,,False
Ahri,JUNGLE,owned_first,1000,3118,Lich Bane,1026 Blasting Wand (850),850,150,,False
Ahri,JUNGLE,full_slots,650,3802 | 1026 | 900001 | 900002 | 900003 | 900004,Malignance,3118 Malignance (650),650,0,,False
Ahri,JUNGLE,enemy_armor,1200,3802,Malignance,1026 Blasting Wand (850),850,350,,False
Ahri,JUNGLE,enemy_magic,1200,3802,Malignance,1026 Blasting Wand (850),850,350,,False
Ahri,JUNGLE,isolated_completion,650,3802 | 1026,Malignance,3118 Malignance (650),,,,False
Ahri,MIDDLE,empty,0,,Malignance,,0,0,,False
Ahri,MIDDLE,empty,300,,Malignance,2022 Glowing Mote (250),250,50,,False
Ahri,MIDDLE,empty,1200,,Malignance,3802 Lost Chapter (1200),1200,0,,False
Ahri,MIDDLE,empty,unknown,,Malignance,,0,,,False
Ahri,MIDDLE,components,0,3802 | 1026,Malignance,,0,0,,False
Ahri,MIDDLE,components,649,3802 | 1026,Malignance,,0,649,,False
Ahri,MIDDLE,components,650,3802 | 1026,Malignance,3118 Malignance (650),650,0,,False
Ahri,MIDDLE,owned_first,1000,3118,Lich Bane,1026 Blasting Wand (850),850,150,,False
Ahri,MIDDLE,full_slots,650,3802 | 1026 | 900001 | 900002 | 900003 | 900004,Malignance,3118 Malignance (650),650,0,,False
Ahri,MIDDLE,enemy_armor,1200,3802,Malignance,1026 Blasting Wand (850),850,350,,False
Ahri,MIDDLE,enemy_magic,1200,3802,Malignance,1026 Blasting Wand (850),850,350,,False
Ahri,MIDDLE,isolated_completion,650,3802 | 1026,Malignance,3118 Malignance (650),,,,False
Ahri,BOTTOM,empty,0,,Malignance,,0,0,,False
Ahri,BOTTOM,empty,300,,Malignance,2022 Glowing Mote (250),250,50,,False
Ahri,BOTTOM,empty,1200,,Malignance,3802 Lost Chapter (1200),1200,0,,False
Ahri,BOTTOM,empty,unknown,,Malignance,,0,,,False
Ahri,BOTTOM,components,0,3802 | 1026,Malignance,,0,0,,False
Ahri,BOTTOM,components,649,3802 | 1026,Malignance,,0,649,,False
Ahri,BOTTOM,components,650,3802 | 1026,Malignance,3118 Malignance (650),650,0,,False
Ahri,BOTTOM,owned_first,1000,3118,Lich Bane,1026 Blasting Wand (850),850,150,,False
Ahri,BOTTOM,full_slots,650,3802 | 1026 | 900001 | 900002 | 900003 | 900004,Malignance,3118 Malignance (650),650,0,,False
Ahri,BOTTOM,enemy_armor,1200,3802,Malignance,1026 Blasting Wand (850),850,350,,False
Ahri,BOTTOM,enemy_magic,1200,3802,Malignance,1026 Blasting Wand (850),850,350,,False
Ahri,BOTTOM,isolated_completion,650,3802 | 1026,Malignance,3118 Malignance (650),,,,False
Ahri,UTILITY,empty,0,,Malignance,,0,0,,False
Ahri,UTILITY,empty,300,,Malignance,2022 Glowing Mote (250),250,50,,False
Ahri,UTILITY,empty,1200,,Malignance,3802 Lost Chapter (1200),1200,0,,False
Ahri,UTILITY,empty,unknown,,Malignance,,0,,,False
Ahri,UTILITY,components,0,3802 | 1026,Malignance,,0,0,,False
Ahri,UTILITY,components,649,3802 | 1026,Malignance,,0,649,,False
Ahri,UTILITY,components,650,3802 | 1026,Malignance,3118 Malignance (650),650,0,,False
Ahri,UTILITY,owned_first,1000,3118,Mejai's Soulstealer,1082 Dark Seal (350) -> 1052 Amplifying Tome (400) -> 2022 Glowing Mote (250),1000,0,,False
Ahri,UTILITY,full_slots,650,3802 | 1026 | 900001 | 900002 | 900003 | 900004,Malignance,3118 Malignance (650),650,0,,False
Ahri,UTILITY,enemy_armor,1200,3802,Malignance,1026 Blasting Wand (850),850,350,,False
Ahri,UTILITY,enemy_magic,1200,3802,Malignance,1026 Blasting Wand (850),850,350,,False
Ahri,UTILITY,isolated_completion,650,3802 | 1026,Malignance,3118 Malignance (650),,,,False
Akali,TOP,empty,0,,Hextech Gunblade,,0,0,,False
Akali,TOP,empty,300,,Hextech Gunblade,,0,300,,False
Akali,TOP,empty,1200,,Hextech Gunblade,1052 Amplifying Tome (400) -> 1052 Amplifying Tome (400) -> 1052 Amplifying Tome (400),1200,0,,False
Akali,TOP,empty,unknown,,Hextech Gunblade,,0,,,False
Akali,TOP,components,0,1053 | 3145 | 1052,Hextech Gunblade,,0,0,,False
Akali,TOP,components,599,1053 | 3145 | 1052,Hextech Gunblade,,0,599,,False
Akali,TOP,components,600,1053 | 3145 | 1052,Hextech Gunblade,3146 Hextech Gunblade (600),600,0,,False
Akali,TOP,owned_first,1000,3146,Shadowflame,1052 Amplifying Tome (400) -> 1052 Amplifying Tome (400),800,200,,False
Akali,TOP,full_slots,600,1053 | 3145 | 1052 | 900001 | 900002 | 900003,Hextech Gunblade,3146 Hextech Gunblade (600),600,0,,False
Akali,TOP,enemy_armor,1200,1053,Hextech Gunblade,1052 Amplifying Tome (400) -> 1052 Amplifying Tome (400) -> 1052 Amplifying Tome (400),1200,0,,False
Akali,TOP,enemy_magic,1200,1053,Hextech Gunblade,1052 Amplifying Tome (400) -> 1052 Amplifying Tome (400) -> 1052 Amplifying Tome (400),1200,0,,False
Akali,TOP,isolated_completion,600,1053 | 3145 | 1052,Hextech Gunblade,3146 Hextech Gunblade (600),,,,False
Akali,JUNGLE,empty,0,,Hextech Gunblade,,0,0,,False
Akali,JUNGLE,empty,300,,Malignance,2022 Glowing Mote (250),250,50,,False
Akali,JUNGLE,empty,1200,,Hextech Gunblade,1052 Amplifying Tome (400) -> 1052 Amplifying Tome (400) -> 1052 Amplifying Tome (400),1200,0,,False
Akali,JUNGLE,empty,unknown,,Hextech Gunblade,,0,,,False
Akali,JUNGLE,components,0,1053 | 3145 | 1052,Hextech Gunblade,,0,0,,False
Akali,JUNGLE,components,599,1053 | 3145 | 1052,Hextech Gunblade,,0,599,,False
Akali,JUNGLE,components,600,1053 | 3145 | 1052,Hextech Gunblade,3146 Hextech Gunblade (600),600,0,,False
Akali,JUNGLE,owned_first,1000,3146,Malignance,1026 Blasting Wand (850),850,150,,False
Akali,JUNGLE,full_slots,600,1053 | 3145 | 1052 | 900001 | 900002 | 900003,Hextech Gunblade,3146 Hextech Gunblade (600),600,0,,False
Akali,JUNGLE,enemy_armor,1200,1053,Hextech Gunblade,1052 Amplifying Tome (400) -> 1052 Amplifying Tome (400) -> 1052 Amplifying Tome (400),1200,0,,False
Akali,JUNGLE,enemy_magic,1200,1053,Hextech Gunblade,1052 Amplifying Tome (400) -> 1052 Amplifying Tome (400) -> 1052 Amplifying Tome (400),1200,0,,False
Akali,JUNGLE,isolated_completion,600,1053 | 3145 | 1052,Hextech Gunblade,3146 Hextech Gunblade (600),,,,False
Akali,MIDDLE,empty,0,,Hextech Gunblade,,0,0,,False
Akali,MIDDLE,empty,300,,Hextech Gunblade,,0,300,,False
Akali,MIDDLE,empty,1200,,Hextech Gunblade,1052 Amplifying Tome (400) -> 1052 Amplifying Tome (400) -> 1052 Amplifying Tome (400),1200,0,,False
Akali,MIDDLE,empty,unknown,,Hextech Gunblade,,0,,,False
Akali,MIDDLE,components,0,1053 | 3145 | 1052,Hextech Gunblade,,0,0,,False
Akali,MIDDLE,components,599,1053 | 3145 | 1052,Hextech Gunblade,,0,599,,False
Akali,MIDDLE,components,600,1053 | 3145 | 1052,Hextech Gunblade,3146 Hextech Gunblade (600),600,0,,False
Akali,MIDDLE,owned_first,1000,3146,Shadowflame,1052 Amplifying Tome (400) -> 1052 Amplifying Tome (400),800,200,,False
Akali,MIDDLE,full_slots,600,1053 | 3145 | 1052 | 900001 | 900002 | 900003,Hextech Gunblade,3146 Hextech Gunblade (600),600,0,,False
Akali,MIDDLE,enemy_armor,1200,1053,Hextech Gunblade,1052 Amplifying Tome (400) -> 1052 Amplifying Tome (400) -> 1052 Amplifying Tome (400),1200,0,,False
Akali,MIDDLE,enemy_magic,1200,1053,Hextech Gunblade,1052 Amplifying Tome (400) -> 1052 Amplifying Tome (400) -> 1052 Amplifying Tome (400),1200,0,,False
Akali,MIDDLE,isolated_completion,600,1053 | 3145 | 1052,Hextech Gunblade,3146 Hextech Gunblade (600),,,,False
Akali,BOTTOM,empty,0,,Hextech Gunblade,,0,0,,False
Akali,BOTTOM,empty,300,,Hextech Gunblade,,0,300,,False
Akali,BOTTOM,empty,1200,,Hextech Gunblade,1052 Amplifying Tome (400) -> 1052 Amplifying Tome (400) -> 1052 Amplifying Tome (400),1200,0,,False
Akali,BOTTOM,empty,unknown,,Hextech Gunblade,,0,,,False
Akali,BOTTOM,components,0,1053 | 3145 | 1052,Hextech Gunblade,,0,0,,False
Akali,BOTTOM,components,599,1053 | 3145 | 1052,Hextech Gunblade,,0,599,,False
Akali,BOTTOM,components,600,1053 | 3145 | 1052,Hextech Gunblade,3146 Hextech Gunblade (600),600,0,,False
Akali,BOTTOM,owned_first,1000,3146,Shadowflame,1052 Amplifying Tome (400) -> 1052 Amplifying Tome (400),800,200,,False
Akali,BOTTOM,full_slots,600,1053 | 3145 | 1052 | 900001 | 900002 | 900003,Hextech Gunblade,3146 Hextech Gunblade (600),600,0,,False
Akali,BOTTOM,enemy_armor,1200,1053,Hextech Gunblade,1052 Amplifying Tome (400) -> 1052 Amplifying Tome (400) -> 1052 Amplifying Tome (400),1200,0,,False
Akali,BOTTOM,enemy_magic,1200,1053,Hextech Gunblade,1052 Amplifying Tome (400) -> 1052 Amplifying Tome (400) -> 1052 Amplifying Tome (400),1200,0,,False
Akali,BOTTOM,isolated_completion,600,1053 | 3145 | 1052,Hextech Gunblade,3146 Hextech Gunblade (600),,,,False
Akali,UTILITY,empty,0,,Stormsurge,,0,0,,False
Akali,UTILITY,empty,300,,Stormsurge,,0,300,,False
Akali,UTILITY,empty,1200,,Stormsurge,1052 Amplifying Tome (400) -> 1052 Amplifying Tome (400) -> 1052 Amplifying Tome (400),1200,0,,False
Akali,UTILITY,empty,unknown,,Stormsurge,,0,,,False
Akali,UTILITY,components,0,3145 | 3113,Stormsurge,,0,0,,False
Akali,UTILITY,components,799,3145 | 3113,Stormsurge,1052 Amplifying Tome (400),400,399,,False
Akali,UTILITY,components,800,3145 | 3113,Stormsurge,4646 Stormsurge (800),800,0,,False
Akali,UTILITY,owned_first,1000,4646,Hextech Rocketbelt,1052 Amplifying Tome (400) -> 1052 Amplifying Tome (400),800,200,,False
Akali,UTILITY,full_slots,800,3145 | 3113 | 900001 | 900002 | 900003 | 900004,Stormsurge,4646 Stormsurge (800),800,0,,False
Akali,UTILITY,enemy_armor,1200,3145,Stormsurge,3113 Aether Wisp (900),900,300,,False
Akali,UTILITY,enemy_magic,1200,3145,Stormsurge,3113 Aether Wisp (900),900,300,,False
Akali,UTILITY,isolated_completion,800,3145 | 3113,Stormsurge,4646 Stormsurge (800),,,,False
Akshan,TOP,empty,0,,Kraken Slayer,,0,0,,False
Akshan,TOP,empty,300,,Kraken Slayer,1042 Dagger (250),250,50,,False
Akshan,TOP,empty,1200,,Kraken Slayer,3051 Hearthbound Axe (1200),1200,0,,False
Akshan,TOP,empty,unknown,,Kraken Slayer,,0,,,False
Akshan,TOP,components,0,6690 | 3051 | 1043,Kraken Slayer,,0,0,,False
Akshan,TOP,components,324,6690 | 3051 | 1043,Kraken Slayer,,0,324,,False
Akshan,TOP,components,325,6690 | 3051 | 1043,Kraken Slayer,6672 Kraken Slayer (325),325,0,,False
Akshan,TOP,owned_first,1000,6672,The Collector,1037 Pickaxe (875),875,125,,False
Akshan,TOP,full_slots,325,6690 | 3051 | 1043 | 900001 | 900002 | 900003,Kraken Slayer,6672 Kraken Slayer (325),325,0,,False
Akshan,TOP,enemy_armor,1200,6690,Kraken Slayer,3051 Hearthbound Axe (1200),1200,0,,False
Akshan,TOP,enemy_magic,1200,6690,Kraken Slayer,3051 Hearthbound Axe (1200),1200,0,,False
Akshan,TOP,isolated_completion,325,6690 | 3051 | 1043,Kraken Slayer,6672 Kraken Slayer (325),,,,False
Akshan,JUNGLE,empty,0,,Essence Reaver,,0,0,,False
Akshan,JUNGLE,empty,300,,Essence Reaver,2022 Glowing Mote (250),250,50,,False
Akshan,JUNGLE,empty,1200,,Essence Reaver,1018 Cloak of Agility (600) -> 1036 Long Sword (350) -> 2022 Glowing Mote (250),1200,0,,False
Akshan,JUNGLE,empty,unknown,,Essence Reaver,,0,,,False
Akshan,JUNGLE,components,0,3057 | 3133 | 1018,Essence Reaver,,0,0,,False
Akshan,JUNGLE,components,499,3057 | 3133 | 1018,Essence Reaver,,0,499,,False
Akshan,JUNGLE,components,500,3057 | 3133 | 1018,Essence Reaver,3508 Essence Reaver (500),500,0,,False
Akshan,JUNGLE,owned_first,1000,3508,Infinity Edge,1037 Pickaxe (875),875,125,,False
Akshan,JUNGLE,full_slots,500,3057 | 3133 | 1018 | 900001 | 900002 | 900003,Essence Reaver,3508 Essence Reaver (500),500,0,,False
Akshan,JUNGLE,enemy_armor,1200,3057,Essence Reaver,1018 Cloak of Agility (600) -> 1036 Long Sword (350) -> 2022 Glowing Mote (250),1200,0,,False
Akshan,JUNGLE,enemy_magic,1200,3057,Essence Reaver,1018 Cloak of Agility (600) -> 1036 Long Sword (350) -> 2022 Glowing Mote (250),1200,0,,False
Akshan,JUNGLE,isolated_completion,500,3057 | 3133 | 1018,Essence Reaver,3508 Essence Reaver (500),,,,False
Akshan,MIDDLE,empty,0,,The Collector,,0,0,,False
Akshan,MIDDLE,empty,300,,The Collector,,0,300,,False
Akshan,MIDDLE,empty,1200,,The Collector,1037 Pickaxe (875),875,325,,False
Akshan,MIDDLE,empty,unknown,,The Collector,,0,,,False
Akshan,MIDDLE,components,0,1037 | 3134 | 1018,The Collector,,0,0,,False
Akshan,MIDDLE,components,524,1037 | 3134 | 1018,The Collector,1036 Long Sword (350),350,174,,False
Akshan,MIDDLE,components,525,1037 | 3134 | 1018,The Collector,6676 The Collector (525),525,0,,False
Akshan,MIDDLE,owned_first,1000,6676,Infinity Edge,1037 Pickaxe (875),875,125,,False
Akshan,MIDDLE,full_slots,525,1037 | 3134 | 1018 | 900001 | 900002 | 900003,The Collector,6676 The Collector (525),525,0,,False
Akshan,MIDDLE,enemy_armor,1200,1037,The Collector,1018 Cloak of Agility (600) -> 1036 Long Sword (350),950,250,,False
Akshan,MIDDLE,enemy_magic,1200,1037,The Collector,1018 Cloak of Agility (600) -> 1036 Long Sword (350),950,250,,False
Akshan,MIDDLE,isolated_completion,525,1037 | 3134 | 1018,The Collector,6676 The Collector (525),,,,False
Akshan,BOTTOM,empty,0,,The Collector,,0,0,,False
Akshan,BOTTOM,empty,300,,The Collector,,0,300,,False
Akshan,BOTTOM,empty,1200,,The Collector,1037 Pickaxe (875),875,325,,False
Akshan,BOTTOM,empty,unknown,,The Collector,,0,,,False
Akshan,BOTTOM,components,0,1037 | 3134 | 1018,The Collector,,0,0,,False
Akshan,BOTTOM,components,524,1037 | 3134 | 1018,The Collector,1036 Long Sword (350),350,174,,False
Akshan,BOTTOM,components,525,1037 | 3134 | 1018,The Collector,6676 The Collector (525),525,0,,False
Akshan,BOTTOM,owned_first,1000,6676,Infinity Edge,1037 Pickaxe (875),875,125,,False
Akshan,BOTTOM,full_slots,525,1037 | 3134 | 1018 | 900001 | 900002 | 900003,The Collector,6676 The Collector (525),525,0,,False
Akshan,BOTTOM,enemy_armor,1200,1037,The Collector,1018 Cloak of Agility (600) -> 1036 Long Sword (350),950,250,,False
Akshan,BOTTOM,enemy_magic,1200,1037,The Collector,1018 Cloak of Agility (600) -> 1036 Long Sword (350),950,250,,False
Akshan,BOTTOM,isolated_completion,525,1037 | 3134 | 1018,The Collector,6676 The Collector (525),,,,False
Akshan,UTILITY,empty,0,,Voltaic Cyclosword,,0,0,,False
Akshan,UTILITY,empty,300,,Voltaic Cyclosword,2022 Glowing Mote (250),250,50,,False
Akshan,UTILITY,empty,1200,,Voltaic Cyclosword,1037 Pickaxe (875) -> 2022 Glowing Mote (250),1125,75,,False
Akshan,UTILITY,empty,unknown,,Voltaic Cyclosword,,0,,,False
Akshan,UTILITY,components,0,2020 | 1036 | 1036,Voltaic Cyclosword,,0,0,,False
Akshan,UTILITY,components,962,2020 | 1036 | 1036,Voltaic Cyclosword,1036 Long Sword (350) -> 1042 Dagger (250) -> 1042 Dagger (250),850,112,,False
Akshan,UTILITY,components,963,2020 | 1036 | 1036,Voltaic Cyclosword,6699 Voltaic Cyclosword (963),963,0,,False
Akshan,UTILITY,owned_first,1000,6699,Lord Dominik's Regards,1018 Cloak of Agility (600) -> 1036 Long Sword (350),950,50,,False
Akshan,UTILITY,full_slots,963,2020 | 1036 | 1036 | 900001 | 900002 | 900003,Voltaic Cyclosword,6699 Voltaic Cyclosword (963),963,0,,False
Akshan,UTILITY,enemy_armor,1200,2020,Voltaic Cyclosword,1036 Long Sword (350) -> 1036 Long Sword (350) -> 1036 Long Sword (350),1050,150,,False
Akshan,UTILITY,enemy_magic,1200,2020,Voltaic Cyclosword,1036 Long Sword (350) -> 1036 Long Sword (350) -> 1036 Long Sword (350),1050,150,,False
Akshan,UTILITY,isolated_completion,963,2020 | 1036 | 1036,Voltaic Cyclosword,6699 Voltaic Cyclosword (963),,,,False
Alistar,TOP,empty,0,,Lich Bane,,0,0,,False
Alistar,TOP,empty,300,,Lich Bane,2022 Glowing Mote (250),250,50,,False
Alistar,TOP,empty,1200,,Lich Bane,3067 Kindlegem (800) -> 2022 Glowing Mote (250),1050,150,,False
Alistar,TOP,empty,unknown,,Lich Bane,,0,,,False
Alistar,TOP,components,0,3057 | 3113 | 1026,Lich Bane,,0,0,,False
Alistar,TOP,components,249,3057 | 3113 | 1026,Lich Bane,,0,249,,False
Alistar,TOP,components,250,3057 | 3113 | 1026,Lich Bane,3100 Lich Bane (250),250,0,,False
Alistar,TOP,owned_first,1000,3100,Cosmic Drive,3067 Kindlegem (800),800,200,,False
Alistar,TOP,full_slots,250,3057 | 3113 | 1026 | 900001 | 900002 | 900003,Lich Bane,3100 Lich Bane (250),250,0,,False
Alistar,TOP,enemy_armor,1200,3057,Lich Bane,1029 Cloth Armor (300) -> 1029 Cloth Armor (300) -> 1029 Cloth Armor (300) -> 2022 Glowing Mote (250),1150,50,,False
Alistar,TOP,enemy_magic,1200,3057,Lich Bane,1033 Null-Magic Mantle (400) -> 1033 Null-Magic Mantle (400) -> 1028 Ruby Crystal (400),1200,0,,False
Alistar,TOP,isolated_completion,250,3057 | 3113 | 1026,Lich Bane,3100 Lich Bane (250),,,,False
Alistar,JUNGLE,empty,0,,Winter's Approach,,0,0,,False
Alistar,JUNGLE,empty,300,,Winter's Approach,2022 Glowing Mote (250),250,50,,False
Alistar,JUNGLE,empty,1200,,Winter's Approach,3067 Kindlegem (800) -> 1028 Ruby Crystal (400),1200,0,,False
Alistar,JUNGLE,empty,unknown,,Winter's Approach,,0,,,False
Alistar,JUNGLE,components,0,3070 | 1011 | 3067,Winter's Approach,,0,0,,False
Alistar,JUNGLE,components,299,3070 | 1011 | 3067,Winter's Approach,,0,299,,False
Alistar,JUNGLE,components,300,3070 | 1011 | 3067,Winter's Approach,3119 Winter's Approach (300),300,0,,False
Alistar,JUNGLE,owned_first,1000,3119,Protoplasm Harness,1011 Giant's Belt (900),900,100,,False
Alistar,JUNGLE,full_slots,300,3070 | 1011 | 3067 | 900001 | 900002 | 900003,Winter's Approach,3119 Winter's Approach (300),300,0,,False
Alistar,JUNGLE,enemy_armor,1200,3070,Winter's Approach,3067 Kindlegem (800) -> 1028 Ruby Crystal (400),1200,0,,False
Alistar,JUNGLE,enemy_magic,1200,3070,Kaenic Rookern,1033 Null-Magic Mantle (400) -> 1033 Null-Magic Mantle (400) -> 1028 Ruby Crystal (400),1200,0,,False
Alistar,JUNGLE,isolated_completion,300,3070 | 1011 | 3067,Winter's Approach,3119 Winter's Approach (300),,,,False
Alistar,MIDDLE,empty,0,,Winter's Approach,,0,0,,False
Alistar,MIDDLE,empty,300,,Winter's Approach,2022 Glowing Mote (250),250,50,,False
Alistar,MIDDLE,empty,1200,,Winter's Approach,3067 Kindlegem (800) -> 1028 Ruby Crystal (400),1200,0,,False
Alistar,MIDDLE,empty,unknown,,Winter's Approach,,0,,,False
Alistar,MIDDLE,components,0,3070 | 1011 | 3067,Winter's Approach,,0,0,,False
Alistar,MIDDLE,components,299,3070 | 1011 | 3067,Winter's Approach,,0,299,,False
Alistar,MIDDLE,components,300,3070 | 1011 | 3067,Winter's Approach,3119 Winter's Approach (300),300,0,,False
Alistar,MIDDLE,owned_first,1000,3119,Protoplasm Harness,1011 Giant's Belt (900),900,100,,False
Alistar,MIDDLE,full_slots,300,3070 | 1011 | 3067 | 900001 | 900002 | 900003,Winter's Approach,3119 Winter's Approach (300),300,0,,False
Alistar,MIDDLE,enemy_armor,1200,3070,Winter's Approach,3067 Kindlegem (800) -> 1028 Ruby Crystal (400),1200,0,,False
Alistar,MIDDLE,enemy_magic,1200,3070,Kaenic Rookern,1033 Null-Magic Mantle (400) -> 1033 Null-Magic Mantle (400) -> 1028 Ruby Crystal (400),1200,0,,False
Alistar,MIDDLE,isolated_completion,300,3070 | 1011 | 3067,Winter's Approach,3119 Winter's Approach (300),,,,False
Alistar,BOTTOM,empty,0,,Winter's Approach,,0,0,,False
Alistar,BOTTOM,empty,300,,Winter's Approach,2022 Glowing Mote (250),250,50,,False
Alistar,BOTTOM,empty,1200,,Winter's Approach,3067 Kindlegem (800) -> 1028 Ruby Crystal (400),1200,0,,False
Alistar,BOTTOM,empty,unknown,,Winter's Approach,,0,,,False
Alistar,BOTTOM,components,0,3070 | 1011 | 3067,Winter's Approach,,0,0,,False
Alistar,BOTTOM,components,299,3070 | 1011 | 3067,Winter's Approach,,0,299,,False
Alistar,BOTTOM,components,300,3070 | 1011 | 3067,Winter's Approach,3119 Winter's Approach (300),300,0,,False
Alistar,BOTTOM,owned_first,1000,3119,Protoplasm Harness,1011 Giant's Belt (900),900,100,,False
Alistar,BOTTOM,full_slots,300,3070 | 1011 | 3067 | 900001 | 900002 | 900003,Winter's Approach,3119 Winter's Approach (300),300,0,,False
Alistar,BOTTOM,enemy_armor,1200,3070,Winter's Approach,3067 Kindlegem (800) -> 1028 Ruby Crystal (400),1200,0,,False
Alistar,BOTTOM,enemy_magic,1200,3070,Kaenic Rookern,1033 Null-Magic Mantle (400) -> 1033 Null-Magic Mantle (400) -> 1028 Ruby Crystal (400),1200,0,,False
Alistar,BOTTOM,isolated_completion,300,3070 | 1011 | 3067,Winter's Approach,3119 Winter's Approach (300),,,,False
Alistar,UTILITY,empty,0,,Zeke's Convergence,,0,0,,False
Alistar,UTILITY,empty,300,,Zeke's Convergence,2022 Glowing Mote (250),250,50,,False
Alistar,UTILITY,empty,1200,,Zeke's Convergence,3067 Kindlegem (800) -> 1028 Ruby Crystal (400),1200,0,,False
Alistar,UTILITY,empty,unknown,,Zeke's Convergence,,0,,,False
Alistar,UTILITY,components,0,3067 | 1029 | 1033,Zeke's Convergence,,0,0,,False
Alistar,UTILITY,components,699,3067 | 1029 | 1033,Zeke's Convergence,1028 Ruby Crystal (400) -> 2022 Glowing Mote (250),650,49,,False
Alistar,UTILITY,components,700,3067 | 1029 | 1033,Zeke's Convergence,3050 Zeke's Convergence (700),700,0,,False
Alistar,UTILITY,owned_first,1000,3050,Locket of the Iron Solari,3067 Kindlegem (800),800,200,,False
Alistar,UTILITY,full_slots,700,3067 | 1029 | 1033 | 900001 | 900002 | 900003,Zeke's Convergence,3050 Zeke's Convergence (700),700,0,,False
Alistar,UTILITY,enemy_armor,1200,3067,Zeke's Convergence,1029 Cloth Armor (300) -> 1033 Null-Magic Mantle (400),700,500,,False
Alistar,UTILITY,enemy_magic,1200,3067,Zeke's Convergence,1033 Null-Magic Mantle (400) -> 1033 Null-Magic Mantle (400) -> 1029 Cloth Armor (300),1100,100,,False
Alistar,UTILITY,isolated_completion,700,3067 | 1029 | 1033,Zeke's Convergence,3050 Zeke's Convergence (700),,,,False
Ambessa,TOP,empty,0,,Eclipse,,0,0,,False
Ambessa,TOP,empty,300,,Eclipse,2022 Glowing Mote (250),250,50,,False
Ambessa,TOP,empty,1200,,Eclipse,1036 Long Sword (350) -> 1036 Long Sword (350) -> 1036 Long Sword (350),1050,150,,False
Ambessa,TOP,empty,unknown,,Eclipse,,0,,,False
Ambessa,TOP,components,0,3133 | 1037 | 1036,Eclipse,,0,0,,False
Ambessa,TOP,components,624,3133 | 1037 | 1036,Eclipse,,0,624,,False
Ambessa,TOP,components,625,3133 | 1037 | 1036,Eclipse,6692 Eclipse (625),625,0,,False
Ambessa,TOP,owned_first,1000,6692,Spear of Shojin,1037 Pickaxe (875),875,125,,False
Ambessa,TOP,full_slots,625,3133 | 1037 | 1036 | 900001 | 900002 | 900003,Eclipse,6692 Eclipse (625),625,0,,False
Ambessa,TOP,enemy_armor,1200,3133,Eclipse,1037 Pickaxe (875),875,325,,False
Ambessa,TOP,enemy_magic,1200,3133,Eclipse,1037 Pickaxe (875),875,325,,False
Ambessa,TOP,isolated_completion,625,3133 | 1037 | 1036,Eclipse,6692 Eclipse (625),,,,False
Ambessa,JUNGLE,empty,0,,Profane Hydra,,0,0,,False
Ambessa,JUNGLE,empty,300,,Profane Hydra,2022 Glowing Mote (250),250,50,,False
Ambessa,JUNGLE,empty,1200,,Profane Hydra,1037 Pickaxe (875) -> 2022 Glowing Mote (250),1125,75,,False
Ambessa,JUNGLE,empty,unknown,,Profane Hydra,,0,,,False
Ambessa,JUNGLE,components,0,3077 | 2020,Profane Hydra,,0,0,,False
Ambessa,JUNGLE,components,312,3077 | 2020,Profane Hydra,,0,312,,False
Ambessa,JUNGLE,components,313,3077 | 2020,Profane Hydra,6698 Profane Hydra (313),313,0,,False
Ambessa,JUNGLE,owned_first,1000,6698,Voltaic Cyclosword,1037 Pickaxe (875),875,125,,False
Ambessa,JUNGLE,full_slots,313,3077 | 2020 | 900001 | 900002 | 900003 | 900004,Profane Hydra,6698 Profane Hydra (313),313,0,,False
Ambessa,JUNGLE,enemy_armor,1200,3077,Profane Hydra,1037 Pickaxe (875) -> 2022 Glowing Mote (250),1125,75,,False
Ambessa,JUNGLE,enemy_magic,1200,3077,Profane Hydra,1037 Pickaxe (875) -> 2022 Glowing Mote (250),1125,75,,False
Ambessa,JUNGLE,isolated_completion,313,3077 | 2020,Profane Hydra,6698 Profane Hydra (313),,,,False
Ambessa,MIDDLE,empty,0,,Voltaic Cyclosword,,0,0,,False
Ambessa,MIDDLE,empty,300,,Voltaic Cyclosword,2022 Glowing Mote (250),250,50,,False
Ambessa,MIDDLE,empty,1200,,Voltaic Cyclosword,1037 Pickaxe (875) -> 2022 Glowing Mote (250),1125,75,,False
Ambessa,MIDDLE,empty,unknown,,Profane Hydra,,0,,,False
Ambessa,MIDDLE,components,0,3077 | 2020,Profane Hydra,,0,0,,False
Ambessa,MIDDLE,components,312,3077 | 2020,Profane Hydra,,0,312,,False
Ambessa,MIDDLE,components,313,3077 | 2020,Profane Hydra,6698 Profane Hydra (313),313,0,,False
Ambessa,MIDDLE,owned_first,1000,6698,Voltaic Cyclosword,1037 Pickaxe (875),875,125,,False
Ambessa,MIDDLE,full_slots,313,3077 | 2020 | 900001 | 900002 | 900003 | 900004,Profane Hydra,6698 Profane Hydra (313),313,0,,False
Ambessa,MIDDLE,enemy_armor,1200,3077,Eclipse,1036 Long Sword (350) -> 1036 Long Sword (350) -> 1036 Long Sword (350),1050,150,,False
Ambessa,MIDDLE,enemy_magic,1200,3077,Profane Hydra,1037 Pickaxe (875) -> 2022 Glowing Mote (250),1125,75,,False
Ambessa,MIDDLE,isolated_completion,313,3077 | 2020,Profane Hydra,6698 Profane Hydra (313),,,,False
Ambessa,BOTTOM,empty,0,,Profane Hydra,,0,0,,False
Ambessa,BOTTOM,empty,300,,Profane Hydra,2022 Glowing Mote (250),250,50,,False
Ambessa,BOTTOM,empty,1200,,Profane Hydra,1037 Pickaxe (875) -> 2022 Glowing Mote (250),1125,75,,False
Ambessa,BOTTOM,empty,unknown,,Profane Hydra,,0,,,False
Ambessa,BOTTOM,components,0,3077 | 2020,Profane Hydra,,0,0,,False
Ambessa,BOTTOM,components,312,3077 | 2020,Profane Hydra,,0,312,,False
Ambessa,BOTTOM,components,313,3077 | 2020,Profane Hydra,6698 Profane Hydra (313),313,0,,False
Ambessa,BOTTOM,owned_first,1000,6698,Death's Dance,1037 Pickaxe (875),875,125,,False
Ambessa,BOTTOM,full_slots,313,3077 | 2020 | 900001 | 900002 | 900003 | 900004,Profane Hydra,6698 Profane Hydra (313),313,0,,False
Ambessa,BOTTOM,enemy_armor,1200,3077,Profane Hydra,1037 Pickaxe (875) -> 2022 Glowing Mote (250),1125,75,,False
Ambessa,BOTTOM,enemy_magic,1200,3077,Profane Hydra,1037 Pickaxe (875) -> 2022 Glowing Mote (250),1125,75,,False
Ambessa,BOTTOM,isolated_completion,313,3077 | 2020,Profane Hydra,6698 Profane Hydra (313),,,,False
Ambessa,UTILITY,empty,0,,Axiom Arc,,0,0,,False
Ambessa,UTILITY,empty,300,,Axiom Arc,2022 Glowing Mote (250),250,50,,False
Ambessa,UTILITY,empty,1200,,Axiom Arc,1037 Pickaxe (875) -> 2022 Glowing Mote (250),1125,75,,False
Ambessa,UTILITY,empty,unknown,,Axiom Arc,,0,,,False
Ambessa,UTILITY,components,0,2020 | 3133,Axiom Arc,,0,0,,False
Ambessa,UTILITY,components,362,2020 | 3133,Axiom Arc,,0,362,,False
Ambessa,UTILITY,components,363,2020 | 3133,Axiom Arc,6696 Axiom Arc (363),363,0,,False
Ambessa,UTILITY,owned_first,1000,6696,Umbral Glaive,3134 Serrated Dirk (1000),1000,0,,False
Ambessa,UTILITY,full_slots,363,2020 | 3133 | 900001 | 900002 | 900003 | 900004,Axiom Arc,6696 Axiom Arc (363),363,0,,False
Ambessa,UTILITY,enemy_armor,1200,2020,Axiom Arc,3133 Caulfield's Warhammer (1050),1050,150,,False
Ambessa,UTILITY,enemy_magic,1200,2020,Axiom Arc,3133 Caulfield's Warhammer (1050),1050,150,,False
Ambessa,UTILITY,isolated_completion,363,2020 | 3133,Axiom Arc,6696 Axiom Arc (363),,,,False
Amumu,TOP,empty,0,,Thornmail,,0,0,,False
Amumu,TOP,empty,300,,Thornmail,2022 Glowing Mote (250),250,50,,False
Amumu,TOP,empty,1200,,Thornmail,3067 Kindlegem (800) -> 1028 Ruby Crystal (400),1200,0,,False
Amumu,TOP,empty,unknown,,Thornmail,,0,,,False
Amumu,TOP,components,0,3076 | 1031 | 1028,Thornmail,,0,0,,False
Amumu,TOP,components,449,3076 | 1031 | 1028,Thornmail,1028 Ruby Crystal (400),400,49,,False
Amumu,TOP,components,450,3076 | 1031 | 1028,Thornmail,1028 Ruby Crystal (400),400,50,,False
Amumu,TOP,owned_first,1000,3075,Winter's Approach,1011 Giant's Belt (900),900,100,,False
Amumu,TOP,full_slots,450,3076 | 1031 | 1028 | 900001 | 900002 | 900003,Thornmail,3075 Thornmail (450),450,0,,False
Amumu,TOP,enemy_armor,1200,3076,Thornmail,1031 Chain Vest (800) -> 1028 Ruby Crystal (400),1200,0,,False
Amumu,TOP,enemy_magic,1200,3076,Thornmail,1033 Null-Magic Mantle (400) -> 1028 Ruby Crystal (400) -> 1028 Ruby Crystal (400),1200,0,,False
Amumu,TOP,isolated_completion,450,3076 | 1031 | 1028,Thornmail,3075 Thornmail (450),,,,False
Amumu,JUNGLE,empty,0,,Liandry's Torment,,0,0,,False
Amumu,JUNGLE,empty,300,,Liandry's Torment,,0,300,,False
Amumu,JUNGLE,empty,1200,,Liandry's Torment,1028 Ruby Crystal (400) -> 1052 Amplifying Tome (400) -> 1052 Amplifying Tome (400),1200,0,,False
Amumu,JUNGLE,empty,unknown,,Liandry's Torment,,0,,,False
Amumu,JUNGLE,components,0,3147 | 2508,Liandry's Torment,,0,0,,False
Amumu,JUNGLE,components,799,3147 | 2508,Liandry's Torment,1028 Ruby Crystal (400),400,399,,False
Amumu,JUNGLE,components,800,3147 | 2508,Liandry's Torment,6653 Liandry's Torment (800),800,0,,False
Amumu,JUNGLE,owned_first,1000,6653,Sunfire Aegis,1028 Ruby Crystal (400) -> 1028 Ruby Crystal (400),800,200,,False
Amumu,JUNGLE,full_slots,800,3147 | 2508 | 900001 | 900002 | 900003 | 900004,Liandry's Torment,6653 Liandry's Torment (800),800,0,,False
Amumu,JUNGLE,enemy_armor,1200,3147,Liandry's Torment,2508 Fated Ashes (900),900,300,,False
Amumu,JUNGLE,enemy_magic,1200,3147,Liandry's Torment,1033 Null-Magic Mantle (400) -> 1052 Amplifying Tome (400) -> 1028 Ruby Crystal (400),1200,0,,False
Amumu,JUNGLE,isolated_completion,800,3147 | 2508,Liandry's Torment,6653 Liandry's Torment (800),,,,False
Amumu,MIDDLE,empty,0,,Winter's Approach,,0,0,,False
Amumu,MIDDLE,empty,300,,Winter's Approach,2022 Glowing Mote (250),250,50,,False
Amumu,MIDDLE,empty,1200,,Winter's Approach,3067 Kindlegem (800) -> 1028 Ruby Crystal (400),1200,0,,False
Amumu,MIDDLE,empty,unknown,,Winter's Approach,,0,,,False
Amumu,MIDDLE,components,0,3070 | 1011 | 3067,Winter's Approach,,0,0,,False
Amumu,MIDDLE,components,299,3070 | 1011 | 3067,Winter's Approach,,0,299,,False
Amumu,MIDDLE,components,300,3070 | 1011 | 3067,Winter's Approach,3119 Winter's Approach (300),300,0,,False
Amumu,MIDDLE,owned_first,1000,3119,Protoplasm Harness,1011 Giant's Belt (900),900,100,,False
Amumu,MIDDLE,full_slots,300,3070 | 1011 | 3067 | 900001 | 900002 | 900003,Winter's Approach,3119 Winter's Approach (300),300,0,,False
Amumu,MIDDLE,enemy_armor,1200,3070,Zeke's Convergence,3067 Kindlegem (800) -> 1033 Null-Magic Mantle (400),1200,0,,False
Amumu,MIDDLE,enemy_magic,1200,3070,Kaenic Rookern,1033 Null-Magic Mantle (400) -> 1033 Null-Magic Mantle (400) -> 1028 Ruby Crystal (400),1200,0,,False
Amumu,MIDDLE,isolated_completion,300,3070 | 1011 | 3067,Winter's Approach,3119 Winter's Approach (300),,,,False
Amumu,BOTTOM,empty,0,,Winter's Approach,,0,0,,False
Amumu,BOTTOM,empty,300,,Winter's Approach,2022 Glowing Mote (250),250,50,,False
Amumu,BOTTOM,empty,1200,,Winter's Approach,3067 Kindlegem (800) -> 1028 Ruby Crystal (400),1200,0,,False
Amumu,BOTTOM,empty,unknown,,Winter's Approach,,0,,,False
Amumu,BOTTOM,components,0,3070 | 1011 | 3067,Winter's Approach,,0,0,,False
Amumu,BOTTOM,components,299,3070 | 1011 | 3067,Winter's Approach,,0,299,,False
Amumu,BOTTOM,components,300,3070 | 1011 | 3067,Winter's Approach,3119 Winter's Approach (300),300,0,,False
Amumu,BOTTOM,owned_first,1000,3119,Protoplasm Harness,1011 Giant's Belt (900),900,100,,False
Amumu,BOTTOM,full_slots,300,3070 | 1011 | 3067 | 900001 | 900002 | 900003,Winter's Approach,3119 Winter's Approach (300),300,0,,False
Amumu,BOTTOM,enemy_armor,1200,3070,Zeke's Convergence,3067 Kindlegem (800) -> 1033 Null-Magic Mantle (400),1200,0,,False
Amumu,BOTTOM,enemy_magic,1200,3070,Kaenic Rookern,1033 Null-Magic Mantle (400) -> 1033 Null-Magic Mantle (400) -> 1028 Ruby Crystal (400),1200,0,,False
Amumu,BOTTOM,isolated_completion,300,3070 | 1011 | 3067,Winter's Approach,3119 Winter's Approach (300),,,,False
Amumu,UTILITY,empty,0,,Zeke's Convergence,,0,0,,False
Amumu,UTILITY,empty,300,,Zeke's Convergence,2022 Glowing Mote (250),250,50,,False
Amumu,UTILITY,empty,1200,,Zeke's Convergence,3067 Kindlegem (800) -> 1028 Ruby Crystal (400),1200,0,,False
Amumu,UTILITY,empty,unknown,,Zeke's Convergence,,0,,,False
Amumu,UTILITY,components,0,3067 | 1029 | 1033,Zeke's Convergence,,0,0,,False
Amumu,UTILITY,components,699,3067 | 1029 | 1033,Zeke's Convergence,1028 Ruby Crystal (400),400,299,,False
Amumu,UTILITY,components,700,3067 | 1029 | 1033,Zeke's Convergence,3050 Zeke's Convergence (700),700,0,,False
Amumu,UTILITY,owned_first,1000,3050,Locket of the Iron Solari,3067 Kindlegem (800),800,200,,False
Amumu,UTILITY,full_slots,700,3067 | 1029 | 1033 | 900001 | 900002 | 900003,Zeke's Convergence,3050 Zeke's Convergence (700),700,0,,False
Amumu,UTILITY,enemy_armor,1200,3067,Zeke's Convergence,1033 Null-Magic Mantle (400) -> 1029 Cloth Armor (300),700,500,,False
Amumu,UTILITY,enemy_magic,1200,3067,Zeke's Convergence,1033 Null-Magic Mantle (400) -> 1033 Null-Magic Mantle (400) -> 1029 Cloth Armor (300),1100,100,,False
Amumu,UTILITY,isolated_completion,700,3067 | 1029 | 1033,Zeke's Convergence,3050 Zeke's Convergence (700),,,,False
Anivia,TOP,empty,0,,Rod of Ages,,0,0,,False
Anivia,TOP,empty,300,,Rod of Ages,1027 Sapphire Crystal (300),300,0,,False
Anivia,TOP,empty,1200,,Rod of Ages,1026 Blasting Wand (850) -> 1027 Sapphire Crystal (300),1150,50,,False
Anivia,TOP,empty,unknown,,Rod of Ages,,0,,,False
Anivia,TOP,components,0,1026 | 3803,Rod of Ages,,0,0,,False
Anivia,TOP,components,449,1026 | 3803,Rod of Ages,1052 Amplifying Tome (400),400,49,,False
Anivia,TOP,components,450,1026 | 3803,Rod of Ages,6657 Rod of Ages (450),450,0,,False
Anivia,TOP,owned_first,1000,6657,Malignance,1026 Blasting Wand (850),850,150,,False
Anivia,TOP,full_slots,450,1026 | 3803 | 900001 | 900002 | 900003 | 900004,Rod of Ages,6657 Rod of Ages (450),450,0,,False
Anivia,TOP,enemy_armor,1200,1026,Rod of Ages,1027 Sapphire Crystal (300) -> 1028 Ruby Crystal (400) -> 1028 Ruby Crystal (400),1100,100,,False
Anivia,TOP,enemy_magic,1200,1026,Rod of Ages,1027 Sapphire Crystal (300) -> 1028 Ruby Crystal (400) -> 1028 Ruby Crystal (400),1100,100,,False
Anivia,TOP,isolated_completion,450,1026 | 3803,Rod of Ages,6657 Rod of Ages (450),,,,False
Anivia,JUNGLE,empty,0,,Malignance,,0,0,,False
Anivia,JUNGLE,empty,300,,Malignance,2022 Glowing Mote (250),250,50,,False
Anivia,JUNGLE,empty,1200,,Malignance,3802 Lost Chapter (1200),1200,0,,False
Anivia,JUNGLE,empty,unknown,,Malignance,,0,,,False
Anivia,JUNGLE,components,0,3802 | 1026,Malignance,,0,0,,False
Anivia,JUNGLE,components,649,3802 | 1026,Malignance,,0,649,,False
Anivia,JUNGLE,components,650,3802 | 1026,Malignance,3118 Malignance (650),650,0,,False
Anivia,JUNGLE,owned_first,1000,3118,Blackfire Torch,1052 Amplifying Tome (400) -> 1052 Amplifying Tome (400),800,200,,False
Anivia,JUNGLE,full_slots,650,3802 | 1026 | 900001 | 900002 | 900003 | 900004,Malignance,3118 Malignance (650),650,0,,False
Anivia,JUNGLE,enemy_armor,1200,3802,Malignance,1026 Blasting Wand (850),850,350,,False
Anivia,JUNGLE,enemy_magic,1200,3802,Malignance,1026 Blasting Wand (850),850,350,,False
Anivia,JUNGLE,isolated_completion,650,3802 | 1026,Malignance,3118 Malignance (650),,,,False
Anivia,MIDDLE,empty,0,,Rod of Ages,,0,0,,False
Anivia,MIDDLE,empty,300,,Rod of Ages,1027 Sapphire Crystal (300),300,0,,False
Anivia,MIDDLE,empty,1200,,Rod of Ages,1026 Blasting Wand (850) -> 1027 Sapphire Crystal (300),1150,50,,False
Anivia,MIDDLE,empty,unknown,,Rod of Ages,,0,,,False
Anivia,MIDDLE,components,0,1026 | 3803,Rod of Ages,,0,0,,False
Anivia,MIDDLE,components,449,1026 | 3803,Rod of Ages,1052 Amplifying Tome (400),400,49,,False
Anivia,MIDDLE,components,450,1026 | 3803,Rod of Ages,6657 Rod of Ages (450),450,0,,False
Anivia,MIDDLE,owned_first,1000,6657,Malignance,1026 Blasting Wand (850),850,150,,False
Anivia,MIDDLE,full_slots,450,1026 | 3803 | 900001 | 900002 | 900003 | 900004,Rod of Ages,6657 Rod of Ages (450),450,0,,False
Anivia,MIDDLE,enemy_armor,1200,1026,Rod of Ages,1027 Sapphire Crystal (300) -> 1028 Ruby Crystal (400) -> 1028 Ruby Crystal (400),1100,100,,False
Anivia,MIDDLE,enemy_magic,1200,1026,Rod of Ages,1027 Sapphire Crystal (300) -> 1028 Ruby Crystal (400) -> 1028 Ruby Crystal (400),1100,100,,False
Anivia,MIDDLE,isolated_completion,450,1026 | 3803,Rod of Ages,6657 Rod of Ages (450),,,,False
Anivia,BOTTOM,empty,0,,Rod of Ages,,0,0,,False
Anivia,BOTTOM,empty,300,,Rod of Ages,1027 Sapphire Crystal (300),300,0,,False
Anivia,BOTTOM,empty,1200,,Rod of Ages,1026 Blasting Wand (850) -> 1027 Sapphire Crystal (300),1150,50,,False
Anivia,BOTTOM,empty,unknown,,Rod of Ages,,0,,,False
Anivia,BOTTOM,components,0,1026 | 3803,Rod of Ages,,0,0,,False
Anivia,BOTTOM,components,449,1026 | 3803,Rod of Ages,1052 Amplifying Tome (400),400,49,,False
Anivia,BOTTOM,components,450,1026 | 3803,Rod of Ages,6657 Rod of Ages (450),450,0,,False
Anivia,BOTTOM,owned_first,1000,6657,Malignance,1026 Blasting Wand (850),850,150,,False
Anivia,BOTTOM,full_slots,450,1026 | 3803 | 900001 | 900002 | 900003 | 900004,Rod of Ages,6657 Rod of Ages (450),450,0,,False
Anivia,BOTTOM,enemy_armor,1200,1026,Rod of Ages,1027 Sapphire Crystal (300) -> 1028 Ruby Crystal (400) -> 1028 Ruby Crystal (400),1100,100,,False
Anivia,BOTTOM,enemy_magic,1200,1026,Rod of Ages,1027 Sapphire Crystal (300) -> 1028 Ruby Crystal (400) -> 1028 Ruby Crystal (400),1100,100,,False
Anivia,BOTTOM,isolated_completion,450,1026 | 3803,Rod of Ages,6657 Rod of Ages (450),,,,False
Anivia,UTILITY,empty,0,,Rod of Ages,,0,0,,False
Anivia,UTILITY,empty,300,,Rod of Ages,1027 Sapphire Crystal (300),300,0,,False
Anivia,UTILITY,empty,1200,,Rod of Ages,1026 Blasting Wand (850) -> 1027 Sapphire Crystal (300),1150,50,,False
Anivia,UTILITY,empty,unknown,,Rod of Ages,,0,,,False
Anivia,UTILITY,components,0,1026 | 3803,Rod of Ages,,0,0,,False
Anivia,UTILITY,components,449,1026 | 3803,Rod of Ages,1052 Amplifying Tome (400),400,49,,False
Anivia,UTILITY,components,450,1026 | 3803,Rod of Ages,6657 Rod of Ages (450),450,0,,False
Anivia,UTILITY,owned_first,1000,6657,Bandlepipes,3067 Kindlegem (800),800,200,,False
Anivia,UTILITY,full_slots,450,1026 | 3803 | 900001 | 900002 | 900003 | 900004,Rod of Ages,6657 Rod of Ages (450),450,0,,False
Anivia,UTILITY,enemy_armor,1200,1026,Rod of Ages,1027 Sapphire Crystal (300) -> 1028 Ruby Crystal (400) -> 1028 Ruby Crystal (400),1100,100,,False
Anivia,UTILITY,enemy_magic,1200,1026,Rod of Ages,1027 Sapphire Crystal (300) -> 1028 Ruby Crystal (400) -> 1028 Ruby Crystal (400),1100,100,,False
Anivia,UTILITY,isolated_completion,450,1026 | 3803,Rod of Ages,6657 Rod of Ages (450),,,,False
Annie,TOP,empty,0,,Malignance,,0,0,,False
Annie,TOP,empty,300,,Malignance,1027 Sapphire Crystal (300),300,0,,False
Annie,TOP,empty,1200,,Malignance,3802 Lost Chapter (1200),1200,0,,False
Annie,TOP,empty,unknown,,Malignance,,0,,,False
Annie,TOP,components,0,3802 | 1026,Malignance,,0,0,,False
Annie,TOP,components,649,3802 | 1026,Malignance,,0,649,,False
Annie,TOP,components,650,3802 | 1026,Malignance,3118 Malignance (650),650,0,,False
Annie,TOP,owned_first,1000,3118,Liandry's Torment,1052 Amplifying Tome (400) -> 1052 Amplifying Tome (400),800,200,,False
Annie,TOP,full_slots,650,3802 | 1026 | 900001 | 900002 | 900003 | 900004,Malignance,3118 Malignance (650),650,0,,False
Annie,TOP,enemy_armor,1200,3802,Malignance,1026 Blasting Wand (850),850,350,,False
Annie,TOP,enemy_magic,1200,3802,Malignance,1026 Blasting Wand (850),850,350,,False
Annie,TOP,isolated_completion,650,3802 | 1026,Malignance,3118 Malignance (650),,,,False
Annie,JUNGLE,empty,0,,Malignance,,0,0,,False
Annie,JUNGLE,empty,300,,Malignance,1027 Sapphire Crystal (300),300,0,,False
Annie,JUNGLE,empty,1200,,Malignance,3802 Lost Chapter (1200),1200,0,,False
Annie,JUNGLE,empty,unknown,,Malignance,,0,,,False
Annie,JUNGLE,components,0,3802 | 1026,Malignance,,0,0,,False
Annie,JUNGLE,components,649,3802 | 1026,Malignance,,0,649,,False
Annie,JUNGLE,components,650,3802 | 1026,Malignance,3118 Malignance (650),650,0,,False
Annie,JUNGLE,owned_first,1000,3118,Lich Bane,1026 Blasting Wand (850),850,150,,False
Annie,JUNGLE,full_slots,650,3802 | 1026 | 900001 | 900002 | 900003 | 900004,Malignance,3118 Malignance (650),650,0,,False
Annie,JUNGLE,enemy_armor,1200,3802,Malignance,1026 Blasting Wand (850),850,350,,False
Annie,JUNGLE,enemy_magic,1200,3802,Malignance,1026 Blasting Wand (850),850,350,,False
Annie,JUNGLE,isolated_completion,650,3802 | 1026,Malignance,3118 Malignance (650),,,,False
Annie,MIDDLE,empty,0,,Malignance,,0,0,,False
Annie,MIDDLE,empty,300,,Malignance,1027 Sapphire Crystal (300),300,0,,False
Annie,MIDDLE,empty,1200,,Malignance,3802 Lost Chapter (1200),1200,0,,False
Annie,MIDDLE,empty,unknown,,Malignance,,0,,,False
Annie,MIDDLE,components,0,3802 | 1026,Malignance,,0,0,,False
Annie,MIDDLE,components,649,3802 | 1026,Malignance,,0,649,,False
Annie,MIDDLE,components,650,3802 | 1026,Malignance,3118 Malignance (650),650,0,,False
Annie,MIDDLE,owned_first,1000,3118,Hextech Rocketbelt,1052 Amplifying Tome (400) -> 1052 Amplifying Tome (400),800,200,,False
Annie,MIDDLE,full_slots,650,3802 | 1026 | 900001 | 900002 | 900003 | 900004,Malignance,3118 Malignance (650),650,0,,False
Annie,MIDDLE,enemy_armor,1200,3802,Malignance,1026 Blasting Wand (850),850,350,,False
Annie,MIDDLE,enemy_magic,1200,3802,Malignance,1026 Blasting Wand (850),850,350,,False
Annie,MIDDLE,isolated_completion,650,3802 | 1026,Malignance,3118 Malignance (650),,,,False
Annie,BOTTOM,empty,0,,Malignance,,0,0,,False
Annie,BOTTOM,empty,300,,Malignance,1027 Sapphire Crystal (300),300,0,,False
Annie,BOTTOM,empty,1200,,Malignance,3802 Lost Chapter (1200),1200,0,,False
Annie,BOTTOM,empty,unknown,,Malignance,,0,,,False
Annie,BOTTOM,components,0,3802 | 1026,Malignance,,0,0,,False
Annie,BOTTOM,components,649,3802 | 1026,Malignance,,0,649,,False
Annie,BOTTOM,components,650,3802 | 1026,Malignance,3118 Malignance (650),650,0,,False
Annie,BOTTOM,owned_first,1000,3118,Archangel's Staff,3108 Fiendish Codex (850),850,150,,False
Annie,BOTTOM,full_slots,650,3802 | 1026 | 900001 | 900002 | 900003 | 900004,Malignance,3118 Malignance (650),650,0,,False
Annie,BOTTOM,enemy_armor,1200,3802,Malignance,1026 Blasting Wand (850),850,350,,False
Annie,BOTTOM,enemy_magic,1200,3802,Malignance,1026 Blasting Wand (850),850,350,,False
Annie,BOTTOM,isolated_completion,650,3802 | 1026,Malignance,3118 Malignance (650),,,,False
Annie,UTILITY,empty,0,,Malignance,,0,0,,False
Annie,UTILITY,empty,300,,Malignance,1027 Sapphire Crystal (300),300,0,,False
Annie,UTILITY,empty,1200,,Malignance,3802 Lost Chapter (1200),1200,0,,False
Annie,UTILITY,empty,unknown,,Malignance,,0,,,False
Annie,UTILITY,components,0,3802 | 1026,Malignance,,0,0,,False
Annie,UTILITY,components,649,3802 | 1026,Malignance,,0,649,,False
Annie,UTILITY,components,650,3802 | 1026,Malignance,3118 Malignance (650),650,0,,False
Annie,UTILITY,owned_first,1000,3118,Rylai's Crystal Scepter,1026 Blasting Wand (850),850,150,,False
Annie,UTILITY,full_slots,650,3802 | 1026 | 900001 | 900002 | 900003 | 900004,Malignance,3118 Malignance (650),650,0,,False
Annie,UTILITY,enemy_armor,1200,3802,Malignance,1026 Blasting Wand (850),850,350,,False
Annie,UTILITY,enemy_magic,1200,3802,Malignance,1026 Blasting Wand (850),850,350,,False
Annie,UTILITY,isolated_completion,650,3802 | 1026,Malignance,3118 Malignance (650),,,,False
Aphelios,TOP,empty,0,,Experimental Hexplate,,0,0,,False
Aphelios,TOP,empty,300,,Experimental Hexplate,1042 Dagger (250),250,50,,False
Aphelios,TOP,empty,1200,,Experimental Hexplate,1036 Long Sword (350) -> 1036 Long Sword (350) -> 1042 Dagger (250) -> 1042 Dagger (250),1200,0,,False
Aphelios,TOP,empty,unknown,,Experimental Hexplate,,0,,,False
Aphelios,TOP,components,0,2021 | 1042 | 3044,Experimental Hexplate,,0,0,,False
Aphelios,TOP,components,499,2021 | 1042 | 3044,Experimental Hexplate,1036 Long Sword (350),350,149,,False
Aphelios,TOP,components,500,2021 | 1042 | 3044,Experimental Hexplate,3073 Experimental Hexplate (500),500,0,,False
Aphelios,TOP,owned_first,1000,3073,Infinity Edge,1037 Pickaxe (875),875,125,,False
Aphelios,TOP,full_slots,500,2021 | 1042 | 3044 | 900001 | 900002 | 900003,Experimental Hexplate,3073 Experimental Hexplate (500),500,0,,False
Aphelios,TOP,enemy_armor,1200,2021,Experimental Hexplate,1036 Long Sword (350) -> 1042 Dagger (250) -> 1036 Long Sword (350) -> 1042 Dagger (250),1200,0,,False
Aphelios,TOP,enemy_magic,1200,2021,Experimental Hexplate,1036 Long Sword (350) -> 1042 Dagger (250) -> 1036 Long Sword (350) -> 1042 Dagger (250),1200,0,,False
Aphelios,TOP,isolated_completion,500,2021 | 1042 | 3044,Experimental Hexplate,3073 Experimental Hexplate (500),,,,False
Aphelios,JUNGLE,empty,0,,Essence Reaver,,0,0,,False
Aphelios,JUNGLE,empty,300,,Phantom Dancer,1042 Dagger (250),250,50,,False
Aphelios,JUNGLE,empty,1200,,Essence Reaver,1018 Cloak of Agility (600) -> 1036 Long Sword (350) -> 2022 Glowing Mote (250),1200,0,,False
Aphelios,JUNGLE,empty,unknown,,Infinity Edge,,0,,,False
Aphelios,JUNGLE,components,0,1038 | 1037 | 1018,Infinity Edge,,0,0,,False
Aphelios,JUNGLE,components,724,1038 | 1037 | 1018,Infinity Edge,,0,724,,False
Aphelios,JUNGLE,components,725,1038 | 1037 | 1018,Infinity Edge,3031 Infinity Edge (725),725,0,,False
Aphelios,JUNGLE,owned_first,1000,3031,Essence Reaver,1018 Cloak of Agility (600) -> 1036 Long Sword (350),950,50,,False
Aphelios,JUNGLE,full_slots,725,1038 | 1037 | 1018 | 900001 | 900002 | 900003,Infinity Edge,3031 Infinity Edge (725),725,0,,False
Aphelios,JUNGLE,enemy_armor,1200,1038,Eclipse,1036 Long Sword (350) -> 1036 Long Sword (350) -> 1036 Long Sword (350),1050,150,,False
Aphelios,JUNGLE,enemy_magic,1200,1038,Infinity Edge,1037 Pickaxe (875),875,325,,False
Aphelios,JUNGLE,isolated_completion,725,1038 | 1037 | 1018,Infinity Edge,3031 Infinity Edge (725),,,,False
Aphelios,MIDDLE,empty,0,,Stormrazor,,0,0,,False
Aphelios,MIDDLE,empty,300,,Stormrazor,1042 Dagger (250),250,50,,False
Aphelios,MIDDLE,empty,1200,,Stormrazor,1018 Cloak of Agility (600) -> 3144 Scout's Slingshot (600),1200,0,,False
Aphelios,MIDDLE,empty,unknown,,Stormrazor,,0,,,False
Aphelios,MIDDLE,components,0,1038 | 1018 | 3144,Stormrazor,,0,0,,False
Aphelios,MIDDLE,components,699,1038 | 1018 | 3144,Stormrazor,,0,699,,False
Aphelios,MIDDLE,components,700,1038 | 1018 | 3144,Stormrazor,3095 Stormrazor (700),700,0,,False
Aphelios,MIDDLE,owned_first,1000,3095,Lord Dominik's Regards,1018 Cloak of Agility (600) -> 1036 Long Sword (350),950,50,,False
Aphelios,MIDDLE,full_slots,700,1038 | 1018 | 3144 | 900001 | 900002 | 900003,Stormrazor,3095 Stormrazor (700),700,0,,False
Aphelios,MIDDLE,enemy_armor,1200,1038,Stormrazor,1018 Cloak of Agility (600) -> 3144 Scout's Slingshot (600),1200,0,,False
Aphelios,MIDDLE,enemy_magic,1200,1038,Stormrazor,1018 Cloak of Agility (600) -> 3144 Scout's Slingshot (600),1200,0,,False
Aphelios,MIDDLE,isolated_completion,700,1038 | 1018 | 3144,Stormrazor,3095 Stormrazor (700),,,,False
Aphelios,BOTTOM,empty,0,,The Collector,,0,0,,False
Aphelios,BOTTOM,empty,300,,The Collector,,0,300,,False
Aphelios,BOTTOM,empty,1200,,The Collector,1018 Cloak of Agility (600) -> 1036 Long Sword (350),950,250,,False
Aphelios,BOTTOM,empty,unknown,,The Collector,,0,,,False
Aphelios,BOTTOM,components,0,1037 | 3134 | 1018,The Collector,,0,0,,False
Aphelios,BOTTOM,components,524,1037 | 3134 | 1018,The Collector,1036 Long Sword (350),350,174,,False
Aphelios,BOTTOM,components,525,1037 | 3134 | 1018,The Collector,6676 The Collector (525),525,0,,False
Aphelios,BOTTOM,owned_first,1000,6676,Infinity Edge,1037 Pickaxe (875),875,125,,False
Aphelios,BOTTOM,full_slots,525,1037 | 3134 | 1018 | 900001 | 900002 | 900003,The Collector,6676 The Collector (525),525,0,,False
Aphelios,BOTTOM,enemy_armor,1200,1037,The Collector,1018 Cloak of Agility (600) -> 1036 Long Sword (350),950,250,,False
Aphelios,BOTTOM,enemy_magic,1200,1037,The Collector,1018 Cloak of Agility (600) -> 1036 Long Sword (350),950,250,,False
Aphelios,BOTTOM,isolated_completion,525,1037 | 3134 | 1018,The Collector,6676 The Collector (525),,,,False
Aphelios,UTILITY,empty,0,,Hubris,,0,0,,False
Aphelios,UTILITY,empty,300,,Hubris,2022 Glowing Mote (250),250,50,,False
Aphelios,UTILITY,empty,1200,,Hubris,1036 Long Sword (350) -> 1036 Long Sword (350) -> 1036 Long Sword (350),1050,150,,False
Aphelios,UTILITY,empty,unknown,,Hubris,,0,,,False
Aphelios,UTILITY,components,0,3134 | 3133,Hubris,,0,0,,False
Aphelios,UTILITY,components,749,3134 | 3133,Hubris,,0,749,,False
Aphelios,UTILITY,components,750,3134 | 3133,Hubris,6697 Hubris (750),750,0,,False
Aphelios,UTILITY,owned_first,1000,6697,Hexoptics C44,1018 Cloak of Agility (600) -> 1036 Long Sword (350),950,50,,False
Aphelios,UTILITY,full_slots,750,3134 | 3133 | 900001 | 900002 | 900003 | 900004,Hubris,6697 Hubris (750),750,0,,False
Aphelios,UTILITY,enemy_armor,1200,3134,Hubris,3133 Caulfield's Warhammer (1050),1050,150,,False
Aphelios,UTILITY,enemy_magic,1200,3134,Hubris,3133 Caulfield's Warhammer (1050),1050,150,,False
Aphelios,UTILITY,isolated_completion,750,3134 | 3133,Hubris,6697 Hubris (750),,,,False
Ashe,TOP,empty,0,,Essence Reaver,,0,0,,False
Ashe,TOP,empty,300,,Essence Reaver,2022 Glowing Mote (250),250,50,,False
Ashe,TOP,empty,1200,,Essence Reaver,3133 Caulfield's Warhammer (1050),1050,150,,False
Ashe,TOP,empty,unknown,,Essence Reaver,,0,,,False
Ashe,TOP,components,0,3057 | 3133 | 1018,Essence Reaver,,0,0,,False
Ashe,TOP,components,499,3057 | 3133 | 1018,Essence Reaver,,0,499,,False
Ashe,TOP,components,500,3057 | 3133 | 1018,Essence Reaver,3508 Essence Reaver (500),500,0,,False
Ashe,TOP,owned_first,1000,3508,Infinity Edge,1037 Pickaxe (875),875,125,,False
Ashe,TOP,full_slots,500,3057 | 3133 | 1018 | 900001 | 900002 | 900003,Essence Reaver,3508 Essence Reaver (500),500,0,,False
Ashe,TOP,enemy_armor,1200,3057,Essence Reaver,3133 Caulfield's Warhammer (1050),1050,150,,False
Ashe,TOP,enemy_magic,1200,3057,Essence Reaver,3133 Caulfield's Warhammer (1050),1050,150,,False
Ashe,TOP,isolated_completion,500,3057 | 3133 | 1018,Essence Reaver,3508 Essence Reaver (500),,,,False
Ashe,JUNGLE,empty,0,,Essence Reaver,,0,0,,False
Ashe,JUNGLE,empty,300,,Essence Reaver,2022 Glowing Mote (250),250,50,,False
Ashe,JUNGLE,empty,1200,,Essence Reaver,3133 Caulfield's Warhammer (1050),1050,150,,False
Ashe,JUNGLE,empty,unknown,,Essence Reaver,,0,,,False
Ashe,JUNGLE,components,0,3057 | 3133 | 1018,Essence Reaver,,0,0,,False
Ashe,JUNGLE,components,499,3057 | 3133 | 1018,Essence Reaver,,0,499,,False
Ashe,JUNGLE,components,500,3057 | 3133 | 1018,Essence Reaver,3508 Essence Reaver (500),500,0,,False
Ashe,JUNGLE,owned_first,1000,3508,Infinity Edge,1037 Pickaxe (875),875,125,,False
Ashe,JUNGLE,full_slots,500,3057 | 3133 | 1018 | 900001 | 900002 | 900003,Essence Reaver,3508 Essence Reaver (500),500,0,,False
Ashe,JUNGLE,enemy_armor,1200,3057,Essence Reaver,3133 Caulfield's Warhammer (1050),1050,150,,False
Ashe,JUNGLE,enemy_magic,1200,3057,Essence Reaver,3133 Caulfield's Warhammer (1050),1050,150,,False
Ashe,JUNGLE,isolated_completion,500,3057 | 3133 | 1018,Essence Reaver,3508 Essence Reaver (500),,,,False
Ashe,MIDDLE,empty,0,,Essence Reaver,,0,0,,False
Ashe,MIDDLE,empty,300,,Essence Reaver,2022 Glowing Mote (250),250,50,,False
Ashe,MIDDLE,empty,1200,,Essence Reaver,3133 Caulfield's Warhammer (1050),1050,150,,False
Ashe,MIDDLE,empty,unknown,,Essence Reaver,,0,,,False
Ashe,MIDDLE,components,0,3057 | 3133 | 1018,Essence Reaver,,0,0,,False
Ashe,MIDDLE,components,499,3057 | 3133 | 1018,Essence Reaver,,0,499,,False
Ashe,MIDDLE,components,500,3057 | 3133 | 1018,Essence Reaver,3508 Essence Reaver (500),500,0,,False
Ashe,MIDDLE,owned_first,1000,3508,Infinity Edge,1037 Pickaxe (875),875,125,,False
Ashe,MIDDLE,full_slots,500,3057 | 3133 | 1018 | 900001 | 900002 | 900003,Essence Reaver,3508 Essence Reaver (500),500,0,,False
Ashe,MIDDLE,enemy_armor,1200,3057,Essence Reaver,3133 Caulfield's Warhammer (1050),1050,150,,False
Ashe,MIDDLE,enemy_magic,1200,3057,Essence Reaver,3133 Caulfield's Warhammer (1050),1050,150,,False
Ashe,MIDDLE,isolated_completion,500,3057 | 3133 | 1018,Essence Reaver,3508 Essence Reaver (500),,,,False
Ashe,BOTTOM,empty,0,,Hexoptics C44,,0,0,,False
Ashe,BOTTOM,empty,300,,Hexoptics C44,,0,300,,False
Ashe,BOTTOM,empty,1200,,Hexoptics C44,1018 Cloak of Agility (600) -> 1036 Long Sword (350),950,250,,False
Ashe,BOTTOM,empty,unknown,,Hexoptics C44,,0,,,False
Ashe,BOTTOM,components,0,1037 | 6670 | 1036,Hexoptics C44,,0,0,,False
Ashe,BOTTOM,components,274,1037 | 6670 | 1036,Hexoptics C44,,0,274,,False
Ashe,BOTTOM,components,275,1037 | 6670 | 1036,Hexoptics C44,2523 Hexoptics C44 (275),275,0,,False
Ashe,BOTTOM,owned_first,1000,2523,Phantom Dancer,1018 Cloak of Agility (600) -> 1042 Dagger (250),850,150,,False
Ashe,BOTTOM,full_slots,275,1037 | 6670 | 1036 | 900001 | 900002 | 900003,Hexoptics C44,2523 Hexoptics C44 (275),275,0,,False
Ashe,BOTTOM,enemy_armor,1200,1037,Hexoptics C44,1018 Cloak of Agility (600) -> 1036 Long Sword (350),950,250,,False
Ashe,BOTTOM,enemy_magic,1200,1037,Hexoptics C44,1018 Cloak of Agility (600) -> 1036 Long Sword (350),950,250,,False
Ashe,BOTTOM,isolated_completion,275,1037 | 6670 | 1036,Hexoptics C44,2523 Hexoptics C44 (275),,,,False
Ashe,UTILITY,empty,0,,Black Cleaver,,0,0,,False
Ashe,UTILITY,empty,300,,Black Cleaver,2022 Glowing Mote (250),250,50,,False
Ashe,UTILITY,empty,1200,,Black Cleaver,1037 Pickaxe (875) -> 2022 Glowing Mote (250),1125,75,,False
Ashe,UTILITY,empty,unknown,,Black Cleaver,,0,,,False
Ashe,UTILITY,components,0,3044 | 3067 | 1037,Black Cleaver,,0,0,,False
Ashe,UTILITY,components,224,3044 | 3067 | 1037,Black Cleaver,,0,224,,False
Ashe,UTILITY,components,225,3044 | 3067 | 1037,Black Cleaver,3071 Black Cleaver (225),225,0,,False
Ashe,UTILITY,owned_first,1000,3071,Essence Reaver,1036 Long Sword (350) -> 1036 Long Sword (350) -> 2022 Glowing Mote (250),950,50,,False
Ashe,UTILITY,full_slots,225,3044 | 3067 | 1037 | 900001 | 900002 | 900003,Black Cleaver,3071 Black Cleaver (225),225,0,,False
Ashe,UTILITY,enemy_armor,1200,3044,Black Cleaver,1037 Pickaxe (875) -> 2022 Glowing Mote (250),1125,75,,False
Ashe,UTILITY,enemy_magic,1200,3044,Black Cleaver,1037 Pickaxe (875) -> 2022 Glowing Mote (250),1125,75,,False
Ashe,UTILITY,isolated_completion,225,3044 | 3067 | 1037,Black Cleaver,3071 Black Cleaver (225),,,,False
AurelionSol,TOP,empty,0,,Rylai's Crystal Scepter,,0,0,,False
AurelionSol,TOP,empty,300,,Rylai's Crystal Scepter,2022 Glowing Mote (250),250,50,,False
AurelionSol,TOP,empty,1200,,Rylai's Crystal Scepter,1026 Blasting Wand (850) -> 2022 Glowing Mote (250),1100,100,,False
AurelionSol,TOP,empty,unknown,,Rylai's Crystal Scepter,,0,,,False
AurelionSol,TOP,components,0,1026 | 1011 | 1052,Rylai's Crystal Scepter,,0,0,,False
AurelionSol,TOP,components,449,1026 | 1011 | 1052,Rylai's Crystal Scepter,1052 Amplifying Tome (400),400,49,,False
AurelionSol,TOP,components,450,1026 | 1011 | 1052,Rylai's Crystal Scepter,1052 Amplifying Tome (400),400,50,,False
AurelionSol,TOP,owned_first,1000,3116,Liandry's Torment,1052 Amplifying Tome (400) -> 1052 Amplifying Tome (400),800,200,,False
AurelionSol,TOP,full_slots,450,1026 | 1011 | 1052 | 900001 | 900002 | 900003,Rylai's Crystal Scepter,3116 Rylai's Crystal Scepter (450),450,0,,False
AurelionSol,TOP,enemy_armor,1200,1026,Rylai's Crystal Scepter,1052 Amplifying Tome (400) -> 1052 Amplifying Tome (400) -> 1028 Ruby Crystal (400),1200,0,,False
AurelionSol,TOP,enemy_magic,1200,1026,Rylai's Crystal Scepter,1052 Amplifying Tome (400) -> 1052 Amplifying Tome (400) -> 1028 Ruby Crystal (400),1200,0,,False
AurelionSol,TOP,isolated_completion,450,1026 | 1011 | 1052,Rylai's Crystal Scepter,3116 Rylai's Crystal Scepter (450),,,,False
AurelionSol,JUNGLE,empty,0,,Rylai's Crystal Scepter,,0,0,,False
AurelionSol,JUNGLE,empty,300,,Rylai's Crystal Scepter,2022 Glowing Mote (250),250,50,,False
AurelionSol,JUNGLE,empty,1200,,Rylai's Crystal Scepter,1026 Blasting Wand (850) -> 2022 Glowing Mote (250),1100,100,,False
AurelionSol,JUNGLE,empty,unknown,,Blackfire Torch,,0,,,False
AurelionSol,JUNGLE,components,0,3802 | 2508,Blackfire Torch,,0,0,,False
AurelionSol,JUNGLE,components,699,3802 | 2508,Blackfire Torch,,0,699,,False
AurelionSol,JUNGLE,components,700,3802 | 2508,Blackfire Torch,2503 Blackfire Torch (700),700,0,,False
AurelionSol,JUNGLE,owned_first,1000,2503,Bloodletter's Curse,3108 Fiendish Codex (850),850,150,,False
AurelionSol,JUNGLE,full_slots,700,3802 | 2508 | 900001 | 900002 | 900003 | 900004,Blackfire Torch,2503 Blackfire Torch (700),700,0,,False
AurelionSol,JUNGLE,enemy_armor,1200,3802,Blackfire Torch,2508 Fated Ashes (900),900,300,,False
AurelionSol,JUNGLE,enemy_magic,1200,3802,Blackfire Torch,2508 Fated Ashes (900),900,300,,False
AurelionSol,JUNGLE,isolated_completion,700,3802 | 2508,Blackfire Torch,2503 Blackfire Torch (700),,,,False
AurelionSol,MIDDLE,empty,0,,Rylai's Crystal Scepter,,0,0,,False
AurelionSol,MIDDLE,empty,300,,Rylai's Crystal Scepter,2022 Glowing Mote (250),250,50,,False
AurelionSol,MIDDLE,empty,1200,,Rylai's Crystal Scepter,1026 Blasting Wand (850) -> 2022 Glowing Mote (250),1100,100,,False
AurelionSol,MIDDLE,empty,unknown,,Rylai's Crystal Scepter,,0,,,False
AurelionSol,MIDDLE,components,0,1026 | 1011 | 1052,Rylai's Crystal Scepter,,0,0,,False
AurelionSol,MIDDLE,components,449,1026 | 1011 | 1052,Rylai's Crystal Scepter,1052 Amplifying Tome (400),400,49,,False
AurelionSol,MIDDLE,components,450,1026 | 1011 | 1052,Rylai's Crystal Scepter,1052 Amplifying Tome (400),400,50,,False
AurelionSol,MIDDLE,owned_first,1000,3116,Liandry's Torment,1052 Amplifying Tome (400) -> 1052 Amplifying Tome (400),800,200,,False
AurelionSol,MIDDLE,full_slots,450,1026 | 1011 | 1052 | 900001 | 900002 | 900003,Rylai's Crystal Scepter,3116 Rylai's Crystal Scepter (450),450,0,,False
AurelionSol,MIDDLE,enemy_armor,1200,1026,Rylai's Crystal Scepter,1052 Amplifying Tome (400) -> 1052 Amplifying Tome (400) -> 1028 Ruby Crystal (400),1200,0,,False
AurelionSol,MIDDLE,enemy_magic,1200,1026,Rylai's Crystal Scepter,1052 Amplifying Tome (400) -> 1052 Amplifying Tome (400) -> 1028 Ruby Crystal (400),1200,0,,False
AurelionSol,MIDDLE,isolated_completion,450,1026 | 1011 | 1052,Rylai's Crystal Scepter,3116 Rylai's Crystal Scepter (450),,,,False
AurelionSol,BOTTOM,empty,0,,Rylai's Crystal Scepter,,0,0,,False
AurelionSol,BOTTOM,empty,300,,Rylai's Crystal Scepter,2022 Glowing Mote (250),250,50,,False
AurelionSol,BOTTOM,empty,1200,,Rylai's Crystal Scepter,1026 Blasting Wand (850) -> 2022 Glowing Mote (250),1100,100,,False
AurelionSol,BOTTOM,empty,unknown,,Rylai's Crystal Scepter,,0,,,False
AurelionSol,BOTTOM,components,0,1026 | 1011 | 1052,Rylai's Crystal Scepter,,0,0,,False
AurelionSol,BOTTOM,components,449,1026 | 1011 | 1052,Rylai's Crystal Scepter,1052 Amplifying Tome (400),400,49,,False
AurelionSol,BOTTOM,components,450,1026 | 1011 | 1052,Rylai's Crystal Scepter,1052 Amplifying Tome (400),400,50,,False
AurelionSol,BOTTOM,owned_first,1000,3116,Liandry's Torment,1052 Amplifying Tome (400) -> 1052 Amplifying Tome (400),800,200,,False
AurelionSol,BOTTOM,full_slots,450,1026 | 1011 | 1052 | 900001 | 900002 | 900003,Rylai's Crystal Scepter,3116 Rylai's Crystal Scepter (450),450,0,,False
AurelionSol,BOTTOM,enemy_armor,1200,1026,Rylai's Crystal Scepter,1052 Amplifying Tome (400) -> 1052 Amplifying Tome (400) -> 1028 Ruby Crystal (400),1200,0,,False
AurelionSol,BOTTOM,enemy_magic,1200,1026,Rylai's Crystal Scepter,1052 Amplifying Tome (400) -> 1052 Amplifying Tome (400) -> 1028 Ruby Crystal (400),1200,0,,False
AurelionSol,BOTTOM,isolated_completion,450,1026 | 1011 | 1052,Rylai's Crystal Scepter,3116 Rylai's Crystal Scepter (450),,,,False
AurelionSol,UTILITY,empty,0,,Rylai's Crystal Scepter,,0,0,,False
AurelionSol,UTILITY,empty,300,,Rylai's Crystal Scepter,2022 Glowing Mote (250),250,50,,False
AurelionSol,UTILITY,empty,1200,,Rylai's Crystal Scepter,1026 Blasting Wand (850) -> 2022 Glowing Mote (250),1100,100,,False
AurelionSol,UTILITY,empty,unknown,,Liandry's Torment,,0,,,False
AurelionSol,UTILITY,components,0,3147 | 2508,Liandry's Torment,,0,0,,False
AurelionSol,UTILITY,components,799,3147 | 2508,Liandry's Torment,1052 Amplifying Tome (400),400,399,,False
AurelionSol,UTILITY,components,800,3147 | 2508,Liandry's Torment,6653 Liandry's Torment (800),800,0,,False
AurelionSol,UTILITY,owned_first,1000,6653,Malignance,1026 Blasting Wand (850),850,150,,False
AurelionSol,UTILITY,full_slots,800,3147 | 2508 | 900001 | 900002 | 900003 | 900004,Liandry's Torment,6653 Liandry's Torment (800),800,0,,False
AurelionSol,UTILITY,enemy_armor,1200,3147,Liandry's Torment,2508 Fated Ashes (900),900,300,,False
AurelionSol,UTILITY,enemy_magic,1200,3147,Liandry's Torment,2508 Fated Ashes (900),900,300,,False
AurelionSol,UTILITY,isolated_completion,800,3147 | 2508,Liandry's Torment,6653 Liandry's Torment (800),,,,False
Aurora,TOP,empty,0,,Stormsurge,,0,0,,False
Aurora,TOP,empty,300,,Hextech Rocketbelt,2022 Glowing Mote (250),250,50,,False
Aurora,TOP,empty,1200,,Stormsurge,1052 Amplifying Tome (400) -> 1052 Amplifying Tome (400) -> 1052 Amplifying Tome (400),1200,0,,False
Aurora,TOP,empty,unknown,,Stormsurge,,0,,,False
Aurora,TOP,components,0,3145 | 3113,Stormsurge,,0,0,,False
Aurora,TOP,components,799,3145 | 3113,Stormsurge,,0,799,,False
Aurora,TOP,components,800,3145 | 3113,Stormsurge,4646 Stormsurge (800),800,0,,False
Aurora,TOP,owned_first,1000,4646,Shadowflame,1052 Amplifying Tome (400) -> 1052 Amplifying Tome (400),800,200,,False
Aurora,TOP,full_slots,800,3145 | 3113 | 900001 | 900002 | 900003 | 900004,Stormsurge,4646 Stormsurge (800),800,0,,False
Aurora,TOP,enemy_armor,1200,3145,Luden's Echo,3802 Lost Chapter (1200),1200,0,,False
Aurora,TOP,enemy_magic,1200,3145,Luden's Echo,3802 Lost Chapter (1200),1200,0,,False
Aurora,TOP,isolated_completion,800,3145 | 3113,Stormsurge,4646 Stormsurge (800),,,,False
Aurora,JUNGLE,empty,0,,Malignance,,0,0,,False
Aurora,JUNGLE,empty,300,,Malignance,1027 Sapphire Crystal (300),300,0,,False
Aurora,JUNGLE,empty,1200,,Malignance,3802 Lost Chapter (1200),1200,0,,False
Aurora,JUNGLE,empty,unknown,,Malignance,,0,,,False
Aurora,JUNGLE,components,0,3802 | 1026,Malignance,,0,0,,False
Aurora,JUNGLE,components,649,3802 | 1026,Malignance,,0,649,,False
Aurora,JUNGLE,components,650,3802 | 1026,Malignance,3118 Malignance (650),650,0,,False
Aurora,JUNGLE,owned_first,1000,3118,Lich Bane,1026 Blasting Wand (850),850,150,,False
Aurora,JUNGLE,full_slots,650,3802 | 1026 | 900001 | 900002 | 900003 | 900004,Malignance,3118 Malignance (650),650,0,,False
Aurora,JUNGLE,enemy_armor,1200,3802,Malignance,1026 Blasting Wand (850),850,350,,False
Aurora,JUNGLE,enemy_magic,1200,3802,Malignance,1026 Blasting Wand (850),850,350,,False
Aurora,JUNGLE,isolated_completion,650,3802 | 1026,Malignance,3118 Malignance (650),,,,False
Aurora,MIDDLE,empty,0,,Stormsurge,,0,0,,False
Aurora,MIDDLE,empty,300,,Stormsurge,,0,300,,False
Aurora,MIDDLE,empty,1200,,Stormsurge,1052 Amplifying Tome (400) -> 1052 Amplifying Tome (400) -> 1052 Amplifying Tome (400),1200,0,,False
Aurora,MIDDLE,empty,unknown,,Stormsurge,,0,,,False
Aurora,MIDDLE,components,0,3145 | 3113,Stormsurge,,0,0,,False
Aurora,MIDDLE,components,799,3145 | 3113,Stormsurge,,0,799,,False
Aurora,MIDDLE,components,800,3145 | 3113,Stormsurge,4646 Stormsurge (800),800,0,,False
Aurora,MIDDLE,owned_first,1000,4646,Shadowflame,1052 Amplifying Tome (400) -> 1052 Amplifying Tome (400),800,200,,False
Aurora,MIDDLE,full_slots,800,3145 | 3113 | 900001 | 900002 | 900003 | 900004,Stormsurge,4646 Stormsurge (800),800,0,,False
Aurora,MIDDLE,enemy_armor,1200,3145,Stormsurge,3113 Aether Wisp (900),900,300,,False
Aurora,MIDDLE,enemy_magic,1200,3145,Stormsurge,3113 Aether Wisp (900),900,300,,False
Aurora,MIDDLE,isolated_completion,800,3145 | 3113,Stormsurge,4646 Stormsurge (800),,,,False
Aurora,BOTTOM,empty,0,,Stormsurge,,0,0,,False
Aurora,BOTTOM,empty,300,,Stormsurge,,0,300,,False
Aurora,BOTTOM,empty,1200,,Stormsurge,1052 Amplifying Tome (400) -> 1052 Amplifying Tome (400) -> 1052 Amplifying Tome (400),1200,0,,False
Aurora,BOTTOM,empty,unknown,,Stormsurge,,0,,,False
Aurora,BOTTOM,components,0,3145 | 3113,Stormsurge,,0,0,,False
Aurora,BOTTOM,components,799,3145 | 3113,Stormsurge,,0,799,,False
Aurora,BOTTOM,components,800,3145 | 3113,Stormsurge,4646 Stormsurge (800),800,0,,False
Aurora,BOTTOM,owned_first,1000,4646,Shadowflame,1052 Amplifying Tome (400) -> 1052 Amplifying Tome (400),800,200,,False
Aurora,BOTTOM,full_slots,800,3145 | 3113 | 900001 | 900002 | 900003 | 900004,Stormsurge,4646 Stormsurge (800),800,0,,False
Aurora,BOTTOM,enemy_armor,1200,3145,Stormsurge,3113 Aether Wisp (900),900,300,,False
Aurora,BOTTOM,enemy_magic,1200,3145,Stormsurge,3113 Aether Wisp (900),900,300,,False
Aurora,BOTTOM,isolated_completion,800,3145 | 3113,Stormsurge,4646 Stormsurge (800),,,,False
Aurora,UTILITY,empty,0,,Stormsurge,,0,0,,False
Aurora,UTILITY,empty,300,,Stormsurge,,0,300,,False
Aurora,UTILITY,empty,1200,,Stormsurge,1052 Amplifying Tome (400) -> 1052 Amplifying Tome (400) -> 1052 Amplifying Tome (400),1200,0,,False
Aurora,UTILITY,empty,unknown,,Stormsurge,,0,,,False
Aurora,UTILITY,components,0,3145 | 3113,Stormsurge,,0,0,,False
Aurora,UTILITY,components,799,3145 | 3113,Stormsurge,1052 Amplifying Tome (400),400,399,,False
Aurora,UTILITY,components,800,3145 | 3113,Stormsurge,4646 Stormsurge (800),800,0,,False
Aurora,UTILITY,owned_first,1000,4646,Shadowflame,1052 Amplifying Tome (400) -> 1052 Amplifying Tome (400),800,200,,False
Aurora,UTILITY,full_slots,800,3145 | 3113 | 900001 | 900002 | 900003 | 900004,Stormsurge,4646 Stormsurge (800),800,0,,False
Aurora,UTILITY,enemy_armor,1200,3145,Stormsurge,3113 Aether Wisp (900),900,300,,False
Aurora,UTILITY,enemy_magic,1200,3145,Stormsurge,3113 Aether Wisp (900),900,300,,False
Aurora,UTILITY,isolated_completion,800,3145 | 3113,Stormsurge,4646 Stormsurge (800),,,,False
Azir,TOP,empty,0,,Nashor's Tooth,,0,0,,False
Azir,TOP,empty,300,,Nashor's Tooth,2022 Glowing Mote (250),250,50,,False
Azir,TOP,empty,1200,,Nashor's Tooth,1026 Blasting Wand (850) -> 2022 Glowing Mote (250),1100,100,,False
Azir,TOP,empty,unknown,,Nashor's Tooth,,0,,,False
Azir,TOP,components,0,1043 | 1026 | 3108,Nashor's Tooth,,0,0,,False
Azir,TOP,components,499,1043 | 1026 | 3108,Nashor's Tooth,,0,499,,False
Azir,TOP,components,500,1043 | 1026 | 3108,Nashor's Tooth,3115 Nashor's Tooth (500),500,0,,False
Azir,TOP,owned_first,1000,3115,Rylai's Crystal Scepter,1026 Blasting Wand (850),850,150,,False
Azir,TOP,full_slots,500,1043 | 1026 | 3108 | 900001 | 900002 | 900003,Nashor's Tooth,3115 Nashor's Tooth (500),500,0,,False
Azir,TOP,enemy_armor,1200,1043,Nashor's Tooth,1026 Blasting Wand (850) -> 2022 Glowing Mote (250),1100,100,,False
Azir,TOP,enemy_magic,1200,1043,Nashor's Tooth,1026 Blasting Wand (850) -> 2022 Glowing Mote (250),1100,100,,False
Azir,TOP,isolated_completion,500,1043 | 1026 | 3108,Nashor's Tooth,3115 Nashor's Tooth (500),,,,False
Azir,JUNGLE,empty,0,,Nashor's Tooth,,0,0,,False
Azir,JUNGLE,empty,300,,Nashor's Tooth,2022 Glowing Mote (250),250,50,,False
Azir,JUNGLE,empty,1200,,Nashor's Tooth,1026 Blasting Wand (850) -> 2022 Glowing Mote (250),1100,100,,False
Azir,JUNGLE,empty,unknown,,Nashor's Tooth,,0,,,False
Azir,JUNGLE,components,0,1043 | 1026 | 3108,Nashor's Tooth,,0,0,,False
Azir,JUNGLE,components,499,1043 | 1026 | 3108,Nashor's Tooth,,0,499,,False
Azir,JUNGLE,components,500,1043 | 1026 | 3108,Nashor's Tooth,3115 Nashor's Tooth (500),500,0,,False
Azir,JUNGLE,owned_first,1000,3115,Rabadon's Deathcap,,0,1000,,False
Azir,JUNGLE,full_slots,500,1043 | 1026 | 3108 | 900001 | 900002 | 900003,Nashor's Tooth,3115 Nashor's Tooth (500),500,0,,False
Azir,JUNGLE,enemy_armor,1200,1043,Nashor's Tooth,1026 Blasting Wand (850) -> 2022 Glowing Mote (250),1100,100,,False
Azir,JUNGLE,enemy_magic,1200,1043,Nashor's Tooth,1026 Blasting Wand (850) -> 2022 Glowing Mote (250),1100,100,,False
Azir,JUNGLE,isolated_completion,500,1043 | 1026 | 3108,Nashor's Tooth,3115 Nashor's Tooth (500),,,,False
Azir,MIDDLE,empty,0,,Nashor's Tooth,,0,0,,False
Azir,MIDDLE,empty,300,,Nashor's Tooth,2022 Glowing Mote (250),250,50,,False
Azir,MIDDLE,empty,1200,,Nashor's Tooth,1026 Blasting Wand (850) -> 2022 Glowing Mote (250),1100,100,,False
Azir,MIDDLE,empty,unknown,,Nashor's Tooth,,0,,,False
Azir,MIDDLE,components,0,1043 | 1026 | 3108,Nashor's Tooth,,0,0,,False
Azir,MIDDLE,components,499,1043 | 1026 | 3108,Nashor's Tooth,,0,499,,False
Azir,MIDDLE,components,500,1043 | 1026 | 3108,Nashor's Tooth,3115 Nashor's Tooth (500),500,0,,False
Azir,MIDDLE,owned_first,1000,3115,Shadowflame,1052 Amplifying Tome (400) -> 1052 Amplifying Tome (400),800,200,,False
Azir,MIDDLE,full_slots,500,1043 | 1026 | 3108 | 900001 | 900002 | 900003,Nashor's Tooth,3115 Nashor's Tooth (500),500,0,,False
Azir,MIDDLE,enemy_armor,1200,1043,Nashor's Tooth,1026 Blasting Wand (850) -> 2022 Glowing Mote (250),1100,100,,False
Azir,MIDDLE,enemy_magic,1200,1043,Nashor's Tooth,1026 Blasting Wand (850) -> 2022 Glowing Mote (250),1100,100,,False
Azir,MIDDLE,isolated_completion,500,1043 | 1026 | 3108,Nashor's Tooth,3115 Nashor's Tooth (500),,,,False
Azir,BOTTOM,empty,0,,Nashor's Tooth,,0,0,,False
Azir,BOTTOM,empty,300,,Nashor's Tooth,2022 Glowing Mote (250),250,50,,False
Azir,BOTTOM,empty,1200,,Nashor's Tooth,1026 Blasting Wand (850) -> 2022 Glowing Mote (250),1100,100,,False
Azir,BOTTOM,empty,unknown,,Nashor's Tooth,,0,,,False
Azir,BOTTOM,components,0,1043 | 1026 | 3108,Nashor's Tooth,,0,0,,False
Azir,BOTTOM,components,499,1043 | 1026 | 3108,Nashor's Tooth,,0,499,,False
Azir,BOTTOM,components,500,1043 | 1026 | 3108,Nashor's Tooth,3115 Nashor's Tooth (500),500,0,,False
Azir,BOTTOM,owned_first,1000,3115,Riftmaker,1052 Amplifying Tome (400) -> 1052 Amplifying Tome (400),800,200,,False
Azir,BOTTOM,full_slots,500,1043 | 1026 | 3108 | 900001 | 900002 | 900003,Nashor's Tooth,3115 Nashor's Tooth (500),500,0,,False
Azir,BOTTOM,enemy_armor,1200,1043,Nashor's Tooth,1026 Blasting Wand (850) -> 2022 Glowing Mote (250),1100,100,,False
Azir,BOTTOM,enemy_magic,1200,1043,Nashor's Tooth,1026 Blasting Wand (850) -> 2022 Glowing Mote (250),1100,100,,False
Azir,BOTTOM,isolated_completion,500,1043 | 1026 | 3108,Nashor's Tooth,3115 Nashor's Tooth (500),,,,False
Azir,UTILITY,empty,0,,Essence Reaver,,0,0,,False
Azir,UTILITY,empty,300,,Malignance,1027 Sapphire Crystal (300),300,0,,False
Azir,UTILITY,empty,1200,,Malignance,3802 Lost Chapter (1200),1200,0,,False
Azir,UTILITY,empty,unknown,,Essence Reaver,,0,,,False
Azir,UTILITY,components,0,3057 | 3133 | 1018,Essence Reaver,,0,0,,False
Azir,UTILITY,components,499,3057 | 3133 | 1018,Essence Reaver,,0,499,,False
Azir,UTILITY,components,500,3057 | 3133 | 1018,Essence Reaver,3508 Essence Reaver (500),500,0,,False
Azir,UTILITY,owned_first,1000,3508,Malignance,1026 Blasting Wand (850),850,150,,False
Azir,UTILITY,full_slots,500,3057 | 3133 | 1018 | 900001 | 900002 | 900003,Essence Reaver,3508 Essence Reaver (500),500,0,,False
Azir,UTILITY,enemy_armor,1200,3057,Imperial Mandate,1052 Amplifying Tome (400) -> 1052 Amplifying Tome (400) -> 1052 Amplifying Tome (400),1200,0,,False
Azir,UTILITY,enemy_magic,1200,3057,Essence Reaver,3133 Caulfield's Warhammer (1050),1050,150,,False
Azir,UTILITY,isolated_completion,500,3057 | 3133 | 1018,Essence Reaver,3508 Essence Reaver (500),,,,False
Bard,TOP,empty,0,,Essence Reaver,,0,0,,False
Bard,TOP,empty,300,,Essence Reaver,2022 Glowing Mote (250),250,50,,False
Bard,TOP,empty,1200,,Essence Reaver,3057 Sheen (900) -> 2022 Glowing Mote (250),1150,50,,False
Bard,TOP,empty,unknown,,Essence Reaver,,0,,,False
Bard,TOP,components,0,3057 | 3133 | 1018,Essence Reaver,,0,0,,False
Bard,TOP,components,499,3057 | 3133 | 1018,Essence Reaver,2022 Glowing Mote (250),250,249,,False
Bard,TOP,components,500,3057 | 3133 | 1018,Essence Reaver,3508 Essence Reaver (500),500,0,,False
Bard,TOP,owned_first,1000,3508,Moonstone Renewer,4642 Bandleglass Mirror (900),900,100,,False
Bard,TOP,full_slots,500,3057 | 3133 | 1018 | 900001 | 900002 | 900003,Essence Reaver,3508 Essence Reaver (500),500,0,,False
Bard,TOP,enemy_armor,1200,3057,Redemption,3108 Fiendish Codex (850) -> 1004 Faerie Charm (200),1050,150,,False
Bard,TOP,enemy_magic,1200,3057,Essence Reaver,3133 Caulfield's Warhammer (1050),1050,150,,False
Bard,TOP,isolated_completion,500,3057 | 3133 | 1018,Essence Reaver,3508 Essence Reaver (500),,,,False
Bard,JUNGLE,empty,0,,Essence Reaver,,0,0,,False
Bard,JUNGLE,empty,300,,Essence Reaver,2022 Glowing Mote (250),250,50,,False
Bard,JUNGLE,empty,1200,,Essence Reaver,3057 Sheen (900) -> 2022 Glowing Mote (250),1150,50,,False
Bard,JUNGLE,empty,unknown,,Essence Reaver,,0,,,False
Bard,JUNGLE,components,0,3057 | 3133 | 1018,Essence Reaver,,0,0,,False
Bard,JUNGLE,components,499,3057 | 3133 | 1018,Essence Reaver,2022 Glowing Mote (250),250,249,,False
Bard,JUNGLE,components,500,3057 | 3133 | 1018,Essence Reaver,3508 Essence Reaver (500),500,0,,False
Bard,JUNGLE,owned_first,1000,3508,Moonstone Renewer,4642 Bandleglass Mirror (900),900,100,,False
Bard,JUNGLE,full_slots,500,3057 | 3133 | 1018 | 900001 | 900002 | 900003,Essence Reaver,3508 Essence Reaver (500),500,0,,False
Bard,JUNGLE,enemy_armor,1200,3057,Redemption,3108 Fiendish Codex (850) -> 1004 Faerie Charm (200),1050,150,,False
Bard,JUNGLE,enemy_magic,1200,3057,Essence Reaver,3133 Caulfield's Warhammer (1050),1050,150,,False
Bard,JUNGLE,isolated_completion,500,3057 | 3133 | 1018,Essence Reaver,3508 Essence Reaver (500),,,,False
Bard,MIDDLE,empty,0,,Dead Man's Plate,,0,0,,False
Bard,MIDDLE,empty,300,,Dead Man's Plate,2022 Glowing Mote (250),250,50,,False
Bard,MIDDLE,empty,1200,,Dead Man's Plate,3158 Ionian Boots of Lucidity (900) -> 2022 Glowing Mote (250),1150,50,,False
Bard,MIDDLE,empty,unknown,,Dead Man's Plate,,0,,,False
Bard,MIDDLE,components,0,3066 | 1028 | 1031,Dead Man's Plate,,0,0,,False
Bard,MIDDLE,components,899,3066 | 1028 | 1031,Dead Man's Plate,2022 Glowing Mote (250) -> 2022 Glowing Mote (250) -> 1001 Boots (300),800,99,,False
Bard,MIDDLE,components,900,3066 | 1028 | 1031,Dead Man's Plate,3158 Ionian Boots of Lucidity (900),900,0,,False
Bard,MIDDLE,owned_first,1000,3742,Liandry's Torment,3158 Ionian Boots of Lucidity (900),900,100,,False
Bard,MIDDLE,full_slots,900,3066 | 1028 | 1031 | 900001 | 900002 | 900003,Dead Man's Plate,3742 Dead Man's Plate (900),900,0,,False
Bard,MIDDLE,enemy_armor,1200,3066,Dead Man's Plate,3158 Ionian Boots of Lucidity (900) -> 2022 Glowing Mote (250),1150,50,,False
Bard,MIDDLE,enemy_magic,1200,3066,Dead Man's Plate,3158 Ionian Boots of Lucidity (900) -> 2022 Glowing Mote (250),1150,50,,False
Bard,MIDDLE,isolated_completion,900,3066 | 1028 | 1031,Dead Man's Plate,3742 Dead Man's Plate (900),,,,False
Bard,BOTTOM,empty,0,,Hextech Rocketbelt,,0,0,,False
Bard,BOTTOM,empty,300,,Hextech Rocketbelt,2022 Glowing Mote (250),250,50,,False
Bard,BOTTOM,empty,1200,,Hextech Rocketbelt,3067 Kindlegem (800) -> 2022 Glowing Mote (250),1050,150,,False
Bard,BOTTOM,empty,unknown,,Hextech Rocketbelt,,0,,,False
Bard,BOTTOM,components,0,3145 | 3067 | 1028,Hextech Rocketbelt,,0,0,,False
Bard,BOTTOM,components,349,3145 | 3067 | 1028,Hextech Rocketbelt,2022 Glowing Mote (250),250,99,,False
Bard,BOTTOM,components,350,3145 | 3067 | 1028,Hextech Rocketbelt,3152 Hextech Rocketbelt (350),350,0,,False
Bard,BOTTOM,owned_first,1000,3152,Zeke's Convergence,3067 Kindlegem (800),800,200,,False
Bard,BOTTOM,full_slots,350,3145 | 3067 | 1028 | 900001 | 900002 | 900003,Hextech Rocketbelt,3152 Hextech Rocketbelt (350),350,0,,False
Bard,BOTTOM,enemy_armor,1200,3145,Hextech Rocketbelt,3067 Kindlegem (800) -> 2022 Glowing Mote (250),1050,150,,False
Bard,BOTTOM,enemy_magic,1200,3145,Hextech Rocketbelt,3067 Kindlegem (800) -> 2022 Glowing Mote (250),1050,150,,False
Bard,BOTTOM,isolated_completion,350,3145 | 3067 | 1028,Hextech Rocketbelt,3152 Hextech Rocketbelt (350),,,,False
Bard,UTILITY,empty,0,,Dead Man's Plate,,0,0,,False
Bard,UTILITY,empty,300,,Locket of the Iron Solari,2022 Glowing Mote (250),250,50,,False
Bard,UTILITY,empty,1200,,Locket of the Iron Solari,3067 Kindlegem (800) -> 2022 Glowing Mote (250),1050,150,,False
Bard,UTILITY,empty,unknown,,Locket of the Iron Solari,,0,,,False
Bard,UTILITY,components,0,3067 | 1029 | 1033,Locket of the Iron Solari,,0,0,,False
Bard,UTILITY,components,699,3067 | 1029 | 1033,Locket of the Iron Solari,2022 Glowing Mote (250) -> 1001 Boots (300),550,149,,False
Bard,UTILITY,components,700,3067 | 1029 | 1033,Locket of the Iron Solari,2022 Glowing Mote (250) -> 1001 Boots (300),550,150,,False
Bard,UTILITY,owned_first,1000,3190,Bandlepipes,3067 Kindlegem (800) -> 1004 Faerie Charm (200),1000,0,,False
Bard,UTILITY,full_slots,700,3067 | 1029 | 1033 | 900001 | 900002 | 900003,Locket of the Iron Solari,3190 Locket of the Iron Solari (700),700,0,,False
Bard,UTILITY,enemy_armor,1200,3067,Locket of the Iron Solari,3158 Ionian Boots of Lucidity (900) -> 2022 Glowing Mote (250),1150,50,,False
Bard,UTILITY,enemy_magic,1200,3067,Locket of the Iron Solari,3158 Ionian Boots of Lucidity (900) -> 1004 Faerie Charm (200),1100,100,,False
Bard,UTILITY,isolated_completion,700,3067 | 1029 | 1033,Locket of the Iron Solari,3190 Locket of the Iron Solari (700),,,,False
Belveth,TOP,empty,0,,Phantom Dancer,,0,0,,False
Belveth,TOP,empty,300,,Phantom Dancer,1042 Dagger (250),250,50,,False
Belveth,TOP,empty,1200,,Phantom Dancer,1018 Cloak of Agility (600) -> 1042 Dagger (250) -> 1042 Dagger (250),1100,100,,False
Belveth,TOP,empty,unknown,,Phantom Dancer,,0,,,False
Belveth,TOP,components,0,1042 | 3086 | 1042,Phantom Dancer,,0,0,,False
Belveth,TOP,components,949,1042 | 3086 | 1042,Phantom Dancer,,0,949,,False
Belveth,TOP,components,950,1042 | 3086 | 1042,Phantom Dancer,3046 Phantom Dancer (950),950,0,,False
Belveth,TOP,owned_first,1000,3046,Yun Tal Wildarrows,3144 Scout's Slingshot (600) -> 1036 Long Sword (350),950,50,,False
Belveth,TOP,full_slots,950,1042 | 3086 | 1042 | 900001 | 900002 | 900003,Phantom Dancer,3046 Phantom Dancer (950),950,0,,False
Belveth,TOP,enemy_armor,1200,1042,Phantom Dancer,1018 Cloak of Agility (600) -> 1042 Dagger (250) -> 1042 Dagger (250),1100,100,,False
Belveth,TOP,enemy_magic,1200,1042,Phantom Dancer,1018 Cloak of Agility (600) -> 1042 Dagger (250) -> 1042 Dagger (250),1100,100,,False
Belveth,TOP,isolated_completion,950,1042 | 3086 | 1042,Phantom Dancer,3046 Phantom Dancer (950),,,,False
Belveth,JUNGLE,empty,0,,Kraken Slayer,,0,0,,False
Belveth,JUNGLE,empty,300,,Kraken Slayer,1042 Dagger (250),250,50,,False
Belveth,JUNGLE,empty,1200,,Kraken Slayer,3051 Hearthbound Axe (1200),1200,0,,False
Belveth,JUNGLE,empty,unknown,,Kraken Slayer,,0,,,False
Belveth,JUNGLE,components,0,6690 | 3051 | 1043,Kraken Slayer,,0,0,,False
Belveth,JUNGLE,components,324,6690 | 3051 | 1043,Kraken Slayer,1042 Dagger (250),250,74,,False
Belveth,JUNGLE,components,325,6690 | 3051 | 1043,Kraken Slayer,6672 Kraken Slayer (325),325,0,,False
Belveth,JUNGLE,owned_first,1000,6672,Blade of The Ruined King,1037 Pickaxe (875),875,125,,False
Belveth,JUNGLE,full_slots,325,6690 | 3051 | 1043 | 900001 | 900002 | 900003,Kraken Slayer,6672 Kraken Slayer (325),325,0,,False
Belveth,JUNGLE,enemy_armor,1200,6690,Kraken Slayer,3051 Hearthbound Axe (1200),1200,0,,False
Belveth,JUNGLE,enemy_magic,1200,6690,Kraken Slayer,3051 Hearthbound Axe (1200),1200,0,,False
Belveth,JUNGLE,isolated_completion,325,6690 | 3051 | 1043,Kraken Slayer,6672 Kraken Slayer (325),,,,False
Belveth,MIDDLE,empty,0,,Phantom Dancer,,0,0,,False
Belveth,MIDDLE,empty,300,,Phantom Dancer,1042 Dagger (250),250,50,,False
Belveth,MIDDLE,empty,1200,,Phantom Dancer,1018 Cloak of Agility (600) -> 1042 Dagger (250) -> 1042 Dagger (250),1100,100,,False
Belveth,MIDDLE,empty,unknown,,Phantom Dancer,,0,,,False
Belveth,MIDDLE,components,0,1042 | 3086 | 1042,Phantom Dancer,,0,0,,False
Belveth,MIDDLE,components,949,1042 | 3086 | 1042,Phantom Dancer,,0,949,,False
Belveth,MIDDLE,components,950,1042 | 3086 | 1042,Phantom Dancer,3046 Phantom Dancer (950),950,0,,False
Belveth,MIDDLE,owned_first,1000,3046,Yun Tal Wildarrows,3144 Scout's Slingshot (600) -> 1036 Long Sword (350),950,50,,False
Belveth,MIDDLE,full_slots,950,1042 | 3086 | 1042 | 900001 | 900002 | 900003,Phantom Dancer,3046 Phantom Dancer (950),950,0,,False
Belveth,MIDDLE,enemy_armor,1200,1042,Phantom Dancer,1018 Cloak of Agility (600) -> 1042 Dagger (250) -> 1042 Dagger (250),1100,100,,False
Belveth,MIDDLE,enemy_magic,1200,1042,Phantom Dancer,1018 Cloak of Agility (600) -> 1042 Dagger (250) -> 1042 Dagger (250),1100,100,,False
Belveth,MIDDLE,isolated_completion,950,1042 | 3086 | 1042,Phantom Dancer,3046 Phantom Dancer (950),,,,False
Belveth,BOTTOM,empty,0,,Phantom Dancer,,0,0,,False
Belveth,BOTTOM,empty,300,,Phantom Dancer,1042 Dagger (250),250,50,,False
Belveth,BOTTOM,empty,1200,,Phantom Dancer,1018 Cloak of Agility (600) -> 1042 Dagger (250) -> 1042 Dagger (250),1100,100,,False
Belveth,BOTTOM,empty,unknown,,Phantom Dancer,,0,,,False
Belveth,BOTTOM,components,0,1042 | 3086 | 1042,Phantom Dancer,,0,0,,False
Belveth,BOTTOM,components,949,1042 | 3086 | 1042,Phantom Dancer,,0,949,,False
Belveth,BOTTOM,components,950,1042 | 3086 | 1042,Phantom Dancer,3046 Phantom Dancer (950),950,0,,False
Belveth,BOTTOM,owned_first,1000,3046,Yun Tal Wildarrows,3144 Scout's Slingshot (600) -> 1036 Long Sword (350),950,50,,False
Belveth,BOTTOM,full_slots,950,1042 | 3086 | 1042 | 900001 | 900002 | 900003,Phantom Dancer,3046 Phantom Dancer (950),950,0,,False
Belveth,BOTTOM,enemy_armor,1200,1042,Phantom Dancer,1018 Cloak of Agility (600) -> 1042 Dagger (250) -> 1042 Dagger (250),1100,100,,False
Belveth,BOTTOM,enemy_magic,1200,1042,Phantom Dancer,1018 Cloak of Agility (600) -> 1042 Dagger (250) -> 1042 Dagger (250),1100,100,,False
Belveth,BOTTOM,isolated_completion,950,1042 | 3086 | 1042,Phantom Dancer,3046 Phantom Dancer (950),,,,False
Belveth,UTILITY,empty,0,,Phantom Dancer,,0,0,,False
Belveth,UTILITY,empty,300,,Phantom Dancer,1042 Dagger (250),250,50,,False
Belveth,UTILITY,empty,1200,,Phantom Dancer,1018 Cloak of Agility (600) -> 1042 Dagger (250) -> 1042 Dagger (250),1100,100,,False
Belveth,UTILITY,empty,unknown,,Phantom Dancer,,0,,,False
Belveth,UTILITY,components,0,1042 | 3086 | 1042,Phantom Dancer,,0,0,,False
Belveth,UTILITY,components,949,1042 | 3086 | 1042,Phantom Dancer,,0,949,,False
Belveth,UTILITY,components,950,1042 | 3086 | 1042,Phantom Dancer,3046 Phantom Dancer (950),950,0,,False
Belveth,UTILITY,owned_first,1000,3046,Yun Tal Wildarrows,3144 Scout's Slingshot (600) -> 1036 Long Sword (350),950,50,,False
Belveth,UTILITY,full_slots,950,1042 | 3086 | 1042 | 900001 | 900002 | 900003,Phantom Dancer,3046 Phantom Dancer (950),950,0,,False
Belveth,UTILITY,enemy_armor,1200,1042,Phantom Dancer,1018 Cloak of Agility (600) -> 1042 Dagger (250) -> 1042 Dagger (250),1100,100,,False
Belveth,UTILITY,enemy_magic,1200,1042,Phantom Dancer,1018 Cloak of Agility (600) -> 1042 Dagger (250) -> 1042 Dagger (250),1100,100,,False
Belveth,UTILITY,isolated_completion,950,1042 | 3086 | 1042,Phantom Dancer,3046 Phantom Dancer (950),,,,False
Blitzcrank,TOP,empty,0,,Winter's Approach,,0,0,,False
Blitzcrank,TOP,empty,300,,Winter's Approach,2022 Glowing Mote (250),250,50,,False
Blitzcrank,TOP,empty,1200,,Winter's Approach,3067 Kindlegem (800) -> 1028 Ruby Crystal (400),1200,0,,False
Blitzcrank,TOP,empty,unknown,,Winter's Approach,,0,,,False
Blitzcrank,TOP,components,0,3070 | 1011 | 3067,Winter's Approach,,0,0,,False
Blitzcrank,TOP,components,299,3070 | 1011 | 3067,Winter's Approach,,0,299,,False
Blitzcrank,TOP,components,300,3070 | 1011 | 3067,Winter's Approach,3119 Winter's Approach (300),300,0,,False
Blitzcrank,TOP,owned_first,1000,3119,Protoplasm Harness,3067 Kindlegem (800),800,200,,False
Blitzcrank,TOP,full_slots,300,3070 | 1011 | 3067 | 900001 | 900002 | 900003,Winter's Approach,3119 Winter's Approach (300),300,0,,False
Blitzcrank,TOP,enemy_armor,1200,3070,Zeke's Convergence,3067 Kindlegem (800) -> 1029 Cloth Armor (300),1100,100,,False
Blitzcrank,TOP,enemy_magic,1200,3070,Kaenic Rookern,1033 Null-Magic Mantle (400) -> 1033 Null-Magic Mantle (400) -> 1028 Ruby Crystal (400),1200,0,,False
Blitzcrank,TOP,isolated_completion,300,3070 | 1011 | 3067,Winter's Approach,3119 Winter's Approach (300),,,,False
Blitzcrank,JUNGLE,empty,0,,Winter's Approach,,0,0,,False
Blitzcrank,JUNGLE,empty,300,,Winter's Approach,2022 Glowing Mote (250),250,50,,False
Blitzcrank,JUNGLE,empty,1200,,Winter's Approach,3067 Kindlegem (800) -> 1028 Ruby Crystal (400),1200,0,,False
Blitzcrank,JUNGLE,empty,unknown,,Winter's Approach,,0,,,False
Blitzcrank,JUNGLE,components,0,3070 | 1011 | 3067,Winter's Approach,,0,0,,False
Blitzcrank,JUNGLE,components,299,3070 | 1011 | 3067,Winter's Approach,,0,299,,False
Blitzcrank,JUNGLE,components,300,3070 | 1011 | 3067,Winter's Approach,3119 Winter's Approach (300),300,0,,False
Blitzcrank,JUNGLE,owned_first,1000,3119,Protoplasm Harness,3067 Kindlegem (800),800,200,,False
Blitzcrank,JUNGLE,full_slots,300,3070 | 1011 | 3067 | 900001 | 900002 | 900003,Winter's Approach,3119 Winter's Approach (300),300,0,,False
Blitzcrank,JUNGLE,enemy_armor,1200,3070,Zeke's Convergence,3067 Kindlegem (800) -> 1029 Cloth Armor (300),1100,100,,False
Blitzcrank,JUNGLE,enemy_magic,1200,3070,Kaenic Rookern,1033 Null-Magic Mantle (400) -> 1033 Null-Magic Mantle (400) -> 1028 Ruby Crystal (400),1200,0,,False
Blitzcrank,JUNGLE,isolated_completion,300,3070 | 1011 | 3067,Winter's Approach,3119 Winter's Approach (300),,,,False
Blitzcrank,MIDDLE,empty,0,,Winter's Approach,,0,0,,False
Blitzcrank,MIDDLE,empty,300,,Winter's Approach,2022 Glowing Mote (250),250,50,,False
Blitzcrank,MIDDLE,empty,1200,,Winter's Approach,3067 Kindlegem (800) -> 1028 Ruby Crystal (400),1200,0,,False
Blitzcrank,MIDDLE,empty,unknown,,Winter's Approach,,0,,,False
Blitzcrank,MIDDLE,components,0,3070 | 1011 | 3067,Winter's Approach,,0,0,,False
Blitzcrank,MIDDLE,components,299,3070 | 1011 | 3067,Winter's Approach,,0,299,,False
Blitzcrank,MIDDLE,components,300,3070 | 1011 | 3067,Winter's Approach,3119 Winter's Approach (300),300,0,,False
Blitzcrank,MIDDLE,owned_first,1000,3119,Protoplasm Harness,3067 Kindlegem (800),800,200,,False
Blitzcrank,MIDDLE,full_slots,300,3070 | 1011 | 3067 | 900001 | 900002 | 900003,Winter's Approach,3119 Winter's Approach (300),300,0,,False
Blitzcrank,MIDDLE,enemy_armor,1200,3070,Zeke's Convergence,3067 Kindlegem (800) -> 1029 Cloth Armor (300),1100,100,,False
Blitzcrank,MIDDLE,enemy_magic,1200,3070,Kaenic Rookern,1033 Null-Magic Mantle (400) -> 1033 Null-Magic Mantle (400) -> 1028 Ruby Crystal (400),1200,0,,False
Blitzcrank,MIDDLE,isolated_completion,300,3070 | 1011 | 3067,Winter's Approach,3119 Winter's Approach (300),,,,False
Blitzcrank,BOTTOM,empty,0,,Winter's Approach,,0,0,,False
Blitzcrank,BOTTOM,empty,300,,Winter's Approach,2022 Glowing Mote (250),250,50,,False
Blitzcrank,BOTTOM,empty,1200,,Winter's Approach,3067 Kindlegem (800) -> 1028 Ruby Crystal (400),1200,0,,False
Blitzcrank,BOTTOM,empty,unknown,,Winter's Approach,,0,,,False
Blitzcrank,BOTTOM,components,0,3070 | 1011 | 3067,Winter's Approach,,0,0,,False
Blitzcrank,BOTTOM,components,299,3070 | 1011 | 3067,Winter's Approach,,0,299,,False
Blitzcrank,BOTTOM,components,300,3070 | 1011 | 3067,Winter's Approach,3119 Winter's Approach (300),300,0,,False
Blitzcrank,BOTTOM,owned_first,1000,3119,Protoplasm Harness,3067 Kindlegem (800),800,200,,False
Blitzcrank,BOTTOM,full_slots,300,3070 | 1011 | 3067 | 900001 | 900002 | 900003,Winter's Approach,3119 Winter's Approach (300),300,0,,False
Blitzcrank,BOTTOM,enemy_armor,1200,3070,Zeke's Convergence,3067 Kindlegem (800) -> 1029 Cloth Armor (300),1100,100,,False
Blitzcrank,BOTTOM,enemy_magic,1200,3070,Kaenic Rookern,1033 Null-Magic Mantle (400) -> 1033 Null-Magic Mantle (400) -> 1028 Ruby Crystal (400),1200,0,,False
Blitzcrank,BOTTOM,isolated_completion,300,3070 | 1011 | 3067,Winter's Approach,3119 Winter's Approach (300),,,,False
Blitzcrank,UTILITY,empty,0,,Locket of the Iron Solari,,0,0,,False
Blitzcrank,UTILITY,empty,300,,Locket of the Iron Solari,2022 Glowing Mote (250),250,50,,False
Blitzcrank,UTILITY,empty,1200,,Locket of the Iron Solari,3067 Kindlegem (800) -> 2022 Glowing Mote (250),1050,150,,False
Blitzcrank,UTILITY,empty,unknown,,Locket of the Iron Solari,,0,,,False
Blitzcrank,UTILITY,components,0,3067 | 1029 | 1033,Locket of the Iron Solari,,0,0,,False
Blitzcrank,UTILITY,components,699,3067 | 1029 | 1033,Locket of the Iron Solari,2022 Glowing Mote (250) -> 1028 Ruby Crystal (400),650,49,,False
Blitzcrank,UTILITY,components,700,3067 | 1029 | 1033,Locket of the Iron Solari,2022 Glowing Mote (250) -> 1028 Ruby Crystal (400),650,50,,False
Blitzcrank,UTILITY,owned_first,1000,3190,Winter's Approach,3067 Kindlegem (800),800,200,,False
Blitzcrank,UTILITY,full_slots,700,3067 | 1029 | 1033 | 900001 | 900002 | 900003,Locket of the Iron Solari,3190 Locket of the Iron Solari (700),700,0,,False
Blitzcrank,UTILITY,enemy_armor,1200,3067,Locket of the Iron Solari,1029 Cloth Armor (300) -> 1033 Null-Magic Mantle (400) -> 2022 Glowing Mote (250),950,250,,False
Blitzcrank,UTILITY,enemy_magic,1200,3067,Locket of the Iron Solari,1033 Null-Magic Mantle (400) -> 1033 Null-Magic Mantle (400) -> 1029 Cloth Armor (300),1100,100,,False
Blitzcrank,UTILITY,isolated_completion,700,3067 | 1029 | 1033,Locket of the Iron Solari,3190 Locket of the Iron Solari (700),,,,False
Brand,TOP,empty,0,,Rylai's Crystal Scepter,,0,0,,False
Brand,TOP,empty,300,,Rylai's Crystal Scepter,2022 Glowing Mote (250),250,50,,False
Brand,TOP,empty,1200,,Rylai's Crystal Scepter,1026 Blasting Wand (850) -> 2022 Glowing Mote (250),1100,100,,False
Brand,TOP,empty,unknown,,Rylai's Crystal Scepter,,0,,,False
Brand,TOP,components,0,1026 | 1011 | 1052,Rylai's Crystal Scepter,,0,0,,False
Brand,TOP,components,449,1026 | 1011 | 1052,Rylai's Crystal Scepter,1052 Amplifying Tome (400),400,49,,False
Brand,TOP,components,450,1026 | 1011 | 1052,Rylai's Crystal Scepter,1052 Amplifying Tome (400),400,50,,False
Brand,TOP,owned_first,1000,3116,Liandry's Torment,1052 Amplifying Tome (400) -> 1052 Amplifying Tome (400),800,200,,False
Brand,TOP,full_slots,450,1026 | 1011 | 1052 | 900001 | 900002 | 900003,Rylai's Crystal Scepter,3116 Rylai's Crystal Scepter (450),450,0,,False
Brand,TOP,enemy_armor,1200,1026,Rylai's Crystal Scepter,1052 Amplifying Tome (400) -> 1052 Amplifying Tome (400) -> 1028 Ruby Crystal (400),1200,0,,False
Brand,TOP,enemy_magic,1200,1026,Rylai's Crystal Scepter,1052 Amplifying Tome (400) -> 1052 Amplifying Tome (400) -> 1028 Ruby Crystal (400),1200,0,,False
Brand,TOP,isolated_completion,450,1026 | 1011 | 1052,Rylai's Crystal Scepter,3116 Rylai's Crystal Scepter (450),,,,False
Brand,JUNGLE,empty,0,,Liandry's Torment,,0,0,,False
Brand,JUNGLE,empty,300,,Liandry's Torment,,0,300,,False
Brand,JUNGLE,empty,1200,,Liandry's Torment,1052 Amplifying Tome (400) -> 1052 Amplifying Tome (400) -> 1028 Ruby Crystal (400),1200,0,,False
Brand,JUNGLE,empty,unknown,,Liandry's Torment,,0,,,False
Brand,JUNGLE,components,0,3147 | 2508,Liandry's Torment,,0,0,,False
Brand,JUNGLE,components,799,3147 | 2508,Liandry's Torment,1052 Amplifying Tome (400),400,399,,False
Brand,JUNGLE,components,800,3147 | 2508,Liandry's Torment,6653 Liandry's Torment (800),800,0,,False
Brand,JUNGLE,owned_first,1000,6653,Rylai's Crystal Scepter,1026 Blasting Wand (850),850,150,,False
Brand,JUNGLE,full_slots,800,3147 | 2508 | 900001 | 900002 | 900003 | 900004,Liandry's Torment,6653 Liandry's Torment (800),800,0,,False
Brand,JUNGLE,enemy_armor,1200,3147,Liandry's Torment,2508 Fated Ashes (900),900,300,,False
Brand,JUNGLE,enemy_magic,1200,3147,Liandry's Torment,2508 Fated Ashes (900),900,300,,False
Brand,JUNGLE,isolated_completion,800,3147 | 2508,Liandry's Torment,6653 Liandry's Torment (800),,,,False
Brand,MIDDLE,empty,0,,Rylai's Crystal Scepter,,0,0,,False
Brand,MIDDLE,empty,300,,Rylai's Crystal Scepter,2022 Glowing Mote (250),250,50,,False
Brand,MIDDLE,empty,1200,,Rylai's Crystal Scepter,1026 Blasting Wand (850) -> 2022 Glowing Mote (250),1100,100,,False
Brand,MIDDLE,empty,unknown,,Rylai's Crystal Scepter,,0,,,False
Brand,MIDDLE,components,0,1026 | 1011 | 1052,Rylai's Crystal Scepter,,0,0,,False
Brand,MIDDLE,components,449,1026 | 1011 | 1052,Rylai's Crystal Scepter,1052 Amplifying Tome (400),400,49,,False
Brand,MIDDLE,components,450,1026 | 1011 | 1052,Rylai's Crystal Scepter,1052 Amplifying Tome (400),400,50,,False
Brand,MIDDLE,owned_first,1000,3116,Liandry's Torment,1052 Amplifying Tome (400) -> 1052 Amplifying Tome (400),800,200,,False
Brand,MIDDLE,full_slots,450,1026 | 1011 | 1052 | 900001 | 900002 | 900003,Rylai's Crystal Scepter,3116 Rylai's Crystal Scepter (450),450,0,,False
Brand,MIDDLE,enemy_armor,1200,1026,Rylai's Crystal Scepter,1052 Amplifying Tome (400) -> 1052 Amplifying Tome (400) -> 1028 Ruby Crystal (400),1200,0,,False
Brand,MIDDLE,enemy_magic,1200,1026,Rylai's Crystal Scepter,1052 Amplifying Tome (400) -> 1052 Amplifying Tome (400) -> 1028 Ruby Crystal (400),1200,0,,False
Brand,MIDDLE,isolated_completion,450,1026 | 1011 | 1052,Rylai's Crystal Scepter,3116 Rylai's Crystal Scepter (450),,,,False
Brand,BOTTOM,empty,0,,Blackfire Torch,,0,0,,False
Brand,BOTTOM,empty,300,,Blackfire Torch,2022 Glowing Mote (250),250,50,,False
Brand,BOTTOM,empty,1200,,Blackfire Torch,3802 Lost Chapter (1200),1200,0,,False
Brand,BOTTOM,empty,unknown,,Blackfire Torch,,0,,,False
Brand,BOTTOM,components,0,3802 | 2508,Blackfire Torch,,0,0,,False
Brand,BOTTOM,components,699,3802 | 2508,Blackfire Torch,,0,699,,False
Brand,BOTTOM,components,700,3802 | 2508,Blackfire Torch,2503 Blackfire Torch (700),700,0,,False
Brand,BOTTOM,owned_first,1000,2503,Liandry's Torment,1052 Amplifying Tome (400) -> 1052 Amplifying Tome (400),800,200,,False
Brand,BOTTOM,full_slots,700,3802 | 2508 | 900001 | 900002 | 900003 | 900004,Blackfire Torch,2503 Blackfire Torch (700),700,0,,False
Brand,BOTTOM,enemy_armor,1200,3802,Blackfire Torch,2508 Fated Ashes (900),900,300,,False
Brand,BOTTOM,enemy_magic,1200,3802,Blackfire Torch,2508 Fated Ashes (900),900,300,,False
Brand,BOTTOM,isolated_completion,700,3802 | 2508,Blackfire Torch,2503 Blackfire Torch (700),,,,False
Brand,UTILITY,empty,0,,Rylai's Crystal Scepter,,0,0,,False
Brand,UTILITY,empty,300,,Rylai's Crystal Scepter,2022 Glowing Mote (250),250,50,,False
Brand,UTILITY,empty,1200,,Rylai's Crystal Scepter,1026 Blasting Wand (850) -> 2022 Glowing Mote (250),1100,100,,False
Brand,UTILITY,empty,unknown,,Rylai's Crystal Scepter,,0,,,False
Brand,UTILITY,components,0,1026 | 1011 | 1052,Rylai's Crystal Scepter,,0,0,,False
Brand,UTILITY,components,449,1026 | 1011 | 1052,Rylai's Crystal Scepter,1052 Amplifying Tome (400),400,49,,False
Brand,UTILITY,components,450,1026 | 1011 | 1052,Rylai's Crystal Scepter,1052 Amplifying Tome (400),400,50,,False
Brand,UTILITY,owned_first,1000,3116,Liandry's Torment,1052 Amplifying Tome (400) -> 1052 Amplifying Tome (400),800,200,,False
Brand,UTILITY,full_slots,450,1026 | 1011 | 1052 | 900001 | 900002 | 900003,Rylai's Crystal Scepter,3116 Rylai's Crystal Scepter (450),450,0,,False
Brand,UTILITY,enemy_armor,1200,1026,Rylai's Crystal Scepter,1052 Amplifying Tome (400) -> 1052 Amplifying Tome (400) -> 1028 Ruby Crystal (400),1200,0,,False
Brand,UTILITY,enemy_magic,1200,1026,Rylai's Crystal Scepter,1052 Amplifying Tome (400) -> 1052 Amplifying Tome (400) -> 1028 Ruby Crystal (400),1200,0,,False
Brand,UTILITY,isolated_completion,450,1026 | 1011 | 1052,Rylai's Crystal Scepter,3116 Rylai's Crystal Scepter (450),,,,False
Braum,TOP,empty,0,,Winter's Approach,,0,0,,False
Braum,TOP,empty,300,,Winter's Approach,2022 Glowing Mote (250),250,50,,False
Braum,TOP,empty,1200,,Winter's Approach,3067 Kindlegem (800) -> 1028 Ruby Crystal (400),1200,0,,False
Braum,TOP,empty,unknown,,Winter's Approach,,0,,,False
Braum,TOP,components,0,3070 | 1011 | 3067,Winter's Approach,,0,0,,False
Braum,TOP,components,299,3070 | 1011 | 3067,Winter's Approach,,0,299,,False
Braum,TOP,components,300,3070 | 1011 | 3067,Winter's Approach,3119 Winter's Approach (300),300,0,,False
Braum,TOP,owned_first,1000,3119,Protoplasm Harness,1011 Giant's Belt (900),900,100,,False
Braum,TOP,full_slots,300,3070 | 1011 | 3067 | 900001 | 900002 | 900003,Winter's Approach,3119 Winter's Approach (300),300,0,,False
Braum,TOP,enemy_armor,1200,3070,Zeke's Convergence,3067 Kindlegem (800) -> 1033 Null-Magic Mantle (400),1200,0,,False
Braum,TOP,enemy_magic,1200,3070,Kaenic Rookern,1033 Null-Magic Mantle (400) -> 1033 Null-Magic Mantle (400) -> 1028 Ruby Crystal (400),1200,0,,False
Braum,TOP,isolated_completion,300,3070 | 1011 | 3067,Winter's Approach,3119 Winter's Approach (300),,,,False
Braum,JUNGLE,empty,0,,Winter's Approach,,0,0,,False
Braum,JUNGLE,empty,300,,Winter's Approach,2022 Glowing Mote (250),250,50,,False
Braum,JUNGLE,empty,1200,,Winter's Approach,3067 Kindlegem (800) -> 1028 Ruby Crystal (400),1200,0,,False
Braum,JUNGLE,empty,unknown,,Winter's Approach,,0,,,False
Braum,JUNGLE,components,0,3070 | 1011 | 3067,Winter's Approach,,0,0,,False
Braum,JUNGLE,components,299,3070 | 1011 | 3067,Winter's Approach,,0,299,,False
Braum,JUNGLE,components,300,3070 | 1011 | 3067,Winter's Approach,3119 Winter's Approach (300),300,0,,False
Braum,JUNGLE,owned_first,1000,3119,Protoplasm Harness,1011 Giant's Belt (900),900,100,,False
Braum,JUNGLE,full_slots,300,3070 | 1011 | 3067 | 900001 | 900002 | 900003,Winter's Approach,3119 Winter's Approach (300),300,0,,False
Braum,JUNGLE,enemy_armor,1200,3070,Zeke's Convergence,3067 Kindlegem (800) -> 1033 Null-Magic Mantle (400),1200,0,,False
Braum,JUNGLE,enemy_magic,1200,3070,Kaenic Rookern,1033 Null-Magic Mantle (400) -> 1033 Null-Magic Mantle (400) -> 1028 Ruby Crystal (400),1200,0,,False
Braum,JUNGLE,isolated_completion,300,3070 | 1011 | 3067,Winter's Approach,3119 Winter's Approach (300),,,,False
Braum,MIDDLE,empty,0,,Winter's Approach,,0,0,,False
Braum,MIDDLE,empty,300,,Winter's Approach,2022 Glowing Mote (250),250,50,,False
Braum,MIDDLE,empty,1200,,Winter's Approach,3067 Kindlegem (800) -> 1028 Ruby Crystal (400),1200,0,,False
Braum,MIDDLE,empty,unknown,,Winter's Approach,,0,,,False
Braum,MIDDLE,components,0,3070 | 1011 | 3067,Winter's Approach,,0,0,,False
Braum,MIDDLE,components,299,3070 | 1011 | 3067,Winter's Approach,,0,299,,False
Braum,MIDDLE,components,300,3070 | 1011 | 3067,Winter's Approach,3119 Winter's Approach (300),300,0,,False
Braum,MIDDLE,owned_first,1000,3119,Protoplasm Harness,1011 Giant's Belt (900),900,100,,False
Braum,MIDDLE,full_slots,300,3070 | 1011 | 3067 | 900001 | 900002 | 900003,Winter's Approach,3119 Winter's Approach (300),300,0,,False
Braum,MIDDLE,enemy_armor,1200,3070,Zeke's Convergence,3067 Kindlegem (800) -> 1033 Null-Magic Mantle (400),1200,0,,False
Braum,MIDDLE,enemy_magic,1200,3070,Kaenic Rookern,1033 Null-Magic Mantle (400) -> 1033 Null-Magic Mantle (400) -> 1028 Ruby Crystal (400),1200,0,,False
Braum,MIDDLE,isolated_completion,300,3070 | 1011 | 3067,Winter's Approach,3119 Winter's Approach (300),,,,False
Braum,BOTTOM,empty,0,,Winter's Approach,,0,0,,False
Braum,BOTTOM,empty,300,,Winter's Approach,2022 Glowing Mote (250),250,50,,False
Braum,BOTTOM,empty,1200,,Winter's Approach,3067 Kindlegem (800) -> 1028 Ruby Crystal (400),1200,0,,False
Braum,BOTTOM,empty,unknown,,Winter's Approach,,0,,,False
Braum,BOTTOM,components,0,3070 | 1011 | 3067,Winter's Approach,,0,0,,False
Braum,BOTTOM,components,299,3070 | 1011 | 3067,Winter's Approach,,0,299,,False
Braum,BOTTOM,components,300,3070 | 1011 | 3067,Winter's Approach,3119 Winter's Approach (300),300,0,,False
Braum,BOTTOM,owned_first,1000,3119,Protoplasm Harness,1011 Giant's Belt (900),900,100,,False
Braum,BOTTOM,full_slots,300,3070 | 1011 | 3067 | 900001 | 900002 | 900003,Winter's Approach,3119 Winter's Approach (300),300,0,,False
Braum,BOTTOM,enemy_armor,1200,3070,Zeke's Convergence,3067 Kindlegem (800) -> 1033 Null-Magic Mantle (400),1200,0,,False
Braum,BOTTOM,enemy_magic,1200,3070,Kaenic Rookern,1033 Null-Magic Mantle (400) -> 1033 Null-Magic Mantle (400) -> 1028 Ruby Crystal (400),1200,0,,False
Braum,BOTTOM,isolated_completion,300,3070 | 1011 | 3067,Winter's Approach,3119 Winter's Approach (300),,,,False
Braum,UTILITY,empty,0,,Locket of the Iron Solari,,0,0,,False
Braum,UTILITY,empty,300,,Locket of the Iron Solari,2022 Glowing Mote (250),250,50,,False
Braum,UTILITY,empty,1200,,Locket of the Iron Solari,3067 Kindlegem (800) -> 1028 Ruby Crystal (400),1200,0,,False
Braum,UTILITY,empty,unknown,,Locket of the Iron Solari,,0,,,False
Braum,UTILITY,components,0,3067 | 1029 | 1033,Locket of the Iron Solari,,0,0,,False
Braum,UTILITY,components,699,3067 | 1029 | 1033,Locket of the Iron Solari,1028 Ruby Crystal (400) -> 2022 Glowing Mote (250),650,49,,False
Braum,UTILITY,components,700,3067 | 1029 | 1033,Locket of the Iron Solari,1028 Ruby Crystal (400) -> 2022 Glowing Mote (250),650,50,,False
Braum,UTILITY,owned_first,1000,3190,Knight's Vow,3067 Kindlegem (800),800,200,,False
Braum,UTILITY,full_slots,700,3067 | 1029 | 1033 | 900001 | 900002 | 900003,Locket of the Iron Solari,3190 Locket of the Iron Solari (700),700,0,,False
Braum,UTILITY,enemy_armor,1200,3067,Locket of the Iron Solari,1033 Null-Magic Mantle (400) -> 1029 Cloth Armor (300),700,500,,False
Braum,UTILITY,enemy_magic,1200,3067,Locket of the Iron Solari,1033 Null-Magic Mantle (400) -> 1033 Null-Magic Mantle (400) -> 1029 Cloth Armor (300),1100,100,,False
Braum,UTILITY,isolated_completion,700,3067 | 1029 | 1033,Locket of the Iron Solari,3190 Locket of the Iron Solari (700),,,,False
Briar,TOP,empty,0,,Titanic Hydra,,0,0,,False
Briar,TOP,empty,300,,Titanic Hydra,,0,300,,False
Briar,TOP,empty,1200,,Titanic Hydra,1028 Ruby Crystal (400) -> 1028 Ruby Crystal (400) -> 1036 Long Sword (350),1150,50,,False
Briar,TOP,empty,unknown,,Titanic Hydra,,0,,,False
Briar,TOP,components,0,3077 | 2021 | 1011,Titanic Hydra,,0,0,,False
Briar,TOP,components,49,3077 | 2021 | 1011,Titanic Hydra,,0,49,,False
Briar,TOP,components,50,3077 | 2021 | 1011,Titanic Hydra,3748 Titanic Hydra (50),50,0,,False
Briar,TOP,owned_first,1000,3748,Black Cleaver,1028 Ruby Crystal (400) -> 1028 Ruby Crystal (400),800,200,,False
Briar,TOP,full_slots,50,3077 | 2021 | 1011 | 900001 | 900002 | 900003,Titanic Hydra,3748 Titanic Hydra (50),50,0,,False
Briar,TOP,enemy_armor,1200,3077,Titanic Hydra,1028 Ruby Crystal (400) -> 1028 Ruby Crystal (400) -> 1036 Long Sword (350),1150,50,,False
Briar,TOP,enemy_magic,1200,3077,Titanic Hydra,1028 Ruby Crystal (400) -> 1028 Ruby Crystal (400) -> 1036 Long Sword (350),1150,50,,False
Briar,TOP,isolated_completion,50,3077 | 2021 | 1011,Titanic Hydra,3748 Titanic Hydra (50),,,,False
Briar,JUNGLE,empty,0,,The Collector,,0,0,,False
Briar,JUNGLE,empty,300,,The Collector,,0,300,,False
Briar,JUNGLE,empty,1200,,The Collector,1036 Long Sword (350) -> 1036 Long Sword (350) -> 1028 Ruby Crystal (400),1100,100,,False
Briar,JUNGLE,empty,unknown,,Titanic Hydra,,0,,,False
Briar,JUNGLE,components,0,3077 | 2021 | 1011,Titanic Hydra,,0,0,,False
Briar,JUNGLE,components,49,3077 | 2021 | 1011,Titanic Hydra,,0,49,,False
Briar,JUNGLE,components,50,3077 | 2021 | 1011,Titanic Hydra,3748 Titanic Hydra (50),50,0,,False
Briar,JUNGLE,owned_first,1000,3748,Black Cleaver,1028 Ruby Crystal (400) -> 1028 Ruby Crystal (400),800,200,,False
Briar,JUNGLE,full_slots,50,3077 | 2021 | 1011 | 900001 | 900002 | 900003,Titanic Hydra,3748 Titanic Hydra (50),50,0,,False
Briar,JUNGLE,enemy_armor,1200,3077,Titanic Hydra,1028 Ruby Crystal (400) -> 1028 Ruby Crystal (400) -> 1036 Long Sword (350),1150,50,,False
Briar,JUNGLE,enemy_magic,1200,3077,Titanic Hydra,1028 Ruby Crystal (400) -> 1028 Ruby Crystal (400) -> 1036 Long Sword (350),1150,50,,False
Briar,JUNGLE,isolated_completion,50,3077 | 2021 | 1011,Titanic Hydra,3748 Titanic Hydra (50),,,,False
Briar,MIDDLE,empty,0,,Eclipse,,0,0,,False
Briar,MIDDLE,empty,300,,Eclipse,2022 Glowing Mote (250),250,50,,False
Briar,MIDDLE,empty,1200,,Eclipse,1036 Long Sword (350) -> 1036 Long Sword (350) -> 1036 Long Sword (350),1050,150,,False
Briar,MIDDLE,empty,unknown,,Eclipse,,0,,,False
Briar,MIDDLE,components,0,3133 | 1037 | 1036,Eclipse,,0,0,,False
Briar,MIDDLE,components,624,3133 | 1037 | 1036,Eclipse,1028 Ruby Crystal (400),400,224,,False
Briar,MIDDLE,components,625,3133 | 1037 | 1036,Eclipse,6692 Eclipse (625),625,0,,False
Briar,MIDDLE,owned_first,1000,6692,Titanic Hydra,1011 Giant's Belt (900),900,100,,False
Briar,MIDDLE,full_slots,625,3133 | 1037 | 1036 | 900001 | 900002 | 900003,Eclipse,6692 Eclipse (625),625,0,,False
Briar,MIDDLE,enemy_armor,1200,3133,Eclipse,1037 Pickaxe (875),875,325,,False
Briar,MIDDLE,enemy_magic,1200,3133,Eclipse,1033 Null-Magic Mantle (400) -> 1036 Long Sword (350) -> 1028 Ruby Crystal (400),1150,50,,False
Briar,MIDDLE,isolated_completion,625,3133 | 1037 | 1036,Eclipse,6692 Eclipse (625),,,,False
Briar,BOTTOM,empty,0,,Titanic Hydra,,0,0,,False
Briar,BOTTOM,empty,300,,Titanic Hydra,,0,300,,False
Briar,BOTTOM,empty,1200,,Titanic Hydra,1028 Ruby Crystal (400) -> 1028 Ruby Crystal (400) -> 1036 Long Sword (350),1150,50,,False
Briar,BOTTOM,empty,unknown,,Titanic Hydra,,0,,,False
Briar,BOTTOM,components,0,3077 | 2021 | 1011,Titanic Hydra,,0,0,,False
Briar,BOTTOM,components,49,3077 | 2021 | 1011,Titanic Hydra,,0,49,,False
Briar,BOTTOM,components,50,3077 | 2021 | 1011,Titanic Hydra,3748 Titanic Hydra (50),50,0,,False
Briar,BOTTOM,owned_first,1000,3748,Black Cleaver,1028 Ruby Crystal (400) -> 1028 Ruby Crystal (400),800,200,,False
Briar,BOTTOM,full_slots,50,3077 | 2021 | 1011 | 900001 | 900002 | 900003,Titanic Hydra,3748 Titanic Hydra (50),50,0,,False
Briar,BOTTOM,enemy_armor,1200,3077,Titanic Hydra,1028 Ruby Crystal (400) -> 1028 Ruby Crystal (400) -> 1036 Long Sword (350),1150,50,,False
Briar,BOTTOM,enemy_magic,1200,3077,Titanic Hydra,1028 Ruby Crystal (400) -> 1028 Ruby Crystal (400) -> 1036 Long Sword (350),1150,50,,False
Briar,BOTTOM,isolated_completion,50,3077 | 2021 | 1011,Titanic Hydra,3748 Titanic Hydra (50),,,,False
Briar,UTILITY,empty,0,,Warmog's Armor,,0,0,,False
Briar,UTILITY,empty,300,,Sundered Sky,2022 Glowing Mote (250),250,50,,False
Briar,UTILITY,empty,1200,,Warmog's Armor,1028 Ruby Crystal (400) -> 1028 Ruby Crystal (400) -> 1028 Ruby Crystal (400),1200,0,,False
Briar,UTILITY,empty,unknown,,Warmog's Armor,,0,,,False
Briar,UTILITY,components,0,1011 | 1011 | 3801,Warmog's Armor,,0,0,,False
Briar,UTILITY,components,499,1011 | 1011 | 3801,Heartsteel,3084 Heartsteel (400),400,99,,False
Briar,UTILITY,components,500,1011 | 1011 | 3801,Warmog's Armor,3083 Warmog's Armor (500),500,0,,False
Briar,UTILITY,owned_first,1000,3083,Sundered Sky,1028 Ruby Crystal (400) -> 1036 Long Sword (350) -> 2022 Glowing Mote (250),1000,0,,False
Briar,UTILITY,full_slots,500,1011 | 1011 | 3801 | 900001 | 900002 | 900003,Warmog's Armor,3083 Warmog's Armor (500),500,0,,False
Briar,UTILITY,enemy_armor,1200,1011,Redemption,3114 Forbidden Idol (600) -> 1052 Amplifying Tome (400),1000,200,,False
Briar,UTILITY,enemy_magic,1200,1011,Kaenic Rookern,1033 Null-Magic Mantle (400) -> 1033 Null-Magic Mantle (400) -> 1028 Ruby Crystal (400),1200,0,,False
Briar,UTILITY,isolated_completion,500,1011 | 1011 | 3801,Warmog's Armor,3083 Warmog's Armor (500),,,,False
Caitlyn,TOP,empty,0,,The Collector,,0,0,,False
Caitlyn,TOP,empty,300,,The Collector,,0,300,,False
Caitlyn,TOP,empty,1200,,The Collector,1037 Pickaxe (875),875,325,,False
Caitlyn,TOP,empty,unknown,,The Collector,,0,,,False
Caitlyn,TOP,components,0,1037 | 3134 | 1018,The Collector,,0,0,,False
Caitlyn,TOP,components,524,1037 | 3134 | 1018,The Collector,1036 Long Sword (350),350,174,,False
Caitlyn,TOP,components,525,1037 | 3134 | 1018,The Collector,6676 The Collector (525),525,0,,False
Caitlyn,TOP,owned_first,1000,6676,Infinity Edge,1037 Pickaxe (875),875,125,,False
Caitlyn,TOP,full_slots,525,1037 | 3134 | 1018 | 900001 | 900002 | 900003,The Collector,6676 The Collector (525),525,0,,False
Caitlyn,TOP,enemy_armor,1200,1037,The Collector,1018 Cloak of Agility (600) -> 1036 Long Sword (350),950,250,,False
Caitlyn,TOP,enemy_magic,1200,1037,The Collector,1018 Cloak of Agility (600) -> 1036 Long Sword (350),950,250,,False
Caitlyn,TOP,isolated_completion,525,1037 | 3134 | 1018,The Collector,6676 The Collector (525),,,,False
Caitlyn,JUNGLE,empty,0,,Essence Reaver,,0,0,,False
Caitlyn,JUNGLE,empty,300,,Essence Reaver,2022 Glowing Mote (250),250,50,,False
Caitlyn,JUNGLE,empty,1200,,Essence Reaver,1018 Cloak of Agility (600) -> 1036 Long Sword (350) -> 2022 Glowing Mote (250),1200,0,,False
Caitlyn,JUNGLE,empty,unknown,,Essence Reaver,,0,,,False
Caitlyn,JUNGLE,components,0,3057 | 3133 | 1018,Essence Reaver,,0,0,,False
Caitlyn,JUNGLE,components,499,3057 | 3133 | 1018,Essence Reaver,,0,499,,False
Caitlyn,JUNGLE,components,500,3057 | 3133 | 1018,Essence Reaver,3508 Essence Reaver (500),500,0,,False
Caitlyn,JUNGLE,owned_first,1000,3508,Infinity Edge,1037 Pickaxe (875),875,125,,False
Caitlyn,JUNGLE,full_slots,500,3057 | 3133 | 1018 | 900001 | 900002 | 900003,Essence Reaver,3508 Essence Reaver (500),500,0,,False
Caitlyn,JUNGLE,enemy_armor,1200,3057,Essence Reaver,1018 Cloak of Agility (600) -> 1036 Long Sword (350) -> 2022 Glowing Mote (250),1200,0,,False
Caitlyn,JUNGLE,enemy_magic,1200,3057,Essence Reaver,1018 Cloak of Agility (600) -> 1036 Long Sword (350) -> 2022 Glowing Mote (250),1200,0,,False
Caitlyn,JUNGLE,isolated_completion,500,3057 | 3133 | 1018,Essence Reaver,3508 Essence Reaver (500),,,,False
Caitlyn,MIDDLE,empty,0,,The Collector,,0,0,,False
Caitlyn,MIDDLE,empty,300,,The Collector,,0,300,,False
Caitlyn,MIDDLE,empty,1200,,The Collector,1037 Pickaxe (875),875,325,,False
Caitlyn,MIDDLE,empty,unknown,,The Collector,,0,,,False
Caitlyn,MIDDLE,components,0,1037 | 3134 | 1018,The Collector,,0,0,,False
Caitlyn,MIDDLE,components,524,1037 | 3134 | 1018,The Collector,1036 Long Sword (350),350,174,,False
Caitlyn,MIDDLE,components,525,1037 | 3134 | 1018,The Collector,6676 The Collector (525),525,0,,False
Caitlyn,MIDDLE,owned_first,1000,6676,Infinity Edge,1037 Pickaxe (875),875,125,,False
Caitlyn,MIDDLE,full_slots,525,1037 | 3134 | 1018 | 900001 | 900002 | 900003,The Collector,6676 The Collector (525),525,0,,False
Caitlyn,MIDDLE,enemy_armor,1200,1037,The Collector,1018 Cloak of Agility (600) -> 1036 Long Sword (350),950,250,,False
Caitlyn,MIDDLE,enemy_magic,1200,1037,The Collector,1018 Cloak of Agility (600) -> 1036 Long Sword (350),950,250,,False
Caitlyn,MIDDLE,isolated_completion,525,1037 | 3134 | 1018,The Collector,6676 The Collector (525),,,,False
Caitlyn,BOTTOM,empty,0,,Hexoptics C44,,0,0,,False
Caitlyn,BOTTOM,empty,300,,Hexoptics C44,,0,300,,False
Caitlyn,BOTTOM,empty,1200,,Hexoptics C44,1037 Pickaxe (875),875,325,,False
Caitlyn,BOTTOM,empty,unknown,,Hexoptics C44,,0,,,False
Caitlyn,BOTTOM,components,0,1037 | 6670 | 1036,Hexoptics C44,,0,0,,False
Caitlyn,BOTTOM,components,274,1037 | 6670 | 1036,Hexoptics C44,,0,274,,False
Caitlyn,BOTTOM,components,275,1037 | 6670 | 1036,Hexoptics C44,2523 Hexoptics C44 (275),275,0,,False
Caitlyn,BOTTOM,owned_first,1000,2523,Infinity Edge,1037 Pickaxe (875),875,125,,False
Caitlyn,BOTTOM,full_slots,275,1037 | 6670 | 1036 | 900001 | 900002 | 900003,Hexoptics C44,2523 Hexoptics C44 (275),275,0,,False
Caitlyn,BOTTOM,enemy_armor,1200,1037,Hexoptics C44,1018 Cloak of Agility (600) -> 1036 Long Sword (350),950,250,,False
Caitlyn,BOTTOM,enemy_magic,1200,1037,Hexoptics C44,1018 Cloak of Agility (600) -> 1036 Long Sword (350),950,250,,False
Caitlyn,BOTTOM,isolated_completion,275,1037 | 6670 | 1036,Hexoptics C44,2523 Hexoptics C44 (275),,,,False
Caitlyn,UTILITY,empty,0,,Essence Reaver,,0,0,,False
Caitlyn,UTILITY,empty,300,,Essence Reaver,2022 Glowing Mote (250),250,50,,False
Caitlyn,UTILITY,empty,1200,,Essence Reaver,1018 Cloak of Agility (600) -> 1036 Long Sword (350) -> 2022 Glowing Mote (250),1200,0,,False
Caitlyn,UTILITY,empty,unknown,,Essence Reaver,,0,,,False
Caitlyn,UTILITY,components,0,3057 | 3133 | 1018,Essence Reaver,,0,0,,False
Caitlyn,UTILITY,components,499,3057 | 3133 | 1018,Essence Reaver,,0,499,,False
Caitlyn,UTILITY,components,500,3057 | 3133 | 1018,Essence Reaver,3508 Essence Reaver (500),500,0,,False
Caitlyn,UTILITY,owned_first,1000,3508,Infinity Edge,1037 Pickaxe (875),875,125,,False
Caitlyn,UTILITY,full_slots,500,3057 | 3133 | 1018 | 900001 | 900002 | 900003,Essence Reaver,3508 Essence Reaver (500),500,0,,False
Caitlyn,UTILITY,enemy_armor,1200,3057,Essence Reaver,1018 Cloak of Agility (600) -> 1036 Long Sword (350) -> 2022 Glowing Mote (250),1200,0,,False
Caitlyn,UTILITY,enemy_magic,1200,3057,Essence Reaver,1018 Cloak of Agility (600) -> 1036 Long Sword (350) -> 2022 Glowing Mote (250),1200,0,,False
Caitlyn,UTILITY,isolated_completion,500,3057 | 3133 | 1018,Essence Reaver,3508 Essence Reaver (500),,,,False
Camille,TOP,empty,0,,Trinity Force,,0,0,,False
Camille,TOP,empty,300,,Trinity Force,1042 Dagger (250),250,50,,False
Camille,TOP,empty,1200,,Trinity Force,1036 Long Sword (350) -> 1036 Long Sword (350) -> 1036 Long Sword (350),1050,150,,False
Camille,TOP,empty,unknown,,Trinity Force,,0,,,False
Camille,TOP,components,0,3057 | 3044 | 3051,Trinity Force,,0,0,,False
Camille,TOP,components,132,3057 | 3044 | 3051,Trinity Force,,0,132,,False
Camille,TOP,components,133,3057 | 3044 | 3051,Trinity Force,3078 Trinity Force (133),133,0,,False
Camille,TOP,owned_first,1000,3078,Ravenous Hydra,1036 Long Sword (350) -> 1036 Long Sword (350) -> 2022 Glowing Mote (250),950,50,,False
Camille,TOP,full_slots,133,3057 | 3044 | 3051 | 900001 | 900002 | 900003,Trinity Force,3078 Trinity Force (133),133,0,,False
Camille,TOP,enemy_armor,1200,3057,Trinity Force,1036 Long Sword (350) -> 1036 Long Sword (350) -> 1036 Long Sword (350),1050,150,,False
Camille,TOP,enemy_magic,1200,3057,Trinity Force,1036 Long Sword (350) -> 1036 Long Sword (350) -> 1036 Long Sword (350),1050,150,,False
Camille,TOP,isolated_completion,133,3057 | 3044 | 3051,Trinity Force,3078 Trinity Force (133),,,,False
Camille,JUNGLE,empty,0,,Trinity Force,,0,0,,False
Camille,JUNGLE,empty,300,,Trinity Force,1042 Dagger (250),250,50,,False
Camille,JUNGLE,empty,1200,,Trinity Force,1036 Long Sword (350) -> 1036 Long Sword (350) -> 1036 Long Sword (350),1050,150,,False
Camille,JUNGLE,empty,unknown,,Trinity Force,,0,,,False
Camille,JUNGLE,components,0,3057 | 3044 | 3051,Trinity Force,,0,0,,False
Camille,JUNGLE,components,132,3057 | 3044 | 3051,Trinity Force,,0,132,,False
Camille,JUNGLE,components,133,3057 | 3044 | 3051,Trinity Force,3078 Trinity Force (133),133,0,,False
Camille,JUNGLE,owned_first,1000,3078,Ravenous Hydra,1036 Long Sword (350) -> 1036 Long Sword (350) -> 2022 Glowing Mote (250),950,50,,False
Camille,JUNGLE,full_slots,133,3057 | 3044 | 3051 | 900001 | 900002 | 900003,Trinity Force,3078 Trinity Force (133),133,0,,False
Camille,JUNGLE,enemy_armor,1200,3057,Trinity Force,1036 Long Sword (350) -> 1036 Long Sword (350) -> 1036 Long Sword (350),1050,150,,False
Camille,JUNGLE,enemy_magic,1200,3057,Trinity Force,1036 Long Sword (350) -> 1036 Long Sword (350) -> 1036 Long Sword (350),1050,150,,False
Camille,JUNGLE,isolated_completion,133,3057 | 3044 | 3051,Trinity Force,3078 Trinity Force (133),,,,False
Camille,MIDDLE,empty,0,,Trinity Force,,0,0,,False
Camille,MIDDLE,empty,300,,Trinity Force,1042 Dagger (250),250,50,,False
Camille,MIDDLE,empty,1200,,Trinity Force,1036 Long Sword (350) -> 1036 Long Sword (350) -> 1036 Long Sword (350),1050,150,,False
Camille,MIDDLE,empty,unknown,,Trinity Force,,0,,,False
Camille,MIDDLE,components,0,3057 | 3044 | 3051,Trinity Force,,0,0,,False
Camille,MIDDLE,components,132,3057 | 3044 | 3051,Trinity Force,,0,132,,False
Camille,MIDDLE,components,133,3057 | 3044 | 3051,Trinity Force,3078 Trinity Force (133),133,0,,False
Camille,MIDDLE,owned_first,1000,3078,Ravenous Hydra,1036 Long Sword (350) -> 1036 Long Sword (350) -> 2022 Glowing Mote (250),950,50,,False
Camille,MIDDLE,full_slots,133,3057 | 3044 | 3051 | 900001 | 900002 | 900003,Trinity Force,3078 Trinity Force (133),133,0,,False
Camille,MIDDLE,enemy_armor,1200,3057,Trinity Force,1036 Long Sword (350) -> 1036 Long Sword (350) -> 1036 Long Sword (350),1050,150,,False
Camille,MIDDLE,enemy_magic,1200,3057,Trinity Force,1036 Long Sword (350) -> 1036 Long Sword (350) -> 1036 Long Sword (350),1050,150,,False
Camille,MIDDLE,isolated_completion,133,3057 | 3044 | 3051,Trinity Force,3078 Trinity Force (133),,,,False
Camille,BOTTOM,empty,0,,Essence Reaver,,0,0,,False
Camille,BOTTOM,empty,300,,Essence Reaver,2022 Glowing Mote (250),250,50,,False
Camille,BOTTOM,empty,1200,,Essence Reaver,3133 Caulfield's Warhammer (1050),1050,150,,False
Camille,BOTTOM,empty,unknown,,Essence Reaver,,0,,,False
Camille,BOTTOM,components,0,3057 | 3133 | 1018,Essence Reaver,,0,0,,False
Camille,BOTTOM,components,499,3057 | 3133 | 1018,Essence Reaver,,0,499,,False
Camille,BOTTOM,components,500,3057 | 3133 | 1018,Essence Reaver,3508 Essence Reaver (500),500,0,,False
Camille,BOTTOM,owned_first,1000,3508,Axiom Arc,1037 Pickaxe (875),875,125,,False
Camille,BOTTOM,full_slots,500,3057 | 3133 | 1018 | 900001 | 900002 | 900003,Essence Reaver,3508 Essence Reaver (500),500,0,,False
Camille,BOTTOM,enemy_armor,1200,3057,Essence Reaver,3133 Caulfield's Warhammer (1050),1050,150,,False
Camille,BOTTOM,enemy_magic,1200,3057,Essence Reaver,3133 Caulfield's Warhammer (1050),1050,150,,False
Camille,BOTTOM,isolated_completion,500,3057 | 3133 | 1018,Essence Reaver,3508 Essence Reaver (500),,,,False
Camille,UTILITY,empty,0,,Sundered Sky,,0,0,,False
Camille,UTILITY,empty,300,,Sundered Sky,2022 Glowing Mote (250),250,50,,False
Camille,UTILITY,empty,1200,,Sundered Sky,1036 Long Sword (350) -> 1036 Long Sword (350) -> 1036 Long Sword (350),1050,150,,False
Camille,UTILITY,empty,unknown,,Sundered Sky,,0,,,False
Camille,UTILITY,components,0,2021 | 3133,Sundered Sky,,0,0,,False
Camille,UTILITY,components,899,2021 | 3133,Sundered Sky,,0,899,,False
Camille,UTILITY,components,900,2021 | 3133,Sundered Sky,6610 Sundered Sky (900),900,0,,False
Camille,UTILITY,owned_first,1000,6610,Essence Reaver,1036 Long Sword (350) -> 1036 Long Sword (350) -> 2022 Glowing Mote (250),950,50,,False
Camille,UTILITY,full_slots,900,2021 | 3133 | 900001 | 900002 | 900003 | 900004,Sundered Sky,6610 Sundered Sky (900),900,0,,False
Camille,UTILITY,enemy_armor,1200,2021,Eclipse,1036 Long Sword (350) -> 1036 Long Sword (350) -> 1036 Long Sword (350),1050,150,,False
Camille,UTILITY,enemy_magic,1200,2021,Sundered Sky,3133 Caulfield's Warhammer (1050),1050,150,,False
Camille,UTILITY,isolated_completion,900,2021 | 3133,Sundered Sky,6610 Sundered Sky (900),,,,False
Cassiopeia,TOP,empty,0,,Rod of Ages,,0,0,,False
Cassiopeia,TOP,empty,300,,Rod of Ages,1027 Sapphire Crystal (300),300,0,,False
Cassiopeia,TOP,empty,1200,,Rod of Ages,1026 Blasting Wand (850) -> 1027 Sapphire Crystal (300),1150,50,,False
Cassiopeia,TOP,empty,unknown,,Rod of Ages,,0,,,False
Cassiopeia,TOP,components,0,1026 | 3803,Rod of Ages,,0,0,,False
Cassiopeia,TOP,components,449,1026 | 3803,Rod of Ages,1052 Amplifying Tome (400),400,49,,False
Cassiopeia,TOP,components,450,1026 | 3803,Rod of Ages,6657 Rod of Ages (450),450,0,,False
Cassiopeia,TOP,owned_first,1000,6657,Archangel's Staff,3108 Fiendish Codex (850),850,150,,False
Cassiopeia,TOP,full_slots,450,1026 | 3803 | 900001 | 900002 | 900003 | 900004,Rod of Ages,6657 Rod of Ages (450),450,0,,False
Cassiopeia,TOP,enemy_armor,1200,1026,Rod of Ages,3802 Lost Chapter (1200),1200,0,,False
Cassiopeia,TOP,enemy_magic,1200,1026,Rod of Ages,3802 Lost Chapter (1200),1200,0,,False
Cassiopeia,TOP,isolated_completion,450,1026 | 3803,Rod of Ages,6657 Rod of Ages (450),,,,False
Cassiopeia,JUNGLE,empty,0,,Malignance,,0,0,,False
Cassiopeia,JUNGLE,empty,300,,Malignance,1027 Sapphire Crystal (300),300,0,,False
Cassiopeia,JUNGLE,empty,1200,,Malignance,3802 Lost Chapter (1200),1200,0,,False
Cassiopeia,JUNGLE,empty,unknown,,Malignance,,0,,,False
Cassiopeia,JUNGLE,components,0,3802 | 1026,Malignance,,0,0,,False
Cassiopeia,JUNGLE,components,649,3802 | 1026,Malignance,,0,649,,False
Cassiopeia,JUNGLE,components,650,3802 | 1026,Malignance,3118 Malignance (650),650,0,,False
Cassiopeia,JUNGLE,owned_first,1000,3118,Blackfire Torch,1052 Amplifying Tome (400) -> 1052 Amplifying Tome (400),800,200,,False
Cassiopeia,JUNGLE,full_slots,650,3802 | 1026 | 900001 | 900002 | 900003 | 900004,Malignance,3118 Malignance (650),650,0,,False
Cassiopeia,JUNGLE,enemy_armor,1200,3802,Malignance,1026 Blasting Wand (850),850,350,,False
Cassiopeia,JUNGLE,enemy_magic,1200,3802,Malignance,1026 Blasting Wand (850),850,350,,False
Cassiopeia,JUNGLE,isolated_completion,650,3802 | 1026,Malignance,3118 Malignance (650),,,,False
Cassiopeia,MIDDLE,empty,0,,Rod of Ages,,0,0,,False
Cassiopeia,MIDDLE,empty,300,,Rod of Ages,1027 Sapphire Crystal (300),300,0,,False
Cassiopeia,MIDDLE,empty,1200,,Rod of Ages,1026 Blasting Wand (850) -> 1027 Sapphire Crystal (300),1150,50,,False
Cassiopeia,MIDDLE,empty,unknown,,Rod of Ages,,0,,,False
Cassiopeia,MIDDLE,components,0,1026 | 3803,Rod of Ages,,0,0,,False
Cassiopeia,MIDDLE,components,449,1026 | 3803,Rod of Ages,1052 Amplifying Tome (400),400,49,,False
Cassiopeia,MIDDLE,components,450,1026 | 3803,Rod of Ages,6657 Rod of Ages (450),450,0,,False
Cassiopeia,MIDDLE,owned_first,1000,6657,Rylai's Crystal Scepter,1026 Blasting Wand (850),850,150,,False
Cassiopeia,MIDDLE,full_slots,450,1026 | 3803 | 900001 | 900002 | 900003 | 900004,Rod of Ages,6657 Rod of Ages (450),450,0,,False
Cassiopeia,MIDDLE,enemy_armor,1200,1026,Rod of Ages,3802 Lost Chapter (1200),1200,0,,False
Cassiopeia,MIDDLE,enemy_magic,1200,1026,Rod of Ages,3802 Lost Chapter (1200),1200,0,,False
Cassiopeia,MIDDLE,isolated_completion,450,1026 | 3803,Rod of Ages,6657 Rod of Ages (450),,,,False
Cassiopeia,BOTTOM,empty,0,,Blackfire Torch,,0,0,,False
Cassiopeia,BOTTOM,empty,300,,Blackfire Torch,1027 Sapphire Crystal (300),300,0,,False
Cassiopeia,BOTTOM,empty,1200,,Blackfire Torch,3802 Lost Chapter (1200),1200,0,,False
Cassiopeia,BOTTOM,empty,unknown,,Blackfire Torch,,0,,,False
Cassiopeia,BOTTOM,components,0,3802 | 2508,Blackfire Torch,,0,0,,False
Cassiopeia,BOTTOM,components,699,3802 | 2508,Blackfire Torch,,0,699,,False
Cassiopeia,BOTTOM,components,700,3802 | 2508,Blackfire Torch,2503 Blackfire Torch (700),700,0,,False
Cassiopeia,BOTTOM,owned_first,1000,2503,Rylai's Crystal Scepter,1026 Blasting Wand (850),850,150,,False
Cassiopeia,BOTTOM,full_slots,700,3802 | 2508 | 900001 | 900002 | 900003 | 900004,Blackfire Torch,2503 Blackfire Torch (700),700,0,,False
Cassiopeia,BOTTOM,enemy_armor,1200,3802,Blackfire Torch,2508 Fated Ashes (900),900,300,,False
Cassiopeia,BOTTOM,enemy_magic,1200,3802,Blackfire Torch,2508 Fated Ashes (900),900,300,,False
Cassiopeia,BOTTOM,isolated_completion,700,3802 | 2508,Blackfire Torch,2503 Blackfire Torch (700),,,,False
Cassiopeia,UTILITY,empty,0,,Rylai's Crystal Scepter,,0,0,,False
Cassiopeia,UTILITY,empty,300,,Rylai's Crystal Scepter,2022 Glowing Mote (250),250,50,,False
Cassiopeia,UTILITY,empty,1200,,Rylai's Crystal Scepter,1026 Blasting Wand (850) -> 2022 Glowing Mote (250),1100,100,,False
Cassiopeia,UTILITY,empty,unknown,,Liandry's Torment,,0,,,False
Cassiopeia,UTILITY,components,0,3147 | 2508,Liandry's Torment,,0,0,,False
Cassiopeia,UTILITY,components,799,3147 | 2508,Liandry's Torment,1052 Amplifying Tome (400),400,399,,False
Cassiopeia,UTILITY,components,800,3147 | 2508,Liandry's Torment,6653 Liandry's Torment (800),800,0,,False
Cassiopeia,UTILITY,owned_first,1000,6653,Bloodletter's Curse,3108 Fiendish Codex (850),850,150,,False
Cassiopeia,UTILITY,full_slots,800,3147 | 2508 | 900001 | 900002 | 900003 | 900004,Liandry's Torment,6653 Liandry's Torment (800),800,0,,False
Cassiopeia,UTILITY,enemy_armor,1200,3147,Liandry's Torment,2508 Fated Ashes (900),900,300,,False
Cassiopeia,UTILITY,enemy_magic,1200,3147,Liandry's Torment,2508 Fated Ashes (900),900,300,,False
Cassiopeia,UTILITY,isolated_completion,800,3147 | 2508,Liandry's Torment,6653 Liandry's Torment (800),,,,False
Chogath,TOP,empty,0,,Hextech Rocketbelt,,0,0,,False
Chogath,TOP,empty,300,,Hextech Rocketbelt,2022 Glowing Mote (250),250,50,,False
Chogath,TOP,empty,1200,,Hextech Rocketbelt,3067 Kindlegem (800) -> 1028 Ruby Crystal (400),1200,0,,False
Chogath,TOP,empty,unknown,,Hextech Rocketbelt,,0,,,False
Chogath,TOP,components,0,3145 | 3067 | 1028,Hextech Rocketbelt,,0,0,,False
Chogath,TOP,components,349,3145 | 3067 | 1028,Hextech Rocketbelt,,0,349,,False
Chogath,TOP,components,350,3145 | 3067 | 1028,Hextech Rocketbelt,3152 Hextech Rocketbelt (350),350,0,,False
Chogath,TOP,owned_first,1000,3152,Riftmaker,1028 Ruby Crystal (400) -> 1052 Amplifying Tome (400),800,200,,False
Chogath,TOP,full_slots,350,3145 | 3067 | 1028 | 900001 | 900002 | 900003,Hextech Rocketbelt,3152 Hextech Rocketbelt (350),350,0,,False
Chogath,TOP,enemy_armor,1200,3145,Hextech Rocketbelt,3067 Kindlegem (800) -> 1028 Ruby Crystal (400),1200,0,,False
Chogath,TOP,enemy_magic,1200,3145,Hextech Rocketbelt,3067 Kindlegem (800) -> 1028 Ruby Crystal (400),1200,0,,False
Chogath,TOP,isolated_completion,350,3145 | 3067 | 1028,Hextech Rocketbelt,3152 Hextech Rocketbelt (350),,,,False
Chogath,JUNGLE,empty,0,,Heartsteel,,0,0,,False
Chogath,JUNGLE,empty,300,,Heartsteel,1006 Rejuvenation Bead (300),300,0,,False
Chogath,JUNGLE,empty,1200,,Heartsteel,1028 Ruby Crystal (400) -> 1028 Ruby Crystal (400) -> 1028 Ruby Crystal (400),1200,0,,False
Chogath,JUNGLE,empty,unknown,,Heartsteel,,0,,,False
Chogath,JUNGLE,components,0,1011 | 3801 | 1011,Heartsteel,,0,0,,False
Chogath,JUNGLE,components,399,1011 | 3801 | 1011,Heartsteel,,0,399,,False
Chogath,JUNGLE,components,400,1011 | 3801 | 1011,Heartsteel,1028 Ruby Crystal (400),400,0,,False
Chogath,JUNGLE,owned_first,1000,3084,Dead Man's Plate,1028 Ruby Crystal (400) -> 1028 Ruby Crystal (400),800,200,,False
Chogath,JUNGLE,full_slots,400,1011 | 3801 | 1011 | 900001 | 900002 | 900003,Heartsteel,3084 Heartsteel (400),400,0,,False
Chogath,JUNGLE,enemy_armor,1200,1011,Heartsteel,1011 Giant's Belt (900) -> 1006 Rejuvenation Bead (300),1200,0,,False
Chogath,JUNGLE,enemy_magic,1200,1011,Heartsteel,1011 Giant's Belt (900) -> 1006 Rejuvenation Bead (300),1200,0,,False
Chogath,JUNGLE,isolated_completion,400,1011 | 3801 | 1011,Heartsteel,3084 Heartsteel (400),,,,False
Chogath,MIDDLE,empty,0,,Hextech Rocketbelt,,0,0,,False
Chogath,MIDDLE,empty,300,,Hextech Rocketbelt,2022 Glowing Mote (250),250,50,,False
Chogath,MIDDLE,empty,1200,,Hextech Rocketbelt,3067 Kindlegem (800) -> 1028 Ruby Crystal (400),1200,0,,False
Chogath,MIDDLE,empty,unknown,,Hextech Rocketbelt,,0,,,False
Chogath,MIDDLE,components,0,3145 | 3067 | 1028,Hextech Rocketbelt,,0,0,,False
Chogath,MIDDLE,components,349,3145 | 3067 | 1028,Hextech Rocketbelt,,0,349,,False
Chogath,MIDDLE,components,350,3145 | 3067 | 1028,Hextech Rocketbelt,3152 Hextech Rocketbelt (350),350,0,,False
Chogath,MIDDLE,owned_first,1000,3152,Riftmaker,1028 Ruby Crystal (400) -> 1052 Amplifying Tome (400),800,200,,False
Chogath,MIDDLE,full_slots,350,3145 | 3067 | 1028 | 900001 | 900002 | 900003,Hextech Rocketbelt,3152 Hextech Rocketbelt (350),350,0,,False
Chogath,MIDDLE,enemy_armor,1200,3145,Hextech Rocketbelt,3067 Kindlegem (800) -> 1028 Ruby Crystal (400),1200,0,,False
Chogath,MIDDLE,enemy_magic,1200,3145,Hextech Rocketbelt,3067 Kindlegem (800) -> 1028 Ruby Crystal (400),1200,0,,False
Chogath,MIDDLE,isolated_completion,350,3145 | 3067 | 1028,Hextech Rocketbelt,3152 Hextech Rocketbelt (350),,,,False
Chogath,BOTTOM,empty,0,,Rod of Ages,,0,0,,False
Chogath,BOTTOM,empty,300,,Rod of Ages,1027 Sapphire Crystal (300),300,0,,False
Chogath,BOTTOM,empty,1200,,Rod of Ages,1028 Ruby Crystal (400) -> 1028 Ruby Crystal (400) -> 1027 Sapphire Crystal (300),1100,100,,False
Chogath,BOTTOM,empty,unknown,,Rod of Ages,,0,,,False
Chogath,BOTTOM,components,0,1026 | 3803,Rod of Ages,,0,0,,False
Chogath,BOTTOM,components,449,1026 | 3803,Rod of Ages,1028 Ruby Crystal (400),400,49,,False
Chogath,BOTTOM,components,450,1026 | 3803,Rod of Ages,6657 Rod of Ages (450),450,0,,False
Chogath,BOTTOM,owned_first,1000,6657,Dead Man's Plate,1028 Ruby Crystal (400) -> 1028 Ruby Crystal (400),800,200,,False
Chogath,BOTTOM,full_slots,450,1026 | 3803 | 900001 | 900002 | 900003 | 900004,Rod of Ages,6657 Rod of Ages (450),450,0,,False
Chogath,BOTTOM,enemy_armor,1200,1026,Rod of Ages,1028 Ruby Crystal (400) -> 1028 Ruby Crystal (400) -> 1027 Sapphire Crystal (300),1100,100,,False
Chogath,BOTTOM,enemy_magic,1200,1026,Rod of Ages,1028 Ruby Crystal (400) -> 1028 Ruby Crystal (400) -> 1027 Sapphire Crystal (300),1100,100,,False
Chogath,BOTTOM,isolated_completion,450,1026 | 3803,Rod of Ages,6657 Rod of Ages (450),,,,False
Chogath,UTILITY,empty,0,,Hextech Rocketbelt,,0,0,,False
Chogath,UTILITY,empty,300,,Hextech Rocketbelt,2022 Glowing Mote (250),250,50,,False
Chogath,UTILITY,empty,1200,,Hextech Rocketbelt,3067 Kindlegem (800) -> 1028 Ruby Crystal (400),1200,0,,False
Chogath,UTILITY,empty,unknown,,Hextech Rocketbelt,,0,,,False
Chogath,UTILITY,components,0,3145 | 3067 | 1028,Hextech Rocketbelt,,0,0,,False
Chogath,UTILITY,components,349,3145 | 3067 | 1028,Hextech Rocketbelt,,0,349,,False
Chogath,UTILITY,components,350,3145 | 3067 | 1028,Hextech Rocketbelt,3152 Hextech Rocketbelt (350),350,0,,False
Chogath,UTILITY,owned_first,1000,3152,Riftmaker,1028 Ruby Crystal (400) -> 1052 Amplifying Tome (400),800,200,,False
Chogath,UTILITY,full_slots,350,3145 | 3067 | 1028 | 900001 | 900002 | 900003,Hextech Rocketbelt,3152 Hextech Rocketbelt (350),350,0,,False
Chogath,UTILITY,enemy_armor,1200,3145,Hextech Rocketbelt,3067 Kindlegem (800) -> 1028 Ruby Crystal (400),1200,0,,False
Chogath,UTILITY,enemy_magic,1200,3145,Hextech Rocketbelt,3067 Kindlegem (800) -> 1028 Ruby Crystal (400),1200,0,,False
Chogath,UTILITY,isolated_completion,350,3145 | 3067 | 1028,Hextech Rocketbelt,3152 Hextech Rocketbelt (350),,,,False
Corki,TOP,empty,0,,Trinity Force,,0,0,,False
Corki,TOP,empty,300,,Trinity Force,2022 Glowing Mote (250),250,50,,False
Corki,TOP,empty,1200,,Trinity Force,1036 Long Sword (350) -> 1036 Long Sword (350) -> 1036 Long Sword (350),1050,150,,False
Corki,TOP,empty,unknown,,Trinity Force,,0,,,False
Corki,TOP,components,0,3057 | 3044 | 3051,Trinity Force,,0,0,,False
Corki,TOP,components,132,3057 | 3044 | 3051,Trinity Force,,0,132,,False
Corki,TOP,components,133,3057 | 3044 | 3051,Trinity Force,3078 Trinity Force (133),133,0,,False
Corki,TOP,owned_first,1000,3078,Black Cleaver,1037 Pickaxe (875),875,125,,False
Corki,TOP,full_slots,133,3057 | 3044 | 3051 | 900001 | 900002 | 900003,Trinity Force,3078 Trinity Force (133),133,0,,False
Corki,TOP,enemy_armor,1200,3057,Trinity Force,1036 Long Sword (350) -> 1036 Long Sword (350) -> 1036 Long Sword (350),1050,150,,False
Corki,TOP,enemy_magic,1200,3057,Trinity Force,1036 Long Sword (350) -> 1036 Long Sword (350) -> 1036 Long Sword (350),1050,150,,False
Corki,TOP,isolated_completion,133,3057 | 3044 | 3051,Trinity Force,3078 Trinity Force (133),,,,False
Corki,JUNGLE,empty,0,,The Collector,,0,0,,False
Corki,JUNGLE,empty,300,,Hubris,2022 Glowing Mote (250),250,50,,False
Corki,JUNGLE,empty,1200,,The Collector,1037 Pickaxe (875),875,325,,False
Corki,JUNGLE,empty,unknown,,The Collector,,0,,,False
Corki,JUNGLE,components,0,1037 | 3134 | 1018,The Collector,,0,0,,False
Corki,JUNGLE,components,524,1037 | 3134 | 1018,The Collector,1036 Long Sword (350),350,174,,False
Corki,JUNGLE,components,525,1037 | 3134 | 1018,The Collector,6676 The Collector (525),525,0,,False
Corki,JUNGLE,owned_first,1000,6676,Essence Reaver,1018 Cloak of Agility (600) -> 1036 Long Sword (350),950,50,,False
Corki,JUNGLE,full_slots,525,1037 | 3134 | 1018 | 900001 | 900002 | 900003,The Collector,6676 The Collector (525),525,0,,False
Corki,JUNGLE,enemy_armor,1200,1037,The Collector,1018 Cloak of Agility (600) -> 1036 Long Sword (350),950,250,,False
Corki,JUNGLE,enemy_magic,1200,1037,The Collector,1018 Cloak of Agility (600) -> 1036 Long Sword (350),950,250,,False
Corki,JUNGLE,isolated_completion,525,1037 | 3134 | 1018,The Collector,6676 The Collector (525),,,,False
Corki,MIDDLE,empty,0,,Trinity Force,,0,0,,False
Corki,MIDDLE,empty,300,,Trinity Force,2022 Glowing Mote (250),250,50,,False
Corki,MIDDLE,empty,1200,,Trinity Force,1036 Long Sword (350) -> 1036 Long Sword (350) -> 1036 Long Sword (350),1050,150,,False
Corki,MIDDLE,empty,unknown,,Trinity Force,,0,,,False
Corki,MIDDLE,components,0,3057 | 3044 | 3051,Trinity Force,,0,0,,False
Corki,MIDDLE,components,132,3057 | 3044 | 3051,Trinity Force,,0,132,,False
Corki,MIDDLE,components,133,3057 | 3044 | 3051,Trinity Force,3078 Trinity Force (133),133,0,,False
Corki,MIDDLE,owned_first,1000,3078,Manamune,1036 Long Sword (350) -> 1036 Long Sword (350) -> 2022 Glowing Mote (250),950,50,,False
Corki,MIDDLE,full_slots,133,3057 | 3044 | 3051 | 900001 | 900002 | 900003,Trinity Force,3078 Trinity Force (133),133,0,,False
Corki,MIDDLE,enemy_armor,1200,3057,Trinity Force,1036 Long Sword (350) -> 1036 Long Sword (350) -> 1036 Long Sword (350),1050,150,,False
Corki,MIDDLE,enemy_magic,1200,3057,Trinity Force,1036 Long Sword (350) -> 1036 Long Sword (350) -> 1036 Long Sword (350),1050,150,,False
Corki,MIDDLE,isolated_completion,133,3057 | 3044 | 3051,Trinity Force,3078 Trinity Force (133),,,,False
Corki,BOTTOM,empty,0,,Trinity Force,,0,0,,False
Corki,BOTTOM,empty,300,,Trinity Force,2022 Glowing Mote (250),250,50,,False
Corki,BOTTOM,empty,1200,,Trinity Force,1036 Long Sword (350) -> 1036 Long Sword (350) -> 1036 Long Sword (350),1050,150,,False
Corki,BOTTOM,empty,unknown,,Essence Reaver,,0,,,False
Corki,BOTTOM,components,0,3057 | 3133 | 1018,Essence Reaver,,0,0,,False
Corki,BOTTOM,components,499,3057 | 3133 | 1018,Essence Reaver,,0,499,,False
Corki,BOTTOM,components,500,3057 | 3133 | 1018,Essence Reaver,3508 Essence Reaver (500),500,0,,False
Corki,BOTTOM,owned_first,1000,3508,The Collector,1037 Pickaxe (875),875,125,,False
Corki,BOTTOM,full_slots,500,3057 | 3133 | 1018 | 900001 | 900002 | 900003,Essence Reaver,3508 Essence Reaver (500),500,0,,False
Corki,BOTTOM,enemy_armor,1200,3057,Trinity Force,1036 Long Sword (350) -> 1036 Long Sword (350) -> 1036 Long Sword (350),1050,150,,False
Corki,BOTTOM,enemy_magic,1200,3057,Trinity Force,1036 Long Sword (350) -> 1036 Long Sword (350) -> 1036 Long Sword (350),1050,150,,False
Corki,BOTTOM,isolated_completion,500,3057 | 3133 | 1018,Essence Reaver,3508 Essence Reaver (500),,,,False
Corki,UTILITY,empty,0,,Essence Reaver,,0,0,,False
Corki,UTILITY,empty,300,,Essence Reaver,2022 Glowing Mote (250),250,50,,False
Corki,UTILITY,empty,1200,,Essence Reaver,1018 Cloak of Agility (600) -> 1036 Long Sword (350) -> 2022 Glowing Mote (250),1200,0,,False
Corki,UTILITY,empty,unknown,,Essence Reaver,,0,,,False
Corki,UTILITY,components,0,3057 | 3133 | 1018,Essence Reaver,,0,0,,False
Corki,UTILITY,components,499,3057 | 3133 | 1018,Essence Reaver,,0,499,,False
Corki,UTILITY,components,500,3057 | 3133 | 1018,Essence Reaver,3508 Essence Reaver (500),500,0,,False
Corki,UTILITY,owned_first,1000,3508,Infinity Edge,1037 Pickaxe (875),875,125,,False
Corki,UTILITY,full_slots,500,3057 | 3133 | 1018 | 900001 | 900002 | 900003,Essence Reaver,3508 Essence Reaver (500),500,0,,False
Corki,UTILITY,enemy_armor,1200,3057,Essence Reaver,1018 Cloak of Agility (600) -> 1036 Long Sword (350) -> 2022 Glowing Mote (250),1200,0,,False
Corki,UTILITY,enemy_magic,1200,3057,Essence Reaver,1018 Cloak of Agility (600) -> 1036 Long Sword (350) -> 2022 Glowing Mote (250),1200,0,,False
Corki,UTILITY,isolated_completion,500,3057 | 3133 | 1018,Essence Reaver,3508 Essence Reaver (500),,,,False
Darius,TOP,empty,0,,Youmuu's Ghostblade,,0,0,,False
Darius,TOP,empty,300,,Youmuu's Ghostblade,,0,300,,False
Darius,TOP,empty,1200,,Youmuu's Ghostblade,1036 Long Sword (350) -> 1036 Long Sword (350) -> 1036 Long Sword (350),1050,150,,False
Darius,TOP,empty,unknown,,Youmuu's Ghostblade,,0,,,False
Darius,TOP,components,0,3134 | 6690 | 1036,Youmuu's Ghostblade,,0,0,,False
Darius,TOP,components,674,3134 | 6690 | 1036,Youmuu's Ghostblade,1036 Long Sword (350),350,324,,False
Darius,TOP,components,675,3134 | 6690 | 1036,Youmuu's Ghostblade,3142 Youmuu's Ghostblade (675),675,0,,False
Darius,TOP,owned_first,1000,3142,Dead Man's Plate,1028 Ruby Crystal (400) -> 1036 Long Sword (350) -> 2022 Glowing Mote (250),1000,0,,False
Darius,TOP,full_slots,675,3134 | 6690 | 1036 | 900001 | 900002 | 900003,Youmuu's Ghostblade,3142 Youmuu's Ghostblade (675),675,0,,False
Darius,TOP,enemy_armor,1200,3134,Youmuu's Ghostblade,6690 Rectrix (775) -> 1036 Long Sword (350),1125,75,,False
Darius,TOP,enemy_magic,1200,3134,Youmuu's Ghostblade,6690 Rectrix (775) -> 1036 Long Sword (350),1125,75,,False
Darius,TOP,isolated_completion,675,3134 | 6690 | 1036,Youmuu's Ghostblade,3142 Youmuu's Ghostblade (675),,,,False
Darius,JUNGLE,empty,0,,Youmuu's Ghostblade,,0,0,,False
Darius,JUNGLE,empty,300,,Youmuu's Ghostblade,,0,300,,False
Darius,JUNGLE,empty,1200,,Youmuu's Ghostblade,1036 Long Sword (350) -> 1036 Long Sword (350) -> 1036 Long Sword (350),1050,150,,False
Darius,JUNGLE,empty,unknown,,Youmuu's Ghostblade,,0,,,False
Darius,JUNGLE,components,0,3134 | 6690 | 1036,Youmuu's Ghostblade,,0,0,,False
Darius,JUNGLE,components,674,3134 | 6690 | 1036,Youmuu's Ghostblade,1036 Long Sword (350),350,324,,False
Darius,JUNGLE,components,675,3134 | 6690 | 1036,Youmuu's Ghostblade,3142 Youmuu's Ghostblade (675),675,0,,False
Darius,JUNGLE,owned_first,1000,3142,Dead Man's Plate,1028 Ruby Crystal (400) -> 1036 Long Sword (350) -> 2022 Glowing Mote (250),1000,0,,False
Darius,JUNGLE,full_slots,675,3134 | 6690 | 1036 | 900001 | 900002 | 900003,Youmuu's Ghostblade,3142 Youmuu's Ghostblade (675),675,0,,False
Darius,JUNGLE,enemy_armor,1200,3134,Youmuu's Ghostblade,6690 Rectrix (775) -> 1036 Long Sword (350),1125,75,,False
Darius,JUNGLE,enemy_magic,1200,3134,Youmuu's Ghostblade,6690 Rectrix (775) -> 1036 Long Sword (350),1125,75,,False
Darius,JUNGLE,isolated_completion,675,3134 | 6690 | 1036,Youmuu's Ghostblade,3142 Youmuu's Ghostblade (675),,,,False
Darius,MIDDLE,empty,0,,Youmuu's Ghostblade,,0,0,,False
Darius,MIDDLE,empty,300,,Youmuu's Ghostblade,,0,300,,False
Darius,MIDDLE,empty,1200,,Youmuu's Ghostblade,1036 Long Sword (350) -> 1036 Long Sword (350) -> 1036 Long Sword (350),1050,150,,False
Darius,MIDDLE,empty,unknown,,Youmuu's Ghostblade,,0,,,False
Darius,MIDDLE,components,0,3134 | 6690 | 1036,Youmuu's Ghostblade,,0,0,,False
Darius,MIDDLE,components,674,3134 | 6690 | 1036,Youmuu's Ghostblade,1036 Long Sword (350),350,324,,False
Darius,MIDDLE,components,675,3134 | 6690 | 1036,Youmuu's Ghostblade,3142 Youmuu's Ghostblade (675),675,0,,False
Darius,MIDDLE,owned_first,1000,3142,Dead Man's Plate,1028 Ruby Crystal (400) -> 1036 Long Sword (350) -> 2022 Glowing Mote (250),1000,0,,False
Darius,MIDDLE,full_slots,675,3134 | 6690 | 1036 | 900001 | 900002 | 900003,Youmuu's Ghostblade,3142 Youmuu's Ghostblade (675),675,0,,False
Darius,MIDDLE,enemy_armor,1200,3134,Youmuu's Ghostblade,6690 Rectrix (775) -> 1036 Long Sword (350),1125,75,,False
Darius,MIDDLE,enemy_magic,1200,3134,Youmuu's Ghostblade,6690 Rectrix (775) -> 1036 Long Sword (350),1125,75,,False
Darius,MIDDLE,isolated_completion,675,3134 | 6690 | 1036,Youmuu's Ghostblade,3142 Youmuu's Ghostblade (675),,,,False
Darius,BOTTOM,empty,0,,Youmuu's Ghostblade,,0,0,,False
Darius,BOTTOM,empty,300,,Youmuu's Ghostblade,,0,300,,False
Darius,BOTTOM,empty,1200,,Youmuu's Ghostblade,1036 Long Sword (350) -> 1036 Long Sword (350) -> 1036 Long Sword (350),1050,150,,False
Darius,BOTTOM,empty,unknown,,Youmuu's Ghostblade,,0,,,False
Darius,BOTTOM,components,0,3134 | 6690 | 1036,Youmuu's Ghostblade,,0,0,,False
Darius,BOTTOM,components,674,3134 | 6690 | 1036,Youmuu's Ghostblade,,0,674,,False
Darius,BOTTOM,components,675,3134 | 6690 | 1036,Youmuu's Ghostblade,3142 Youmuu's Ghostblade (675),675,0,,False
Darius,BOTTOM,owned_first,1000,3142,Dead Man's Plate,1028 Ruby Crystal (400) -> 1036 Long Sword (350) -> 2022 Glowing Mote (250),1000,0,,False
Darius,BOTTOM,full_slots,675,3134 | 6690 | 1036 | 900001 | 900002 | 900003,Youmuu's Ghostblade,3142 Youmuu's Ghostblade (675),675,0,,False
Darius,BOTTOM,enemy_armor,1200,3134,Youmuu's Ghostblade,6690 Rectrix (775) -> 1036 Long Sword (350),1125,75,,False
Darius,BOTTOM,enemy_magic,1200,3134,Youmuu's Ghostblade,6690 Rectrix (775) -> 1036 Long Sword (350),1125,75,,False
Darius,BOTTOM,isolated_completion,675,3134 | 6690 | 1036,Youmuu's Ghostblade,3142 Youmuu's Ghostblade (675),,,,False
Darius,UTILITY,empty,0,,Black Cleaver,,0,0,,False
Darius,UTILITY,empty,300,,Black Cleaver,2022 Glowing Mote (250),250,50,,False
Darius,UTILITY,empty,1200,,Black Cleaver,1037 Pickaxe (875) -> 2022 Glowing Mote (250),1125,75,,False
Darius,UTILITY,empty,unknown,,Black Cleaver,,0,,,False
Darius,UTILITY,components,0,3044 | 3067 | 1037,Black Cleaver,,0,0,,False
Darius,UTILITY,components,224,3044 | 3067 | 1037,Black Cleaver,,0,224,,False
Darius,UTILITY,components,225,3044 | 3067 | 1037,Black Cleaver,3071 Black Cleaver (225),225,0,,False
Darius,UTILITY,owned_first,1000,3071,Essence Reaver,1036 Long Sword (350) -> 1036 Long Sword (350) -> 2022 Glowing Mote (250),950,50,,False
Darius,UTILITY,full_slots,225,3044 | 3067 | 1037 | 900001 | 900002 | 900003,Black Cleaver,3071 Black Cleaver (225),225,0,,False
Darius,UTILITY,enemy_armor,1200,3044,Black Cleaver,1037 Pickaxe (875) -> 2022 Glowing Mote (250),1125,75,,False
Darius,UTILITY,enemy_magic,1200,3044,Black Cleaver,1037 Pickaxe (875) -> 2022 Glowing Mote (250),1125,75,,False
Darius,UTILITY,isolated_completion,225,3044 | 3067 | 1037,Black Cleaver,3071 Black Cleaver (225),,,,False
Diana,TOP,empty,0,,Rod of Ages,,0,0,,False
Diana,TOP,empty,300,,Rod of Ages,1027 Sapphire Crystal (300),300,0,,False
Diana,TOP,empty,1200,,Rod of Ages,1026 Blasting Wand (850) -> 1027 Sapphire Crystal (300),1150,50,,False
Diana,TOP,empty,unknown,,Rod of Ages,,0,,,False
Diana,TOP,components,0,1026 | 3803,Rod of Ages,,0,0,,False
Diana,TOP,components,449,1026 | 3803,Rod of Ages,,0,449,,False
Diana,TOP,components,450,1026 | 3803,Rod of Ages,6657 Rod of Ages (450),450,0,,False
Diana,TOP,owned_first,1000,6657,Lich Bane,1026 Blasting Wand (850),850,150,,False
Diana,TOP,full_slots,450,1026 | 3803 | 900001 | 900002 | 900003 | 900004,Rod of Ages,6657 Rod of Ages (450),450,0,,False
Diana,TOP,enemy_armor,1200,1026,Rod of Ages,1028 Ruby Crystal (400) -> 1028 Ruby Crystal (400) -> 1027 Sapphire Crystal (300),1100,100,,False
Diana,TOP,enemy_magic,1200,1026,Rod of Ages,1028 Ruby Crystal (400) -> 1028 Ruby Crystal (400) -> 1027 Sapphire Crystal (300),1100,100,,False
Diana,TOP,isolated_completion,450,1026 | 3803,Rod of Ages,6657 Rod of Ages (450),,,,False
Diana,JUNGLE,empty,0,,Dusk and Dawn,,0,0,,False
Diana,JUNGLE,empty,300,,Dusk and Dawn,2022 Glowing Mote (250),250,50,,False
Diana,JUNGLE,empty,1200,,Dusk and Dawn,1026 Blasting Wand (850) -> 2022 Glowing Mote (250),1100,100,,False
Diana,JUNGLE,empty,unknown,,Dusk and Dawn,,0,,,False
Diana,JUNGLE,components,0,3057 | 1026 | 3067 | 1042,Dusk and Dawn,,0,0,,False
Diana,JUNGLE,components,299,3057 | 1026 | 3067 | 1042,Dusk and Dawn,,0,299,,False
Diana,JUNGLE,components,300,3057 | 1026 | 3067 | 1042,Dusk and Dawn,2510 Dusk and Dawn (300),300,0,,False
Diana,JUNGLE,owned_first,1000,2510,Riftmaker,3108 Fiendish Codex (850),850,150,,False
Diana,JUNGLE,full_slots,300,3057 | 1026 | 3067 | 1042 | 900001 | 900002,Dusk and Dawn,2510 Dusk and Dawn (300),300,0,,False
Diana,JUNGLE,enemy_armor,1200,3057,Dusk and Dawn,1026 Blasting Wand (850) -> 2022 Glowing Mote (250),1100,100,,False
Diana,JUNGLE,enemy_magic,1200,3057,Dusk and Dawn,1026 Blasting Wand (850) -> 2022 Glowing Mote (250),1100,100,,False
Diana,JUNGLE,isolated_completion,300,3057 | 1026 | 3067 | 1042,Dusk and Dawn,2510 Dusk and Dawn (300),,,,False
Diana,MIDDLE,empty,0,,Stormsurge,,0,0,,False
Diana,MIDDLE,empty,300,,Stormsurge,,0,300,,False
Diana,MIDDLE,empty,1200,,Stormsurge,1052 Amplifying Tome (400) -> 1052 Amplifying Tome (400) -> 1052 Amplifying Tome (400),1200,0,,False
Diana,MIDDLE,empty,unknown,,Stormsurge,,0,,,False
Diana,MIDDLE,components,0,3145 | 3113,Stormsurge,,0,0,,False
Diana,MIDDLE,components,799,3145 | 3113,Stormsurge,1052 Amplifying Tome (400),400,399,,False
Diana,MIDDLE,components,800,3145 | 3113,Stormsurge,4646 Stormsurge (800),800,0,,False
Diana,MIDDLE,owned_first,1000,4646,Shadowflame,1052 Amplifying Tome (400) -> 1052 Amplifying Tome (400),800,200,,False
Diana,MIDDLE,full_slots,800,3145 | 3113 | 900001 | 900002 | 900003 | 900004,Stormsurge,4646 Stormsurge (800),800,0,,False
Diana,MIDDLE,enemy_armor,1200,3145,Stormsurge,3113 Aether Wisp (900),900,300,,False
Diana,MIDDLE,enemy_magic,1200,3145,Stormsurge,3113 Aether Wisp (900),900,300,,False
Diana,MIDDLE,isolated_completion,800,3145 | 3113,Stormsurge,4646 Stormsurge (800),,,,False
Diana,BOTTOM,empty,0,,Lich Bane,,0,0,,False
Diana,BOTTOM,empty,300,,Lich Bane,2022 Glowing Mote (250),250,50,,False
Diana,BOTTOM,empty,1200,,Lich Bane,1026 Blasting Wand (850) -> 2022 Glowing Mote (250),1100,100,,False
Diana,BOTTOM,empty,unknown,,Lich Bane,,0,,,False
Diana,BOTTOM,components,0,3057 | 3113 | 1026,Lich Bane,,0,0,,False
Diana,BOTTOM,components,249,3057 | 3113 | 1026,Lich Bane,,0,249,,False
Diana,BOTTOM,components,250,3057 | 3113 | 1026,Lich Bane,3100 Lich Bane (250),250,0,,False
Diana,BOTTOM,owned_first,1000,3100,Shadowflame,1052 Amplifying Tome (400) -> 1052 Amplifying Tome (400),800,200,,False
Diana,BOTTOM,full_slots,250,3057 | 3113 | 1026 | 900001 | 900002 | 900003,Lich Bane,3100 Lich Bane (250),250,0,,False
Diana,BOTTOM,enemy_armor,1200,3057,Lich Bane,1026 Blasting Wand (850),850,350,,False
Diana,BOTTOM,enemy_magic,1200,3057,Lich Bane,1026 Blasting Wand (850),850,350,,False
Diana,BOTTOM,isolated_completion,250,3057 | 3113 | 1026,Lich Bane,3100 Lich Bane (250),,,,False
Diana,UTILITY,empty,0,,Malignance,,0,0,,False
Diana,UTILITY,empty,300,,Malignance,2022 Glowing Mote (250),250,50,,False
Diana,UTILITY,empty,1200,,Malignance,3802 Lost Chapter (1200),1200,0,,False
Diana,UTILITY,empty,unknown,,Malignance,,0,,,False
Diana,UTILITY,components,0,3802 | 1026,Malignance,,0,0,,False
Diana,UTILITY,components,649,3802 | 1026,Malignance,,0,649,,False
Diana,UTILITY,components,650,3802 | 1026,Malignance,3118 Malignance (650),650,0,,False
Diana,UTILITY,owned_first,1000,3118,Hextech Rocketbelt,3067 Kindlegem (800),800,200,,False
Diana,UTILITY,full_slots,650,3802 | 1026 | 900001 | 900002 | 900003 | 900004,Malignance,3118 Malignance (650),650,0,,False
Diana,UTILITY,enemy_armor,1200,3802,Malignance,1026 Blasting Wand (850),850,350,,False
Diana,UTILITY,enemy_magic,1200,3802,Malignance,1026 Blasting Wand (850),850,350,,False
Diana,UTILITY,isolated_completion,650,3802 | 1026,Malignance,3118 Malignance (650),,,,False
DrMundo,TOP,empty,0,,Warmog's Armor,,0,0,,False
DrMundo,TOP,empty,300,,Warmog's Armor,1006 Rejuvenation Bead (300),300,0,,False
DrMundo,TOP,empty,1200,,Warmog's Armor,1028 Ruby Crystal (400) -> 1028 Ruby Crystal (400) -> 1028 Ruby Crystal (400),1200,0,,False
DrMundo,TOP,empty,unknown,,Warmog's Armor,,0,,,False
DrMundo,TOP,components,0,1011 | 1011 | 3801,Warmog's Armor,,0,0,,False
DrMundo,TOP,components,499,1011 | 1011 | 3801,Heartsteel,1028 Ruby Crystal (400),400,99,,False
DrMundo,TOP,components,500,1011 | 1011 | 3801,Warmog's Armor,3083 Warmog's Armor (500),500,0,,False
DrMundo,TOP,owned_first,1000,3083,Heartsteel,1011 Giant's Belt (900),900,100,,False
DrMundo,TOP,full_slots,500,1011 | 1011 | 3801 | 900001 | 900002 | 900003,Warmog's Armor,3083 Warmog's Armor (500),500,0,,False
DrMundo,TOP,enemy_armor,1200,1011,Warmog's Armor,1011 Giant's Belt (900) -> 1006 Rejuvenation Bead (300),1200,0,,False
DrMundo,TOP,enemy_magic,1200,1011,Warmog's Armor,1011 Giant's Belt (900) -> 1006 Rejuvenation Bead (300),1200,0,,False
DrMundo,TOP,isolated_completion,500,1011 | 1011 | 3801,Warmog's Armor,3083 Warmog's Armor (500),,,,False
DrMundo,JUNGLE,empty,0,,Heartsteel,,0,0,,False
DrMundo,JUNGLE,empty,300,,Heartsteel,1006 Rejuvenation Bead (300),300,0,,False
DrMundo,JUNGLE,empty,1200,,Heartsteel,1028 Ruby Crystal (400) -> 1028 Ruby Crystal (400) -> 1028 Ruby Crystal (400),1200,0,,False
DrMundo,JUNGLE,empty,unknown,,Heartsteel,,0,,,False
DrMundo,JUNGLE,components,0,1011 | 3801 | 1011,Heartsteel,,0,0,,False
DrMundo,JUNGLE,components,399,1011 | 3801 | 1011,Heartsteel,,0,399,,False
DrMundo,JUNGLE,components,400,1011 | 3801 | 1011,Heartsteel,1028 Ruby Crystal (400),400,0,,False
DrMundo,JUNGLE,owned_first,1000,3084,Spirit Visage,1028 Ruby Crystal (400) -> 1028 Ruby Crystal (400),800,200,,False
DrMundo,JUNGLE,full_slots,400,1011 | 3801 | 1011 | 900001 | 900002 | 900003,Heartsteel,3084 Heartsteel (400),400,0,,False
DrMundo,JUNGLE,enemy_armor,1200,1011,Heartsteel,1011 Giant's Belt (900) -> 1006 Rejuvenation Bead (300),1200,0,,False
DrMundo,JUNGLE,enemy_magic,1200,1011,Heartsteel,1011 Giant's Belt (900) -> 1006 Rejuvenation Bead (300),1200,0,,False
DrMundo,JUNGLE,isolated_completion,400,1011 | 3801 | 1011,Heartsteel,3084 Heartsteel (400),,,,False
DrMundo,MIDDLE,empty,0,,Heartsteel,,0,0,,False
DrMundo,MIDDLE,empty,300,,Heartsteel,1006 Rejuvenation Bead (300),300,0,,False
DrMundo,MIDDLE,empty,1200,,Heartsteel,1028 Ruby Crystal (400) -> 1028 Ruby Crystal (400) -> 1028 Ruby Crystal (400),1200,0,,False
DrMundo,MIDDLE,empty,unknown,,Heartsteel,,0,,,False
DrMundo,MIDDLE,components,0,1011 | 3801 | 1011,Heartsteel,,0,0,,False
DrMundo,MIDDLE,components,399,1011 | 3801 | 1011,Heartsteel,,0,399,,False
DrMundo,MIDDLE,components,400,1011 | 3801 | 1011,Heartsteel,1028 Ruby Crystal (400),400,0,,False
DrMundo,MIDDLE,owned_first,1000,3084,Titanic Hydra,1011 Giant's Belt (900),900,100,,False
DrMundo,MIDDLE,full_slots,400,1011 | 3801 | 1011 | 900001 | 900002 | 900003,Heartsteel,3084 Heartsteel (400),400,0,,False
DrMundo,MIDDLE,enemy_armor,1200,1011,Heartsteel,1011 Giant's Belt (900) -> 1006 Rejuvenation Bead (300),1200,0,,False
DrMundo,MIDDLE,enemy_magic,1200,1011,Heartsteel,1011 Giant's Belt (900) -> 1006 Rejuvenation Bead (300),1200,0,,False
DrMundo,MIDDLE,isolated_completion,400,1011 | 3801 | 1011,Heartsteel,3084 Heartsteel (400),,,,False
DrMundo,BOTTOM,empty,0,,Warmog's Armor,,0,0,,False
DrMundo,BOTTOM,empty,300,,Warmog's Armor,1006 Rejuvenation Bead (300),300,0,,False
DrMundo,BOTTOM,empty,1200,,Warmog's Armor,1028 Ruby Crystal (400) -> 1028 Ruby Crystal (400) -> 1028 Ruby Crystal (400),1200,0,,False
DrMundo,BOTTOM,empty,unknown,,Warmog's Armor,,0,,,False
DrMundo,BOTTOM,components,0,1011 | 1011 | 3801,Warmog's Armor,,0,0,,False
DrMundo,BOTTOM,components,499,1011 | 1011 | 3801,Heartsteel,1028 Ruby Crystal (400),400,99,,False
DrMundo,BOTTOM,components,500,1011 | 1011 | 3801,Warmog's Armor,3083 Warmog's Armor (500),500,0,,False
DrMundo,BOTTOM,owned_first,1000,3083,Heartsteel,1011 Giant's Belt (900),900,100,,False
DrMundo,BOTTOM,full_slots,500,1011 | 1011 | 3801 | 900001 | 900002 | 900003,Warmog's Armor,3083 Warmog's Armor (500),500,0,,False
DrMundo,BOTTOM,enemy_armor,1200,1011,Warmog's Armor,1011 Giant's Belt (900) -> 1006 Rejuvenation Bead (300),1200,0,,False
DrMundo,BOTTOM,enemy_magic,1200,1011,Kaenic Rookern,1033 Null-Magic Mantle (400) -> 1033 Null-Magic Mantle (400) -> 1028 Ruby Crystal (400),1200,0,,False
DrMundo,BOTTOM,isolated_completion,500,1011 | 1011 | 3801,Warmog's Armor,3083 Warmog's Armor (500),,,,False
DrMundo,UTILITY,empty,0,,Warmog's Armor,,0,0,,False
DrMundo,UTILITY,empty,300,,Warmog's Armor,1006 Rejuvenation Bead (300),300,0,,False
DrMundo,UTILITY,empty,1200,,Warmog's Armor,1028 Ruby Crystal (400) -> 1028 Ruby Crystal (400) -> 1028 Ruby Crystal (400),1200,0,,False
DrMundo,UTILITY,empty,unknown,,Warmog's Armor,,0,,,False
DrMundo,UTILITY,components,0,1011 | 1011 | 3801,Warmog's Armor,,0,0,,False
DrMundo,UTILITY,components,499,1011 | 1011 | 3801,Heartsteel,1028 Ruby Crystal (400),400,99,,False
DrMundo,UTILITY,components,500,1011 | 1011 | 3801,Warmog's Armor,3083 Warmog's Armor (500),500,0,,False
DrMundo,UTILITY,owned_first,1000,3083,Heartsteel,1011 Giant's Belt (900),900,100,,False
DrMundo,UTILITY,full_slots,500,1011 | 1011 | 3801 | 900001 | 900002 | 900003,Warmog's Armor,3083 Warmog's Armor (500),500,0,,False
DrMundo,UTILITY,enemy_armor,1200,1011,Warmog's Armor,1011 Giant's Belt (900) -> 1006 Rejuvenation Bead (300),1200,0,,False
DrMundo,UTILITY,enemy_magic,1200,1011,Kaenic Rookern,1033 Null-Magic Mantle (400) -> 1033 Null-Magic Mantle (400) -> 1028 Ruby Crystal (400),1200,0,,False
DrMundo,UTILITY,isolated_completion,500,1011 | 1011 | 3801,Warmog's Armor,3083 Warmog's Armor (500),,,,False
Draven,TOP,empty,0,,Hubris,,0,0,,False
Draven,TOP,empty,300,,Hubris,2022 Glowing Mote (250),250,50,,False
Draven,TOP,empty,1200,,Hubris,1036 Long Sword (350) -> 1036 Long Sword (350) -> 1036 Long Sword (350),1050,150,,False
Draven,TOP,empty,unknown,,Bloodthirster,,0,,,False
Draven,TOP,components,0,1038 | 1037 | 1053,Bloodthirster,,0,0,,False
Draven,TOP,components,324,1038 | 1037 | 1053,Bloodthirster,,0,324,,False
Draven,TOP,components,325,1038 | 1037 | 1053,Bloodthirster,3072 Bloodthirster (325),325,0,,False
Draven,TOP,owned_first,1000,3072,Hexoptics C44,1018 Cloak of Agility (600) -> 1036 Long Sword (350),950,50,,False
Draven,TOP,full_slots,325,1038 | 1037 | 1053 | 900001 | 900002 | 900003,Bloodthirster,3072 Bloodthirster (325),325,0,,False
Draven,TOP,enemy_armor,1200,1038,Bloodthirster,1037 Pickaxe (875),875,325,,False
Draven,TOP,enemy_magic,1200,1038,Bloodthirster,1037 Pickaxe (875),875,325,,False
Draven,TOP,isolated_completion,325,1038 | 1037 | 1053,Bloodthirster,3072 Bloodthirster (325),,,,False
Draven,JUNGLE,empty,0,,Youmuu's Ghostblade,,0,0,,False
Draven,JUNGLE,empty,300,,Youmuu's Ghostblade,,0,300,,False
Draven,JUNGLE,empty,1200,,Youmuu's Ghostblade,1036 Long Sword (350) -> 1036 Long Sword (350) -> 1036 Long Sword (350),1050,150,,False
Draven,JUNGLE,empty,unknown,,Youmuu's Ghostblade,,0,,,False
Draven,JUNGLE,components,0,3134 | 6690 | 1036,Youmuu's Ghostblade,,0,0,,False
Draven,JUNGLE,components,674,3134 | 6690 | 1036,Youmuu's Ghostblade,1036 Long Sword (350),350,324,,False
Draven,JUNGLE,components,675,3134 | 6690 | 1036,Youmuu's Ghostblade,3142 Youmuu's Ghostblade (675),675,0,,False
Draven,JUNGLE,owned_first,1000,3142,The Collector,1018 Cloak of Agility (600) -> 1036 Long Sword (350),950,50,,False
Draven,JUNGLE,full_slots,675,3134 | 6690 | 1036 | 900001 | 900002 | 900003,Youmuu's Ghostblade,3142 Youmuu's Ghostblade (675),675,0,,False
Draven,JUNGLE,enemy_armor,1200,3134,Youmuu's Ghostblade,6690 Rectrix (775) -> 1036 Long Sword (350),1125,75,,False
Draven,JUNGLE,enemy_magic,1200,3134,Youmuu's Ghostblade,6690 Rectrix (775) -> 1036 Long Sword (350),1125,75,,False
Draven,JUNGLE,isolated_completion,675,3134 | 6690 | 1036,Youmuu's Ghostblade,3142 Youmuu's Ghostblade (675),,,,False
Draven,MIDDLE,empty,0,,Hubris,,0,0,,False
Draven,MIDDLE,empty,300,,Hubris,2022 Glowing Mote (250),250,50,,False
Draven,MIDDLE,empty,1200,,Hubris,1036 Long Sword (350) -> 1036 Long Sword (350) -> 1036 Long Sword (350),1050,150,,False
Draven,MIDDLE,empty,unknown,,Hubris,,0,,,False
Draven,MIDDLE,components,0,3134 | 3133,Hubris,,0,0,,False
Draven,MIDDLE,components,749,3134 | 3133,Hubris,1036 Long Sword (350) -> 1036 Long Sword (350),700,49,,False
Draven,MIDDLE,components,750,3134 | 3133,Hubris,6697 Hubris (750),750,0,,False
Draven,MIDDLE,owned_first,1000,6697,Lord Dominik's Regards,1018 Cloak of Agility (600) -> 1036 Long Sword (350),950,50,,False
Draven,MIDDLE,full_slots,750,3134 | 3133 | 900001 | 900002 | 900003 | 900004,Hubris,6697 Hubris (750),750,0,,False
Draven,MIDDLE,enemy_armor,1200,3134,Hubris,3133 Caulfield's Warhammer (1050),1050,150,,False
Draven,MIDDLE,enemy_magic,1200,3134,Hubris,3133 Caulfield's Warhammer (1050),1050,150,,False
Draven,MIDDLE,isolated_completion,750,3134 | 3133,Hubris,6697 Hubris (750),,,,False
Draven,BOTTOM,empty,0,,Hubris,,0,0,,False
Draven,BOTTOM,empty,300,,Hubris,2022 Glowing Mote (250),250,50,,False
Draven,BOTTOM,empty,1200,,Hubris,1036 Long Sword (350) -> 1036 Long Sword (350) -> 1036 Long Sword (350),1050,150,,False
Draven,BOTTOM,empty,unknown,,Hubris,,0,,,False
Draven,BOTTOM,components,0,3134 | 3133,Hubris,,0,0,,False
Draven,BOTTOM,components,749,3134 | 3133,Hubris,1036 Long Sword (350) -> 1036 Long Sword (350),700,49,,False
Draven,BOTTOM,components,750,3134 | 3133,Hubris,6697 Hubris (750),750,0,,False
Draven,BOTTOM,owned_first,1000,6697,Hexoptics C44,1018 Cloak of Agility (600) -> 1036 Long Sword (350),950,50,,False
Draven,BOTTOM,full_slots,750,3134 | 3133 | 900001 | 900002 | 900003 | 900004,Hubris,6697 Hubris (750),750,0,,False
Draven,BOTTOM,enemy_armor,1200,3134,Hubris,3133 Caulfield's Warhammer (1050),1050,150,,False
Draven,BOTTOM,enemy_magic,1200,3134,Hubris,3133 Caulfield's Warhammer (1050),1050,150,,False
Draven,BOTTOM,isolated_completion,750,3134 | 3133,Hubris,6697 Hubris (750),,,,False
Draven,UTILITY,empty,0,,Essence Reaver,,0,0,,False
Draven,UTILITY,empty,300,,Essence Reaver,2022 Glowing Mote (250),250,50,,False
Draven,UTILITY,empty,1200,,Essence Reaver,1018 Cloak of Agility (600) -> 1036 Long Sword (350) -> 2022 Glowing Mote (250),1200,0,,False
Draven,UTILITY,empty,unknown,,Essence Reaver,,0,,,False
Draven,UTILITY,components,0,3057 | 3133 | 1018,Essence Reaver,,0,0,,False
Draven,UTILITY,components,499,3057 | 3133 | 1018,Essence Reaver,,0,499,,False
Draven,UTILITY,components,500,3057 | 3133 | 1018,Essence Reaver,3508 Essence Reaver (500),500,0,,False
Draven,UTILITY,owned_first,1000,3508,Infinity Edge,1037 Pickaxe (875),875,125,,False
Draven,UTILITY,full_slots,500,3057 | 3133 | 1018 | 900001 | 900002 | 900003,Essence Reaver,3508 Essence Reaver (500),500,0,,False
Draven,UTILITY,enemy_armor,1200,3057,Essence Reaver,1018 Cloak of Agility (600) -> 1036 Long Sword (350) -> 2022 Glowing Mote (250),1200,0,,False
Draven,UTILITY,enemy_magic,1200,3057,Essence Reaver,1018 Cloak of Agility (600) -> 1036 Long Sword (350) -> 2022 Glowing Mote (250),1200,0,,False
Draven,UTILITY,isolated_completion,500,3057 | 3133 | 1018,Essence Reaver,3508 Essence Reaver (500),,,,False
Ekko,TOP,empty,0,,Dusk and Dawn,,0,0,,False
Ekko,TOP,empty,300,,Dusk and Dawn,2022 Glowing Mote (250),250,50,,False
Ekko,TOP,empty,1200,,Dusk and Dawn,1026 Blasting Wand (850) -> 2022 Glowing Mote (250),1100,100,,False
Ekko,TOP,empty,unknown,,Dusk and Dawn,,0,,,False
Ekko,TOP,components,0,3057 | 1026 | 3067 | 1042,Dusk and Dawn,,0,0,,False
Ekko,TOP,components,299,3057 | 1026 | 3067 | 1042,Dusk and Dawn,,0,299,,False
Ekko,TOP,components,300,3057 | 1026 | 3067 | 1042,Dusk and Dawn,2510 Dusk and Dawn (300),300,0,,False
Ekko,TOP,owned_first,1000,2510,Shadowflame,1052 Amplifying Tome (400) -> 1052 Amplifying Tome (400),800,200,,False
Ekko,TOP,full_slots,300,3057 | 1026 | 3067 | 1042 | 900001 | 900002,Dusk and Dawn,2510 Dusk and Dawn (300),300,0,,False
Ekko,TOP,enemy_armor,1200,3057,Dusk and Dawn,1026 Blasting Wand (850) -> 2022 Glowing Mote (250),1100,100,,False
Ekko,TOP,enemy_magic,1200,3057,Dusk and Dawn,1026 Blasting Wand (850) -> 2022 Glowing Mote (250),1100,100,,False
Ekko,TOP,isolated_completion,300,3057 | 1026 | 3067 | 1042,Dusk and Dawn,2510 Dusk and Dawn (300),,,,False
Ekko,JUNGLE,empty,0,,Nashor's Tooth,,0,0,,False
Ekko,JUNGLE,empty,300,,Nashor's Tooth,2022 Glowing Mote (250),250,50,,False
Ekko,JUNGLE,empty,1200,,Nashor's Tooth,1026 Blasting Wand (850) -> 2022 Glowing Mote (250),1100,100,,False
Ekko,JUNGLE,empty,unknown,,Nashor's Tooth,,0,,,False
Ekko,JUNGLE,components,0,1043 | 1026 | 3108,Nashor's Tooth,,0,0,,False
Ekko,JUNGLE,components,499,1043 | 1026 | 3108,Nashor's Tooth,,0,499,,False
Ekko,JUNGLE,components,500,1043 | 1026 | 3108,Nashor's Tooth,3115 Nashor's Tooth (500),500,0,,False
Ekko,JUNGLE,owned_first,1000,3115,Dusk and Dawn,1026 Blasting Wand (850),850,150,,False
Ekko,JUNGLE,full_slots,500,1043 | 1026 | 3108 | 900001 | 900002 | 900003,Nashor's Tooth,3115 Nashor's Tooth (500),500,0,,False
Ekko,JUNGLE,enemy_armor,1200,1043,Nashor's Tooth,1026 Blasting Wand (850) -> 2022 Glowing Mote (250),1100,100,,False
Ekko,JUNGLE,enemy_magic,1200,1043,Nashor's Tooth,1026 Blasting Wand (850) -> 2022 Glowing Mote (250),1100,100,,False
Ekko,JUNGLE,isolated_completion,500,1043 | 1026 | 3108,Nashor's Tooth,3115 Nashor's Tooth (500),,,,False
Ekko,MIDDLE,empty,0,,Dusk and Dawn,,0,0,,False
Ekko,MIDDLE,empty,300,,Dusk and Dawn,2022 Glowing Mote (250),250,50,,False
Ekko,MIDDLE,empty,1200,,Dusk and Dawn,1026 Blasting Wand (850) -> 2022 Glowing Mote (250),1100,100,,False
Ekko,MIDDLE,empty,unknown,,Dusk and Dawn,,0,,,False
Ekko,MIDDLE,components,0,3057 | 1026 | 3067 | 1042,Dusk and Dawn,,0,0,,False
Ekko,MIDDLE,components,299,3057 | 1026 | 3067 | 1042,Dusk and Dawn,,0,299,,False
Ekko,MIDDLE,components,300,3057 | 1026 | 3067 | 1042,Dusk and Dawn,2510 Dusk and Dawn (300),300,0,,False
Ekko,MIDDLE,owned_first,1000,2510,Shadowflame,1052 Amplifying Tome (400) -> 1052 Amplifying Tome (400),800,200,,False
Ekko,MIDDLE,full_slots,300,3057 | 1026 | 3067 | 1042 | 900001 | 900002,Dusk and Dawn,2510 Dusk and Dawn (300),300,0,,False
Ekko,MIDDLE,enemy_armor,1200,3057,Dusk and Dawn,1026 Blasting Wand (850) -> 2022 Glowing Mote (250),1100,100,,False
Ekko,MIDDLE,enemy_magic,1200,3057,Dusk and Dawn,1026 Blasting Wand (850) -> 2022 Glowing Mote (250),1100,100,,False
Ekko,MIDDLE,isolated_completion,300,3057 | 1026 | 3067 | 1042,Dusk and Dawn,2510 Dusk and Dawn (300),,,,False
Ekko,BOTTOM,empty,0,,Dusk and Dawn,,0,0,,False
Ekko,BOTTOM,empty,300,,Dusk and Dawn,2022 Glowing Mote (250),250,50,,False
Ekko,BOTTOM,empty,1200,,Dusk and Dawn,1026 Blasting Wand (850) -> 2022 Glowing Mote (250),1100,100,,False
Ekko,BOTTOM,empty,unknown,,Dusk and Dawn,,0,,,False
Ekko,BOTTOM,components,0,3057 | 1026 | 3067 | 1042,Dusk and Dawn,,0,0,,False
Ekko,BOTTOM,components,299,3057 | 1026 | 3067 | 1042,Dusk and Dawn,,0,299,,False
Ekko,BOTTOM,components,300,3057 | 1026 | 3067 | 1042,Dusk and Dawn,2510 Dusk and Dawn (300),300,0,,False
Ekko,BOTTOM,owned_first,1000,2510,Shadowflame,1052 Amplifying Tome (400) -> 1052 Amplifying Tome (400),800,200,,False
Ekko,BOTTOM,full_slots,300,3057 | 1026 | 3067 | 1042 | 900001 | 900002,Dusk and Dawn,2510 Dusk and Dawn (300),300,0,,False
Ekko,BOTTOM,enemy_armor,1200,3057,Dusk and Dawn,1026 Blasting Wand (850) -> 2022 Glowing Mote (250),1100,100,,False
Ekko,BOTTOM,enemy_magic,1200,3057,Dusk and Dawn,1026 Blasting Wand (850) -> 2022 Glowing Mote (250),1100,100,,False
Ekko,BOTTOM,isolated_completion,300,3057 | 1026 | 3067 | 1042,Dusk and Dawn,2510 Dusk and Dawn (300),,,,False
Ekko,UTILITY,empty,0,,Stormsurge,,0,0,,False
Ekko,UTILITY,empty,300,,Stormsurge,,0,300,,False
Ekko,UTILITY,empty,1200,,Stormsurge,1052 Amplifying Tome (400) -> 1052 Amplifying Tome (400) -> 1052 Amplifying Tome (400),1200,0,,False
Ekko,UTILITY,empty,unknown,,Stormsurge,,0,,,False
Ekko,UTILITY,components,0,3145 | 3113,Stormsurge,,0,0,,False
Ekko,UTILITY,components,799,3145 | 3113,Stormsurge,1052 Amplifying Tome (400),400,399,,False
Ekko,UTILITY,components,800,3145 | 3113,Stormsurge,4646 Stormsurge (800),800,0,,False
Ekko,UTILITY,owned_first,1000,4646,Dusk and Dawn,1026 Blasting Wand (850),850,150,,False
Ekko,UTILITY,full_slots,800,3145 | 3113 | 900001 | 900002 | 900003 | 900004,Stormsurge,4646 Stormsurge (800),800,0,,False
Ekko,UTILITY,enemy_armor,1200,3145,Stormsurge,3113 Aether Wisp (900),900,300,,False
Ekko,UTILITY,enemy_magic,1200,3145,Stormsurge,3113 Aether Wisp (900),900,300,,False
Ekko,UTILITY,isolated_completion,800,3145 | 3113,Stormsurge,4646 Stormsurge (800),,,,False
Elise,TOP,empty,0,,Lich Bane,,0,0,,False
Elise,TOP,empty,300,,Lich Bane,2022 Glowing Mote (250),250,50,,False
Elise,TOP,empty,1200,,Lich Bane,3057 Sheen (900) -> 2022 Glowing Mote (250),1150,50,,False
Elise,TOP,empty,unknown,,Lich Bane,,0,,,False
Elise,TOP,components,0,3057 | 3113 | 1026,Lich Bane,,0,0,,False
Elise,TOP,components,249,3057 | 3113 | 1026,Lich Bane,,0,249,,False
Elise,TOP,components,250,3057 | 3113 | 1026,Lich Bane,3100 Lich Bane (250),250,0,,False
Elise,TOP,owned_first,1000,3100,Shadowflame,3158 Ionian Boots of Lucidity (900),900,100,,False
Elise,TOP,full_slots,250,3057 | 3113 | 1026 | 900001 | 900002 | 900003,Lich Bane,3100 Lich Bane (250),250,0,,False
Elise,TOP,enemy_armor,1200,3057,Lich Bane,3113 Aether Wisp (900) -> 2022 Glowing Mote (250),1150,50,,False
Elise,TOP,enemy_magic,1200,3057,Lich Bane,1033 Null-Magic Mantle (400) -> 1052 Amplifying Tome (400),800,400,,False
Elise,TOP,isolated_completion,250,3057 | 3113 | 1026,Lich Bane,3100 Lich Bane (250),,,,False
Elise,JUNGLE,empty,0,,Lich Bane,,0,0,,False
Elise,JUNGLE,empty,300,,Lich Bane,2022 Glowing Mote (250),250,50,,False
Elise,JUNGLE,empty,1200,,Lich Bane,3057 Sheen (900) -> 2022 Glowing Mote (250),1150,50,,False
Elise,JUNGLE,empty,unknown,,Lich Bane,,0,,,False
Elise,JUNGLE,components,0,3057 | 3113 | 1026,Lich Bane,,0,0,,False
Elise,JUNGLE,components,249,3057 | 3113 | 1026,Lich Bane,,0,249,,False
Elise,JUNGLE,components,250,3057 | 3113 | 1026,Lich Bane,3100 Lich Bane (250),250,0,,False
Elise,JUNGLE,owned_first,1000,3100,Shadowflame,3158 Ionian Boots of Lucidity (900),900,100,,False
Elise,JUNGLE,full_slots,250,3057 | 3113 | 1026 | 900001 | 900002 | 900003,Lich Bane,3100 Lich Bane (250),250,0,,False
Elise,JUNGLE,enemy_armor,1200,3057,Lich Bane,3113 Aether Wisp (900) -> 2022 Glowing Mote (250),1150,50,,False
Elise,JUNGLE,enemy_magic,1200,3057,Lich Bane,1033 Null-Magic Mantle (400) -> 1052 Amplifying Tome (400),800,400,,False
Elise,JUNGLE,isolated_completion,250,3057 | 3113 | 1026,Lich Bane,3100 Lich Bane (250),,,,False
Elise,MIDDLE,empty,0,,Stormsurge,,0,0,,False
Elise,MIDDLE,empty,300,,Stormsurge,2022 Glowing Mote (250),250,50,,False
Elise,MIDDLE,empty,1200,,Stormsurge,3158 Ionian Boots of Lucidity (900),900,300,,False
Elise,MIDDLE,empty,unknown,,Stormsurge,,0,,,False
Elise,MIDDLE,components,0,3145 | 3113,Stormsurge,,0,0,,False
Elise,MIDDLE,components,799,3145 | 3113,Stormsurge,2022 Glowing Mote (250) -> 1028 Ruby Crystal (400),650,149,,False
Elise,MIDDLE,components,800,3145 | 3113,Stormsurge,4646 Stormsurge (800),800,0,,False
Elise,MIDDLE,owned_first,1000,4646,Shadowflame,3158 Ionian Boots of Lucidity (900),900,100,,False
Elise,MIDDLE,full_slots,800,3145 | 3113 | 900001 | 900002 | 900003 | 900004,Stormsurge,4646 Stormsurge (800),800,0,,False
Elise,MIDDLE,enemy_armor,1200,3145,Stormsurge,3158 Ionian Boots of Lucidity (900),900,300,,False
Elise,MIDDLE,enemy_magic,1200,3145,Stormsurge,1033 Null-Magic Mantle (400) -> 1052 Amplifying Tome (400) -> 1001 Boots (300),1100,100,,False
Elise,MIDDLE,isolated_completion,800,3145 | 3113,Stormsurge,4646 Stormsurge (800),,,,False
Elise,BOTTOM,empty,0,,Stormsurge,,0,0,,False
Elise,BOTTOM,empty,300,,Lich Bane,2022 Glowing Mote (250),250,50,,False
Elise,BOTTOM,empty,1200,,Lich Bane,3057 Sheen (900) -> 2022 Glowing Mote (250),1150,50,,False
Elise,BOTTOM,empty,unknown,,Lich Bane,,0,,,False
Elise,BOTTOM,components,0,3057 | 3113 | 1026,Lich Bane,,0,0,,False
Elise,BOTTOM,components,249,3057 | 3113 | 1026,Lich Bane,,0,249,,False
Elise,BOTTOM,components,250,3057 | 3113 | 1026,Lich Bane,3100 Lich Bane (250),250,0,,False
Elise,BOTTOM,owned_first,1000,3100,Shadowflame,3158 Ionian Boots of Lucidity (900),900,100,,False
Elise,BOTTOM,full_slots,250,3057 | 3113 | 1026 | 900001 | 900002 | 900003,Lich Bane,3100 Lich Bane (250),250,0,,False
Elise,BOTTOM,enemy_armor,1200,3057,Lich Bane,3113 Aether Wisp (900) -> 2022 Glowing Mote (250),1150,50,,False
Elise,BOTTOM,enemy_magic,1200,3057,Lich Bane,1033 Null-Magic Mantle (400) -> 1052 Amplifying Tome (400),800,400,,False
Elise,BOTTOM,isolated_completion,250,3057 | 3113 | 1026,Lich Bane,3100 Lich Bane (250),,,,False
Elise,UTILITY,empty,0,,Stormsurge,,0,0,,False
Elise,UTILITY,empty,300,,Stormsurge,1027 Sapphire Crystal (300),300,0,,False
Elise,UTILITY,empty,1200,,Stormsurge,3158 Ionian Boots of Lucidity (900) -> 1027 Sapphire Crystal (300),1200,0,,False
Elise,UTILITY,empty,unknown,,Stormsurge,,0,,,False
Elise,UTILITY,components,0,3145 | 3113,Stormsurge,,0,0,,False
Elise,UTILITY,components,799,3145 | 3113,Stormsurge,1027 Sapphire Crystal (300) -> 2022 Glowing Mote (250),550,249,,False
Elise,UTILITY,components,800,3145 | 3113,Stormsurge,4646 Stormsurge (800),800,0,,False
Elise,UTILITY,owned_first,1000,4646,Shadowflame,1027 Sapphire Crystal (300) -> 1028 Ruby Crystal (400) -> 2022 Glowing Mote (250),950,50,,False
Elise,UTILITY,full_slots,800,3145 | 3113 | 900001 | 900002 | 900003 | 900004,Stormsurge,4646 Stormsurge (800),800,0,,False
Elise,UTILITY,enemy_armor,1200,3145,Hextech Rocketbelt,3067 Kindlegem (800) -> 1028 Ruby Crystal (400),1200,0,,False
Elise,UTILITY,enemy_magic,1200,3145,Hextech Rocketbelt,3067 Kindlegem (800) -> 1028 Ruby Crystal (400),1200,0,,False
Elise,UTILITY,isolated_completion,800,3145 | 3113,Stormsurge,4646 Stormsurge (800),,,,False
Evelynn,TOP,empty,0,,Hextech Rocketbelt,,0,0,,False
Evelynn,TOP,empty,300,,Hextech Rocketbelt,2022 Glowing Mote (250),250,50,,False
Evelynn,TOP,empty,1200,,Hextech Rocketbelt,3067 Kindlegem (800) -> 1052 Amplifying Tome (400),1200,0,,False
Evelynn,TOP,empty,unknown,,Hextech Rocketbelt,,0,,,False
Evelynn,TOP,components,0,3145 | 3067 | 1028,Hextech Rocketbelt,,0,0,,False
Evelynn,TOP,components,349,3145 | 3067 | 1028,Hextech Rocketbelt,,0,349,,False
Evelynn,TOP,components,350,3145 | 3067 | 1028,Hextech Rocketbelt,3152 Hextech Rocketbelt (350),350,0,,False
Evelynn,TOP,owned_first,1000,3152,Lich Bane,1026 Blasting Wand (850),850,150,,False
Evelynn,TOP,full_slots,350,3145 | 3067 | 1028 | 900001 | 900002 | 900003,Hextech Rocketbelt,3152 Hextech Rocketbelt (350),350,0,,False
Evelynn,TOP,enemy_armor,1200,3145,Hextech Rocketbelt,3067 Kindlegem (800) -> 1028 Ruby Crystal (400),1200,0,,False
Evelynn,TOP,enemy_magic,1200,3145,Hextech Rocketbelt,3067 Kindlegem (800) -> 1028 Ruby Crystal (400),1200,0,,False
Evelynn,TOP,isolated_completion,350,3145 | 3067 | 1028,Hextech Rocketbelt,3152 Hextech Rocketbelt (350),,,,False
Evelynn,JUNGLE,empty,0,,Lich Bane,,0,0,,False
Evelynn,JUNGLE,empty,300,,Lich Bane,2022 Glowing Mote (250),250,50,,False
Evelynn,JUNGLE,empty,1200,,Lich Bane,1026 Blasting Wand (850) -> 2022 Glowing Mote (250),1100,100,,False
Evelynn,JUNGLE,empty,unknown,,Lich Bane,,0,,,False
Evelynn,JUNGLE,components,0,3057 | 3113 | 1026,Lich Bane,,0,0,,False
Evelynn,JUNGLE,components,249,3057 | 3113 | 1026,Lich Bane,,0,249,,False
Evelynn,JUNGLE,components,250,3057 | 3113 | 1026,Lich Bane,3100 Lich Bane (250),250,0,,False
Evelynn,JUNGLE,owned_first,1000,3100,Mejai's Soulstealer,1082 Dark Seal (350) -> 2022 Glowing Mote (250) -> 1052 Amplifying Tome (400),1000,0,,False
Evelynn,JUNGLE,full_slots,250,3057 | 3113 | 1026 | 900001 | 900002 | 900003,Lich Bane,3100 Lich Bane (250),250,0,,False
Evelynn,JUNGLE,enemy_armor,1200,3057,Lich Bane,1026 Blasting Wand (850),850,350,,False
Evelynn,JUNGLE,enemy_magic,1200,3057,Lich Bane,1026 Blasting Wand (850),850,350,,False
Evelynn,JUNGLE,isolated_completion,250,3057 | 3113 | 1026,Lich Bane,3100 Lich Bane (250),,,,False
Evelynn,MIDDLE,empty,0,,Lich Bane,,0,0,,False
Evelynn,MIDDLE,empty,300,,Lich Bane,2022 Glowing Mote (250),250,50,,False
Evelynn,MIDDLE,empty,1200,,Lich Bane,1026 Blasting Wand (850) -> 2022 Glowing Mote (250),1100,100,,False
Evelynn,MIDDLE,empty,unknown,,Lich Bane,,0,,,False
Evelynn,MIDDLE,components,0,3057 | 3113 | 1026,Lich Bane,,0,0,,False
Evelynn,MIDDLE,components,249,3057 | 3113 | 1026,Lich Bane,,0,249,,False
Evelynn,MIDDLE,components,250,3057 | 3113 | 1026,Lich Bane,3100 Lich Bane (250),250,0,,False
Evelynn,MIDDLE,owned_first,1000,3100,Shadowflame,1052 Amplifying Tome (400) -> 1052 Amplifying Tome (400),800,200,,False
Evelynn,MIDDLE,full_slots,250,3057 | 3113 | 1026 | 900001 | 900002 | 900003,Lich Bane,3100 Lich Bane (250),250,0,,False
Evelynn,MIDDLE,enemy_armor,1200,3057,Lich Bane,1026 Blasting Wand (850),850,350,,False
Evelynn,MIDDLE,enemy_magic,1200,3057,Lich Bane,1026 Blasting Wand (850),850,350,,False
Evelynn,MIDDLE,isolated_completion,250,3057 | 3113 | 1026,Lich Bane,3100 Lich Bane (250),,,,False
Evelynn,BOTTOM,empty,0,,Malignance,,0,0,,False
Evelynn,BOTTOM,empty,300,,Malignance,1027 Sapphire Crystal (300),300,0,,False
Evelynn,BOTTOM,empty,1200,,Malignance,3802 Lost Chapter (1200),1200,0,,False
Evelynn,BOTTOM,empty,unknown,,Malignance,,0,,,False
Evelynn,BOTTOM,components,0,3802 | 1026,Malignance,,0,0,,False
Evelynn,BOTTOM,components,649,3802 | 1026,Malignance,,0,649,,False
Evelynn,BOTTOM,components,650,3802 | 1026,Malignance,3118 Malignance (650),650,0,,False
Evelynn,BOTTOM,owned_first,1000,3118,Hextech Rocketbelt,3067 Kindlegem (800),800,200,,False
Evelynn,BOTTOM,full_slots,650,3802 | 1026 | 900001 | 900002 | 900003 | 900004,Malignance,3118 Malignance (650),650,0,,False
Evelynn,BOTTOM,enemy_armor,1200,3802,Malignance,1026 Blasting Wand (850),850,350,,False
Evelynn,BOTTOM,enemy_magic,1200,3802,Malignance,1026 Blasting Wand (850),850,350,,False
Evelynn,BOTTOM,isolated_completion,650,3802 | 1026,Malignance,3118 Malignance (650),,,,False
Evelynn,UTILITY,empty,0,,Malignance,,0,0,,False
Evelynn,UTILITY,empty,300,,Malignance,1027 Sapphire Crystal (300),300,0,,False
Evelynn,UTILITY,empty,1200,,Malignance,3802 Lost Chapter (1200),1200,0,,False
Evelynn,UTILITY,empty,unknown,,Malignance,,0,,,False
Evelynn,UTILITY,components,0,3802 | 1026,Malignance,,0,0,,False
Evelynn,UTILITY,components,649,3802 | 1026,Malignance,,0,649,,False
Evelynn,UTILITY,components,650,3802 | 1026,Malignance,3118 Malignance (650),650,0,,False
Evelynn,UTILITY,owned_first,1000,3118,Hextech Rocketbelt,3067 Kindlegem (800),800,200,,False
Evelynn,UTILITY,full_slots,650,3802 | 1026 | 900001 | 900002 | 900003 | 900004,Malignance,3118 Malignance (650),650,0,,False
Evelynn,UTILITY,enemy_armor,1200,3802,Imperial Mandate,1052 Amplifying Tome (400) -> 1052 Amplifying Tome (400) -> 1052 Amplifying Tome (400),1200,0,,False
Evelynn,UTILITY,enemy_magic,1200,3802,Malignance,1026 Blasting Wand (850),850,350,,False
Evelynn,UTILITY,isolated_completion,650,3802 | 1026,Malignance,3118 Malignance (650),,,,False
Ezreal,TOP,empty,0,,Trinity Force,,0,0,,False
Ezreal,TOP,empty,300,,Trinity Force,2022 Glowing Mote (250),250,50,,False
Ezreal,TOP,empty,1200,,Trinity Force,1036 Long Sword (350) -> 1036 Long Sword (350) -> 1036 Long Sword (350),1050,150,,False
Ezreal,TOP,empty,unknown,,Trinity Force,,0,,,False
Ezreal,TOP,components,0,3057 | 3044 | 3051,Trinity Force,,0,0,,False
Ezreal,TOP,components,132,3057 | 3044 | 3051,Trinity Force,,0,132,,False
Ezreal,TOP,components,133,3057 | 3044 | 3051,Trinity Force,3078 Trinity Force (133),133,0,,False
Ezreal,TOP,owned_first,1000,3078,Manamune,1036 Long Sword (350) -> 1036 Long Sword (350) -> 2022 Glowing Mote (250),950,50,,False
Ezreal,TOP,full_slots,133,3057 | 3044 | 3051 | 900001 | 900002 | 900003,Trinity Force,3078 Trinity Force (133),133,0,,False
Ezreal,TOP,enemy_armor,1200,3057,Trinity Force,1036 Long Sword (350) -> 1036 Long Sword (350) -> 1036 Long Sword (350),1050,150,,False
Ezreal,TOP,enemy_magic,1200,3057,Trinity Force,1036 Long Sword (350) -> 1036 Long Sword (350) -> 1036 Long Sword (350),1050,150,,False
Ezreal,TOP,isolated_completion,133,3057 | 3044 | 3051,Trinity Force,3078 Trinity Force (133),,,,False
Ezreal,JUNGLE,empty,0,,Essence Reaver,,0,0,,False
Ezreal,JUNGLE,empty,300,,Essence Reaver,2022 Glowing Mote (250),250,50,,False
Ezreal,JUNGLE,empty,1200,,Essence Reaver,3133 Caulfield's Warhammer (1050),1050,150,,False
Ezreal,JUNGLE,empty,unknown,,Essence Reaver,,0,,,False
Ezreal,JUNGLE,components,0,3057 | 3133 | 1018,Essence Reaver,,0,0,,False
Ezreal,JUNGLE,components,499,3057 | 3133 | 1018,Essence Reaver,,0,499,,False
Ezreal,JUNGLE,components,500,3057 | 3133 | 1018,Essence Reaver,3508 Essence Reaver (500),500,0,,False
Ezreal,JUNGLE,owned_first,1000,3508,Malignance,1026 Blasting Wand (850),850,150,,False
Ezreal,JUNGLE,full_slots,500,3057 | 3133 | 1018 | 900001 | 900002 | 900003,Essence Reaver,3508 Essence Reaver (500),500,0,,False
Ezreal,JUNGLE,enemy_armor,1200,3057,Essence Reaver,3133 Caulfield's Warhammer (1050),1050,150,,False
Ezreal,JUNGLE,enemy_magic,1200,3057,Essence Reaver,3133 Caulfield's Warhammer (1050),1050,150,,False
Ezreal,JUNGLE,isolated_completion,500,3057 | 3133 | 1018,Essence Reaver,3508 Essence Reaver (500),,,,False
Ezreal,MIDDLE,empty,0,,Trinity Force,,0,0,,False
Ezreal,MIDDLE,empty,300,,Trinity Force,2022 Glowing Mote (250),250,50,,False
Ezreal,MIDDLE,empty,1200,,Trinity Force,1036 Long Sword (350) -> 1036 Long Sword (350) -> 1036 Long Sword (350),1050,150,,False
Ezreal,MIDDLE,empty,unknown,,Trinity Force,,0,,,False
Ezreal,MIDDLE,components,0,3057 | 3044 | 3051,Trinity Force,,0,0,,False
Ezreal,MIDDLE,components,132,3057 | 3044 | 3051,Trinity Force,,0,132,,False
Ezreal,MIDDLE,components,133,3057 | 3044 | 3051,Trinity Force,3078 Trinity Force (133),133,0,,False
Ezreal,MIDDLE,owned_first,1000,3078,Manamune,1036 Long Sword (350) -> 1036 Long Sword (350) -> 2022 Glowing Mote (250),950,50,,False
Ezreal,MIDDLE,full_slots,133,3057 | 3044 | 3051 | 900001 | 900002 | 900003,Trinity Force,3078 Trinity Force (133),133,0,,False
Ezreal,MIDDLE,enemy_armor,1200,3057,Trinity Force,1036 Long Sword (350) -> 1036 Long Sword (350) -> 1036 Long Sword (350),1050,150,,False
Ezreal,MIDDLE,enemy_magic,1200,3057,Trinity Force,1036 Long Sword (350) -> 1036 Long Sword (350) -> 1036 Long Sword (350),1050,150,,False
Ezreal,MIDDLE,isolated_completion,133,3057 | 3044 | 3051,Trinity Force,3078 Trinity Force (133),,,,False
Ezreal,BOTTOM,empty,0,,Trinity Force,,0,0,,False
Ezreal,BOTTOM,empty,300,,Trinity Force,2022 Glowing Mote (250),250,50,,False
Ezreal,BOTTOM,empty,1200,,Trinity Force,1036 Long Sword (350) -> 1036 Long Sword (350) -> 1036 Long Sword (350),1050,150,,False
Ezreal,BOTTOM,empty,unknown,,Trinity Force,,0,,,False
Ezreal,BOTTOM,components,0,3057 | 3044 | 3051,Trinity Force,,0,0,,False
Ezreal,BOTTOM,components,132,3057 | 3044 | 3051,Trinity Force,,0,132,,False
Ezreal,BOTTOM,components,133,3057 | 3044 | 3051,Trinity Force,3078 Trinity Force (133),133,0,,False
Ezreal,BOTTOM,owned_first,1000,3078,Manamune,1036 Long Sword (350) -> 1036 Long Sword (350) -> 2022 Glowing Mote (250),950,50,,False
Ezreal,BOTTOM,full_slots,133,3057 | 3044 | 3051 | 900001 | 900002 | 900003,Trinity Force,3078 Trinity Force (133),133,0,,False
Ezreal,BOTTOM,enemy_armor,1200,3057,Trinity Force,1036 Long Sword (350) -> 1036 Long Sword (350) -> 1036 Long Sword (350),1050,150,,False
Ezreal,BOTTOM,enemy_magic,1200,3057,Trinity Force,1036 Long Sword (350) -> 1036 Long Sword (350) -> 1036 Long Sword (350),1050,150,,False
Ezreal,BOTTOM,isolated_completion,133,3057 | 3044 | 3051,Trinity Force,3078 Trinity Force (133),,,,False
Ezreal,UTILITY,empty,0,,Essence Reaver,,0,0,,False
Ezreal,UTILITY,empty,300,,Essence Reaver,2022 Glowing Mote (250),250,50,,False
Ezreal,UTILITY,empty,1200,,Essence Reaver,3133 Caulfield's Warhammer (1050),1050,150,,False
Ezreal,UTILITY,empty,unknown,,Essence Reaver,,0,,,False
Ezreal,UTILITY,components,0,3057 | 3133 | 1018,Essence Reaver,,0,0,,False
Ezreal,UTILITY,components,499,3057 | 3133 | 1018,Essence Reaver,,0,499,,False
Ezreal,UTILITY,components,500,3057 | 3133 | 1018,Essence Reaver,3508 Essence Reaver (500),500,0,,False
Ezreal,UTILITY,owned_first,1000,3508,Malignance,1026 Blasting Wand (850),850,150,,False
Ezreal,UTILITY,full_slots,500,3057 | 3133 | 1018 | 900001 | 900002 | 900003,Essence Reaver,3508 Essence Reaver (500),500,0,,False
Ezreal,UTILITY,enemy_armor,1200,3057,Essence Reaver,3133 Caulfield's Warhammer (1050),1050,150,,False
Ezreal,UTILITY,enemy_magic,1200,3057,Essence Reaver,3133 Caulfield's Warhammer (1050),1050,150,,False
Ezreal,UTILITY,isolated_completion,500,3057 | 3133 | 1018,Essence Reaver,3508 Essence Reaver (500),,,,False
Fiddlesticks,TOP,empty,0,,Liandry's Torment,,0,0,,False
Fiddlesticks,TOP,empty,300,,Frozen Heart,2022 Glowing Mote (250),250,50,,False
Fiddlesticks,TOP,empty,1200,,Liandry's Torment,1052 Amplifying Tome (400) -> 1052 Amplifying Tome (400) -> 1028 Ruby Crystal (400),1200,0,,False
Fiddlesticks,TOP,empty,unknown,,Malignance,,0,,,False
Fiddlesticks,TOP,components,0,3802 | 1026,Malignance,,0,0,,False
Fiddlesticks,TOP,components,649,3802 | 1026,Malignance,,0,649,,False
Fiddlesticks,TOP,components,650,3802 | 1026,Malignance,3118 Malignance (650),650,0,,False
Fiddlesticks,TOP,owned_first,1000,3118,Shadowflame,1052 Amplifying Tome (400) -> 1052 Amplifying Tome (400),800,200,,False
Fiddlesticks,TOP,full_slots,650,3802 | 1026 | 900001 | 900002 | 900003 | 900004,Malignance,3118 Malignance (650),650,0,,False
Fiddlesticks,TOP,enemy_armor,1200,3802,Liandry's Torment,1052 Amplifying Tome (400) -> 1052 Amplifying Tome (400) -> 1028 Ruby Crystal (400),1200,0,,False
Fiddlesticks,TOP,enemy_magic,1200,3802,Malignance,1026 Blasting Wand (850),850,350,,False
Fiddlesticks,TOP,isolated_completion,650,3802 | 1026,Malignance,3118 Malignance (650),,,,False
Fiddlesticks,JUNGLE,empty,0,,Hextech Rocketbelt,,0,0,,False
Fiddlesticks,JUNGLE,empty,300,,Hextech Rocketbelt,2022 Glowing Mote (250),250,50,,False
Fiddlesticks,JUNGLE,empty,1200,,Hextech Rocketbelt,1052 Amplifying Tome (400) -> 1052 Amplifying Tome (400) -> 2022 Glowing Mote (250),1050,150,,False
Fiddlesticks,JUNGLE,empty,unknown,,Hextech Rocketbelt,,0,,,False
Fiddlesticks,JUNGLE,components,0,3145 | 3067 | 1028,Hextech Rocketbelt,,0,0,,False
Fiddlesticks,JUNGLE,components,349,3145 | 3067 | 1028,Hextech Rocketbelt,,0,349,,False
Fiddlesticks,JUNGLE,components,350,3145 | 3067 | 1028,Hextech Rocketbelt,3152 Hextech Rocketbelt (350),350,0,,False
Fiddlesticks,JUNGLE,owned_first,1000,3152,Shadowflame,1052 Amplifying Tome (400) -> 1052 Amplifying Tome (400),800,200,,False
Fiddlesticks,JUNGLE,full_slots,350,3145 | 3067 | 1028 | 900001 | 900002 | 900003,Hextech Rocketbelt,3152 Hextech Rocketbelt (350),350,0,,False
Fiddlesticks,JUNGLE,enemy_armor,1200,3145,Hextech Rocketbelt,3067 Kindlegem (800) -> 1052 Amplifying Tome (400),1200,0,,False
Fiddlesticks,JUNGLE,enemy_magic,1200,3145,Hextech Rocketbelt,3067 Kindlegem (800) -> 1052 Amplifying Tome (400),1200,0,,False
Fiddlesticks,JUNGLE,isolated_completion,350,3145 | 3067 | 1028,Hextech Rocketbelt,3152 Hextech Rocketbelt (350),,,,False
Fiddlesticks,MIDDLE,empty,0,,Malignance,,0,0,,False
Fiddlesticks,MIDDLE,empty,300,,Malignance,2022 Glowing Mote (250),250,50,,False
Fiddlesticks,MIDDLE,empty,1200,,Malignance,3802 Lost Chapter (1200),1200,0,,False
Fiddlesticks,MIDDLE,empty,unknown,,Malignance,,0,,,False
Fiddlesticks,MIDDLE,components,0,3802 | 1026,Malignance,,0,0,,False
Fiddlesticks,MIDDLE,components,649,3802 | 1026,Malignance,,0,649,,False
Fiddlesticks,MIDDLE,components,650,3802 | 1026,Malignance,3118 Malignance (650),650,0,,False
Fiddlesticks,MIDDLE,owned_first,1000,3118,Hextech Rocketbelt,1052 Amplifying Tome (400) -> 1052 Amplifying Tome (400),800,200,,False
Fiddlesticks,MIDDLE,full_slots,650,3802 | 1026 | 900001 | 900002 | 900003 | 900004,Malignance,3118 Malignance (650),650,0,,False
Fiddlesticks,MIDDLE,enemy_armor,1200,3802,Malignance,1026 Blasting Wand (850),850,350,,False
Fiddlesticks,MIDDLE,enemy_magic,1200,3802,Malignance,1026 Blasting Wand (850),850,350,,False
Fiddlesticks,MIDDLE,isolated_completion,650,3802 | 1026,Malignance,3118 Malignance (650),,,,False
Fiddlesticks,BOTTOM,empty,0,,Blackfire Torch,,0,0,,False
Fiddlesticks,BOTTOM,empty,300,,Blackfire Torch,2022 Glowing Mote (250),250,50,,False
Fiddlesticks,BOTTOM,empty,1200,,Blackfire Torch,3802 Lost Chapter (1200),1200,0,,False
Fiddlesticks,BOTTOM,empty,unknown,,Blackfire Torch,,0,,,False
Fiddlesticks,BOTTOM,components,0,3802 | 2508,Blackfire Torch,,0,0,,False
Fiddlesticks,BOTTOM,components,699,3802 | 2508,Blackfire Torch,,0,699,,False
Fiddlesticks,BOTTOM,components,700,3802 | 2508,Blackfire Torch,2503 Blackfire Torch (700),700,0,,False
Fiddlesticks,BOTTOM,owned_first,1000,2503,Hextech Rocketbelt,1052 Amplifying Tome (400) -> 1052 Amplifying Tome (400),800,200,,False
Fiddlesticks,BOTTOM,full_slots,700,3802 | 2508 | 900001 | 900002 | 900003 | 900004,Blackfire Torch,2503 Blackfire Torch (700),700,0,,False
Fiddlesticks,BOTTOM,enemy_armor,1200,3802,Blackfire Torch,2508 Fated Ashes (900),900,300,,False
Fiddlesticks,BOTTOM,enemy_magic,1200,3802,Blackfire Torch,2508 Fated Ashes (900),900,300,,False
Fiddlesticks,BOTTOM,isolated_completion,700,3802 | 2508,Blackfire Torch,2503 Blackfire Torch (700),,,,False
Fiddlesticks,UTILITY,empty,0,,Dead Man's Plate,,0,0,,False
Fiddlesticks,UTILITY,empty,300,,Dead Man's Plate,2022 Glowing Mote (250),250,50,,False
Fiddlesticks,UTILITY,empty,1200,,Dead Man's Plate,3802 Lost Chapter (1200),1200,0,,False
Fiddlesticks,UTILITY,empty,unknown,,Dead Man's Plate,,0,,,False
Fiddlesticks,UTILITY,components,0,3066 | 1028 | 1031,Dead Man's Plate,,0,0,,False
Fiddlesticks,UTILITY,components,899,3066 | 1028 | 1031,Dead Man's Plate,1026 Blasting Wand (850),850,49,,False
Fiddlesticks,UTILITY,components,900,3066 | 1028 | 1031,Dead Man's Plate,1026 Blasting Wand (850),850,50,,False
Fiddlesticks,UTILITY,owned_first,1000,3742,Abyssal Mask,3067 Kindlegem (800),800,200,,False
Fiddlesticks,UTILITY,full_slots,900,3066 | 1028 | 1031 | 900001 | 900002 | 900003,Dead Man's Plate,3067 Kindlegem (400),400,500,,False
Fiddlesticks,UTILITY,enemy_armor,1200,3066,Dead Man's Plate,3802 Lost Chapter (1200),1200,0,,False
Fiddlesticks,UTILITY,enemy_magic,1200,3066,Dead Man's Plate,3802 Lost Chapter (1200),1200,0,,False
Fiddlesticks,UTILITY,isolated_completion,900,3066 | 1028 | 1031,Dead Man's Plate,3742 Dead Man's Plate (900),,,,False
Fiora,TOP,empty,0,,Ravenous Hydra,,0,0,,False
Fiora,TOP,empty,300,,Ravenous Hydra,2022 Glowing Mote (250),250,50,,False
Fiora,TOP,empty,1200,,Ravenous Hydra,1036 Long Sword (350) -> 1036 Long Sword (350) -> 1036 Long Sword (350),1050,150,,False
Fiora,TOP,empty,unknown,,Ravenous Hydra,,0,,,False
Fiora,TOP,components,0,3077 | 1053 | 3133,Ravenous Hydra,,0,0,,False
Fiora,TOP,components,149,3077 | 1053 | 3133,Ravenous Hydra,,0,149,,False
Fiora,TOP,components,150,3077 | 1053 | 3133,Ravenous Hydra,3074 Ravenous Hydra (150),150,0,,False
Fiora,TOP,owned_first,1000,3074,Trinity Force,1036 Long Sword (350) -> 1036 Long Sword (350) -> 1042 Dagger (250),950,50,,False
Fiora,TOP,full_slots,150,3077 | 1053 | 3133 | 900001 | 900002 | 900003,Ravenous Hydra,3074 Ravenous Hydra (150),150,0,,False
Fiora,TOP,enemy_armor,1200,3077,Ravenous Hydra,1036 Long Sword (350) -> 1036 Long Sword (350) -> 1036 Long Sword (350),1050,150,,False
Fiora,TOP,enemy_magic,1200,3077,Ravenous Hydra,1036 Long Sword (350) -> 1036 Long Sword (350) -> 1036 Long Sword (350),1050,150,,False
Fiora,TOP,isolated_completion,150,3077 | 1053 | 3133,Ravenous Hydra,3074 Ravenous Hydra (150),,,,False
Fiora,JUNGLE,empty,0,,Essence Reaver,,0,0,,False
Fiora,JUNGLE,empty,300,,Essence Reaver,2022 Glowing Mote (250),250,50,,False
Fiora,JUNGLE,empty,1200,,Essence Reaver,1036 Long Sword (350) -> 1036 Long Sword (350) -> 2022 Glowing Mote (250) -> 2022 Glowing Mote (250),1200,0,,False
Fiora,JUNGLE,empty,unknown,,Essence Reaver,,0,,,False
Fiora,JUNGLE,components,0,3057 | 3133 | 1018,Essence Reaver,,0,0,,False
Fiora,JUNGLE,components,499,3057 | 3133 | 1018,Essence Reaver,,0,499,,False
Fiora,JUNGLE,components,500,3057 | 3133 | 1018,Essence Reaver,3508 Essence Reaver (500),500,0,,False
Fiora,JUNGLE,owned_first,1000,3508,Infinity Edge,1037 Pickaxe (875),875,125,,False
Fiora,JUNGLE,full_slots,500,3057 | 3133 | 1018 | 900001 | 900002 | 900003,Essence Reaver,3508 Essence Reaver (500),500,0,,False
Fiora,JUNGLE,enemy_armor,1200,3057,Essence Reaver,3133 Caulfield's Warhammer (1050),1050,150,,False
Fiora,JUNGLE,enemy_magic,1200,3057,Essence Reaver,3133 Caulfield's Warhammer (1050),1050,150,,False
Fiora,JUNGLE,isolated_completion,500,3057 | 3133 | 1018,Essence Reaver,3508 Essence Reaver (500),,,,False
Fiora,MIDDLE,empty,0,,Ravenous Hydra,,0,0,,False
Fiora,MIDDLE,empty,300,,Ravenous Hydra,2022 Glowing Mote (250),250,50,,False
Fiora,MIDDLE,empty,1200,,Ravenous Hydra,1036 Long Sword (350) -> 1036 Long Sword (350) -> 1036 Long Sword (350),1050,150,,False
Fiora,MIDDLE,empty,unknown,,Ravenous Hydra,,0,,,False
Fiora,MIDDLE,components,0,3077 | 1053 | 3133,Ravenous Hydra,,0,0,,False
Fiora,MIDDLE,components,149,3077 | 1053 | 3133,Ravenous Hydra,,0,149,,False
Fiora,MIDDLE,components,150,3077 | 1053 | 3133,Ravenous Hydra,3074 Ravenous Hydra (150),150,0,,False
Fiora,MIDDLE,owned_first,1000,3074,Eclipse,1037 Pickaxe (875),875,125,,False
Fiora,MIDDLE,full_slots,150,3077 | 1053 | 3133 | 900001 | 900002 | 900003,Ravenous Hydra,3074 Ravenous Hydra (150),150,0,,False
Fiora,MIDDLE,enemy_armor,1200,3077,Ravenous Hydra,1036 Long Sword (350) -> 1036 Long Sword (350) -> 1036 Long Sword (350),1050,150,,False
Fiora,MIDDLE,enemy_magic,1200,3077,Ravenous Hydra,1036 Long Sword (350) -> 1036 Long Sword (350) -> 1036 Long Sword (350),1050,150,,False
Fiora,MIDDLE,isolated_completion,150,3077 | 1053 | 3133,Ravenous Hydra,3074 Ravenous Hydra (150),,,,False
Fiora,BOTTOM,empty,0,,Ravenous Hydra,,0,0,,False
Fiora,BOTTOM,empty,300,,Ravenous Hydra,2022 Glowing Mote (250),250,50,,False
Fiora,BOTTOM,empty,1200,,Ravenous Hydra,1036 Long Sword (350) -> 1036 Long Sword (350) -> 1036 Long Sword (350),1050,150,,False
Fiora,BOTTOM,empty,unknown,,Ravenous Hydra,,0,,,False
Fiora,BOTTOM,components,0,3077 | 1053 | 3133,Ravenous Hydra,,0,0,,False
Fiora,BOTTOM,components,149,3077 | 1053 | 3133,Ravenous Hydra,,0,149,,False
Fiora,BOTTOM,components,150,3077 | 1053 | 3133,Ravenous Hydra,3074 Ravenous Hydra (150),150,0,,False
Fiora,BOTTOM,owned_first,1000,3074,Eclipse,1037 Pickaxe (875),875,125,,False
Fiora,BOTTOM,full_slots,150,3077 | 1053 | 3133 | 900001 | 900002 | 900003,Ravenous Hydra,3074 Ravenous Hydra (150),150,0,,False
Fiora,BOTTOM,enemy_armor,1200,3077,Ravenous Hydra,1036 Long Sword (350) -> 1036 Long Sword (350) -> 1036 Long Sword (350),1050,150,,False
Fiora,BOTTOM,enemy_magic,1200,3077,Ravenous Hydra,1036 Long Sword (350) -> 1036 Long Sword (350) -> 1036 Long Sword (350),1050,150,,False
Fiora,BOTTOM,isolated_completion,150,3077 | 1053 | 3133,Ravenous Hydra,3074 Ravenous Hydra (150),,,,False
Fiora,UTILITY,empty,0,,Eclipse,,0,0,,False
Fiora,UTILITY,empty,300,,Eclipse,2022 Glowing Mote (250),250,50,,False
Fiora,UTILITY,empty,1200,,Eclipse,1036 Long Sword (350) -> 1036 Long Sword (350) -> 1036 Long Sword (350),1050,150,,False
Fiora,UTILITY,empty,unknown,,Eclipse,,0,,,False
Fiora,UTILITY,components,0,3133 | 1037 | 1036,Eclipse,,0,0,,False
Fiora,UTILITY,components,624,3133 | 1037 | 1036,Eclipse,,0,624,,False
Fiora,UTILITY,components,625,3133 | 1037 | 1036,Eclipse,6692 Eclipse (625),625,0,,False
Fiora,UTILITY,owned_first,1000,6692,Death's Dance,1037 Pickaxe (875),875,125,,False
Fiora,UTILITY,full_slots,625,3133 | 1037 | 1036 | 900001 | 900002 | 900003,Eclipse,6692 Eclipse (625),625,0,,False
Fiora,UTILITY,enemy_armor,1200,3133,Eclipse,1037 Pickaxe (875),875,325,,False
Fiora,UTILITY,enemy_magic,1200,3133,Eclipse,1037 Pickaxe (875),875,325,,False
Fiora,UTILITY,isolated_completion,625,3133 | 1037 | 1036,Eclipse,6692 Eclipse (625),,,,False
Fizz,TOP,empty,0,,Lich Bane,,0,0,,False
Fizz,TOP,empty,300,,Lich Bane,2022 Glowing Mote (250),250,50,,False
Fizz,TOP,empty,1200,,Lich Bane,1026 Blasting Wand (850) -> 2022 Glowing Mote (250),1100,100,,False
Fizz,TOP,empty,unknown,,Lich Bane,,0,,,False
Fizz,TOP,components,0,3057 | 3113 | 1026,Lich Bane,,0,0,,False
Fizz,TOP,components,249,3057 | 3113 | 1026,Lich Bane,,0,249,,False
Fizz,TOP,components,250,3057 | 3113 | 1026,Lich Bane,3100 Lich Bane (250),250,0,,False
Fizz,TOP,owned_first,1000,3100,Shadowflame,1052 Amplifying Tome (400) -> 1052 Amplifying Tome (400),800,200,,False
Fizz,TOP,full_slots,250,3057 | 3113 | 1026 | 900001 | 900002 | 900003,Lich Bane,3100 Lich Bane (250),250,0,,False
Fizz,TOP,enemy_armor,1200,3057,Lich Bane,1026 Blasting Wand (850),850,350,,False
Fizz,TOP,enemy_magic,1200,3057,Lich Bane,1026 Blasting Wand (850),850,350,,False
Fizz,TOP,isolated_completion,250,3057 | 3113 | 1026,Lich Bane,3100 Lich Bane (250),,,,False
Fizz,JUNGLE,empty,0,,Dusk and Dawn,,0,0,,False
Fizz,JUNGLE,empty,300,,Dusk and Dawn,2022 Glowing Mote (250),250,50,,False
Fizz,JUNGLE,empty,1200,,Dusk and Dawn,1026 Blasting Wand (850) -> 2022 Glowing Mote (250),1100,100,,False
Fizz,JUNGLE,empty,unknown,,Dusk and Dawn,,0,,,False
Fizz,JUNGLE,components,0,3057 | 1026 | 3067 | 1042,Dusk and Dawn,,0,0,,False
Fizz,JUNGLE,components,299,3057 | 1026 | 3067 | 1042,Dusk and Dawn,,0,299,,False
Fizz,JUNGLE,components,300,3057 | 1026 | 3067 | 1042,Dusk and Dawn,2510 Dusk and Dawn (300),300,0,,False
Fizz,JUNGLE,owned_first,1000,2510,Nashor's Tooth,1026 Blasting Wand (850),850,150,,False
Fizz,JUNGLE,full_slots,300,3057 | 1026 | 3067 | 1042 | 900001 | 900002,Dusk and Dawn,2510 Dusk and Dawn (300),300,0,,False
Fizz,JUNGLE,enemy_armor,1200,3057,Dusk and Dawn,1026 Blasting Wand (850) -> 2022 Glowing Mote (250),1100,100,,False
Fizz,JUNGLE,enemy_magic,1200,3057,Dusk and Dawn,1026 Blasting Wand (850) -> 2022 Glowing Mote (250),1100,100,,False
Fizz,JUNGLE,isolated_completion,300,3057 | 1026 | 3067 | 1042,Dusk and Dawn,2510 Dusk and Dawn (300),,,,False
Fizz,MIDDLE,empty,0,,Lich Bane,,0,0,,False
Fizz,MIDDLE,empty,300,,Lich Bane,2022 Glowing Mote (250),250,50,,False
Fizz,MIDDLE,empty,1200,,Lich Bane,1026 Blasting Wand (850) -> 2022 Glowing Mote (250),1100,100,,False
Fizz,MIDDLE,empty,unknown,,Lich Bane,,0,,,False
Fizz,MIDDLE,components,0,3057 | 3113 | 1026,Lich Bane,,0,0,,False
Fizz,MIDDLE,components,249,3057 | 3113 | 1026,Lich Bane,,0,249,,False
Fizz,MIDDLE,components,250,3057 | 3113 | 1026,Lich Bane,3100 Lich Bane (250),250,0,,False
Fizz,MIDDLE,owned_first,1000,3100,Mejai's Soulstealer,1082 Dark Seal (350) -> 1052 Amplifying Tome (400) -> 2022 Glowing Mote (250),1000,0,,False
Fizz,MIDDLE,full_slots,250,3057 | 3113 | 1026 | 900001 | 900002 | 900003,Lich Bane,3100 Lich Bane (250),250,0,,False
Fizz,MIDDLE,enemy_armor,1200,3057,Lich Bane,1026 Blasting Wand (850),850,350,,False
Fizz,MIDDLE,enemy_magic,1200,3057,Lich Bane,1026 Blasting Wand (850),850,350,,False
Fizz,MIDDLE,isolated_completion,250,3057 | 3113 | 1026,Lich Bane,3100 Lich Bane (250),,,,False
Fizz,BOTTOM,empty,0,,Lich Bane,,0,0,,False
Fizz,BOTTOM,empty,300,,Lich Bane,2022 Glowing Mote (250),250,50,,False
Fizz,BOTTOM,empty,1200,,Lich Bane,1026 Blasting Wand (850) -> 2022 Glowing Mote (250),1100,100,,False
Fizz,BOTTOM,empty,unknown,,Lich Bane,,0,,,False
Fizz,BOTTOM,components,0,3057 | 3113 | 1026,Lich Bane,,0,0,,False
Fizz,BOTTOM,components,249,3057 | 3113 | 1026,Lich Bane,,0,249,,False
Fizz,BOTTOM,components,250,3057 | 3113 | 1026,Lich Bane,3100 Lich Bane (250),250,0,,False
Fizz,BOTTOM,owned_first,1000,3100,Mejai's Soulstealer,1082 Dark Seal (350) -> 1052 Amplifying Tome (400) -> 2022 Glowing Mote (250),1000,0,,False
Fizz,BOTTOM,full_slots,250,3057 | 3113 | 1026 | 900001 | 900002 | 900003,Lich Bane,3100 Lich Bane (250),250,0,,False
Fizz,BOTTOM,enemy_armor,1200,3057,Lich Bane,1026 Blasting Wand (850),850,350,,False
Fizz,BOTTOM,enemy_magic,1200,3057,Lich Bane,1026 Blasting Wand (850),850,350,,False
Fizz,BOTTOM,isolated_completion,250,3057 | 3113 | 1026,Lich Bane,3100 Lich Bane (250),,,,False
Fizz,UTILITY,empty,0,,Malignance,,0,0,,False
Fizz,UTILITY,empty,300,,Malignance,1027 Sapphire Crystal (300),300,0,,False
Fizz,UTILITY,empty,1200,,Malignance,3802 Lost Chapter (1200),1200,0,,False
Fizz,UTILITY,empty,unknown,,Malignance,,0,,,False
Fizz,UTILITY,components,0,3802 | 1026,Malignance,,0,0,,False
Fizz,UTILITY,components,649,3802 | 1026,Malignance,,0,649,,False
Fizz,UTILITY,components,650,3802 | 1026,Malignance,3118 Malignance (650),650,0,,False
Fizz,UTILITY,owned_first,1000,3118,Blackfire Torch,1052 Amplifying Tome (400) -> 1052 Amplifying Tome (400),800,200,,False
Fizz,UTILITY,full_slots,650,3802 | 1026 | 900001 | 900002 | 900003 | 900004,Malignance,3118 Malignance (650),650,0,,False
Fizz,UTILITY,enemy_armor,1200,3802,Malignance,1026 Blasting Wand (850),850,350,,False
Fizz,UTILITY,enemy_magic,1200,3802,Malignance,1026 Blasting Wand (850),850,350,,False
Fizz,UTILITY,isolated_completion,650,3802 | 1026,Malignance,3118 Malignance (650),,,,False
Galio,TOP,empty,0,,Hextech Rocketbelt,,0,0,,False
Galio,TOP,empty,300,,Hextech Rocketbelt,2022 Glowing Mote (250),250,50,,False
Galio,TOP,empty,1200,,Hextech Rocketbelt,3067 Kindlegem (800) -> 1028 Ruby Crystal (400),1200,0,,False
Galio,TOP,empty,unknown,,Hextech Rocketbelt,,0,,,False
Galio,TOP,components,0,3145 | 3067 | 1028,Hextech Rocketbelt,,0,0,,False
Galio,TOP,components,349,3145 | 3067 | 1028,Hextech Rocketbelt,,0,349,,False
Galio,TOP,components,350,3145 | 3067 | 1028,Hextech Rocketbelt,3152 Hextech Rocketbelt (350),350,0,,False
Galio,TOP,owned_first,1000,3152,Imperial Mandate,4642 Bandleglass Mirror (900),900,100,,False
Galio,TOP,full_slots,350,3145 | 3067 | 1028 | 900001 | 900002 | 900003,Hextech Rocketbelt,3152 Hextech Rocketbelt (350),350,0,,False
Galio,TOP,enemy_armor,1200,3145,Hextech Rocketbelt,3067 Kindlegem (800) -> 1028 Ruby Crystal (400),1200,0,,False
Galio,TOP,enemy_magic,1200,3145,Hollow Radiance,1033 Null-Magic Mantle (400) -> 1028 Ruby Crystal (400) -> 1028 Ruby Crystal (400),1200,0,,False
Galio,TOP,isolated_completion,350,3145 | 3067 | 1028,Hextech Rocketbelt,3152 Hextech Rocketbelt (350),,,,False
Galio,JUNGLE,empty,0,,Winter's Approach,,0,0,,False
Galio,JUNGLE,empty,300,,Winter's Approach,2022 Glowing Mote (250),250,50,,False
Galio,JUNGLE,empty,1200,,Winter's Approach,3067 Kindlegem (800) -> 1028 Ruby Crystal (400),1200,0,,False
Galio,JUNGLE,empty,unknown,,Winter's Approach,,0,,,False
Galio,JUNGLE,components,0,3070 | 1011 | 3067,Winter's Approach,,0,0,,False
Galio,JUNGLE,components,299,3070 | 1011 | 3067,Winter's Approach,,0,299,,False
Galio,JUNGLE,components,300,3070 | 1011 | 3067,Winter's Approach,3119 Winter's Approach (300),300,0,,False
Galio,JUNGLE,owned_first,1000,3119,Protoplasm Harness,1011 Giant's Belt (900),900,100,,False
Galio,JUNGLE,full_slots,300,3070 | 1011 | 3067 | 900001 | 900002 | 900003,Winter's Approach,3119 Winter's Approach (300),300,0,,False
Galio,JUNGLE,enemy_armor,1200,3070,Zeke's Convergence,3067 Kindlegem (800) -> 1033 Null-Magic Mantle (400),1200,0,,False
Galio,JUNGLE,enemy_magic,1200,3070,Kaenic Rookern,1033 Null-Magic Mantle (400) -> 1033 Null-Magic Mantle (400) -> 1028 Ruby Crystal (400),1200,0,,False
Galio,JUNGLE,isolated_completion,300,3070 | 1011 | 3067,Winter's Approach,3119 Winter's Approach (300),,,,False
Galio,MIDDLE,empty,0,,Stormsurge,,0,0,,False
Galio,MIDDLE,empty,300,,Hextech Rocketbelt,2022 Glowing Mote (250),250,50,,False
Galio,MIDDLE,empty,1200,,Hextech Rocketbelt,3067 Kindlegem (800) -> 1028 Ruby Crystal (400),1200,0,,False
Galio,MIDDLE,empty,unknown,,Hextech Rocketbelt,,0,,,False
Galio,MIDDLE,components,0,3145 | 3067 | 1028,Hextech Rocketbelt,,0,0,,False
Galio,MIDDLE,components,349,3145 | 3067 | 1028,Hextech Rocketbelt,,0,349,,False
Galio,MIDDLE,components,350,3145 | 3067 | 1028,Hextech Rocketbelt,3152 Hextech Rocketbelt (350),350,0,,False
Galio,MIDDLE,owned_first,1000,3152,Imperial Mandate,4642 Bandleglass Mirror (900),900,100,,False
Galio,MIDDLE,full_slots,350,3145 | 3067 | 1028 | 900001 | 900002 | 900003,Hextech Rocketbelt,3152 Hextech Rocketbelt (350),350,0,,False
Galio,MIDDLE,enemy_armor,1200,3145,Hextech Rocketbelt,3067 Kindlegem (800) -> 1028 Ruby Crystal (400),1200,0,,False
Galio,MIDDLE,enemy_magic,1200,3145,Abyssal Mask,1057 Negatron Cloak (850) -> 2022 Glowing Mote (250),1100,100,,False
Galio,MIDDLE,isolated_completion,350,3145 | 3067 | 1028,Hextech Rocketbelt,3152 Hextech Rocketbelt (350),,,,False
Galio,BOTTOM,empty,0,,Hextech Rocketbelt,,0,0,,False
Galio,BOTTOM,empty,300,,Hextech Rocketbelt,2022 Glowing Mote (250),250,50,,False
Galio,BOTTOM,empty,1200,,Hextech Rocketbelt,3067 Kindlegem (800) -> 1028 Ruby Crystal (400),1200,0,,False
Galio,BOTTOM,empty,unknown,,Hextech Rocketbelt,,0,,,False
Galio,BOTTOM,components,0,3145 | 3067 | 1028,Hextech Rocketbelt,,0,0,,False
Galio,BOTTOM,components,349,3145 | 3067 | 1028,Hextech Rocketbelt,,0,349,,False
Galio,BOTTOM,components,350,3145 | 3067 | 1028,Hextech Rocketbelt,3152 Hextech Rocketbelt (350),350,0,,False
Galio,BOTTOM,owned_first,1000,3152,Imperial Mandate,4642 Bandleglass Mirror (900),900,100,,False
Galio,BOTTOM,full_slots,350,3145 | 3067 | 1028 | 900001 | 900002 | 900003,Hextech Rocketbelt,3152 Hextech Rocketbelt (350),350,0,,False
Galio,BOTTOM,enemy_armor,1200,3145,Hextech Rocketbelt,3067 Kindlegem (800) -> 1028 Ruby Crystal (400),1200,0,,False
Galio,BOTTOM,enemy_magic,1200,3145,Hollow Radiance,1033 Null-Magic Mantle (400) -> 1028 Ruby Crystal (400) -> 1028 Ruby Crystal (400),1200,0,,False
Galio,BOTTOM,isolated_completion,350,3145 | 3067 | 1028,Hextech Rocketbelt,3152 Hextech Rocketbelt (350),,,,False
Galio,UTILITY,empty,0,,Locket of the Iron Solari,,0,0,,False
Galio,UTILITY,empty,300,,Locket of the Iron Solari,2022 Glowing Mote (250),250,50,,False
Galio,UTILITY,empty,1200,,Locket of the Iron Solari,3067 Kindlegem (800) -> 1028 Ruby Crystal (400),1200,0,,False
Galio,UTILITY,empty,unknown,,Locket of the Iron Solari,,0,,,False
Galio,UTILITY,components,0,3067 | 1029 | 1033,Locket of the Iron Solari,,0,0,,False
Galio,UTILITY,components,699,3067 | 1029 | 1033,Locket of the Iron Solari,1028 Ruby Crystal (400) -> 2022 Glowing Mote (250),650,49,,False
Galio,UTILITY,components,700,3067 | 1029 | 1033,Locket of the Iron Solari,1028 Ruby Crystal (400) -> 2022 Glowing Mote (250),650,50,,False
Galio,UTILITY,owned_first,1000,3190,Imperial Mandate,4642 Bandleglass Mirror (900),900,100,,False
Galio,UTILITY,full_slots,700,3067 | 1029 | 1033 | 900001 | 900002 | 900003,Locket of the Iron Solari,3190 Locket of the Iron Solari (700),700,0,,False
Galio,UTILITY,enemy_armor,1200,3067,Locket of the Iron Solari,1033 Null-Magic Mantle (400) -> 1029 Cloth Armor (300),700,500,,False
Galio,UTILITY,enemy_magic,1200,3067,Locket of the Iron Solari,1033 Null-Magic Mantle (400) -> 1033 Null-Magic Mantle (400) -> 1029 Cloth Armor (300),1100,100,,False
Galio,UTILITY,isolated_completion,700,3067 | 1029 | 1033,Locket of the Iron Solari,3190 Locket of the Iron Solari (700),,,,False
Gangplank,TOP,empty,0,,Essence Reaver,,0,0,,False
Gangplank,TOP,empty,300,,Essence Reaver,2022 Glowing Mote (250),250,50,,False
Gangplank,TOP,empty,1200,,Essence Reaver,3057 Sheen (900) -> 2022 Glowing Mote (250),1150,50,,False
Gangplank,TOP,empty,unknown,,Essence Reaver,,0,,,False
Gangplank,TOP,components,0,3057 | 3133 | 1018,Essence Reaver,,0,0,,False
Gangplank,TOP,components,499,3057 | 3133 | 1018,Essence Reaver,,0,499,,False
Gangplank,TOP,components,500,3057 | 3133 | 1018,Essence Reaver,3508 Essence Reaver (500),500,0,,False
Gangplank,TOP,owned_first,1000,3508,The Collector,3134 Serrated Dirk (1000),1000,0,,False
Gangplank,TOP,full_slots,500,3057 | 3133 | 1018 | 900001 | 900002 | 900003,Essence Reaver,3508 Essence Reaver (500),500,0,,False
Gangplank,TOP,enemy_armor,1200,3057,Essence Reaver,3133 Caulfield's Warhammer (1050),1050,150,,False
Gangplank,TOP,enemy_magic,1200,3057,Essence Reaver,3133 Caulfield's Warhammer (1050),1050,150,,False
Gangplank,TOP,isolated_completion,500,3057 | 3133 | 1018,Essence Reaver,3508 Essence Reaver (500),,,,False
Gangplank,JUNGLE,empty,0,,Essence Reaver,,0,0,,False
Gangplank,JUNGLE,empty,300,,Essence Reaver,2022 Glowing Mote (250),250,50,,False
Gangplank,JUNGLE,empty,1200,,Essence Reaver,3057 Sheen (900) -> 2022 Glowing Mote (250),1150,50,,False
Gangplank,JUNGLE,empty,unknown,,Essence Reaver,,0,,,False
Gangplank,JUNGLE,components,0,3057 | 3133 | 1018,Essence Reaver,,0,0,,False
Gangplank,JUNGLE,components,499,3057 | 3133 | 1018,Essence Reaver,,0,499,,False
Gangplank,JUNGLE,components,500,3057 | 3133 | 1018,Essence Reaver,3508 Essence Reaver (500),500,0,,False
Gangplank,JUNGLE,owned_first,1000,3508,Immortal Shieldbow,1037 Pickaxe (875),875,125,,False
Gangplank,JUNGLE,full_slots,500,3057 | 3133 | 1018 | 900001 | 900002 | 900003,Essence Reaver,3508 Essence Reaver (500),500,0,,False
Gangplank,JUNGLE,enemy_armor,1200,3057,Essence Reaver,3133 Caulfield's Warhammer (1050),1050,150,,False
Gangplank,JUNGLE,enemy_magic,1200,3057,Essence Reaver,3133 Caulfield's Warhammer (1050),1050,150,,False
Gangplank,JUNGLE,isolated_completion,500,3057 | 3133 | 1018,Essence Reaver,3508 Essence Reaver (500),,,,False
Gangplank,MIDDLE,empty,0,,Essence Reaver,,0,0,,False
Gangplank,MIDDLE,empty,300,,Essence Reaver,2022 Glowing Mote (250),250,50,,False
Gangplank,MIDDLE,empty,1200,,Essence Reaver,3057 Sheen (900) -> 2022 Glowing Mote (250),1150,50,,False
Gangplank,MIDDLE,empty,unknown,,Essence Reaver,,0,,,False
Gangplank,MIDDLE,components,0,3057 | 3133 | 1018,Essence Reaver,,0,0,,False
Gangplank,MIDDLE,components,499,3057 | 3133 | 1018,Essence Reaver,,0,499,,False
Gangplank,MIDDLE,components,500,3057 | 3133 | 1018,Essence Reaver,3508 Essence Reaver (500),500,0,,False
Gangplank,MIDDLE,owned_first,1000,3508,Lord Dominik's Regards,1036 Long Sword (350) -> 1036 Long Sword (350) -> 2022 Glowing Mote (250),950,50,,False
Gangplank,MIDDLE,full_slots,500,3057 | 3133 | 1018 | 900001 | 900002 | 900003,Essence Reaver,3508 Essence Reaver (500),500,0,,False
Gangplank,MIDDLE,enemy_armor,1200,3057,Essence Reaver,3133 Caulfield's Warhammer (1050),1050,150,,False
Gangplank,MIDDLE,enemy_magic,1200,3057,Essence Reaver,3133 Caulfield's Warhammer (1050),1050,150,,False
Gangplank,MIDDLE,isolated_completion,500,3057 | 3133 | 1018,Essence Reaver,3508 Essence Reaver (500),,,,False
Gangplank,BOTTOM,empty,0,,Essence Reaver,,0,0,,False
Gangplank,BOTTOM,empty,300,,Essence Reaver,2022 Glowing Mote (250),250,50,,False
Gangplank,BOTTOM,empty,1200,,Essence Reaver,3057 Sheen (900) -> 2022 Glowing Mote (250),1150,50,,False
Gangplank,BOTTOM,empty,unknown,,Essence Reaver,,0,,,False
Gangplank,BOTTOM,components,0,3057 | 3133 | 1018,Essence Reaver,,0,0,,False
Gangplank,BOTTOM,components,499,3057 | 3133 | 1018,Essence Reaver,,0,499,,False
Gangplank,BOTTOM,components,500,3057 | 3133 | 1018,Essence Reaver,3508 Essence Reaver (500),500,0,,False
Gangplank,BOTTOM,owned_first,1000,3508,Malignance,1026 Blasting Wand (850),850,150,,False
Gangplank,BOTTOM,full_slots,500,3057 | 3133 | 1018 | 900001 | 900002 | 900003,Essence Reaver,3508 Essence Reaver (500),500,0,,False
Gangplank,BOTTOM,enemy_armor,1200,3057,Essence Reaver,3133 Caulfield's Warhammer (1050),1050,150,,False
Gangplank,BOTTOM,enemy_magic,1200,3057,Essence Reaver,3133 Caulfield's Warhammer (1050),1050,150,,False
Gangplank,BOTTOM,isolated_completion,500,3057 | 3133 | 1018,Essence Reaver,3508 Essence Reaver (500),,,,False
Gangplank,UTILITY,empty,0,,Malignance,,0,0,,False
Gangplank,UTILITY,empty,300,,Malignance,1027 Sapphire Crystal (300),300,0,,False
Gangplank,UTILITY,empty,1200,,Malignance,3802 Lost Chapter (1200),1200,0,,False
Gangplank,UTILITY,empty,unknown,,Malignance,,0,,,False
Gangplank,UTILITY,components,0,3802 | 1026,Malignance,,0,0,,False
Gangplank,UTILITY,components,649,3802 | 1026,Malignance,,0,649,,False
Gangplank,UTILITY,components,650,3802 | 1026,Malignance,3118 Malignance (650),650,0,,False
Gangplank,UTILITY,owned_first,1000,3118,Lich Bane,1026 Blasting Wand (850),850,150,,False
Gangplank,UTILITY,full_slots,650,3802 | 1026 | 900001 | 900002 | 900003 | 900004,Malignance,3118 Malignance (650),650,0,,False
Gangplank,UTILITY,enemy_armor,1200,3802,Malignance,1026 Blasting Wand (850),850,350,,False
Gangplank,UTILITY,enemy_magic,1200,3802,Malignance,1026 Blasting Wand (850),850,350,,False
Gangplank,UTILITY,isolated_completion,650,3802 | 1026,Malignance,3118 Malignance (650),,,,False
Garen,TOP,empty,0,,Stridebreaker,,0,0,,False
Garen,TOP,empty,300,,Stridebreaker,1042 Dagger (250),250,50,,False
Garen,TOP,empty,1200,,Stridebreaker,3044 Phage (1100),1100,100,,False
Garen,TOP,empty,unknown,,Stridebreaker,,0,,,False
Garen,TOP,components,0,3077 | 3044 | 1042,Stridebreaker,,0,0,,False
Garen,TOP,components,749,3077 | 3044 | 1042,Stridebreaker,,0,749,,False
Garen,TOP,components,750,3077 | 3044 | 1042,Stridebreaker,6631 Stridebreaker (750),750,0,,False
Garen,TOP,owned_first,1000,6631,Phantom Dancer,1028 Ruby Crystal (400) -> 1028 Ruby Crystal (400),800,200,,False
Garen,TOP,full_slots,750,3077 | 3044 | 1042 | 900001 | 900002 | 900003,Stridebreaker,6631 Stridebreaker (750),750,0,,False
Garen,TOP,enemy_armor,1200,3077,Stridebreaker,3044 Phage (1100),1100,100,,False
Garen,TOP,enemy_magic,1200,3077,Stridebreaker,1028 Ruby Crystal (400) -> 1033 Null-Magic Mantle (400) -> 1036 Long Sword (350),1150,50,,False
Garen,TOP,isolated_completion,750,3077 | 3044 | 1042,Stridebreaker,6631 Stridebreaker (750),,,,False
Garen,JUNGLE,empty,0,,Stridebreaker,,0,0,,False
Garen,JUNGLE,empty,300,,Stridebreaker,1042 Dagger (250),250,50,,False
Garen,JUNGLE,empty,1200,,Stridebreaker,3044 Phage (1100),1100,100,,False
Garen,JUNGLE,empty,unknown,,Stridebreaker,,0,,,False
Garen,JUNGLE,components,0,3077 | 3044 | 1042,Stridebreaker,,0,0,,False
Garen,JUNGLE,components,749,3077 | 3044 | 1042,Stridebreaker,,0,749,,False
Garen,JUNGLE,components,750,3077 | 3044 | 1042,Stridebreaker,6631 Stridebreaker (750),750,0,,False
Garen,JUNGLE,owned_first,1000,6631,Youmuu's Ghostblade,3134 Serrated Dirk (1000),1000,0,,False
Garen,JUNGLE,full_slots,750,3077 | 3044 | 1042 | 900001 | 900002 | 900003,Stridebreaker,6631 Stridebreaker (750),750,0,,False
Garen,JUNGLE,enemy_armor,1200,3077,Stridebreaker,3044 Phage (1100),1100,100,,False
Garen,JUNGLE,enemy_magic,1200,3077,Stridebreaker,1028 Ruby Crystal (400) -> 1033 Null-Magic Mantle (400) -> 1028 Ruby Crystal (400),1200,0,,False
Garen,JUNGLE,isolated_completion,750,3077 | 3044 | 1042,Stridebreaker,6631 Stridebreaker (750),,,,False
Garen,MIDDLE,empty,0,,Stridebreaker,,0,0,,False
Garen,MIDDLE,empty,300,,Stridebreaker,1042 Dagger (250),250,50,,False
Garen,MIDDLE,empty,1200,,Stridebreaker,3044 Phage (1100),1100,100,,False
Garen,MIDDLE,empty,unknown,,Stridebreaker,,0,,,False
Garen,MIDDLE,components,0,3077 | 3044 | 1042,Stridebreaker,,0,0,,False
Garen,MIDDLE,components,749,3077 | 3044 | 1042,Stridebreaker,,0,749,,False
Garen,MIDDLE,components,750,3077 | 3044 | 1042,Stridebreaker,6631 Stridebreaker (750),750,0,,False
Garen,MIDDLE,owned_first,1000,6631,Youmuu's Ghostblade,3134 Serrated Dirk (1000),1000,0,,False
Garen,MIDDLE,full_slots,750,3077 | 3044 | 1042 | 900001 | 900002 | 900003,Stridebreaker,6631 Stridebreaker (750),750,0,,False
Garen,MIDDLE,enemy_armor,1200,3077,Stridebreaker,3044 Phage (1100),1100,100,,False
Garen,MIDDLE,enemy_magic,1200,3077,Stridebreaker,1028 Ruby Crystal (400) -> 1033 Null-Magic Mantle (400) -> 1036 Long Sword (350),1150,50,,False
Garen,MIDDLE,isolated_completion,750,3077 | 3044 | 1042,Stridebreaker,6631 Stridebreaker (750),,,,False
Garen,BOTTOM,empty,0,,Stridebreaker,,0,0,,False
Garen,BOTTOM,empty,300,,Stridebreaker,1042 Dagger (250),250,50,,False
Garen,BOTTOM,empty,1200,,Stridebreaker,3044 Phage (1100),1100,100,,False
Garen,BOTTOM,empty,unknown,,Stridebreaker,,0,,,False
Garen,BOTTOM,components,0,3077 | 3044 | 1042,Stridebreaker,,0,0,,False
Garen,BOTTOM,components,749,3077 | 3044 | 1042,Stridebreaker,,0,749,,False
Garen,BOTTOM,components,750,3077 | 3044 | 1042,Stridebreaker,6631 Stridebreaker (750),750,0,,False
Garen,BOTTOM,owned_first,1000,6631,Youmuu's Ghostblade,3134 Serrated Dirk (1000),1000,0,,False
Garen,BOTTOM,full_slots,750,3077 | 3044 | 1042 | 900001 | 900002 | 900003,Stridebreaker,6631 Stridebreaker (750),750,0,,False
Garen,BOTTOM,enemy_armor,1200,3077,Stridebreaker,3044 Phage (1100),1100,100,,False
Garen,BOTTOM,enemy_magic,1200,3077,Stridebreaker,1028 Ruby Crystal (400) -> 1033 Null-Magic Mantle (400) -> 1036 Long Sword (350),1150,50,,False
Garen,BOTTOM,isolated_completion,750,3077 | 3044 | 1042,Stridebreaker,6631 Stridebreaker (750),,,,False
Garen,UTILITY,empty,0,,Protoplasm Harness,,0,0,,False
Garen,UTILITY,empty,300,,Protoplasm Harness,2022 Glowing Mote (250),250,50,,False
Garen,UTILITY,empty,1200,,Protoplasm Harness,3067 Kindlegem (800) -> 1028 Ruby Crystal (400),1200,0,,False
Garen,UTILITY,empty,unknown,,Warmog's Armor,,0,,,False
Garen,UTILITY,components,0,1011 | 1011 | 3801,Warmog's Armor,,0,0,,False
Garen,UTILITY,components,499,1011 | 1011 | 3801,Heartsteel,1028 Ruby Crystal (400),400,99,,False
Garen,UTILITY,components,500,1011 | 1011 | 3801,Warmog's Armor,3083 Warmog's Armor (500),500,0,,False
Garen,UTILITY,owned_first,1000,3083,Protoplasm Harness,1011 Giant's Belt (900),900,100,,False
Garen,UTILITY,full_slots,500,1011 | 1011 | 3801 | 900001 | 900002 | 900003,Warmog's Armor,3083 Warmog's Armor (500),500,0,,False
Garen,UTILITY,enemy_armor,1200,1011,Locket of the Iron Solari,3067 Kindlegem (800) -> 1029 Cloth Armor (300),1100,100,,False
Garen,UTILITY,enemy_magic,1200,1011,Kaenic Rookern,1033 Null-Magic Mantle (400) -> 1033 Null-Magic Mantle (400) -> 1028 Ruby Crystal (400),1200,0,,False
Garen,UTILITY,isolated_completion,500,1011 | 1011 | 3801,Warmog's Armor,3083 Warmog's Armor (500),,,,False
Gnar,TOP,empty,0,,Trinity Force,,0,0,,False
Gnar,TOP,empty,300,,Trinity Force,2022 Glowing Mote (250),250,50,,False
Gnar,TOP,empty,1200,,Trinity Force,1036 Long Sword (350) -> 1036 Long Sword (350) -> 2022 Glowing Mote (250) -> 1042 Dagger (250),1200,0,,False
Gnar,TOP,empty,unknown,,Trinity Force,,0,,,False
Gnar,TOP,components,0,3057 | 3044 | 3051,Trinity Force,,0,0,,False
Gnar,TOP,components,132,3057 | 3044 | 3051,Trinity Force,,0,132,,False
Gnar,TOP,components,133,3057 | 3044 | 3051,Trinity Force,3078 Trinity Force (133),133,0,,False
Gnar,TOP,owned_first,1000,3078,Sterak's Gage,1037 Pickaxe (875),875,125,,False
Gnar,TOP,full_slots,133,3057 | 3044 | 3051 | 900001 | 900002 | 900003,Trinity Force,3078 Trinity Force (133),133,0,,False
Gnar,TOP,enemy_armor,1200,3057,Trinity Force,1028 Ruby Crystal (400) -> 1036 Long Sword (350) -> 1036 Long Sword (350),1100,100,,False
Gnar,TOP,enemy_magic,1200,3057,Trinity Force,1028 Ruby Crystal (400) -> 1036 Long Sword (350) -> 1036 Long Sword (350),1100,100,,False
Gnar,TOP,isolated_completion,133,3057 | 3044 | 3051,Trinity Force,3078 Trinity Force (133),,,,False
Gnar,JUNGLE,empty,0,,Essence Reaver,,0,0,,False
Gnar,JUNGLE,empty,300,,Essence Reaver,2022 Glowing Mote (250),250,50,,False
Gnar,JUNGLE,empty,1200,,Essence Reaver,3133 Caulfield's Warhammer (1050),1050,150,,False
Gnar,JUNGLE,empty,unknown,,Essence Reaver,,0,,,False
Gnar,JUNGLE,components,0,3057 | 3133 | 1018,Essence Reaver,,0,0,,False
Gnar,JUNGLE,components,499,3057 | 3133 | 1018,Essence Reaver,,0,499,,False
Gnar,JUNGLE,components,500,3057 | 3133 | 1018,Essence Reaver,3508 Essence Reaver (500),500,0,,False
Gnar,JUNGLE,owned_first,1000,3508,Black Cleaver,3067 Kindlegem (800),800,200,,False
Gnar,JUNGLE,full_slots,500,3057 | 3133 | 1018 | 900001 | 900002 | 900003,Essence Reaver,3508 Essence Reaver (500),500,0,,False
Gnar,JUNGLE,enemy_armor,1200,3057,Eclipse,3133 Caulfield's Warhammer (1050),1050,150,,False
Gnar,JUNGLE,enemy_magic,1200,3057,Essence Reaver,3133 Caulfield's Warhammer (1050),1050,150,,False
Gnar,JUNGLE,isolated_completion,500,3057 | 3133 | 1018,Essence Reaver,3508 Essence Reaver (500),,,,False
Gnar,MIDDLE,empty,0,,Trinity Force,,0,0,,False
Gnar,MIDDLE,empty,300,,Trinity Force,2022 Glowing Mote (250),250,50,,False
Gnar,MIDDLE,empty,1200,,Trinity Force,1036 Long Sword (350) -> 1036 Long Sword (350) -> 2022 Glowing Mote (250) -> 1042 Dagger (250),1200,0,,False
Gnar,MIDDLE,empty,unknown,,Trinity Force,,0,,,False
Gnar,MIDDLE,components,0,3057 | 3044 | 3051,Trinity Force,,0,0,,False
Gnar,MIDDLE,components,132,3057 | 3044 | 3051,Trinity Force,,0,132,,False
Gnar,MIDDLE,components,133,3057 | 3044 | 3051,Trinity Force,3078 Trinity Force (133),133,0,,False
Gnar,MIDDLE,owned_first,1000,3078,Black Cleaver,3067 Kindlegem (800),800,200,,False
Gnar,MIDDLE,full_slots,133,3057 | 3044 | 3051 | 900001 | 900002 | 900003,Trinity Force,3078 Trinity Force (133),133,0,,False
Gnar,MIDDLE,enemy_armor,1200,3057,Trinity Force,1028 Ruby Crystal (400) -> 1036 Long Sword (350) -> 1036 Long Sword (350),1100,100,,False
Gnar,MIDDLE,enemy_magic,1200,3057,Trinity Force,1028 Ruby Crystal (400) -> 1036 Long Sword (350) -> 1036 Long Sword (350),1100,100,,False
Gnar,MIDDLE,isolated_completion,133,3057 | 3044 | 3051,Trinity Force,3078 Trinity Force (133),,,,False
Gnar,BOTTOM,empty,0,,Trinity Force,,0,0,,False
Gnar,BOTTOM,empty,300,,Trinity Force,2022 Glowing Mote (250),250,50,,False
Gnar,BOTTOM,empty,1200,,Trinity Force,1036 Long Sword (350) -> 1036 Long Sword (350) -> 2022 Glowing Mote (250) -> 1042 Dagger (250),1200,0,,False
Gnar,BOTTOM,empty,unknown,,Trinity Force,,0,,,False
Gnar,BOTTOM,components,0,3057 | 3044 | 3051,Trinity Force,,0,0,,False
Gnar,BOTTOM,components,132,3057 | 3044 | 3051,Trinity Force,,0,132,,False
Gnar,BOTTOM,components,133,3057 | 3044 | 3051,Trinity Force,3078 Trinity Force (133),133,0,,False
Gnar,BOTTOM,owned_first,1000,3078,Sterak's Gage,1037 Pickaxe (875),875,125,,False
Gnar,BOTTOM,full_slots,133,3057 | 3044 | 3051 | 900001 | 900002 | 900003,Trinity Force,3078 Trinity Force (133),133,0,,False
Gnar,BOTTOM,enemy_armor,1200,3057,Trinity Force,1028 Ruby Crystal (400) -> 1036 Long Sword (350) -> 1036 Long Sword (350),1100,100,,False
Gnar,BOTTOM,enemy_magic,1200,3057,Trinity Force,1028 Ruby Crystal (400) -> 1036 Long Sword (350) -> 1036 Long Sword (350),1100,100,,False
Gnar,BOTTOM,isolated_completion,133,3057 | 3044 | 3051,Trinity Force,3078 Trinity Force (133),,,,False
Gnar,UTILITY,empty,0,,Axiom Arc,,0,0,,False
Gnar,UTILITY,empty,300,,Axiom Arc,2022 Glowing Mote (250),250,50,,False
Gnar,UTILITY,empty,1200,,Axiom Arc,3133 Caulfield's Warhammer (1050),1050,150,,False
Gnar,UTILITY,empty,unknown,,Essence Reaver,,0,,,False
Gnar,UTILITY,components,0,3057 | 3133 | 1018,Essence Reaver,,0,0,,False
Gnar,UTILITY,components,499,3057 | 3133 | 1018,Essence Reaver,,0,499,,False
Gnar,UTILITY,components,500,3057 | 3133 | 1018,Essence Reaver,3508 Essence Reaver (500),500,0,,False
Gnar,UTILITY,owned_first,1000,3508,Axiom Arc,1036 Long Sword (350) -> 1036 Long Sword (350) -> 2022 Glowing Mote (250),950,50,,False
Gnar,UTILITY,full_slots,500,3057 | 3133 | 1018 | 900001 | 900002 | 900003,Essence Reaver,3508 Essence Reaver (500),500,0,,False
Gnar,UTILITY,enemy_armor,1200,3057,Eclipse,3133 Caulfield's Warhammer (1050),1050,150,,False
Gnar,UTILITY,enemy_magic,1200,3057,Essence Reaver,3133 Caulfield's Warhammer (1050),1050,150,,False
Gnar,UTILITY,isolated_completion,500,3057 | 3133 | 1018,Essence Reaver,3508 Essence Reaver (500),,,,False
Gragas,TOP,empty,0,,Imperial Mandate,,0,0,,False
Gragas,TOP,empty,300,,Imperial Mandate,2022 Glowing Mote (250),250,50,,False
Gragas,TOP,empty,1200,,Imperial Mandate,4642 Bandleglass Mirror (900) -> 2022 Glowing Mote (250),1150,50,,False
Gragas,TOP,empty,unknown,,Lich Bane,,0,,,False
Gragas,TOP,components,0,3057 | 3113 | 1026,Lich Bane,,0,0,,False
Gragas,TOP,components,249,3057 | 3113 | 1026,Lich Bane,,0,249,,False
Gragas,TOP,components,250,3057 | 3113 | 1026,Lich Bane,3100 Lich Bane (250),250,0,,False
Gragas,TOP,owned_first,1000,3100,Shadowflame,1052 Amplifying Tome (400) -> 1052 Amplifying Tome (400),800,200,,False
Gragas,TOP,full_slots,250,3057 | 3113 | 1026 | 900001 | 900002 | 900003,Lich Bane,3100 Lich Bane (250),250,0,,False
Gragas,TOP,enemy_armor,1200,3057,Imperial Mandate,4642 Bandleglass Mirror (900) -> 1029 Cloth Armor (300),1200,0,,False
Gragas,TOP,enemy_magic,1200,3057,Lich Bane,1033 Null-Magic Mantle (400) -> 1052 Amplifying Tome (400),800,400,,False
Gragas,TOP,isolated_completion,250,3057 | 3113 | 1026,Lich Bane,3100 Lich Bane (250),,,,False
Gragas,JUNGLE,empty,0,,Lich Bane,,0,0,,False
Gragas,JUNGLE,empty,300,,Lich Bane,2022 Glowing Mote (250),250,50,,False
Gragas,JUNGLE,empty,1200,,Lich Bane,1026 Blasting Wand (850) -> 2022 Glowing Mote (250),1100,100,,False
Gragas,JUNGLE,empty,unknown,,Lich Bane,,0,,,False
Gragas,JUNGLE,components,0,3057 | 3113 | 1026,Lich Bane,,0,0,,False
Gragas,JUNGLE,components,249,3057 | 3113 | 1026,Lich Bane,,0,249,,False
Gragas,JUNGLE,components,250,3057 | 3113 | 1026,Lich Bane,3100 Lich Bane (250),250,0,,False
Gragas,JUNGLE,owned_first,1000,3100,Shadowflame,1052 Amplifying Tome (400) -> 1052 Amplifying Tome (400),800,200,,False
Gragas,JUNGLE,full_slots,250,3057 | 3113 | 1026 | 900001 | 900002 | 900003,Lich Bane,3100 Lich Bane (250),250,0,,False
Gragas,JUNGLE,enemy_armor,1200,3057,Lich Bane,1026 Blasting Wand (850) -> 1029 Cloth Armor (300),1150,50,,False
Gragas,JUNGLE,enemy_magic,1200,3057,Lich Bane,1033 Null-Magic Mantle (400) -> 1052 Amplifying Tome (400),800,400,,False
Gragas,JUNGLE,isolated_completion,250,3057 | 3113 | 1026,Lich Bane,3100 Lich Bane (250),,,,False
Gragas,MIDDLE,empty,0,,Lich Bane,,0,0,,False
Gragas,MIDDLE,empty,300,,Lich Bane,2022 Glowing Mote (250),250,50,,False
Gragas,MIDDLE,empty,1200,,Luden's Echo,3802 Lost Chapter (1200),1200,0,,False
Gragas,MIDDLE,empty,unknown,,Lich Bane,,0,,,False
Gragas,MIDDLE,components,0,3057 | 3113 | 1026,Lich Bane,,0,0,,False
Gragas,MIDDLE,components,249,3057 | 3113 | 1026,Lich Bane,,0,249,,False
Gragas,MIDDLE,components,250,3057 | 3113 | 1026,Lich Bane,3100 Lich Bane (250),250,0,,False
Gragas,MIDDLE,owned_first,1000,3100,Shadowflame,1052 Amplifying Tome (400) -> 1052 Amplifying Tome (400),800,200,,False
Gragas,MIDDLE,full_slots,250,3057 | 3113 | 1026 | 900001 | 900002 | 900003,Lich Bane,3100 Lich Bane (250),250,0,,False
Gragas,MIDDLE,enemy_armor,1200,3057,Lich Bane,1026 Blasting Wand (850) -> 1029 Cloth Armor (300),1150,50,,False
Gragas,MIDDLE,enemy_magic,1200,3057,Lich Bane,1033 Null-Magic Mantle (400) -> 1052 Amplifying Tome (400),800,400,,False
Gragas,MIDDLE,isolated_completion,250,3057 | 3113 | 1026,Lich Bane,3100 Lich Bane (250),,,,False
Gragas,BOTTOM,empty,0,,Luden's Echo,,0,0,,False
Gragas,BOTTOM,empty,300,,Luden's Echo,1027 Sapphire Crystal (300),300,0,,False
Gragas,BOTTOM,empty,1200,,Luden's Echo,3802 Lost Chapter (1200),1200,0,,False
Gragas,BOTTOM,empty,unknown,,Luden's Echo,,0,,,False
Gragas,BOTTOM,components,0,3802 | 3145,Luden's Echo,,0,0,,False
Gragas,BOTTOM,components,449,3802 | 3145,Luden's Echo,2022 Glowing Mote (250),250,199,,False
Gragas,BOTTOM,components,450,3802 | 3145,Luden's Echo,6655 Luden's Echo (450),450,0,,False
Gragas,BOTTOM,owned_first,1000,6655,Lich Bane,1026 Blasting Wand (850),850,150,,False
Gragas,BOTTOM,full_slots,450,3802 | 3145 | 900001 | 900002 | 900003 | 900004,Luden's Echo,6655 Luden's Echo (450),450,0,,False
Gragas,BOTTOM,enemy_armor,1200,3802,Luden's Echo,1052 Amplifying Tome (400) -> 1052 Amplifying Tome (400) -> 1029 Cloth Armor (300),1100,100,,False
Gragas,BOTTOM,enemy_magic,1200,3802,Luden's Echo,1033 Null-Magic Mantle (400) -> 1052 Amplifying Tome (400) -> 1052 Amplifying Tome (400),1200,0,,False
Gragas,BOTTOM,isolated_completion,450,3802 | 3145,Luden's Echo,6655 Luden's Echo (450),,,,False
Gragas,UTILITY,empty,0,,Locket of the Iron Solari,,0,0,,False
Gragas,UTILITY,empty,300,,Locket of the Iron Solari,2022 Glowing Mote (250),250,50,,False
Gragas,UTILITY,empty,1200,,Locket of the Iron Solari,3067 Kindlegem (800) -> 1028 Ruby Crystal (400),1200,0,,False
Gragas,UTILITY,empty,unknown,,Locket of the Iron Solari,,0,,,False
Gragas,UTILITY,components,0,3067 | 1029 | 1033,Locket of the Iron Solari,,0,0,,False
Gragas,UTILITY,components,699,3067 | 1029 | 1033,Locket of the Iron Solari,1028 Ruby Crystal (400) -> 2022 Glowing Mote (250),650,49,,False
Gragas,UTILITY,components,700,3067 | 1029 | 1033,Locket of the Iron Solari,1028 Ruby Crystal (400) -> 2022 Glowing Mote (250),650,50,,False
Gragas,UTILITY,owned_first,1000,3190,Bandlepipes,3067 Kindlegem (800),800,200,,False
Gragas,UTILITY,full_slots,700,3067 | 1029 | 1033 | 900001 | 900002 | 900003,Locket of the Iron Solari,3190 Locket of the Iron Solari (700),700,0,,False
Gragas,UTILITY,enemy_armor,1200,3067,Locket of the Iron Solari,1029 Cloth Armor (300) -> 1033 Null-Magic Mantle (400),700,500,,False
Gragas,UTILITY,enemy_magic,1200,3067,Locket of the Iron Solari,1033 Null-Magic Mantle (400) -> 1033 Null-Magic Mantle (400) -> 1029 Cloth Armor (300),1100,100,,False
Gragas,UTILITY,isolated_completion,700,3067 | 1029 | 1033,Locket of the Iron Solari,3190 Locket of the Iron Solari (700),,,,False
Graves,TOP,empty,0,,Essence Reaver,,0,0,,False
Graves,TOP,empty,300,,Essence Reaver,2022 Glowing Mote (250),250,50,,False
Graves,TOP,empty,1200,,Essence Reaver,1018 Cloak of Agility (600) -> 1036 Long Sword (350) -> 2022 Glowing Mote (250),1200,0,,False
Graves,TOP,empty,unknown,,Essence Reaver,,0,,,False
Graves,TOP,components,0,3057 | 3133 | 1018,Essence Reaver,,0,0,,False
Graves,TOP,components,499,3057 | 3133 | 1018,Essence Reaver,,0,499,,False
Graves,TOP,components,500,3057 | 3133 | 1018,Essence Reaver,3508 Essence Reaver (500),500,0,,False
Graves,TOP,owned_first,1000,3508,Infinity Edge,1037 Pickaxe (875),875,125,,False
Graves,TOP,full_slots,500,3057 | 3133 | 1018 | 900001 | 900002 | 900003,Essence Reaver,3508 Essence Reaver (500),500,0,,False
Graves,TOP,enemy_armor,1200,3057,Essence Reaver,1018 Cloak of Agility (600) -> 1036 Long Sword (350) -> 2022 Glowing Mote (250),1200,0,,False
Graves,TOP,enemy_magic,1200,3057,Essence Reaver,1018 Cloak of Agility (600) -> 1036 Long Sword (350) -> 2022 Glowing Mote (250),1200,0,,False
Graves,TOP,isolated_completion,500,3057 | 3133 | 1018,Essence Reaver,3508 Essence Reaver (500),,,,False
Graves,JUNGLE,empty,0,,Hubris,,0,0,,False
Graves,JUNGLE,empty,300,,Hubris,2022 Glowing Mote (250),250,50,,False
Graves,JUNGLE,empty,1200,,Hubris,1036 Long Sword (350) -> 1036 Long Sword (350) -> 1036 Long Sword (350),1050,150,,False
Graves,JUNGLE,empty,unknown,,Hubris,,0,,,False
Graves,JUNGLE,components,0,3134 | 3133,Hubris,,0,0,,False
Graves,JUNGLE,components,749,3134 | 3133,Hubris,1036 Long Sword (350) -> 1036 Long Sword (350),700,49,,False
Graves,JUNGLE,components,750,3134 | 3133,Hubris,6697 Hubris (750),750,0,,False
Graves,JUNGLE,owned_first,1000,6697,The Collector,1018 Cloak of Agility (600) -> 1036 Long Sword (350),950,50,,False
Graves,JUNGLE,full_slots,750,3134 | 3133 | 900001 | 900002 | 900003 | 900004,Hubris,6697 Hubris (750),750,0,,False
Graves,JUNGLE,enemy_armor,1200,3134,Hubris,3133 Caulfield's Warhammer (1050),1050,150,,False
Graves,JUNGLE,enemy_magic,1200,3134,Hubris,3133 Caulfield's Warhammer (1050),1050,150,,False
Graves,JUNGLE,isolated_completion,750,3134 | 3133,Hubris,6697 Hubris (750),,,,False
Graves,MIDDLE,empty,0,,Ravenous Hydra,,0,0,,False
Graves,MIDDLE,empty,300,,Ravenous Hydra,2022 Glowing Mote (250),250,50,,False
Graves,MIDDLE,empty,1200,,Ravenous Hydra,1036 Long Sword (350) -> 1036 Long Sword (350) -> 1036 Long Sword (350),1050,150,,False
Graves,MIDDLE,empty,unknown,,Ravenous Hydra,,0,,,False
Graves,MIDDLE,components,0,3077 | 1053 | 3133,Ravenous Hydra,,0,0,,False
Graves,MIDDLE,components,149,3077 | 1053 | 3133,Ravenous Hydra,,0,149,,False
Graves,MIDDLE,components,150,3077 | 1053 | 3133,Ravenous Hydra,3074 Ravenous Hydra (150),150,0,,False
Graves,MIDDLE,owned_first,1000,3074,Black Cleaver,1037 Pickaxe (875),875,125,,False
Graves,MIDDLE,full_slots,150,3077 | 1053 | 3133 | 900001 | 900002 | 900003,Ravenous Hydra,3074 Ravenous Hydra (150),150,0,,False
Graves,MIDDLE,enemy_armor,1200,3077,Ravenous Hydra,1036 Long Sword (350) -> 1036 Long Sword (350) -> 1036 Long Sword (350),1050,150,,False
Graves,MIDDLE,enemy_magic,1200,3077,Ravenous Hydra,1036 Long Sword (350) -> 1036 Long Sword (350) -> 1036 Long Sword (350),1050,150,,False
Graves,MIDDLE,isolated_completion,150,3077 | 1053 | 3133,Ravenous Hydra,3074 Ravenous Hydra (150),,,,False
Graves,BOTTOM,empty,0,,Stridebreaker,,0,0,,False
Graves,BOTTOM,empty,300,,Stridebreaker,1042 Dagger (250),250,50,,False
Graves,BOTTOM,empty,1200,,Stridebreaker,1036 Long Sword (350) -> 1036 Long Sword (350) -> 1036 Long Sword (350),1050,150,,False
Graves,BOTTOM,empty,unknown,,Stridebreaker,,0,,,False
Graves,BOTTOM,components,0,3077 | 3044 | 1042,Stridebreaker,,0,0,,False
Graves,BOTTOM,components,749,3077 | 3044 | 1042,Stridebreaker,1036 Long Sword (350),350,399,,False
Graves,BOTTOM,components,750,3077 | 3044 | 1042,Stridebreaker,6631 Stridebreaker (750),750,0,,False
Graves,BOTTOM,owned_first,1000,6631,Immortal Shieldbow,1018 Cloak of Agility (600) -> 1036 Long Sword (350),950,50,,False
Graves,BOTTOM,full_slots,750,3077 | 3044 | 1042 | 900001 | 900002 | 900003,Stridebreaker,6631 Stridebreaker (750),750,0,,False
Graves,BOTTOM,enemy_armor,1200,3077,Stridebreaker,3044 Phage (1100),1100,100,,False
Graves,BOTTOM,enemy_magic,1200,3077,Stridebreaker,3044 Phage (1100),1100,100,,False
Graves,BOTTOM,isolated_completion,750,3077 | 3044 | 1042,Stridebreaker,6631 Stridebreaker (750),,,,False
Graves,UTILITY,empty,0,,Umbral Glaive,,0,0,,False
Graves,UTILITY,empty,300,,Umbral Glaive,2022 Glowing Mote (250),250,50,,False
Graves,UTILITY,empty,1200,,Umbral Glaive,1036 Long Sword (350) -> 1036 Long Sword (350) -> 1036 Long Sword (350),1050,150,,False
Graves,UTILITY,empty,unknown,,Umbral Glaive,,0,,,False
Graves,UTILITY,components,0,3134 | 3133,Umbral Glaive,,0,0,,False
Graves,UTILITY,components,749,3134 | 3133,Umbral Glaive,,0,749,,False
Graves,UTILITY,components,750,3134 | 3133,Umbral Glaive,3179 Umbral Glaive (750),750,0,,False
Graves,UTILITY,owned_first,1000,3179,The Collector,1018 Cloak of Agility (600) -> 1036 Long Sword (350),950,50,,False
Graves,UTILITY,full_slots,750,3134 | 3133 | 900001 | 900002 | 900003 | 900004,Umbral Glaive,3179 Umbral Glaive (750),750,0,,False
Graves,UTILITY,enemy_armor,1200,3134,Umbral Glaive,3133 Caulfield's Warhammer (1050),1050,150,,False
Graves,UTILITY,enemy_magic,1200,3134,Umbral Glaive,3133 Caulfield's Warhammer (1050),1050,150,,False
Graves,UTILITY,isolated_completion,750,3134 | 3133,Umbral Glaive,3179 Umbral Glaive (750),,,,False
Gwen,TOP,empty,0,,Dusk and Dawn,,0,0,,False
Gwen,TOP,empty,300,,Dusk and Dawn,2022 Glowing Mote (250),250,50,,False
Gwen,TOP,empty,1200,,Dusk and Dawn,1026 Blasting Wand (850) -> 2022 Glowing Mote (250),1100,100,,False
Gwen,TOP,empty,unknown,,Dusk and Dawn,,0,,,False
Gwen,TOP,components,0,3057 | 1026 | 3067 | 1042,Dusk and Dawn,,0,0,,False
Gwen,TOP,components,299,3057 | 1026 | 3067 | 1042,Dusk and Dawn,,0,299,,False
Gwen,TOP,components,300,3057 | 1026 | 3067 | 1042,Dusk and Dawn,2510 Dusk and Dawn (300),300,0,,False
Gwen,TOP,owned_first,1000,2510,Shadowflame,1052 Amplifying Tome (400) -> 1052 Amplifying Tome (400),800,200,,False
Gwen,TOP,full_slots,300,3057 | 1026 | 3067 | 1042 | 900001 | 900002,Dusk and Dawn,2510 Dusk and Dawn (300),300,0,,False
Gwen,TOP,enemy_armor,1200,3057,Dusk and Dawn,1026 Blasting Wand (850) -> 2022 Glowing Mote (250),1100,100,,False
Gwen,TOP,enemy_magic,1200,3057,Dusk and Dawn,1026 Blasting Wand (850) -> 2022 Glowing Mote (250),1100,100,,False
Gwen,TOP,isolated_completion,300,3057 | 1026 | 3067 | 1042,Dusk and Dawn,2510 Dusk and Dawn (300),,,,False
Gwen,JUNGLE,empty,0,,Dusk and Dawn,,0,0,,False
Gwen,JUNGLE,empty,300,,Dusk and Dawn,2022 Glowing Mote (250),250,50,,False
Gwen,JUNGLE,empty,1200,,Dusk and Dawn,1026 Blasting Wand (850) -> 2022 Glowing Mote (250),1100,100,,False
Gwen,JUNGLE,empty,unknown,,Dusk and Dawn,,0,,,False
Gwen,JUNGLE,components,0,3057 | 1026 | 3067 | 1042,Dusk and Dawn,,0,0,,False
Gwen,JUNGLE,components,299,3057 | 1026 | 3067 | 1042,Dusk and Dawn,,0,299,,False
Gwen,JUNGLE,components,300,3057 | 1026 | 3067 | 1042,Dusk and Dawn,2510 Dusk and Dawn (300),300,0,,False
Gwen,JUNGLE,owned_first,1000,2510,Shadowflame,1052 Amplifying Tome (400) -> 1052 Amplifying Tome (400),800,200,,False
Gwen,JUNGLE,full_slots,300,3057 | 1026 | 3067 | 1042 | 900001 | 900002,Dusk and Dawn,2510 Dusk and Dawn (300),300,0,,False
Gwen,JUNGLE,enemy_armor,1200,3057,Dusk and Dawn,1026 Blasting Wand (850) -> 2022 Glowing Mote (250),1100,100,,False
Gwen,JUNGLE,enemy_magic,1200,3057,Dusk and Dawn,1026 Blasting Wand (850) -> 2022 Glowing Mote (250),1100,100,,False
Gwen,JUNGLE,isolated_completion,300,3057 | 1026 | 3067 | 1042,Dusk and Dawn,2510 Dusk and Dawn (300),,,,False
Gwen,MIDDLE,empty,0,,Dusk and Dawn,,0,0,,False
Gwen,MIDDLE,empty,300,,Dusk and Dawn,2022 Glowing Mote (250),250,50,,False
Gwen,MIDDLE,empty,1200,,Dusk and Dawn,1026 Blasting Wand (850) -> 2022 Glowing Mote (250),1100,100,,False
Gwen,MIDDLE,empty,unknown,,Dusk and Dawn,,0,,,False
Gwen,MIDDLE,components,0,3057 | 1026 | 3067 | 1042,Dusk and Dawn,,0,0,,False
Gwen,MIDDLE,components,299,3057 | 1026 | 3067 | 1042,Dusk and Dawn,,0,299,,False
Gwen,MIDDLE,components,300,3057 | 1026 | 3067 | 1042,Dusk and Dawn,2510 Dusk and Dawn (300),300,0,,False
Gwen,MIDDLE,owned_first,1000,2510,Shadowflame,1052 Amplifying Tome (400) -> 1052 Amplifying Tome (400),800,200,,False
Gwen,MIDDLE,full_slots,300,3057 | 1026 | 3067 | 1042 | 900001 | 900002,Dusk and Dawn,2510 Dusk and Dawn (300),300,0,,False
Gwen,MIDDLE,enemy_armor,1200,3057,Dusk and Dawn,1026 Blasting Wand (850) -> 2022 Glowing Mote (250),1100,100,,False
Gwen,MIDDLE,enemy_magic,1200,3057,Dusk and Dawn,1026 Blasting Wand (850) -> 2022 Glowing Mote (250),1100,100,,False
Gwen,MIDDLE,isolated_completion,300,3057 | 1026 | 3067 | 1042,Dusk and Dawn,2510 Dusk and Dawn (300),,,,False
Gwen,BOTTOM,empty,0,,Dusk and Dawn,,0,0,,False
Gwen,BOTTOM,empty,300,,Dusk and Dawn,2022 Glowing Mote (250),250,50,,False
Gwen,BOTTOM,empty,1200,,Dusk and Dawn,1026 Blasting Wand (850) -> 2022 Glowing Mote (250),1100,100,,False
Gwen,BOTTOM,empty,unknown,,Dusk and Dawn,,0,,,False
Gwen,BOTTOM,components,0,3057 | 1026 | 3067 | 1042,Dusk and Dawn,,0,0,,False
Gwen,BOTTOM,components,299,3057 | 1026 | 3067 | 1042,Dusk and Dawn,,0,299,,False
Gwen,BOTTOM,components,300,3057 | 1026 | 3067 | 1042,Dusk and Dawn,2510 Dusk and Dawn (300),300,0,,False
Gwen,BOTTOM,owned_first,1000,2510,Shadowflame,1052 Amplifying Tome (400) -> 1052 Amplifying Tome (400),800,200,,False
Gwen,BOTTOM,full_slots,300,3057 | 1026 | 3067 | 1042 | 900001 | 900002,Dusk and Dawn,2510 Dusk and Dawn (300),300,0,,False
Gwen,BOTTOM,enemy_armor,1200,3057,Dusk and Dawn,1026 Blasting Wand (850) -> 2022 Glowing Mote (250),1100,100,,False
Gwen,BOTTOM,enemy_magic,1200,3057,Dusk and Dawn,1026 Blasting Wand (850) -> 2022 Glowing Mote (250),1100,100,,False
Gwen,BOTTOM,isolated_completion,300,3057 | 1026 | 3067 | 1042,Dusk and Dawn,2510 Dusk and Dawn (300),,,,False
Gwen,UTILITY,empty,0,,Malignance,,0,0,,False
Gwen,UTILITY,empty,300,,Malignance,1027 Sapphire Crystal (300),300,0,,False
Gwen,UTILITY,empty,1200,,Malignance,3802 Lost Chapter (1200),1200,0,,False
Gwen,UTILITY,empty,unknown,,Malignance,,0,,,False
Gwen,UTILITY,components,0,3802 | 1026,Malignance,,0,0,,False
Gwen,UTILITY,components,649,3802 | 1026,Malignance,,0,649,,False
Gwen,UTILITY,components,650,3802 | 1026,Malignance,3118 Malignance (650),650,0,,False
Gwen,UTILITY,owned_first,1000,3118,Imperial Mandate,1052 Amplifying Tome (400) -> 1052 Amplifying Tome (400),800,200,,False
Gwen,UTILITY,full_slots,650,3802 | 1026 | 900001 | 900002 | 900003 | 900004,Malignance,3118 Malignance (650),650,0,,False
Gwen,UTILITY,enemy_armor,1200,3802,Malignance,1026 Blasting Wand (850),850,350,,False
Gwen,UTILITY,enemy_magic,1200,3802,Malignance,1026 Blasting Wand (850),850,350,,False
Gwen,UTILITY,isolated_completion,650,3802 | 1026,Malignance,3118 Malignance (650),,,,False
Hecarim,TOP,empty,0,,Essence Reaver,,0,0,,False
Hecarim,TOP,empty,300,,Essence Reaver,2022 Glowing Mote (250),250,50,,False
Hecarim,TOP,empty,1200,,Malignance,3802 Lost Chapter (1200),1200,0,,False
Hecarim,TOP,empty,unknown,,Essence Reaver,,0,,,False
Hecarim,TOP,components,0,3057 | 3133 | 1018,Essence Reaver,,0,0,,False
Hecarim,TOP,components,499,3057 | 3133 | 1018,Essence Reaver,,0,499,,False
Hecarim,TOP,components,500,3057 | 3133 | 1018,Essence Reaver,3508 Essence Reaver (500),500,0,,False
Hecarim,TOP,owned_first,1000,3508,Malignance,1027 Sapphire Crystal (300) -> 1052 Amplifying Tome (400) -> 2022 Glowing Mote (250),950,50,,False
Hecarim,TOP,full_slots,500,3057 | 3133 | 1018 | 900001 | 900002 | 900003,Essence Reaver,3508 Essence Reaver (500),500,0,,False
Hecarim,TOP,enemy_armor,1200,3057,Essence Reaver,3133 Caulfield's Warhammer (1050),1050,150,,False
Hecarim,TOP,enemy_magic,1200,3057,Kaenic Rookern,1033 Null-Magic Mantle (400) -> 1033 Null-Magic Mantle (400) -> 1028 Ruby Crystal (400),1200,0,,False
Hecarim,TOP,isolated_completion,500,3057 | 3133 | 1018,Essence Reaver,3508 Essence Reaver (500),,,,False
Hecarim,JUNGLE,empty,0,,Spear of Shojin,,0,0,,False
Hecarim,JUNGLE,empty,300,,Spear of Shojin,2022 Glowing Mote (250),250,50,,False
Hecarim,JUNGLE,empty,1200,,Spear of Shojin,2021 Tunneler (1150),1150,50,,False
Hecarim,JUNGLE,empty,unknown,,Spear of Shojin,,0,,,False
Hecarim,JUNGLE,components,0,1037 | 2021 | 1028,Spear of Shojin,,0,0,,False
Hecarim,JUNGLE,components,674,1037 | 2021 | 1028,Spear of Shojin,2022 Glowing Mote (250),250,424,,False
Hecarim,JUNGLE,components,675,1037 | 2021 | 1028,Spear of Shojin,3161 Spear of Shojin (675),675,0,,False
Hecarim,JUNGLE,owned_first,1000,3161,Death's Dance,1036 Long Sword (350) -> 1036 Long Sword (350) -> 2022 Glowing Mote (250),950,50,,False
Hecarim,JUNGLE,full_slots,675,1037 | 2021 | 1028 | 900001 | 900002 | 900003,Spear of Shojin,3161 Spear of Shojin (675),675,0,,False
Hecarim,JUNGLE,enemy_armor,1200,1037,Spear of Shojin,2021 Tunneler (1150),1150,50,,False
Hecarim,JUNGLE,enemy_magic,1200,1037,Spear of Shojin,1028 Ruby Crystal (400) -> 1028 Ruby Crystal (400) -> 1033 Null-Magic Mantle (400),1200,0,,False
Hecarim,JUNGLE,isolated_completion,675,1037 | 2021 | 1028,Spear of Shojin,3161 Spear of Shojin (675),,,,False
Hecarim,MIDDLE,empty,0,,Essence Reaver,,0,0,,False
Hecarim,MIDDLE,empty,300,,Essence Reaver,2022 Glowing Mote (250),250,50,,False
Hecarim,MIDDLE,empty,1200,,Malignance,3802 Lost Chapter (1200),1200,0,,False
Hecarim,MIDDLE,empty,unknown,,Essence Reaver,,0,,,False
Hecarim,MIDDLE,components,0,3057 | 3133 | 1018,Essence Reaver,,0,0,,False
Hecarim,MIDDLE,components,499,3057 | 3133 | 1018,Essence Reaver,,0,499,,False
Hecarim,MIDDLE,components,500,3057 | 3133 | 1018,Essence Reaver,3508 Essence Reaver (500),500,0,,False
Hecarim,MIDDLE,owned_first,1000,3508,Malignance,1027 Sapphire Crystal (300) -> 1052 Amplifying Tome (400) -> 2022 Glowing Mote (250),950,50,,False
Hecarim,MIDDLE,full_slots,500,3057 | 3133 | 1018 | 900001 | 900002 | 900003,Essence Reaver,3508 Essence Reaver (500),500,0,,False
Hecarim,MIDDLE,enemy_armor,1200,3057,Essence Reaver,3133 Caulfield's Warhammer (1050),1050,150,,False
Hecarim,MIDDLE,enemy_magic,1200,3057,Kaenic Rookern,1033 Null-Magic Mantle (400) -> 1033 Null-Magic Mantle (400) -> 1028 Ruby Crystal (400),1200,0,,False
Hecarim,MIDDLE,isolated_completion,500,3057 | 3133 | 1018,Essence Reaver,3508 Essence Reaver (500),,,,False
Hecarim,BOTTOM,empty,0,,Essence Reaver,,0,0,,False
Hecarim,BOTTOM,empty,300,,Essence Reaver,2022 Glowing Mote (250),250,50,,False
Hecarim,BOTTOM,empty,1200,,Malignance,3802 Lost Chapter (1200),1200,0,,False
Hecarim,BOTTOM,empty,unknown,,Essence Reaver,,0,,,False
Hecarim,BOTTOM,components,0,3057 | 3133 | 1018,Essence Reaver,,0,0,,False
Hecarim,BOTTOM,components,499,3057 | 3133 | 1018,Essence Reaver,,0,499,,False
Hecarim,BOTTOM,components,500,3057 | 3133 | 1018,Essence Reaver,3508 Essence Reaver (500),500,0,,False
Hecarim,BOTTOM,owned_first,1000,3508,Malignance,1027 Sapphire Crystal (300) -> 1052 Amplifying Tome (400) -> 2022 Glowing Mote (250),950,50,,False
Hecarim,BOTTOM,full_slots,500,3057 | 3133 | 1018 | 900001 | 900002 | 900003,Essence Reaver,3508 Essence Reaver (500),500,0,,False
Hecarim,BOTTOM,enemy_armor,1200,3057,Essence Reaver,3133 Caulfield's Warhammer (1050),1050,150,,False
Hecarim,BOTTOM,enemy_magic,1200,3057,Kaenic Rookern,1033 Null-Magic Mantle (400) -> 1033 Null-Magic Mantle (400) -> 1028 Ruby Crystal (400),1200,0,,False
Hecarim,BOTTOM,isolated_completion,500,3057 | 3133 | 1018,Essence Reaver,3508 Essence Reaver (500),,,,False
Hecarim,UTILITY,empty,0,,Malignance,,0,0,,False
Hecarim,UTILITY,empty,300,,Malignance,1027 Sapphire Crystal (300),300,0,,False
Hecarim,UTILITY,empty,1200,,Malignance,3802 Lost Chapter (1200),1200,0,,False
Hecarim,UTILITY,empty,unknown,,Essence Reaver,,0,,,False
Hecarim,UTILITY,components,0,3057 | 3133 | 1018,Essence Reaver,,0,0,,False
Hecarim,UTILITY,components,499,3057 | 3133 | 1018,Essence Reaver,,0,499,,False
Hecarim,UTILITY,components,500,3057 | 3133 | 1018,Essence Reaver,3508 Essence Reaver (500),500,0,,False
Hecarim,UTILITY,owned_first,1000,3508,Malignance,1027 Sapphire Crystal (300) -> 1052 Amplifying Tome (400) -> 2022 Glowing Mote (250),950,50,,False
Hecarim,UTILITY,full_slots,500,3057 | 3133 | 1018 | 900001 | 900002 | 900003,Essence Reaver,3508 Essence Reaver (500),500,0,,False
Hecarim,UTILITY,enemy_armor,1200,3057,Imperial Mandate,4642 Bandleglass Mirror (900),900,300,,False
Hecarim,UTILITY,enemy_magic,1200,3057,Kaenic Rookern,1033 Null-Magic Mantle (400) -> 1033 Null-Magic Mantle (400) -> 1028 Ruby Crystal (400),1200,0,,False
Hecarim,UTILITY,isolated_completion,500,3057 | 3133 | 1018,Essence Reaver,3508 Essence Reaver (500),,,,False
Heimerdinger,TOP,empty,0,,Blackfire Torch,,0,0,,False
Heimerdinger,TOP,empty,300,,Blackfire Torch,1027 Sapphire Crystal (300),300,0,,False
Heimerdinger,TOP,empty,1200,,Blackfire Torch,3802 Lost Chapter (1200),1200,0,,False
Heimerdinger,TOP,empty,unknown,,Blackfire Torch,,0,,,False
Heimerdinger,TOP,components,0,3802 | 2508,Blackfire Torch,,0,0,,False
Heimerdinger,TOP,components,699,3802 | 2508,Blackfire Torch,,0,699,,False
Heimerdinger,TOP,components,700,3802 | 2508,Blackfire Torch,2503 Blackfire Torch (700),700,0,,False
Heimerdinger,TOP,owned_first,1000,2503,Liandry's Torment,1052 Amplifying Tome (400) -> 1052 Amplifying Tome (400),800,200,,False
Heimerdinger,TOP,full_slots,700,3802 | 2508 | 900001 | 900002 | 900003 | 900004,Blackfire Torch,2503 Blackfire Torch (700),700,0,,False
Heimerdinger,TOP,enemy_armor,1200,3802,Blackfire Torch,2508 Fated Ashes (900),900,300,,False
Heimerdinger,TOP,enemy_magic,1200,3802,Blackfire Torch,2508 Fated Ashes (900),900,300,,False
Heimerdinger,TOP,isolated_completion,700,3802 | 2508,Blackfire Torch,2503 Blackfire Torch (700),,,,False
Heimerdinger,JUNGLE,empty,0,,Liandry's Torment,,0,0,,False
Heimerdinger,JUNGLE,empty,300,,Liandry's Torment,2022 Glowing Mote (250),250,50,,False
Heimerdinger,JUNGLE,empty,1200,,Liandry's Torment,1052 Amplifying Tome (400) -> 1052 Amplifying Tome (400) -> 1052 Amplifying Tome (400),1200,0,,False
Heimerdinger,JUNGLE,empty,unknown,,Liandry's Torment,,0,,,False
Heimerdinger,JUNGLE,components,0,3147 | 2508,Liandry's Torment,,0,0,,False
Heimerdinger,JUNGLE,components,799,3147 | 2508,Liandry's Torment,1052 Amplifying Tome (400) -> 2022 Glowing Mote (250),650,149,,False
Heimerdinger,JUNGLE,components,800,3147 | 2508,Liandry's Torment,1052 Amplifying Tome (400) -> 1052 Amplifying Tome (400),800,0,,False
Heimerdinger,JUNGLE,owned_first,1000,6653,Rylai's Crystal Scepter,1026 Blasting Wand (850),850,150,,False
Heimerdinger,JUNGLE,full_slots,800,3147 | 2508 | 900001 | 900002 | 900003 | 900004,Liandry's Torment,6653 Liandry's Torment (800),800,0,,False
Heimerdinger,JUNGLE,enemy_armor,1200,3147,Liandry's Torment,2508 Fated Ashes (900),900,300,,False
Heimerdinger,JUNGLE,enemy_magic,1200,3147,Liandry's Torment,1052 Amplifying Tome (400) -> 1052 Amplifying Tome (400) -> 1052 Amplifying Tome (400),1200,0,,False
Heimerdinger,JUNGLE,isolated_completion,800,3147 | 2508,Liandry's Torment,6653 Liandry's Torment (800),,,,False
Heimerdinger,MIDDLE,empty,0,,Blackfire Torch,,0,0,,False
Heimerdinger,MIDDLE,empty,300,,Blackfire Torch,1027 Sapphire Crystal (300),300,0,,False
Heimerdinger,MIDDLE,empty,1200,,Blackfire Torch,3802 Lost Chapter (1200),1200,0,,False
Heimerdinger,MIDDLE,empty,unknown,,Blackfire Torch,,0,,,False
Heimerdinger,MIDDLE,components,0,3802 | 2508,Blackfire Torch,,0,0,,False
Heimerdinger,MIDDLE,components,699,3802 | 2508,Blackfire Torch,,0,699,,False
Heimerdinger,MIDDLE,components,700,3802 | 2508,Blackfire Torch,2503 Blackfire Torch (700),700,0,,False
Heimerdinger,MIDDLE,owned_first,1000,2503,Liandry's Torment,1052 Amplifying Tome (400) -> 1052 Amplifying Tome (400),800,200,,False
Heimerdinger,MIDDLE,full_slots,700,3802 | 2508 | 900001 | 900002 | 900003 | 900004,Blackfire Torch,2503 Blackfire Torch (700),700,0,,False
Heimerdinger,MIDDLE,enemy_armor,1200,3802,Blackfire Torch,2508 Fated Ashes (900),900,300,,False
Heimerdinger,MIDDLE,enemy_magic,1200,3802,Blackfire Torch,2508 Fated Ashes (900),900,300,,False
Heimerdinger,MIDDLE,isolated_completion,700,3802 | 2508,Blackfire Torch,2503 Blackfire Torch (700),,,,False
Heimerdinger,BOTTOM,empty,0,,Blackfire Torch,,0,0,,False
Heimerdinger,BOTTOM,empty,300,,Blackfire Torch,1027 Sapphire Crystal (300),300,0,,False
Heimerdinger,BOTTOM,empty,1200,,Blackfire Torch,3802 Lost Chapter (1200),1200,0,,False
Heimerdinger,BOTTOM,empty,unknown,,Blackfire Torch,,0,,,False
Heimerdinger,BOTTOM,components,0,3802 | 2508,Blackfire Torch,,0,0,,False
Heimerdinger,BOTTOM,components,699,3802 | 2508,Blackfire Torch,,0,699,,False
Heimerdinger,BOTTOM,components,700,3802 | 2508,Blackfire Torch,2503 Blackfire Torch (700),700,0,,False
Heimerdinger,BOTTOM,owned_first,1000,2503,Rabadon's Deathcap,,0,1000,,False
Heimerdinger,BOTTOM,full_slots,700,3802 | 2508 | 900001 | 900002 | 900003 | 900004,Blackfire Torch,2503 Blackfire Torch (700),700,0,,False
Heimerdinger,BOTTOM,enemy_armor,1200,3802,Blackfire Torch,2508 Fated Ashes (900),900,300,,False
Heimerdinger,BOTTOM,enemy_magic,1200,3802,Blackfire Torch,2508 Fated Ashes (900),900,300,,False
Heimerdinger,BOTTOM,isolated_completion,700,3802 | 2508,Blackfire Torch,2503 Blackfire Torch (700),,,,False
Heimerdinger,UTILITY,empty,0,,Rylai's Crystal Scepter,,0,0,,False
Heimerdinger,UTILITY,empty,300,,Rylai's Crystal Scepter,2022 Glowing Mote (250),250,50,,False
Heimerdinger,UTILITY,empty,1200,,Rylai's Crystal Scepter,1026 Blasting Wand (850) -> 2022 Glowing Mote (250),1100,100,,False
Heimerdinger,UTILITY,empty,unknown,,Rylai's Crystal Scepter,,0,,,False
Heimerdinger,UTILITY,components,0,1026 | 1011 | 1052,Rylai's Crystal Scepter,,0,0,,False
Heimerdinger,UTILITY,components,449,1026 | 1011 | 1052,Rylai's Crystal Scepter,1052 Amplifying Tome (400),400,49,,False
Heimerdinger,UTILITY,components,450,1026 | 1011 | 1052,Rylai's Crystal Scepter,1052 Amplifying Tome (400),400,50,,False
Heimerdinger,UTILITY,owned_first,1000,3116,Liandry's Torment,1052 Amplifying Tome (400) -> 1052 Amplifying Tome (400),800,200,,False
Heimerdinger,UTILITY,full_slots,450,1026 | 1011 | 1052 | 900001 | 900002 | 900003,Rylai's Crystal Scepter,3116 Rylai's Crystal Scepter (450),450,0,,False
Heimerdinger,UTILITY,enemy_armor,1200,1026,Rylai's Crystal Scepter,1052 Amplifying Tome (400) -> 1052 Amplifying Tome (400) -> 1028 Ruby Crystal (400),1200,0,,False
Heimerdinger,UTILITY,enemy_magic,1200,1026,Rylai's Crystal Scepter,1052 Amplifying Tome (400) -> 1052 Amplifying Tome (400) -> 1028 Ruby Crystal (400),1200,0,,False
Heimerdinger,UTILITY,isolated_completion,450,1026 | 1011 | 1052,Rylai's Crystal Scepter,3116 Rylai's Crystal Scepter (450),,,,False
Hwei,TOP,empty,0,,Blackfire Torch,,0,0,,False
Hwei,TOP,empty,300,,Blackfire Torch,1027 Sapphire Crystal (300),300,0,,False
Hwei,TOP,empty,1200,,Blackfire Torch,3802 Lost Chapter (1200),1200,0,,False
Hwei,TOP,empty,unknown,,Blackfire Torch,,0,,,False
Hwei,TOP,components,0,3802 | 2508,Blackfire Torch,,0,0,,False
Hwei,TOP,components,699,3802 | 2508,Blackfire Torch,,0,699,,False
Hwei,TOP,components,700,3802 | 2508,Blackfire Torch,2503 Blackfire Torch (700),700,0,,False
Hwei,TOP,owned_first,1000,2503,Horizon Focus,3108 Fiendish Codex (850),850,150,,False
Hwei,TOP,full_slots,700,3802 | 2508 | 900001 | 900002 | 900003 | 900004,Blackfire Torch,2503 Blackfire Torch (700),700,0,,False
Hwei,TOP,enemy_armor,1200,3802,Blackfire Torch,2508 Fated Ashes (900),900,300,,False
Hwei,TOP,enemy_magic,1200,3802,Blackfire Torch,2508 Fated Ashes (900),900,300,,False
Hwei,TOP,isolated_completion,700,3802 | 2508,Blackfire Torch,2503 Blackfire Torch (700),,,,False
Hwei,JUNGLE,empty,0,,Malignance,,0,0,,False
Hwei,JUNGLE,empty,300,,Malignance,1027 Sapphire Crystal (300),300,0,,False
Hwei,JUNGLE,empty,1200,,Malignance,3802 Lost Chapter (1200),1200,0,,False
Hwei,JUNGLE,empty,unknown,,Malignance,,0,,,False
Hwei,JUNGLE,components,0,3802 | 1026,Malignance,,0,0,,False
Hwei,JUNGLE,components,649,3802 | 1026,Malignance,,0,649,,False
Hwei,JUNGLE,components,650,3802 | 1026,Malignance,3118 Malignance (650),650,0,,False
Hwei,JUNGLE,owned_first,1000,3118,Blackfire Torch,1052 Amplifying Tome (400) -> 1052 Amplifying Tome (400),800,200,,False
Hwei,JUNGLE,full_slots,650,3802 | 1026 | 900001 | 900002 | 900003 | 900004,Malignance,3118 Malignance (650),650,0,,False
Hwei,JUNGLE,enemy_armor,1200,3802,Malignance,1026 Blasting Wand (850),850,350,,False
Hwei,JUNGLE,enemy_magic,1200,3802,Malignance,1026 Blasting Wand (850),850,350,,False
Hwei,JUNGLE,isolated_completion,650,3802 | 1026,Malignance,3118 Malignance (650),,,,False
Hwei,MIDDLE,empty,0,,Blackfire Torch,,0,0,,False
Hwei,MIDDLE,empty,300,,Blackfire Torch,1027 Sapphire Crystal (300),300,0,,False
Hwei,MIDDLE,empty,1200,,Blackfire Torch,3802 Lost Chapter (1200),1200,0,,False
Hwei,MIDDLE,empty,unknown,,Blackfire Torch,,0,,,False
Hwei,MIDDLE,components,0,3802 | 2508,Blackfire Torch,,0,0,,False
Hwei,MIDDLE,components,699,3802 | 2508,Blackfire Torch,,0,699,,False
Hwei,MIDDLE,components,700,3802 | 2508,Blackfire Torch,2503 Blackfire Torch (700),700,0,,False
Hwei,MIDDLE,owned_first,1000,2503,Hextech Rocketbelt,1052 Amplifying Tome (400) -> 1052 Amplifying Tome (400),800,200,,False
Hwei,MIDDLE,full_slots,700,3802 | 2508 | 900001 | 900002 | 900003 | 900004,Blackfire Torch,2503 Blackfire Torch (700),700,0,,False
Hwei,MIDDLE,enemy_armor,1200,3802,Blackfire Torch,2508 Fated Ashes (900),900,300,,False
Hwei,MIDDLE,enemy_magic,1200,3802,Blackfire Torch,2508 Fated Ashes (900),900,300,,False
Hwei,MIDDLE,isolated_completion,700,3802 | 2508,Blackfire Torch,2503 Blackfire Torch (700),,,,False
Hwei,BOTTOM,empty,0,,Blackfire Torch,,0,0,,False
Hwei,BOTTOM,empty,300,,Blackfire Torch,1027 Sapphire Crystal (300),300,0,,False
Hwei,BOTTOM,empty,1200,,Blackfire Torch,3802 Lost Chapter (1200),1200,0,,False
Hwei,BOTTOM,empty,unknown,,Blackfire Torch,,0,,,False
Hwei,BOTTOM,components,0,3802 | 2508,Blackfire Torch,,0,0,,False
Hwei,BOTTOM,components,699,3802 | 2508,Blackfire Torch,,0,699,,False
Hwei,BOTTOM,components,700,3802 | 2508,Blackfire Torch,2503 Blackfire Torch (700),700,0,,False
Hwei,BOTTOM,owned_first,1000,2503,Liandry's Torment,1052 Amplifying Tome (400) -> 1052 Amplifying Tome (400),800,200,,False
Hwei,BOTTOM,full_slots,700,3802 | 2508 | 900001 | 900002 | 900003 | 900004,Blackfire Torch,2503 Blackfire Torch (700),700,0,,False
Hwei,BOTTOM,enemy_armor,1200,3802,Blackfire Torch,2508 Fated Ashes (900),900,300,,False
Hwei,BOTTOM,enemy_magic,1200,3802,Blackfire Torch,2508 Fated Ashes (900),900,300,,False
Hwei,BOTTOM,isolated_completion,700,3802 | 2508,Blackfire Torch,2503 Blackfire Torch (700),,,,False
Hwei,UTILITY,empty,0,,Blackfire Torch,,0,0,,False
Hwei,UTILITY,empty,300,,Blackfire Torch,1027 Sapphire Crystal (300),300,0,,False
Hwei,UTILITY,empty,1200,,Blackfire Torch,3802 Lost Chapter (1200),1200,0,,False
Hwei,UTILITY,empty,unknown,,Blackfire Torch,,0,,,False
Hwei,UTILITY,components,0,3802 | 2508,Blackfire Torch,,0,0,,False
Hwei,UTILITY,components,699,3802 | 2508,Blackfire Torch,,0,699,,False
Hwei,UTILITY,components,700,3802 | 2508,Blackfire Torch,2503 Blackfire Torch (700),700,0,,False
Hwei,UTILITY,owned_first,1000,2503,Malignance,1026 Blasting Wand (850),850,150,,False
Hwei,UTILITY,full_slots,700,3802 | 2508 | 900001 | 900002 | 900003 | 900004,Blackfire Torch,2503 Blackfire Torch (700),700,0,,False
Hwei,UTILITY,enemy_armor,1200,3802,Blackfire Torch,2508 Fated Ashes (900),900,300,,False
Hwei,UTILITY,enemy_magic,1200,3802,Blackfire Torch,2508 Fated Ashes (900),900,300,,False
Hwei,UTILITY,isolated_completion,700,3802 | 2508,Blackfire Torch,2503 Blackfire Torch (700),,,,False
Illaoi,TOP,empty,0,,Black Cleaver,,0,0,,False
Illaoi,TOP,empty,300,,Black Cleaver,2022 Glowing Mote (250),250,50,,False
Illaoi,TOP,empty,1200,,Black Cleaver,1037 Pickaxe (875) -> 2022 Glowing Mote (250),1125,75,,False
Illaoi,TOP,empty,unknown,,Black Cleaver,,0,,,False
Illaoi,TOP,components,0,3044 | 3067 | 1037,Black Cleaver,,0,0,,False
Illaoi,TOP,components,224,3044 | 3067 | 1037,Black Cleaver,,0,224,,False
Illaoi,TOP,components,225,3044 | 3067 | 1037,Black Cleaver,3071 Black Cleaver (225),225,0,,False
Illaoi,TOP,owned_first,1000,3071,Sterak's Gage,1037 Pickaxe (875),875,125,,False
Illaoi,TOP,full_slots,225,3044 | 3067 | 1037 | 900001 | 900002 | 900003,Black Cleaver,3071 Black Cleaver (225),225,0,,False
Illaoi,TOP,enemy_armor,1200,3044,Black Cleaver,1037 Pickaxe (875) -> 2022 Glowing Mote (250),1125,75,,False
Illaoi,TOP,enemy_magic,1200,3044,Black Cleaver,1037 Pickaxe (875) -> 2022 Glowing Mote (250),1125,75,,False
Illaoi,TOP,isolated_completion,225,3044 | 3067 | 1037,Black Cleaver,3071 Black Cleaver (225),,,,False
Illaoi,JUNGLE,empty,0,,Youmuu's Ghostblade,,0,0,,False
Illaoi,JUNGLE,empty,300,,Youmuu's Ghostblade,,0,300,,False
Illaoi,JUNGLE,empty,1200,,Youmuu's Ghostblade,1036 Long Sword (350) -> 1036 Long Sword (350) -> 1036 Long Sword (350),1050,150,,False
Illaoi,JUNGLE,empty,unknown,,Youmuu's Ghostblade,,0,,,False
Illaoi,JUNGLE,components,0,3134 | 6690 | 1036,Youmuu's Ghostblade,,0,0,,False
Illaoi,JUNGLE,components,674,3134 | 6690 | 1036,Youmuu's Ghostblade,1036 Long Sword (350),350,324,,False
Illaoi,JUNGLE,components,675,3134 | 6690 | 1036,Youmuu's Ghostblade,3142 Youmuu's Ghostblade (675),675,0,,False
Illaoi,JUNGLE,owned_first,1000,3142,Maw of Malmortius,1036 Long Sword (350) -> 1036 Long Sword (350) -> 2022 Glowing Mote (250),950,50,,False
Illaoi,JUNGLE,full_slots,675,3134 | 6690 | 1036 | 900001 | 900002 | 900003,Youmuu's Ghostblade,3142 Youmuu's Ghostblade (675),675,0,,False
Illaoi,JUNGLE,enemy_armor,1200,3134,Youmuu's Ghostblade,6690 Rectrix (775) -> 1036 Long Sword (350),1125,75,,False
Illaoi,JUNGLE,enemy_magic,1200,3134,Youmuu's Ghostblade,6690 Rectrix (775) -> 1036 Long Sword (350),1125,75,,False
Illaoi,JUNGLE,isolated_completion,675,3134 | 6690 | 1036,Youmuu's Ghostblade,3142 Youmuu's Ghostblade (675),,,,False
Illaoi,MIDDLE,empty,0,,Black Cleaver,,0,0,,False
Illaoi,MIDDLE,empty,300,,Black Cleaver,2022 Glowing Mote (250),250,50,,False
Illaoi,MIDDLE,empty,1200,,Black Cleaver,1037 Pickaxe (875) -> 2022 Glowing Mote (250),1125,75,,False
Illaoi,MIDDLE,empty,unknown,,Black Cleaver,,0,,,False
Illaoi,MIDDLE,components,0,3044 | 3067 | 1037,Black Cleaver,,0,0,,False
Illaoi,MIDDLE,components,224,3044 | 3067 | 1037,Black Cleaver,,0,224,,False
Illaoi,MIDDLE,components,225,3044 | 3067 | 1037,Black Cleaver,3071 Black Cleaver (225),225,0,,False
Illaoi,MIDDLE,owned_first,1000,3071,Sterak's Gage,1037 Pickaxe (875),875,125,,False
Illaoi,MIDDLE,full_slots,225,3044 | 3067 | 1037 | 900001 | 900002 | 900003,Black Cleaver,3071 Black Cleaver (225),225,0,,False
Illaoi,MIDDLE,enemy_armor,1200,3044,Black Cleaver,1037 Pickaxe (875) -> 2022 Glowing Mote (250),1125,75,,False
Illaoi,MIDDLE,enemy_magic,1200,3044,Kaenic Rookern,1033 Null-Magic Mantle (400) -> 1033 Null-Magic Mantle (400) -> 1028 Ruby Crystal (400),1200,0,,False
Illaoi,MIDDLE,isolated_completion,225,3044 | 3067 | 1037,Black Cleaver,3071 Black Cleaver (225),,,,False
Illaoi,BOTTOM,empty,0,,Sundered Sky,,0,0,,False
Illaoi,BOTTOM,empty,300,,Sundered Sky,2022 Glowing Mote (250),250,50,,False
Illaoi,BOTTOM,empty,1200,,Sundered Sky,1036 Long Sword (350) -> 1036 Long Sword (350) -> 1036 Long Sword (350),1050,150,,False
Illaoi,BOTTOM,empty,unknown,,Sundered Sky,,0,,,False
Illaoi,BOTTOM,components,0,2021 | 3133,Sundered Sky,,0,0,,False
Illaoi,BOTTOM,components,899,2021 | 3133,Sundered Sky,,0,899,,False
Illaoi,BOTTOM,components,900,2021 | 3133,Sundered Sky,6610 Sundered Sky (900),900,0,,False
Illaoi,BOTTOM,owned_first,1000,6610,Sterak's Gage,1037 Pickaxe (875),875,125,,False
Illaoi,BOTTOM,full_slots,900,2021 | 3133 | 900001 | 900002 | 900003 | 900004,Sundered Sky,6610 Sundered Sky (900),900,0,,False
Illaoi,BOTTOM,enemy_armor,1200,2021,Sundered Sky,3133 Caulfield's Warhammer (1050),1050,150,,False
Illaoi,BOTTOM,enemy_magic,1200,2021,Sundered Sky,3133 Caulfield's Warhammer (1050),1050,150,,False
Illaoi,BOTTOM,isolated_completion,900,2021 | 3133,Sundered Sky,6610 Sundered Sky (900),,,,False
Illaoi,UTILITY,empty,0,,Umbral Glaive,,0,0,,False
Illaoi,UTILITY,empty,300,,Umbral Glaive,2022 Glowing Mote (250),250,50,,False
Illaoi,UTILITY,empty,1200,,Umbral Glaive,1036 Long Sword (350) -> 1036 Long Sword (350) -> 1036 Long Sword (350),1050,150,,False
Illaoi,UTILITY,empty,unknown,,Umbral Glaive,,0,,,False
Illaoi,UTILITY,components,0,3134 | 3133,Umbral Glaive,,0,0,,False
Illaoi,UTILITY,components,749,3134 | 3133,Umbral Glaive,,0,749,,False
Illaoi,UTILITY,components,750,3134 | 3133,Umbral Glaive,3179 Umbral Glaive (750),750,0,,False
Illaoi,UTILITY,owned_first,1000,3179,Maw of Malmortius,1036 Long Sword (350) -> 1036 Long Sword (350) -> 2022 Glowing Mote (250),950,50,,False
Illaoi,UTILITY,full_slots,750,3134 | 3133 | 900001 | 900002 | 900003 | 900004,Umbral Glaive,3179 Umbral Glaive (750),750,0,,False
Illaoi,UTILITY,enemy_armor,1200,3134,Umbral Glaive,3133 Caulfield's Warhammer (1050),1050,150,,False
Illaoi,UTILITY,enemy_magic,1200,3134,Umbral Glaive,3133 Caulfield's Warhammer (1050),1050,150,,False
Illaoi,UTILITY,isolated_completion,750,3134 | 3133,Umbral Glaive,3179 Umbral Glaive (750),,,,False
Irelia,TOP,empty,0,,Blade of The Ruined King,,0,0,,False
Irelia,TOP,empty,300,,Blade of The Ruined King,1042 Dagger (250),250,50,,False
Irelia,TOP,empty,1200,,Blade of The Ruined King,1037 Pickaxe (875) -> 1042 Dagger (250),1125,75,,False
Irelia,TOP,empty,unknown,,Blade of The Ruined King,,0,,,False
Irelia,TOP,components,0,1053 | 1043 | 1037,Blade of The Ruined King,,0,0,,False
Irelia,TOP,components,724,1053 | 1043 | 1037,Blade of The Ruined King,1028 Ruby Crystal (400) -> 1042 Dagger (250),650,74,,False
Irelia,TOP,components,725,1053 | 1043 | 1037,Blade of The Ruined King,3153 Blade of The Ruined King (725),725,0,,False
Irelia,TOP,owned_first,1000,3153,Hullbreaker,1028 Ruby Crystal (400) -> 1028 Ruby Crystal (400),800,200,,False
Irelia,TOP,full_slots,725,1053 | 1043 | 1037 | 900001 | 900002 | 900003,Blade of The Ruined King,3153 Blade of The Ruined King (725),725,0,,False
Irelia,TOP,enemy_armor,1200,1053,Blade of The Ruined King,1037 Pickaxe (875) -> 1042 Dagger (250),1125,75,,False
Irelia,TOP,enemy_magic,1200,1053,Blade of The Ruined King,1057 Negatron Cloak (850) -> 1042 Dagger (250),1100,100,,False
Irelia,TOP,isolated_completion,725,1053 | 1043 | 1037,Blade of The Ruined King,3153 Blade of The Ruined King (725),,,,False
Irelia,JUNGLE,empty,0,,Essence Reaver,,0,0,,False
Irelia,JUNGLE,empty,300,,Rod of Ages,1027 Sapphire Crystal (300),300,0,,False
Irelia,JUNGLE,empty,1200,,Malignance,3802 Lost Chapter (1200),1200,0,,False
Irelia,JUNGLE,empty,unknown,,Essence Reaver,,0,,,False
Irelia,JUNGLE,components,0,3057 | 3133 | 1018,Essence Reaver,,0,0,,False
Irelia,JUNGLE,components,499,3057 | 3133 | 1018,Essence Reaver,,0,499,,False
Irelia,JUNGLE,components,500,3057 | 3133 | 1018,Essence Reaver,3508 Essence Reaver (500),500,0,,False
Irelia,JUNGLE,owned_first,1000,3508,Winter's Approach,1011 Giant's Belt (900),900,100,,False
Irelia,JUNGLE,full_slots,500,3057 | 3133 | 1018 | 900001 | 900002 | 900003,Essence Reaver,3508 Essence Reaver (500),500,0,,False
Irelia,JUNGLE,enemy_armor,1200,3057,Redemption,3108 Fiendish Codex (850) -> 1004 Faerie Charm (200),1050,150,,False
Irelia,JUNGLE,enemy_magic,1200,3057,Kaenic Rookern,1033 Null-Magic Mantle (400) -> 1033 Null-Magic Mantle (400) -> 1028 Ruby Crystal (400),1200,0,,False
Irelia,JUNGLE,isolated_completion,500,3057 | 3133 | 1018,Essence Reaver,3508 Essence Reaver (500),,,,False
Irelia,MIDDLE,empty,0,,Blade of The Ruined King,,0,0,,False
Irelia,MIDDLE,empty,300,,Blade of The Ruined King,1042 Dagger (250),250,50,,False
Irelia,MIDDLE,empty,1200,,Blade of The Ruined King,1037 Pickaxe (875) -> 1042 Dagger (250),1125,75,,False
Irelia,MIDDLE,empty,unknown,,Blade of The Ruined King,,0,,,False
Irelia,MIDDLE,components,0,1053 | 1043 | 1037,Blade of The Ruined King,,0,0,,False
Irelia,MIDDLE,components,724,1053 | 1043 | 1037,Blade of The Ruined King,1036 Long Sword (350) -> 1036 Long Sword (350),700,24,,False
Irelia,MIDDLE,components,725,1053 | 1043 | 1037,Blade of The Ruined King,3153 Blade of The Ruined King (725),725,0,,False
Irelia,MIDDLE,owned_first,1000,3153,Kraken Slayer,1036 Long Sword (350) -> 1036 Long Sword (350) -> 1042 Dagger (250),950,50,,False
Irelia,MIDDLE,full_slots,725,1053 | 1043 | 1037 | 900001 | 900002 | 900003,Blade of The Ruined King,3153 Blade of The Ruined King (725),725,0,,False
Irelia,MIDDLE,enemy_armor,1200,1053,Blade of The Ruined King,1037 Pickaxe (875) -> 1042 Dagger (250),1125,75,,False
Irelia,MIDDLE,enemy_magic,1200,1053,Blade of The Ruined King,1037 Pickaxe (875) -> 1042 Dagger (250),1125,75,,False
Irelia,MIDDLE,isolated_completion,725,1053 | 1043 | 1037,Blade of The Ruined King,3153 Blade of The Ruined King (725),,,,False
Irelia,BOTTOM,empty,0,,Blade of The Ruined King,,0,0,,False
Irelia,BOTTOM,empty,300,,Blade of The Ruined King,1042 Dagger (250),250,50,,False
Irelia,BOTTOM,empty,1200,,Blade of The Ruined King,1037 Pickaxe (875) -> 1042 Dagger (250),1125,75,,False
Irelia,BOTTOM,empty,unknown,,Blade of The Ruined King,,0,,,False
Irelia,BOTTOM,components,0,1053 | 1043 | 1037,Blade of The Ruined King,,0,0,,False
Irelia,BOTTOM,components,724,1053 | 1043 | 1037,Blade of The Ruined King,1036 Long Sword (350) -> 1036 Long Sword (350),700,24,,False
Irelia,BOTTOM,components,725,1053 | 1043 | 1037,Blade of The Ruined King,3153 Blade of The Ruined King (725),725,0,,False
Irelia,BOTTOM,owned_first,1000,3153,Kraken Slayer,1036 Long Sword (350) -> 1036 Long Sword (350) -> 1042 Dagger (250),950,50,,False
Irelia,BOTTOM,full_slots,725,1053 | 1043 | 1037 | 900001 | 900002 | 900003,Blade of The Ruined King,3153 Blade of The Ruined King (725),725,0,,False
Irelia,BOTTOM,enemy_armor,1200,1053,Blade of The Ruined King,1037 Pickaxe (875) -> 1042 Dagger (250),1125,75,,False
Irelia,BOTTOM,enemy_magic,1200,1053,Blade of The Ruined King,1037 Pickaxe (875) -> 1042 Dagger (250),1125,75,,False
Irelia,BOTTOM,isolated_completion,725,1053 | 1043 | 1037,Blade of The Ruined King,3153 Blade of The Ruined King (725),,,,False
Irelia,UTILITY,empty,0,,Blade of The Ruined King,,0,0,,False
Irelia,UTILITY,empty,300,,Blade of The Ruined King,1042 Dagger (250),250,50,,False
Irelia,UTILITY,empty,1200,,Blade of The Ruined King,1037 Pickaxe (875) -> 1042 Dagger (250),1125,75,,False
Irelia,UTILITY,empty,unknown,,Blade of The Ruined King,,0,,,False
Irelia,UTILITY,components,0,1053 | 1043 | 1037,Blade of The Ruined King,,0,0,,False
Irelia,UTILITY,components,724,1053 | 1043 | 1037,Blade of The Ruined King,1036 Long Sword (350) -> 1036 Long Sword (350),700,24,,False
Irelia,UTILITY,components,725,1053 | 1043 | 1037,Blade of The Ruined King,3153 Blade of The Ruined King (725),725,0,,False
Irelia,UTILITY,owned_first,1000,3153,Sundered Sky,1028 Ruby Crystal (400) -> 1036 Long Sword (350) -> 2022 Glowing Mote (250),1000,0,,False
Irelia,UTILITY,full_slots,725,1053 | 1043 | 1037 | 900001 | 900002 | 900003,Blade of The Ruined King,3153 Blade of The Ruined King (725),725,0,,False
Irelia,UTILITY,enemy_armor,1200,1053,Blade of The Ruined King,1037 Pickaxe (875) -> 1042 Dagger (250),1125,75,,False
Irelia,UTILITY,enemy_magic,1200,1053,Blade of The Ruined King,1033 Null-Magic Mantle (400) -> 1033 Null-Magic Mantle (400) -> 1042 Dagger (250),1050,150,,False
Irelia,UTILITY,isolated_completion,725,1053 | 1043 | 1037,Blade of The Ruined King,3153 Blade of The Ruined King (725),,,,False
Ivern,TOP,empty,0,,Malignance,,0,0,,False
Ivern,TOP,empty,300,,Malignance,1027 Sapphire Crystal (300),300,0,,False
Ivern,TOP,empty,1200,,Malignance,3802 Lost Chapter (1200),1200,0,,False
Ivern,TOP,empty,unknown,,Malignance,,0,,,False
Ivern,TOP,components,0,3802 | 1026,Malignance,,0,0,,False
Ivern,TOP,components,649,3802 | 1026,Malignance,2022 Glowing Mote (250),250,399,,False
Ivern,TOP,components,650,3802 | 1026,Malignance,3118 Malignance (650),650,0,,False
Ivern,TOP,owned_first,1000,3118,Imperial Mandate,3158 Ionian Boots of Lucidity (900),900,100,,False
Ivern,TOP,full_slots,650,3802 | 1026 | 900001 | 900002 | 900003 | 900004,Malignance,3118 Malignance (650),650,0,,False
Ivern,TOP,enemy_armor,1200,3802,Malignance,3158 Ionian Boots of Lucidity (900) -> 2022 Glowing Mote (250),1150,50,,False
Ivern,TOP,enemy_magic,1200,3802,Malignance,1026 Blasting Wand (850) -> 2022 Glowing Mote (250),1100,100,,False
Ivern,TOP,isolated_completion,650,3802 | 1026,Malignance,3118 Malignance (650),,,,False
Ivern,JUNGLE,empty,0,,Redemption,,0,0,,False
Ivern,JUNGLE,empty,300,,Redemption,1004 Faerie Charm (200),200,100,,False
Ivern,JUNGLE,empty,1200,,Redemption,3114 Forbidden Idol (600) -> 2022 Glowing Mote (250) -> 1004 Faerie Charm (200),1050,150,,False
Ivern,JUNGLE,empty,unknown,,Redemption,,0,,,False
Ivern,JUNGLE,components,0,3108 | 3114,Redemption,,0,0,,False
Ivern,JUNGLE,components,849,3108 | 3114,Redemption,3114 Forbidden Idol (600) -> 1004 Faerie Charm (200),800,49,,False
Ivern,JUNGLE,components,850,3108 | 3114,Redemption,3107 Redemption (850),850,0,,False
Ivern,JUNGLE,owned_first,1000,3107,Moonstone Renewer,4642 Bandleglass Mirror (900),900,100,,False
Ivern,JUNGLE,full_slots,850,3108 | 3114 | 900001 | 900002 | 900003 | 900004,Redemption,3107 Redemption (850),850,0,,False
Ivern,JUNGLE,enemy_armor,1200,3108,Redemption,3114 Forbidden Idol (600),600,600,,False
Ivern,JUNGLE,enemy_magic,1200,3108,Redemption,3114 Forbidden Idol (600) -> 3114 Forbidden Idol (600),1200,0,,False
Ivern,JUNGLE,isolated_completion,850,3108 | 3114,Redemption,3107 Redemption (850),,,,False
Ivern,MIDDLE,empty,0,,Malignance,,0,0,,False
Ivern,MIDDLE,empty,300,,Malignance,1027 Sapphire Crystal (300),300,0,,False
Ivern,MIDDLE,empty,1200,,Malignance,3802 Lost Chapter (1200),1200,0,,False
Ivern,MIDDLE,empty,unknown,,Malignance,,0,,,False
Ivern,MIDDLE,components,0,3802 | 1026,Malignance,,0,0,,False
Ivern,MIDDLE,components,649,3802 | 1026,Malignance,2022 Glowing Mote (250) -> 2022 Glowing Mote (250),500,149,,False
Ivern,MIDDLE,components,650,3802 | 1026,Malignance,3118 Malignance (650),650,0,,False
Ivern,MIDDLE,owned_first,1000,3118,Moonstone Renewer,3067 Kindlegem (800),800,200,,False
Ivern,MIDDLE,full_slots,650,3802 | 1026 | 900001 | 900002 | 900003 | 900004,Malignance,3118 Malignance (650),650,0,,False
Ivern,MIDDLE,enemy_armor,1200,3802,Malignance,3158 Ionian Boots of Lucidity (900) -> 2022 Glowing Mote (250),1150,50,,False
Ivern,MIDDLE,enemy_magic,1200,3802,Malignance,1026 Blasting Wand (850) -> 2022 Glowing Mote (250),1100,100,,False
Ivern,MIDDLE,isolated_completion,650,3802 | 1026,Malignance,3118 Malignance (650),,,,False
Ivern,BOTTOM,empty,0,,Malignance,,0,0,,False
Ivern,BOTTOM,empty,300,,Malignance,1027 Sapphire Crystal (300),300,0,,False
Ivern,BOTTOM,empty,1200,,Malignance,3802 Lost Chapter (1200),1200,0,,False
Ivern,BOTTOM,empty,unknown,,Malignance,,0,,,False
Ivern,BOTTOM,components,0,3802 | 1026,Malignance,,0,0,,False
Ivern,BOTTOM,components,649,3802 | 1026,Malignance,2022 Glowing Mote (250) -> 2022 Glowing Mote (250),500,149,,False
Ivern,BOTTOM,components,650,3802 | 1026,Malignance,3118 Malignance (650),650,0,,False
Ivern,BOTTOM,owned_first,1000,3118,Redemption,3114 Forbidden Idol (600) -> 2022 Glowing Mote (250),850,150,,False
Ivern,BOTTOM,full_slots,650,3802 | 1026 | 900001 | 900002 | 900003 | 900004,Malignance,3118 Malignance (650),650,0,,False
Ivern,BOTTOM,enemy_armor,1200,3802,Malignance,3158 Ionian Boots of Lucidity (900) -> 2022 Glowing Mote (250),1150,50,,False
Ivern,BOTTOM,enemy_magic,1200,3802,Malignance,1026 Blasting Wand (850) -> 2022 Glowing Mote (250),1100,100,,False
Ivern,BOTTOM,isolated_completion,650,3802 | 1026,Malignance,3118 Malignance (650),,,,False
Ivern,UTILITY,empty,0,,Knight's Vow,,0,0,,False
Ivern,UTILITY,empty,300,,Knight's Vow,2022 Glowing Mote (250),250,50,,False
Ivern,UTILITY,empty,1200,,Knight's Vow,3158 Ionian Boots of Lucidity (900) -> 2022 Glowing Mote (250),1150,50,,False
Ivern,UTILITY,empty,unknown,,Echoes of Helia,,0,,,False
Ivern,UTILITY,components,0,3067 | 4642,Echoes of Helia,,0,0,,False
Ivern,UTILITY,components,499,3067 | 4642,Echoes of Helia,,0,499,,False
Ivern,UTILITY,components,500,3067 | 4642,Echoes of Helia,6620 Echoes of Helia (500),500,0,,False
Ivern,UTILITY,owned_first,1000,6620,Mejai's Soulstealer,3158 Ionian Boots of Lucidity (900),900,100,,False
Ivern,UTILITY,full_slots,500,3067 | 4642 | 900001 | 900002 | 900003 | 900004,Echoes of Helia,6620 Echoes of Helia (500),500,0,,False
Ivern,UTILITY,enemy_armor,1200,3067,Echoes of Helia,4642 Bandleglass Mirror (900) -> 1004 Faerie Charm (200),1100,100,,False
Ivern,UTILITY,enemy_magic,1200,3067,Echoes of Helia,4642 Bandleglass Mirror (900) -> 1004 Faerie Charm (200),1100,100,,False
Ivern,UTILITY,isolated_completion,500,3067 | 4642,Echoes of Helia,6620 Echoes of Helia (500),,,,False
Janna,TOP,empty,0,,Whispering Circlet,,0,0,,False
Janna,TOP,empty,300,,Whispering Circlet,1004 Faerie Charm (200),200,100,,False
Janna,TOP,empty,1200,,Whispering Circlet,3114 Forbidden Idol (600) -> 3070 Tear of the Goddess (400) -> 1004 Faerie Charm (200),1200,0,,False
Janna,TOP,empty,unknown,,Whispering Circlet,,0,,,False
Janna,TOP,components,0,3114 | 1028 | 3070,Whispering Circlet,,0,0,,False
Janna,TOP,components,849,3114 | 1028 | 3070,Whispering Circlet,2022 Glowing Mote (250) -> 2022 Glowing Mote (250) -> 1004 Faerie Charm (200),700,149,,False
Janna,TOP,components,850,3114 | 1028 | 3070,Whispering Circlet,2022 Glowing Mote (250) -> 2022 Glowing Mote (250) -> 1004 Faerie Charm (200),700,150,,False
Janna,TOP,owned_first,1000,2526,Moonstone Renewer,4642 Bandleglass Mirror (900),900,100,,False
Janna,TOP,full_slots,850,3114 | 1028 | 3070 | 900001 | 900002 | 900003,Whispering Circlet,2526 Whispering Circlet (850),850,0,,False
Janna,TOP,enemy_armor,1200,3114,Whispering Circlet,3070 Tear of the Goddess (400) -> 2022 Glowing Mote (250) -> 2022 Glowing Mote (250) -> 1004 Faerie Charm (200),1100,100,,False
Janna,TOP,enemy_magic,1200,3114,Whispering Circlet,3070 Tear of the Goddess (400) -> 2022 Glowing Mote (250) -> 2022 Glowing Mote (250) -> 1004 Faerie Charm (200),1100,100,,False
Janna,TOP,isolated_completion,850,3114 | 1028 | 3070,Whispering Circlet,2526 Whispering Circlet (850),,,,False
Janna,JUNGLE,empty,0,,Dawncore,,0,0,,False
Janna,JUNGLE,empty,300,,Dawncore,1004 Faerie Charm (200),200,100,,False
Janna,JUNGLE,empty,1200,,Dawncore,3114 Forbidden Idol (600) -> 3114 Forbidden Idol (600),1200,0,,False
Janna,JUNGLE,empty,unknown,,Dawncore,,0,,,False
Janna,JUNGLE,components,0,1026 | 3114 | 3114,Dawncore,,0,0,,False
Janna,JUNGLE,components,449,1026 | 3114 | 3114,Dawncore,,0,449,,False
Janna,JUNGLE,components,450,1026 | 3114 | 3114,Dawncore,6621 Dawncore (450),450,0,,False
Janna,JUNGLE,owned_first,1000,6621,Archangel's Staff,1027 Sapphire Crystal (300) -> 2022 Glowing Mote (250) -> 2022 Glowing Mote (250),800,200,,False
Janna,JUNGLE,full_slots,450,1026 | 3114 | 3114 | 900001 | 900002 | 900003,Dawncore,6621 Dawncore (450),450,0,,False
Janna,JUNGLE,enemy_armor,1200,1026,Redemption,3108 Fiendish Codex (850) -> 1004 Faerie Charm (200),1050,150,,False
Janna,JUNGLE,enemy_magic,1200,1026,Dawncore,3114 Forbidden Idol (600) -> 3114 Forbidden Idol (600),1200,0,,False
Janna,JUNGLE,isolated_completion,450,1026 | 3114 | 3114,Dawncore,6621 Dawncore (450),,,,False
Janna,MIDDLE,empty,0,,Moonstone Renewer,,0,0,,False
Janna,MIDDLE,empty,300,,Moonstone Renewer,2022 Glowing Mote (250),250,50,,False
Janna,MIDDLE,empty,1200,,Moonstone Renewer,4642 Bandleglass Mirror (900) -> 2022 Glowing Mote (250),1150,50,,False
Janna,MIDDLE,empty,unknown,,Moonstone Renewer,,0,,,False
Janna,MIDDLE,components,0,3067 | 4642,Moonstone Renewer,,0,0,,False
Janna,MIDDLE,components,499,3067 | 4642,Moonstone Renewer,2022 Glowing Mote (250),250,249,,False
Janna,MIDDLE,components,500,3067 | 4642,Moonstone Renewer,6617 Moonstone Renewer (500),500,0,,False
Janna,MIDDLE,owned_first,1000,6617,Redemption,3114 Forbidden Idol (600) -> 2022 Glowing Mote (250),850,150,,False
Janna,MIDDLE,full_slots,500,3067 | 4642 | 900001 | 900002 | 900003 | 900004,Moonstone Renewer,6617 Moonstone Renewer (500),500,0,,False
Janna,MIDDLE,enemy_armor,1200,3067,Moonstone Renewer,4642 Bandleglass Mirror (900) -> 2022 Glowing Mote (250),1150,50,,False
Janna,MIDDLE,enemy_magic,1200,3067,Moonstone Renewer,4642 Bandleglass Mirror (900) -> 2022 Glowing Mote (250),1150,50,,False
Janna,MIDDLE,isolated_completion,500,3067 | 4642,Moonstone Renewer,6617 Moonstone Renewer (500),,,,False
Janna,BOTTOM,empty,0,,Dawncore,,0,0,,False
Janna,BOTTOM,empty,300,,Dawncore,1004 Faerie Charm (200),200,100,,False
Janna,BOTTOM,empty,1200,,Dawncore,3114 Forbidden Idol (600) -> 3114 Forbidden Idol (600),1200,0,,False
Janna,BOTTOM,empty,unknown,,Dawncore,,0,,,False
Janna,BOTTOM,components,0,1026 | 3114 | 3114,Dawncore,,0,0,,False
Janna,BOTTOM,components,449,1026 | 3114 | 3114,Dawncore,,0,449,,False
Janna,BOTTOM,components,450,1026 | 3114 | 3114,Dawncore,6621 Dawncore (450),450,0,,False
Janna,BOTTOM,owned_first,1000,6621,Archangel's Staff,1027 Sapphire Crystal (300) -> 2022 Glowing Mote (250) -> 2022 Glowing Mote (250),800,200,,False
Janna,BOTTOM,full_slots,450,1026 | 3114 | 3114 | 900001 | 900002 | 900003,Dawncore,6621 Dawncore (450),450,0,,False
Janna,BOTTOM,enemy_armor,1200,1026,Redemption,3108 Fiendish Codex (850) -> 1004 Faerie Charm (200),1050,150,,False
Janna,BOTTOM,enemy_magic,1200,1026,Dawncore,3114 Forbidden Idol (600) -> 3114 Forbidden Idol (600),1200,0,,False
Janna,BOTTOM,isolated_completion,450,1026 | 3114 | 3114,Dawncore,6621 Dawncore (450),,,,False
Janna,UTILITY,empty,0,,Moonstone Renewer,,0,0,,False
Janna,UTILITY,empty,300,,Moonstone Renewer,2022 Glowing Mote (250),250,50,,False
Janna,UTILITY,empty,1200,,Moonstone Renewer,4642 Bandleglass Mirror (900) -> 2022 Glowing Mote (250),1150,50,,False
Janna,UTILITY,empty,unknown,,Moonstone Renewer,,0,,,False
Janna,UTILITY,components,0,3067 | 4642,Moonstone Renewer,,0,0,,False
Janna,UTILITY,components,499,3067 | 4642,Moonstone Renewer,2022 Glowing Mote (250),250,249,,False
Janna,UTILITY,components,500,3067 | 4642,Moonstone Renewer,6617 Moonstone Renewer (500),500,0,,False
Janna,UTILITY,owned_first,1000,6617,Redemption,3114 Forbidden Idol (600) -> 2022 Glowing Mote (250),850,150,,False
Janna,UTILITY,full_slots,500,3067 | 4642 | 900001 | 900002 | 900003 | 900004,Moonstone Renewer,6617 Moonstone Renewer (500),500,0,,False
Janna,UTILITY,enemy_armor,1200,3067,Moonstone Renewer,4642 Bandleglass Mirror (900) -> 2022 Glowing Mote (250),1150,50,,False
Janna,UTILITY,enemy_magic,1200,3067,Moonstone Renewer,4642 Bandleglass Mirror (900) -> 2022 Glowing Mote (250),1150,50,,False
Janna,UTILITY,isolated_completion,500,3067 | 4642,Moonstone Renewer,6617 Moonstone Renewer (500),,,,False
JarvanIV,TOP,empty,0,,Essence Reaver,,0,0,,False
JarvanIV,TOP,empty,300,,Essence Reaver,2022 Glowing Mote (250),250,50,,False
JarvanIV,TOP,empty,1200,,Essence Reaver,3133 Caulfield's Warhammer (1050),1050,150,,False
JarvanIV,TOP,empty,unknown,,Essence Reaver,,0,,,False
JarvanIV,TOP,components,0,3057 | 3133 | 1018,Essence Reaver,,0,0,,False
JarvanIV,TOP,components,499,3057 | 3133 | 1018,Essence Reaver,,0,499,,False
JarvanIV,TOP,components,500,3057 | 3133 | 1018,Essence Reaver,3508 Essence Reaver (500),500,0,,False
JarvanIV,TOP,owned_first,1000,3508,Winter's Approach,3067 Kindlegem (800),800,200,,False
JarvanIV,TOP,full_slots,500,3057 | 3133 | 1018 | 900001 | 900002 | 900003,Essence Reaver,3508 Essence Reaver (500),500,0,,False
JarvanIV,TOP,enemy_armor,1200,3057,Essence Reaver,3133 Caulfield's Warhammer (1050),1050,150,,False
JarvanIV,TOP,enemy_magic,1200,3057,Essence Reaver,3133 Caulfield's Warhammer (1050),1050,150,,False
JarvanIV,TOP,isolated_completion,500,3057 | 3133 | 1018,Essence Reaver,3508 Essence Reaver (500),,,,False
JarvanIV,JUNGLE,empty,0,,Profane Hydra,,0,0,,False
JarvanIV,JUNGLE,empty,300,,Profane Hydra,2022 Glowing Mote (250),250,50,,False
JarvanIV,JUNGLE,empty,1200,,Profane Hydra,1037 Pickaxe (875) -> 2022 Glowing Mote (250),1125,75,,False
JarvanIV,JUNGLE,empty,unknown,,Profane Hydra,,0,,,False
JarvanIV,JUNGLE,components,0,3077 | 2020,Profane Hydra,,0,0,,False
JarvanIV,JUNGLE,components,312,3077 | 2020,Profane Hydra,,0,312,,False
JarvanIV,JUNGLE,components,313,3077 | 2020,Profane Hydra,6698 Profane Hydra (313),313,0,,False
JarvanIV,JUNGLE,owned_first,1000,6698,Voltaic Cyclosword,1036 Long Sword (350) -> 1036 Long Sword (350) -> 2022 Glowing Mote (250),950,50,,False
JarvanIV,JUNGLE,full_slots,313,3077 | 2020 | 900001 | 900002 | 900003 | 900004,Profane Hydra,6698 Profane Hydra (313),313,0,,False
JarvanIV,JUNGLE,enemy_armor,1200,3077,Eclipse,3133 Caulfield's Warhammer (1050),1050,150,,False
JarvanIV,JUNGLE,enemy_magic,1200,3077,Profane Hydra,1037 Pickaxe (875) -> 2022 Glowing Mote (250),1125,75,,False
JarvanIV,JUNGLE,isolated_completion,313,3077 | 2020,Profane Hydra,6698 Profane Hydra (313),,,,False
JarvanIV,MIDDLE,empty,0,,Eclipse,,0,0,,False
JarvanIV,MIDDLE,empty,300,,Eclipse,2022 Glowing Mote (250),250,50,,False
JarvanIV,MIDDLE,empty,1200,,Eclipse,3133 Caulfield's Warhammer (1050),1050,150,,False
JarvanIV,MIDDLE,empty,unknown,,Eclipse,,0,,,False
JarvanIV,MIDDLE,components,0,3133 | 1037 | 1036,Eclipse,,0,0,,False
JarvanIV,MIDDLE,components,624,3133 | 1037 | 1036,Eclipse,,0,624,,False
JarvanIV,MIDDLE,components,625,3133 | 1037 | 1036,Eclipse,6692 Eclipse (625),625,0,,False
JarvanIV,MIDDLE,owned_first,1000,6692,Sundered Sky,1028 Ruby Crystal (400) -> 1036 Long Sword (350) -> 2022 Glowing Mote (250),1000,0,,False
JarvanIV,MIDDLE,full_slots,625,3133 | 1037 | 1036 | 900001 | 900002 | 900003,Eclipse,6692 Eclipse (625),625,0,,False
JarvanIV,MIDDLE,enemy_armor,1200,3133,Eclipse,1037 Pickaxe (875),875,325,,False
JarvanIV,MIDDLE,enemy_magic,1200,3133,Eclipse,1037 Pickaxe (875),875,325,,False
JarvanIV,MIDDLE,isolated_completion,625,3133 | 1037 | 1036,Eclipse,6692 Eclipse (625),,,,False
JarvanIV,BOTTOM,empty,0,,Essence Reaver,,0,0,,False
JarvanIV,BOTTOM,empty,300,,Essence Reaver,2022 Glowing Mote (250),250,50,,False
JarvanIV,BOTTOM,empty,1200,,Essence Reaver,3133 Caulfield's Warhammer (1050),1050,150,,False
JarvanIV,BOTTOM,empty,unknown,,Essence Reaver,,0,,,False
JarvanIV,BOTTOM,components,0,3057 | 3133 | 1018,Essence Reaver,,0,0,,False
JarvanIV,BOTTOM,components,499,3057 | 3133 | 1018,Essence Reaver,,0,499,,False
JarvanIV,BOTTOM,components,500,3057 | 3133 | 1018,Essence Reaver,3508 Essence Reaver (500),500,0,,False
JarvanIV,BOTTOM,owned_first,1000,3508,Winter's Approach,3067 Kindlegem (800),800,200,,False
JarvanIV,BOTTOM,full_slots,500,3057 | 3133 | 1018 | 900001 | 900002 | 900003,Essence Reaver,3508 Essence Reaver (500),500,0,,False
JarvanIV,BOTTOM,enemy_armor,1200,3057,Essence Reaver,3133 Caulfield's Warhammer (1050),1050,150,,False
JarvanIV,BOTTOM,enemy_magic,1200,3057,Essence Reaver,3133 Caulfield's Warhammer (1050),1050,150,,False
JarvanIV,BOTTOM,isolated_completion,500,3057 | 3133 | 1018,Essence Reaver,3508 Essence Reaver (500),,,,False
JarvanIV,UTILITY,empty,0,,Zeke's Convergence,,0,0,,False
JarvanIV,UTILITY,empty,300,,Zeke's Convergence,2022 Glowing Mote (250),250,50,,False
JarvanIV,UTILITY,empty,1200,,Zeke's Convergence,3067 Kindlegem (800) -> 1028 Ruby Crystal (400),1200,0,,False
JarvanIV,UTILITY,empty,unknown,,Zeke's Convergence,,0,,,False
JarvanIV,UTILITY,components,0,3067 | 1029 | 1033,Zeke's Convergence,,0,0,,False
JarvanIV,UTILITY,components,699,3067 | 1029 | 1033,Zeke's Convergence,1028 Ruby Crystal (400) -> 2022 Glowing Mote (250),650,49,,False
JarvanIV,UTILITY,components,700,3067 | 1029 | 1033,Zeke's Convergence,3050 Zeke's Convergence (700),700,0,,False
JarvanIV,UTILITY,owned_first,1000,3050,Essence Reaver,1036 Long Sword (350) -> 1036 Long Sword (350) -> 2022 Glowing Mote (250),950,50,,False
JarvanIV,UTILITY,full_slots,700,3067 | 1029 | 1033 | 900001 | 900002 | 900003,Zeke's Convergence,3050 Zeke's Convergence (700),700,0,,False
JarvanIV,UTILITY,enemy_armor,1200,3067,Zeke's Convergence,1029 Cloth Armor (300) -> 1033 Null-Magic Mantle (400),700,500,,False
JarvanIV,UTILITY,enemy_magic,1200,3067,Zeke's Convergence,1033 Null-Magic Mantle (400) -> 1033 Null-Magic Mantle (400) -> 1029 Cloth Armor (300),1100,100,,False
JarvanIV,UTILITY,isolated_completion,700,3067 | 1029 | 1033,Zeke's Convergence,3050 Zeke's Convergence (700),,,,False
Jax,TOP,empty,0,,Trinity Force,,0,0,,False
Jax,TOP,empty,300,,Trinity Force,1042 Dagger (250),250,50,,False
Jax,TOP,empty,1200,,Trinity Force,3051 Hearthbound Axe (1200),1200,0,,False
Jax,TOP,empty,unknown,,Trinity Force,,0,,,False
Jax,TOP,components,0,3057 | 3044 | 3051,Trinity Force,,0,0,,False
Jax,TOP,components,132,3057 | 3044 | 3051,Trinity Force,,0,132,,False
Jax,TOP,components,133,3057 | 3044 | 3051,Trinity Force,3078 Trinity Force (133),133,0,,False
Jax,TOP,owned_first,1000,3078,Sundered Sky,1036 Long Sword (350) -> 1036 Long Sword (350) -> 2022 Glowing Mote (250),950,50,,False
Jax,TOP,full_slots,133,3057 | 3044 | 3051 | 900001 | 900002 | 900003,Trinity Force,3078 Trinity Force (133),133,0,,False
Jax,TOP,enemy_armor,1200,3057,Trinity Force,3051 Hearthbound Axe (1200),1200,0,,False
Jax,TOP,enemy_magic,1200,3057,Trinity Force,3051 Hearthbound Axe (1200),1200,0,,False
Jax,TOP,isolated_completion,133,3057 | 3044 | 3051,Trinity Force,3078 Trinity Force (133),,,,False
Jax,JUNGLE,empty,0,,Trinity Force,,0,0,,False
Jax,JUNGLE,empty,300,,Trinity Force,1042 Dagger (250),250,50,,False
Jax,JUNGLE,empty,1200,,Trinity Force,3051 Hearthbound Axe (1200),1200,0,,False
Jax,JUNGLE,empty,unknown,,Trinity Force,,0,,,False
Jax,JUNGLE,components,0,3057 | 3044 | 3051,Trinity Force,,0,0,,False
Jax,JUNGLE,components,132,3057 | 3044 | 3051,Trinity Force,,0,132,,False
Jax,JUNGLE,components,133,3057 | 3044 | 3051,Trinity Force,3078 Trinity Force (133),133,0,,False
Jax,JUNGLE,owned_first,1000,3078,Sundered Sky,1036 Long Sword (350) -> 1036 Long Sword (350) -> 2022 Glowing Mote (250),950,50,,False
Jax,JUNGLE,full_slots,133,3057 | 3044 | 3051 | 900001 | 900002 | 900003,Trinity Force,3078 Trinity Force (133),133,0,,False
Jax,JUNGLE,enemy_armor,1200,3057,Trinity Force,3051 Hearthbound Axe (1200),1200,0,,False
Jax,JUNGLE,enemy_magic,1200,3057,Trinity Force,3051 Hearthbound Axe (1200),1200,0,,False
Jax,JUNGLE,isolated_completion,133,3057 | 3044 | 3051,Trinity Force,3078 Trinity Force (133),,,,False
Jax,MIDDLE,empty,0,,Stridebreaker,,0,0,,False
Jax,MIDDLE,empty,300,,Stridebreaker,1042 Dagger (250),250,50,,False
Jax,MIDDLE,empty,1200,,Stridebreaker,1036 Long Sword (350) -> 1036 Long Sword (350) -> 1036 Long Sword (350),1050,150,,False
Jax,MIDDLE,empty,unknown,,Stridebreaker,,0,,,False
Jax,MIDDLE,components,0,3077 | 3044 | 1042,Stridebreaker,,0,0,,False
Jax,MIDDLE,components,749,3077 | 3044 | 1042,Stridebreaker,1036 Long Sword (350) -> 1036 Long Sword (350),700,49,,False
Jax,MIDDLE,components,750,3077 | 3044 | 1042,Stridebreaker,6631 Stridebreaker (750),750,0,,False
Jax,MIDDLE,owned_first,1000,6631,Trinity Force,1036 Long Sword (350) -> 1036 Long Sword (350) -> 1042 Dagger (250),950,50,,False
Jax,MIDDLE,full_slots,750,3077 | 3044 | 1042 | 900001 | 900002 | 900003,Stridebreaker,6631 Stridebreaker (750),750,0,,False
Jax,MIDDLE,enemy_armor,1200,3077,Stridebreaker,3044 Phage (1100),1100,100,,False
Jax,MIDDLE,enemy_magic,1200,3077,Stridebreaker,3044 Phage (1100),1100,100,,False
Jax,MIDDLE,isolated_completion,750,3077 | 3044 | 1042,Stridebreaker,6631 Stridebreaker (750),,,,False
Jax,BOTTOM,empty,0,,Stridebreaker,,0,0,,False
Jax,BOTTOM,empty,300,,Stridebreaker,1042 Dagger (250),250,50,,False
Jax,BOTTOM,empty,1200,,Stridebreaker,1036 Long Sword (350) -> 1036 Long Sword (350) -> 1036 Long Sword (350),1050,150,,False
Jax,BOTTOM,empty,unknown,,Stridebreaker,,0,,,False
Jax,BOTTOM,components,0,3077 | 3044 | 1042,Stridebreaker,,0,0,,False
Jax,BOTTOM,components,749,3077 | 3044 | 1042,Stridebreaker,1036 Long Sword (350) -> 1036 Long Sword (350),700,49,,False
Jax,BOTTOM,components,750,3077 | 3044 | 1042,Stridebreaker,6631 Stridebreaker (750),750,0,,False
Jax,BOTTOM,owned_first,1000,6631,Trinity Force,1036 Long Sword (350) -> 1036 Long Sword (350) -> 1042 Dagger (250),950,50,,False
Jax,BOTTOM,full_slots,750,3077 | 3044 | 1042 | 900001 | 900002 | 900003,Stridebreaker,6631 Stridebreaker (750),750,0,,False
Jax,BOTTOM,enemy_armor,1200,3077,Stridebreaker,3044 Phage (1100),1100,100,,False
Jax,BOTTOM,enemy_magic,1200,3077,Stridebreaker,3044 Phage (1100),1100,100,,False
Jax,BOTTOM,isolated_completion,750,3077 | 3044 | 1042,Stridebreaker,6631 Stridebreaker (750),,,,False
Jax,UTILITY,empty,0,,Zeke's Convergence,,0,0,,False
Jax,UTILITY,empty,300,,Stridebreaker,1042 Dagger (250),250,50,,False
Jax,UTILITY,empty,1200,,Stridebreaker,1036 Long Sword (350) -> 1036 Long Sword (350) -> 1036 Long Sword (350),1050,150,,False
Jax,UTILITY,empty,unknown,,Stridebreaker,,0,,,False
Jax,UTILITY,components,0,3077 | 3044 | 1042,Stridebreaker,,0,0,,False
Jax,UTILITY,components,749,3077 | 3044 | 1042,Stridebreaker,1036 Long Sword (350) -> 1036 Long Sword (350),700,49,,False
Jax,UTILITY,components,750,3077 | 3044 | 1042,Stridebreaker,6631 Stridebreaker (750),750,0,,False
Jax,UTILITY,owned_first,1000,6631,Sundered Sky,1036 Long Sword (350) -> 1036 Long Sword (350) -> 2022 Glowing Mote (250),950,50,,False
Jax,UTILITY,full_slots,750,3077 | 3044 | 1042 | 900001 | 900002 | 900003,Stridebreaker,6631 Stridebreaker (750),750,0,,False
Jax,UTILITY,enemy_armor,1200,3077,Zeke's Convergence,3067 Kindlegem (800) -> 1029 Cloth Armor (300),1100,100,,False
Jax,UTILITY,enemy_magic,1200,3077,Zeke's Convergence,3067 Kindlegem (800) -> 1033 Null-Magic Mantle (400),1200,0,,False
Jax,UTILITY,isolated_completion,750,3077 | 3044 | 1042,Stridebreaker,6631 Stridebreaker (750),,,,False
Jayce,TOP,empty,0,,Youmuu's Ghostblade,,0,0,,False
Jayce,TOP,empty,300,,Youmuu's Ghostblade,,0,300,,False
Jayce,TOP,empty,1200,,Youmuu's Ghostblade,1036 Long Sword (350) -> 1036 Long Sword (350) -> 1036 Long Sword (350),1050,150,,False
Jayce,TOP,empty,unknown,,Youmuu's Ghostblade,,0,,,False
Jayce,TOP,components,0,3134 | 6690 | 1036,Youmuu's Ghostblade,,0,0,,False
Jayce,TOP,components,674,3134 | 6690 | 1036,Youmuu's Ghostblade,1036 Long Sword (350),350,324,,False
Jayce,TOP,components,675,3134 | 6690 | 1036,Youmuu's Ghostblade,3142 Youmuu's Ghostblade (675),675,0,,False
Jayce,TOP,owned_first,1000,3142,Manamune,1036 Long Sword (350) -> 1036 Long Sword (350) -> 2022 Glowing Mote (250),950,50,,False
Jayce,TOP,full_slots,675,3134 | 6690 | 1036 | 900001 | 900002 | 900003,Youmuu's Ghostblade,3142 Youmuu's Ghostblade (675),675,0,,False
Jayce,TOP,enemy_armor,1200,3134,Youmuu's Ghostblade,6690 Rectrix (775) -> 1036 Long Sword (350),1125,75,,False
Jayce,TOP,enemy_magic,1200,3134,Youmuu's Ghostblade,6690 Rectrix (775) -> 1036 Long Sword (350),1125,75,,False
Jayce,TOP,isolated_completion,675,3134 | 6690 | 1036,Youmuu's Ghostblade,3142 Youmuu's Ghostblade (675),,,,False
Jayce,JUNGLE,empty,0,,Youmuu's Ghostblade,,0,0,,False
Jayce,JUNGLE,empty,300,,Youmuu's Ghostblade,,0,300,,False
Jayce,JUNGLE,empty,1200,,Youmuu's Ghostblade,1036 Long Sword (350) -> 1036 Long Sword (350) -> 1036 Long Sword (350),1050,150,,False
Jayce,JUNGLE,empty,unknown,,Youmuu's Ghostblade,,0,,,False
Jayce,JUNGLE,components,0,3134 | 6690 | 1036,Youmuu's Ghostblade,,0,0,,False
Jayce,JUNGLE,components,674,3134 | 6690 | 1036,Youmuu's Ghostblade,1036 Long Sword (350),350,324,,False
Jayce,JUNGLE,components,675,3134 | 6690 | 1036,Youmuu's Ghostblade,3142 Youmuu's Ghostblade (675),675,0,,False
Jayce,JUNGLE,owned_first,1000,3142,Voltaic Cyclosword,1037 Pickaxe (875),875,125,,False
Jayce,JUNGLE,full_slots,675,3134 | 6690 | 1036 | 900001 | 900002 | 900003,Youmuu's Ghostblade,3142 Youmuu's Ghostblade (675),675,0,,False
Jayce,JUNGLE,enemy_armor,1200,3134,Youmuu's Ghostblade,6690 Rectrix (775) -> 1036 Long Sword (350),1125,75,,False
Jayce,JUNGLE,enemy_magic,1200,3134,Youmuu's Ghostblade,6690 Rectrix (775) -> 1036 Long Sword (350),1125,75,,False
Jayce,JUNGLE,isolated_completion,675,3134 | 6690 | 1036,Youmuu's Ghostblade,3142 Youmuu's Ghostblade (675),,,,False
Jayce,MIDDLE,empty,0,,Youmuu's Ghostblade,,0,0,,False
Jayce,MIDDLE,empty,300,,Youmuu's Ghostblade,,0,300,,False
Jayce,MIDDLE,empty,1200,,Youmuu's Ghostblade,1036 Long Sword (350) -> 1036 Long Sword (350) -> 1036 Long Sword (350),1050,150,,False
Jayce,MIDDLE,empty,unknown,,Youmuu's Ghostblade,,0,,,False
Jayce,MIDDLE,components,0,3134 | 6690 | 1036,Youmuu's Ghostblade,,0,0,,False
Jayce,MIDDLE,components,674,3134 | 6690 | 1036,Youmuu's Ghostblade,1036 Long Sword (350),350,324,,False
Jayce,MIDDLE,components,675,3134 | 6690 | 1036,Youmuu's Ghostblade,3142 Youmuu's Ghostblade (675),675,0,,False
Jayce,MIDDLE,owned_first,1000,3142,Manamune,1036 Long Sword (350) -> 1036 Long Sword (350) -> 2022 Glowing Mote (250),950,50,,False
Jayce,MIDDLE,full_slots,675,3134 | 6690 | 1036 | 900001 | 900002 | 900003,Youmuu's Ghostblade,3142 Youmuu's Ghostblade (675),675,0,,False
Jayce,MIDDLE,enemy_armor,1200,3134,Youmuu's Ghostblade,6690 Rectrix (775) -> 1036 Long Sword (350),1125,75,,False
Jayce,MIDDLE,enemy_magic,1200,3134,Youmuu's Ghostblade,6690 Rectrix (775) -> 1036 Long Sword (350),1125,75,,False
Jayce,MIDDLE,isolated_completion,675,3134 | 6690 | 1036,Youmuu's Ghostblade,3142 Youmuu's Ghostblade (675),,,,False
Jayce,BOTTOM,empty,0,,Youmuu's Ghostblade,,0,0,,False
Jayce,BOTTOM,empty,300,,Youmuu's Ghostblade,,0,300,,False
Jayce,BOTTOM,empty,1200,,Youmuu's Ghostblade,1036 Long Sword (350) -> 1036 Long Sword (350) -> 1036 Long Sword (350),1050,150,,False
Jayce,BOTTOM,empty,unknown,,Youmuu's Ghostblade,,0,,,False
Jayce,BOTTOM,components,0,3134 | 6690 | 1036,Youmuu's Ghostblade,,0,0,,False
Jayce,BOTTOM,components,674,3134 | 6690 | 1036,Youmuu's Ghostblade,1036 Long Sword (350),350,324,,False
Jayce,BOTTOM,components,675,3134 | 6690 | 1036,Youmuu's Ghostblade,3142 Youmuu's Ghostblade (675),675,0,,False
Jayce,BOTTOM,owned_first,1000,3142,Manamune,1036 Long Sword (350) -> 1036 Long Sword (350) -> 2022 Glowing Mote (250),950,50,,False
Jayce,BOTTOM,full_slots,675,3134 | 6690 | 1036 | 900001 | 900002 | 900003,Youmuu's Ghostblade,3142 Youmuu's Ghostblade (675),675,0,,False
Jayce,BOTTOM,enemy_armor,1200,3134,Youmuu's Ghostblade,6690 Rectrix (775) -> 1036 Long Sword (350),1125,75,,False
Jayce,BOTTOM,enemy_magic,1200,3134,Youmuu's Ghostblade,6690 Rectrix (775) -> 1036 Long Sword (350),1125,75,,False
Jayce,BOTTOM,isolated_completion,675,3134 | 6690 | 1036,Youmuu's Ghostblade,3142 Youmuu's Ghostblade (675),,,,False
Jayce,UTILITY,empty,0,,Essence Reaver,,0,0,,False
Jayce,UTILITY,empty,300,,Essence Reaver,2022 Glowing Mote (250),250,50,,False
Jayce,UTILITY,empty,1200,,Essence Reaver,3133 Caulfield's Warhammer (1050),1050,150,,False
Jayce,UTILITY,empty,unknown,,Essence Reaver,,0,,,False
Jayce,UTILITY,components,0,3057 | 3133 | 1018,Essence Reaver,,0,0,,False
Jayce,UTILITY,components,499,3057 | 3133 | 1018,Essence Reaver,,0,499,,False
Jayce,UTILITY,components,500,3057 | 3133 | 1018,Essence Reaver,3508 Essence Reaver (500),500,0,,False
Jayce,UTILITY,owned_first,1000,3508,Axiom Arc,1037 Pickaxe (875),875,125,,False
Jayce,UTILITY,full_slots,500,3057 | 3133 | 1018 | 900001 | 900002 | 900003,Essence Reaver,3508 Essence Reaver (500),500,0,,False
Jayce,UTILITY,enemy_armor,1200,3057,Essence Reaver,3133 Caulfield's Warhammer (1050),1050,150,,False
Jayce,UTILITY,enemy_magic,1200,3057,Essence Reaver,3133 Caulfield's Warhammer (1050),1050,150,,False
Jayce,UTILITY,isolated_completion,500,3057 | 3133 | 1018,Essence Reaver,3508 Essence Reaver (500),,,,False
Jhin,TOP,empty,0,,The Collector,,0,0,,False
Jhin,TOP,empty,300,,The Collector,,0,300,,False
Jhin,TOP,empty,1200,,The Collector,1018 Cloak of Agility (600) -> 1036 Long Sword (350),950,250,,False
Jhin,TOP,empty,unknown,,The Collector,,0,,,False
Jhin,TOP,components,0,1037 | 3134 | 1018,The Collector,,0,0,,False
Jhin,TOP,components,524,1037 | 3134 | 1018,The Collector,1036 Long Sword (350),350,174,,False
Jhin,TOP,components,525,1037 | 3134 | 1018,The Collector,6676 The Collector (525),525,0,,False
Jhin,TOP,owned_first,1000,6676,Infinity Edge,1037 Pickaxe (875),875,125,,False
Jhin,TOP,full_slots,525,1037 | 3134 | 1018 | 900001 | 900002 | 900003,The Collector,6676 The Collector (525),525,0,,False
Jhin,TOP,enemy_armor,1200,1037,The Collector,1018 Cloak of Agility (600) -> 1036 Long Sword (350),950,250,,False
Jhin,TOP,enemy_magic,1200,1037,The Collector,1018 Cloak of Agility (600) -> 1036 Long Sword (350),950,250,,False
Jhin,TOP,isolated_completion,525,1037 | 3134 | 1018,The Collector,6676 The Collector (525),,,,False
Jhin,JUNGLE,empty,0,,Essence Reaver,,0,0,,False
Jhin,JUNGLE,empty,300,,Essence Reaver,2022 Glowing Mote (250),250,50,,False
Jhin,JUNGLE,empty,1200,,Essence Reaver,1018 Cloak of Agility (600) -> 1036 Long Sword (350) -> 2022 Glowing Mote (250),1200,0,,False
Jhin,JUNGLE,empty,unknown,,Essence Reaver,,0,,,False
Jhin,JUNGLE,components,0,3057 | 3133 | 1018,Essence Reaver,,0,0,,False
Jhin,JUNGLE,components,499,3057 | 3133 | 1018,Essence Reaver,,0,499,,False
Jhin,JUNGLE,components,500,3057 | 3133 | 1018,Essence Reaver,3508 Essence Reaver (500),500,0,,False
Jhin,JUNGLE,owned_first,1000,3508,Infinity Edge,1037 Pickaxe (875),875,125,,False
Jhin,JUNGLE,full_slots,500,3057 | 3133 | 1018 | 900001 | 900002 | 900003,Essence Reaver,3508 Essence Reaver (500),500,0,,False
Jhin,JUNGLE,enemy_armor,1200,3057,Essence Reaver,1018 Cloak of Agility (600) -> 1036 Long Sword (350) -> 2022 Glowing Mote (250),1200,0,,False
Jhin,JUNGLE,enemy_magic,1200,3057,Essence Reaver,1018 Cloak of Agility (600) -> 1036 Long Sword (350) -> 2022 Glowing Mote (250),1200,0,,False
Jhin,JUNGLE,isolated_completion,500,3057 | 3133 | 1018,Essence Reaver,3508 Essence Reaver (500),,,,False
Jhin,MIDDLE,empty,0,,Hubris,,0,0,,False
Jhin,MIDDLE,empty,300,,Hubris,2022 Glowing Mote (250),250,50,,False
Jhin,MIDDLE,empty,1200,,Hubris,1036 Long Sword (350) -> 1036 Long Sword (350) -> 1036 Long Sword (350),1050,150,,False
Jhin,MIDDLE,empty,unknown,,Hubris,,0,,,False
Jhin,MIDDLE,components,0,3134 | 3133,Hubris,,0,0,,False
Jhin,MIDDLE,components,749,3134 | 3133,Hubris,,0,749,,False
Jhin,MIDDLE,components,750,3134 | 3133,Hubris,6697 Hubris (750),750,0,,False
Jhin,MIDDLE,owned_first,1000,6697,The Collector,1018 Cloak of Agility (600) -> 1036 Long Sword (350),950,50,,False
Jhin,MIDDLE,full_slots,750,3134 | 3133 | 900001 | 900002 | 900003 | 900004,Hubris,6697 Hubris (750),750,0,,False
Jhin,MIDDLE,enemy_armor,1200,3134,Hubris,3133 Caulfield's Warhammer (1050),1050,150,,False
Jhin,MIDDLE,enemy_magic,1200,3134,Hubris,3133 Caulfield's Warhammer (1050),1050,150,,False
Jhin,MIDDLE,isolated_completion,750,3134 | 3133,Hubris,6697 Hubris (750),,,,False
Jhin,BOTTOM,empty,0,,Hubris,,0,0,,False
Jhin,BOTTOM,empty,300,,Hubris,2022 Glowing Mote (250),250,50,,False
Jhin,BOTTOM,empty,1200,,Hubris,1036 Long Sword (350) -> 1036 Long Sword (350) -> 1036 Long Sword (350),1050,150,,False
Jhin,BOTTOM,empty,unknown,,Hubris,,0,,,False
Jhin,BOTTOM,components,0,3134 | 3133,Hubris,,0,0,,False
Jhin,BOTTOM,components,749,3134 | 3133,Hubris,,0,749,,False
Jhin,BOTTOM,components,750,3134 | 3133,Hubris,6697 Hubris (750),750,0,,False
Jhin,BOTTOM,owned_first,1000,6697,Phantom Dancer,1018 Cloak of Agility (600) -> 1042 Dagger (250),850,150,,False
Jhin,BOTTOM,full_slots,750,3134 | 3133 | 900001 | 900002 | 900003 | 900004,Hubris,6697 Hubris (750),750,0,,False
Jhin,BOTTOM,enemy_armor,1200,3134,Hubris,3133 Caulfield's Warhammer (1050),1050,150,,False
Jhin,BOTTOM,enemy_magic,1200,3134,Hubris,3133 Caulfield's Warhammer (1050),1050,150,,False
Jhin,BOTTOM,isolated_completion,750,3134 | 3133,Hubris,6697 Hubris (750),,,,False
Jhin,UTILITY,empty,0,,Axiom Arc,,0,0,,False
Jhin,UTILITY,empty,300,,Axiom Arc,2022 Glowing Mote (250),250,50,,False
Jhin,UTILITY,empty,1200,,Axiom Arc,1037 Pickaxe (875) -> 2022 Glowing Mote (250),1125,75,,False
Jhin,UTILITY,empty,unknown,,Axiom Arc,,0,,,False
Jhin,UTILITY,components,0,2020 | 3133,Axiom Arc,,0,0,,False
Jhin,UTILITY,components,362,2020 | 3133,Axiom Arc,,0,362,,False
Jhin,UTILITY,components,363,2020 | 3133,Axiom Arc,6696 Axiom Arc (363),363,0,,False
Jhin,UTILITY,owned_first,1000,6696,Essence Reaver,1018 Cloak of Agility (600) -> 1036 Long Sword (350),950,50,,False
Jhin,UTILITY,full_slots,363,2020 | 3133 | 900001 | 900002 | 900003 | 900004,Axiom Arc,6696 Axiom Arc (363),363,0,,False
Jhin,UTILITY,enemy_armor,1200,2020,Serpent's Fang,1037 Pickaxe (875),875,325,,False
Jhin,UTILITY,enemy_magic,1200,2020,Serpent's Fang,1037 Pickaxe (875),875,325,,False
Jhin,UTILITY,isolated_completion,363,2020 | 3133,Axiom Arc,6696 Axiom Arc (363),,,,False
Jinx,TOP,empty,0,,Essence Reaver,,0,0,,False
Jinx,TOP,empty,300,,Essence Reaver,2022 Glowing Mote (250),250,50,,False
Jinx,TOP,empty,1200,,Essence Reaver,1018 Cloak of Agility (600) -> 1036 Long Sword (350) -> 2022 Glowing Mote (250),1200,0,,False
Jinx,TOP,empty,unknown,,Essence Reaver,,0,,,False
Jinx,TOP,components,0,3057 | 3133 | 1018,Essence Reaver,,0,0,,False
Jinx,TOP,components,499,3057 | 3133 | 1018,Essence Reaver,,0,499,,False
Jinx,TOP,components,500,3057 | 3133 | 1018,Essence Reaver,3508 Essence Reaver (500),500,0,,False
Jinx,TOP,owned_first,1000,3508,Infinity Edge,1037 Pickaxe (875),875,125,,False
Jinx,TOP,full_slots,500,3057 | 3133 | 1018 | 900001 | 900002 | 900003,Essence Reaver,3508 Essence Reaver (500),500,0,,False
Jinx,TOP,enemy_armor,1200,3057,Essence Reaver,1018 Cloak of Agility (600) -> 1036 Long Sword (350) -> 2022 Glowing Mote (250),1200,0,,False
Jinx,TOP,enemy_magic,1200,3057,Essence Reaver,1018 Cloak of Agility (600) -> 1036 Long Sword (350) -> 2022 Glowing Mote (250),1200,0,,False
Jinx,TOP,isolated_completion,500,3057 | 3133 | 1018,Essence Reaver,3508 Essence Reaver (500),,,,False
Jinx,JUNGLE,empty,0,,Essence Reaver,,0,0,,False
Jinx,JUNGLE,empty,300,,Essence Reaver,2022 Glowing Mote (250),250,50,,False
Jinx,JUNGLE,empty,1200,,Essence Reaver,1018 Cloak of Agility (600) -> 1036 Long Sword (350) -> 2022 Glowing Mote (250),1200,0,,False
Jinx,JUNGLE,empty,unknown,,Essence Reaver,,0,,,False
Jinx,JUNGLE,components,0,3057 | 3133 | 1018,Essence Reaver,,0,0,,False
Jinx,JUNGLE,components,499,3057 | 3133 | 1018,Essence Reaver,,0,499,,False
Jinx,JUNGLE,components,500,3057 | 3133 | 1018,Essence Reaver,3508 Essence Reaver (500),500,0,,False
Jinx,JUNGLE,owned_first,1000,3508,Infinity Edge,1037 Pickaxe (875),875,125,,False
Jinx,JUNGLE,full_slots,500,3057 | 3133 | 1018 | 900001 | 900002 | 900003,Essence Reaver,3508 Essence Reaver (500),500,0,,False
Jinx,JUNGLE,enemy_armor,1200,3057,Essence Reaver,1018 Cloak of Agility (600) -> 1036 Long Sword (350) -> 2022 Glowing Mote (250),1200,0,,False
Jinx,JUNGLE,enemy_magic,1200,3057,Essence Reaver,1018 Cloak of Agility (600) -> 1036 Long Sword (350) -> 2022 Glowing Mote (250),1200,0,,False
Jinx,JUNGLE,isolated_completion,500,3057 | 3133 | 1018,Essence Reaver,3508 Essence Reaver (500),,,,False
Jinx,MIDDLE,empty,0,,Essence Reaver,,0,0,,False
Jinx,MIDDLE,empty,300,,Essence Reaver,2022 Glowing Mote (250),250,50,,False
Jinx,MIDDLE,empty,1200,,Essence Reaver,1018 Cloak of Agility (600) -> 1036 Long Sword (350) -> 2022 Glowing Mote (250),1200,0,,False
Jinx,MIDDLE,empty,unknown,,Essence Reaver,,0,,,False
Jinx,MIDDLE,components,0,3057 | 3133 | 1018,Essence Reaver,,0,0,,False
Jinx,MIDDLE,components,499,3057 | 3133 | 1018,Essence Reaver,,0,499,,False
Jinx,MIDDLE,components,500,3057 | 3133 | 1018,Essence Reaver,3508 Essence Reaver (500),500,0,,False
Jinx,MIDDLE,owned_first,1000,3508,Infinity Edge,1037 Pickaxe (875),875,125,,False
Jinx,MIDDLE,full_slots,500,3057 | 3133 | 1018 | 900001 | 900002 | 900003,Essence Reaver,3508 Essence Reaver (500),500,0,,False
Jinx,MIDDLE,enemy_armor,1200,3057,Essence Reaver,1018 Cloak of Agility (600) -> 1036 Long Sword (350) -> 2022 Glowing Mote (250),1200,0,,False
Jinx,MIDDLE,enemy_magic,1200,3057,Essence Reaver,1018 Cloak of Agility (600) -> 1036 Long Sword (350) -> 2022 Glowing Mote (250),1200,0,,False
Jinx,MIDDLE,isolated_completion,500,3057 | 3133 | 1018,Essence Reaver,3508 Essence Reaver (500),,,,False
Jinx,BOTTOM,empty,0,,Hexoptics C44,,0,0,,False
Jinx,BOTTOM,empty,300,,Hexoptics C44,,0,300,,False
Jinx,BOTTOM,empty,1200,,Hexoptics C44,1018 Cloak of Agility (600) -> 1036 Long Sword (350),950,250,,False
Jinx,BOTTOM,empty,unknown,,Hexoptics C44,,0,,,False
Jinx,BOTTOM,components,0,1037 | 6670 | 1036,Hexoptics C44,,0,0,,False
Jinx,BOTTOM,components,274,1037 | 6670 | 1036,Hexoptics C44,,0,274,,False
Jinx,BOTTOM,components,275,1037 | 6670 | 1036,Hexoptics C44,2523 Hexoptics C44 (275),275,0,,False
Jinx,BOTTOM,owned_first,1000,2523,Runaan's Hurricane,1018 Cloak of Agility (600) -> 1042 Dagger (250),850,150,,False
Jinx,BOTTOM,full_slots,275,1037 | 6670 | 1036 | 900001 | 900002 | 900003,Hexoptics C44,2523 Hexoptics C44 (275),275,0,,False
Jinx,BOTTOM,enemy_armor,1200,1037,Hexoptics C44,1018 Cloak of Agility (600) -> 1036 Long Sword (350),950,250,,False
Jinx,BOTTOM,enemy_magic,1200,1037,Hexoptics C44,1018 Cloak of Agility (600) -> 1036 Long Sword (350),950,250,,False
Jinx,BOTTOM,isolated_completion,275,1037 | 6670 | 1036,Hexoptics C44,2523 Hexoptics C44 (275),,,,False
Jinx,UTILITY,empty,0,,Essence Reaver,,0,0,,False
Jinx,UTILITY,empty,300,,Essence Reaver,2022 Glowing Mote (250),250,50,,False
Jinx,UTILITY,empty,1200,,Essence Reaver,1018 Cloak of Agility (600) -> 1036 Long Sword (350) -> 2022 Glowing Mote (250),1200,0,,False
Jinx,UTILITY,empty,unknown,,Essence Reaver,,0,,,False
Jinx,UTILITY,components,0,3057 | 3133 | 1018,Essence Reaver,,0,0,,False
Jinx,UTILITY,components,499,3057 | 3133 | 1018,Essence Reaver,,0,499,,False
Jinx,UTILITY,components,500,3057 | 3133 | 1018,Essence Reaver,3508 Essence Reaver (500),500,0,,False
Jinx,UTILITY,owned_first,1000,3508,Infinity Edge,1037 Pickaxe (875),875,125,,False
Jinx,UTILITY,full_slots,500,3057 | 3133 | 1018 | 900001 | 900002 | 900003,Essence Reaver,3508 Essence Reaver (500),500,0,,False
Jinx,UTILITY,enemy_armor,1200,3057,Essence Reaver,1018 Cloak of Agility (600) -> 1036 Long Sword (350) -> 2022 Glowing Mote (250),1200,0,,False
Jinx,UTILITY,enemy_magic,1200,3057,Essence Reaver,1018 Cloak of Agility (600) -> 1036 Long Sword (350) -> 2022 Glowing Mote (250),1200,0,,False
Jinx,UTILITY,isolated_completion,500,3057 | 3133 | 1018,Essence Reaver,3508 Essence Reaver (500),,,,False
KSante,TOP,empty,0,,Iceborn Gauntlet,,0,0,,False
KSante,TOP,empty,300,,Iceborn Gauntlet,2022 Glowing Mote (250),250,50,,False
KSante,TOP,empty,1200,,Iceborn Gauntlet,1028 Ruby Crystal (400) -> 1028 Ruby Crystal (400) -> 2022 Glowing Mote (250),1050,150,,False
KSante,TOP,empty,unknown,,Iceborn Gauntlet,,0,,,False
KSante,TOP,components,0,3057 | 1028 | 1031,Iceborn Gauntlet,,0,0,,False
KSante,TOP,components,799,3057 | 1028 | 1031,Iceborn Gauntlet,1028 Ruby Crystal (400),400,399,,False
KSante,TOP,components,800,3057 | 1028 | 1031,Iceborn Gauntlet,6662 Iceborn Gauntlet (800),800,0,,False
KSante,TOP,owned_first,1000,6662,"Jak'Sho, The Protean",1011 Giant's Belt (900),900,100,,False
KSante,TOP,full_slots,800,3057 | 1028 | 1031 | 900001 | 900002 | 900003,Iceborn Gauntlet,6662 Iceborn Gauntlet (800),800,0,,False
KSante,TOP,enemy_armor,1200,3057,Iceborn Gauntlet,1031 Chain Vest (800) -> 1028 Ruby Crystal (400),1200,0,,False
KSante,TOP,enemy_magic,1200,3057,Iceborn Gauntlet,1028 Ruby Crystal (400) -> 1033 Null-Magic Mantle (400) -> 1028 Ruby Crystal (400),1200,0,,False
KSante,TOP,isolated_completion,800,3057 | 1028 | 1031,Iceborn Gauntlet,6662 Iceborn Gauntlet (800),,,,False
KSante,JUNGLE,empty,0,,Warmog's Armor,,0,0,,False
KSante,JUNGLE,empty,300,,Warmog's Armor,1006 Rejuvenation Bead (300),300,0,,False
KSante,JUNGLE,empty,1200,,Warmog's Armor,1028 Ruby Crystal (400) -> 1028 Ruby Crystal (400) -> 1028 Ruby Crystal (400),1200,0,,False
KSante,JUNGLE,empty,unknown,,Warmog's Armor,,0,,,False
KSante,JUNGLE,components,0,1011 | 1011 | 3801,Warmog's Armor,,0,0,,False
KSante,JUNGLE,components,499,1011 | 1011 | 3801,Heartsteel,1028 Ruby Crystal (400),400,99,,False
KSante,JUNGLE,components,500,1011 | 1011 | 3801,Warmog's Armor,3083 Warmog's Armor (500),500,0,,False
KSante,JUNGLE,owned_first,1000,3083,Heartsteel,1011 Giant's Belt (900),900,100,,False
KSante,JUNGLE,full_slots,500,1011 | 1011 | 3801 | 900001 | 900002 | 900003,Warmog's Armor,3083 Warmog's Armor (500),500,0,,False
KSante,JUNGLE,enemy_armor,1200,1011,Warmog's Armor,1011 Giant's Belt (900) -> 1006 Rejuvenation Bead (300),1200,0,,False
KSante,JUNGLE,enemy_magic,1200,1011,Kaenic Rookern,1033 Null-Magic Mantle (400) -> 1033 Null-Magic Mantle (400) -> 1028 Ruby Crystal (400),1200,0,,False
KSante,JUNGLE,isolated_completion,500,1011 | 1011 | 3801,Warmog's Armor,3083 Warmog's Armor (500),,,,False
KSante,MIDDLE,empty,0,,Iceborn Gauntlet,,0,0,,False
KSante,MIDDLE,empty,300,,Iceborn Gauntlet,2022 Glowing Mote (250),250,50,,False
KSante,MIDDLE,empty,1200,,Iceborn Gauntlet,1028 Ruby Crystal (400) -> 1028 Ruby Crystal (400) -> 2022 Glowing Mote (250),1050,150,,False
KSante,MIDDLE,empty,unknown,,Iceborn Gauntlet,,0,,,False
KSante,MIDDLE,components,0,3057 | 1028 | 1031,Iceborn Gauntlet,,0,0,,False
KSante,MIDDLE,components,799,3057 | 1028 | 1031,Iceborn Gauntlet,1028 Ruby Crystal (400),400,399,,False
KSante,MIDDLE,components,800,3057 | 1028 | 1031,Iceborn Gauntlet,6662 Iceborn Gauntlet (800),800,0,,False
KSante,MIDDLE,owned_first,1000,6662,"Jak'Sho, The Protean",1011 Giant's Belt (900),900,100,,False
KSante,MIDDLE,full_slots,800,3057 | 1028 | 1031 | 900001 | 900002 | 900003,Iceborn Gauntlet,6662 Iceborn Gauntlet (800),800,0,,False
KSante,MIDDLE,enemy_armor,1200,3057,Iceborn Gauntlet,1031 Chain Vest (800) -> 1028 Ruby Crystal (400),1200,0,,False
KSante,MIDDLE,enemy_magic,1200,3057,Kaenic Rookern,1033 Null-Magic Mantle (400) -> 1033 Null-Magic Mantle (400) -> 1028 Ruby Crystal (400),1200,0,,False
KSante,MIDDLE,isolated_completion,800,3057 | 1028 | 1031,Iceborn Gauntlet,6662 Iceborn Gauntlet (800),,,,False
KSante,BOTTOM,empty,0,,Iceborn Gauntlet,,0,0,,False
KSante,BOTTOM,empty,300,,Iceborn Gauntlet,2022 Glowing Mote (250),250,50,,False
KSante,BOTTOM,empty,1200,,Iceborn Gauntlet,1028 Ruby Crystal (400) -> 1028 Ruby Crystal (400) -> 2022 Glowing Mote (250),1050,150,,False
KSante,BOTTOM,empty,unknown,,Iceborn Gauntlet,,0,,,False
KSante,BOTTOM,components,0,3057 | 1028 | 1031,Iceborn Gauntlet,,0,0,,False
KSante,BOTTOM,components,799,3057 | 1028 | 1031,Iceborn Gauntlet,1028 Ruby Crystal (400),400,399,,False
KSante,BOTTOM,components,800,3057 | 1028 | 1031,Iceborn Gauntlet,6662 Iceborn Gauntlet (800),800,0,,False
KSante,BOTTOM,owned_first,1000,6662,Spirit Visage,1028 Ruby Crystal (400) -> 1028 Ruby Crystal (400),800,200,,False
KSante,BOTTOM,full_slots,800,3057 | 1028 | 1031 | 900001 | 900002 | 900003,Iceborn Gauntlet,6662 Iceborn Gauntlet (800),800,0,,False
KSante,BOTTOM,enemy_armor,1200,3057,Iceborn Gauntlet,1031 Chain Vest (800) -> 1028 Ruby Crystal (400),1200,0,,False
KSante,BOTTOM,enemy_magic,1200,3057,Iceborn Gauntlet,1028 Ruby Crystal (400) -> 1033 Null-Magic Mantle (400) -> 1028 Ruby Crystal (400),1200,0,,False
KSante,BOTTOM,isolated_completion,800,3057 | 1028 | 1031,Iceborn Gauntlet,6662 Iceborn Gauntlet (800),,,,False
KSante,UTILITY,empty,0,,Zeke's Convergence,,0,0,,False
KSante,UTILITY,empty,300,,Zeke's Convergence,2022 Glowing Mote (250),250,50,,False
KSante,UTILITY,empty,1200,,Zeke's Convergence,3067 Kindlegem (800) -> 1028 Ruby Crystal (400),1200,0,,False
KSante,UTILITY,empty,unknown,,Zeke's Convergence,,0,,,False
KSante,UTILITY,components,0,3067 | 1029 | 1033,Zeke's Convergence,,0,0,,False
KSante,UTILITY,components,699,3067 | 1029 | 1033,Zeke's Convergence,1028 Ruby Crystal (400),400,299,,False
KSante,UTILITY,components,700,3067 | 1029 | 1033,Zeke's Convergence,3050 Zeke's Convergence (700),700,0,,False
KSante,UTILITY,owned_first,1000,3050,"Jak'Sho, The Protean",1011 Giant's Belt (900),900,100,,False
KSante,UTILITY,full_slots,700,3067 | 1029 | 1033 | 900001 | 900002 | 900003,Zeke's Convergence,3050 Zeke's Convergence (700),700,0,,False
KSante,UTILITY,enemy_armor,1200,3067,Zeke's Convergence,1033 Null-Magic Mantle (400) -> 1029 Cloth Armor (300) -> 1028 Ruby Crystal (400),1100,100,,False
KSante,UTILITY,enemy_magic,1200,3067,Zeke's Convergence,1033 Null-Magic Mantle (400) -> 1033 Null-Magic Mantle (400) -> 1028 Ruby Crystal (400),1200,0,,False
KSante,UTILITY,isolated_completion,700,3067 | 1029 | 1033,Zeke's Convergence,3050 Zeke's Convergence (700),,,,False
Kaisa,TOP,empty,0,,Kraken Slayer,,0,0,,False
Kaisa,TOP,empty,300,,Kraken Slayer,1042 Dagger (250),250,50,,False
Kaisa,TOP,empty,1200,,Kraken Slayer,3051 Hearthbound Axe (1200),1200,0,,False
Kaisa,TOP,empty,unknown,,Kraken Slayer,,0,,,False
Kaisa,TOP,components,0,6690 | 3051 | 1043,Kraken Slayer,,0,0,,False
Kaisa,TOP,components,324,6690 | 3051 | 1043,Kraken Slayer,1042 Dagger (250),250,74,,False
Kaisa,TOP,components,325,6690 | 3051 | 1043,Kraken Slayer,6672 Kraken Slayer (325),325,0,,False
Kaisa,TOP,owned_first,1000,6672,Guinsoo's Rageblade,1037 Pickaxe (875),875,125,,False
Kaisa,TOP,full_slots,325,6690 | 3051 | 1043 | 900001 | 900002 | 900003,Kraken Slayer,6672 Kraken Slayer (325),325,0,,False
Kaisa,TOP,enemy_armor,1200,6690,Kraken Slayer,3051 Hearthbound Axe (1200),1200,0,,False
Kaisa,TOP,enemy_magic,1200,6690,Kraken Slayer,3051 Hearthbound Axe (1200),1200,0,,False
Kaisa,TOP,isolated_completion,325,6690 | 3051 | 1043,Kraken Slayer,6672 Kraken Slayer (325),,,,False
Kaisa,JUNGLE,empty,0,,Kraken Slayer,,0,0,,False
Kaisa,JUNGLE,empty,300,,Kraken Slayer,1042 Dagger (250),250,50,,False
Kaisa,JUNGLE,empty,1200,,Kraken Slayer,3051 Hearthbound Axe (1200),1200,0,,False
Kaisa,JUNGLE,empty,unknown,,Kraken Slayer,,0,,,False
Kaisa,JUNGLE,components,0,6690 | 3051 | 1043,Kraken Slayer,,0,0,,False
Kaisa,JUNGLE,components,324,6690 | 3051 | 1043,Kraken Slayer,1042 Dagger (250),250,74,,False
Kaisa,JUNGLE,components,325,6690 | 3051 | 1043,Kraken Slayer,6672 Kraken Slayer (325),325,0,,False
Kaisa,JUNGLE,owned_first,1000,6672,Guinsoo's Rageblade,1037 Pickaxe (875),875,125,,False
Kaisa,JUNGLE,full_slots,325,6690 | 3051 | 1043 | 900001 | 900002 | 900003,Kraken Slayer,6672 Kraken Slayer (325),325,0,,False
Kaisa,JUNGLE,enemy_armor,1200,6690,Kraken Slayer,3051 Hearthbound Axe (1200),1200,0,,False
Kaisa,JUNGLE,enemy_magic,1200,6690,Kraken Slayer,3051 Hearthbound Axe (1200),1200,0,,False
Kaisa,JUNGLE,isolated_completion,325,6690 | 3051 | 1043,Kraken Slayer,6672 Kraken Slayer (325),,,,False
Kaisa,MIDDLE,empty,0,,Kraken Slayer,,0,0,,False
Kaisa,MIDDLE,empty,300,,Kraken Slayer,1042 Dagger (250),250,50,,False
Kaisa,MIDDLE,empty,1200,,Kraken Slayer,3051 Hearthbound Axe (1200),1200,0,,False
Kaisa,MIDDLE,empty,unknown,,Kraken Slayer,,0,,,False
Kaisa,MIDDLE,components,0,6690 | 3051 | 1043,Kraken Slayer,,0,0,,False
Kaisa,MIDDLE,components,324,6690 | 3051 | 1043,Kraken Slayer,1042 Dagger (250),250,74,,False
Kaisa,MIDDLE,components,325,6690 | 3051 | 1043,Kraken Slayer,6672 Kraken Slayer (325),325,0,,False
Kaisa,MIDDLE,owned_first,1000,6672,Guinsoo's Rageblade,1037 Pickaxe (875),875,125,,False
Kaisa,MIDDLE,full_slots,325,6690 | 3051 | 1043 | 900001 | 900002 | 900003,Kraken Slayer,6672 Kraken Slayer (325),325,0,,False
Kaisa,MIDDLE,enemy_armor,1200,6690,Kraken Slayer,3051 Hearthbound Axe (1200),1200,0,,False
Kaisa,MIDDLE,enemy_magic,1200,6690,Kraken Slayer,3051 Hearthbound Axe (1200),1200,0,,False
Kaisa,MIDDLE,isolated_completion,325,6690 | 3051 | 1043,Kraken Slayer,6672 Kraken Slayer (325),,,,False
Kaisa,BOTTOM,empty,0,,Kraken Slayer,,0,0,,False
Kaisa,BOTTOM,empty,300,,Kraken Slayer,1042 Dagger (250),250,50,,False
Kaisa,BOTTOM,empty,1200,,Kraken Slayer,3051 Hearthbound Axe (1200),1200,0,,False
Kaisa,BOTTOM,empty,unknown,,Kraken Slayer,,0,,,False
Kaisa,BOTTOM,components,0,6690 | 3051 | 1043,Kraken Slayer,,0,0,,False
Kaisa,BOTTOM,components,324,6690 | 3051 | 1043,Kraken Slayer,1042 Dagger (250),250,74,,False
Kaisa,BOTTOM,components,325,6690 | 3051 | 1043,Kraken Slayer,6672 Kraken Slayer (325),325,0,,False
Kaisa,BOTTOM,owned_first,1000,6672,Guinsoo's Rageblade,1037 Pickaxe (875),875,125,,False
Kaisa,BOTTOM,full_slots,325,6690 | 3051 | 1043 | 900001 | 900002 | 900003,Kraken Slayer,6672 Kraken Slayer (325),325,0,,False
Kaisa,BOTTOM,enemy_armor,1200,6690,Kraken Slayer,3051 Hearthbound Axe (1200),1200,0,,False
Kaisa,BOTTOM,enemy_magic,1200,6690,Kraken Slayer,3051 Hearthbound Axe (1200),1200,0,,False
Kaisa,BOTTOM,isolated_completion,325,6690 | 3051 | 1043,Kraken Slayer,6672 Kraken Slayer (325),,,,False
Kaisa,UTILITY,empty,0,,Phantom Dancer,,0,0,,False
Kaisa,UTILITY,empty,300,,Phantom Dancer,1042 Dagger (250),250,50,,False
Kaisa,UTILITY,empty,1200,,Phantom Dancer,1018 Cloak of Agility (600) -> 1042 Dagger (250) -> 1042 Dagger (250),1100,100,,False
Kaisa,UTILITY,empty,unknown,,Phantom Dancer,,0,,,False
Kaisa,UTILITY,components,0,1042 | 3086 | 1042,Phantom Dancer,,0,0,,False
Kaisa,UTILITY,components,949,1042 | 3086 | 1042,Phantom Dancer,,0,949,,False
Kaisa,UTILITY,components,950,1042 | 3086 | 1042,Phantom Dancer,3046 Phantom Dancer (950),950,0,,False
Kaisa,UTILITY,owned_first,1000,3046,Yun Tal Wildarrows,3144 Scout's Slingshot (600) -> 1036 Long Sword (350),950,50,,False
Kaisa,UTILITY,full_slots,950,1042 | 3086 | 1042 | 900001 | 900002 | 900003,Phantom Dancer,3046 Phantom Dancer (950),950,0,,False
Kaisa,UTILITY,enemy_armor,1200,1042,Phantom Dancer,1018 Cloak of Agility (600) -> 1042 Dagger (250) -> 1042 Dagger (250),1100,100,,False
Kaisa,UTILITY,enemy_magic,1200,1042,Phantom Dancer,1018 Cloak of Agility (600) -> 1042 Dagger (250) -> 1042 Dagger (250),1100,100,,False
Kaisa,UTILITY,isolated_completion,950,1042 | 3086 | 1042,Phantom Dancer,3046 Phantom Dancer (950),,,,False
Kalista,TOP,empty,0,,Statikk Shiv,,0,0,,False
Kalista,TOP,empty,300,,Statikk Shiv,1042 Dagger (250),250,50,,False
Kalista,TOP,empty,1200,,Statikk Shiv,1037 Pickaxe (875) -> 1042 Dagger (250),1125,75,,False
Kalista,TOP,empty,unknown,,Statikk Shiv,,0,,,False
Kalista,TOP,components,0,3144 | 3113 | 1037,Statikk Shiv,,0,0,,False
Kalista,TOP,components,624,3144 | 3113 | 1037,Statikk Shiv,,0,624,,False
Kalista,TOP,components,625,3144 | 3113 | 1037,Statikk Shiv,3087 Statikk Shiv (625),625,0,,False
Kalista,TOP,owned_first,1000,3087,Guinsoo's Rageblade,1037 Pickaxe (875),875,125,,False
Kalista,TOP,full_slots,625,3144 | 3113 | 1037 | 900001 | 900002 | 900003,Statikk Shiv,3087 Statikk Shiv (625),625,0,,False
Kalista,TOP,enemy_armor,1200,3144,Statikk Shiv,1037 Pickaxe (875),875,325,,False
Kalista,TOP,enemy_magic,1200,3144,Statikk Shiv,1037 Pickaxe (875),875,325,,False
Kalista,TOP,isolated_completion,625,3144 | 3113 | 1037,Statikk Shiv,3087 Statikk Shiv (625),,,,False
Kalista,JUNGLE,empty,0,,Essence Reaver,,0,0,,False
Kalista,JUNGLE,empty,300,,Essence Reaver,2022 Glowing Mote (250),250,50,,False
Kalista,JUNGLE,empty,1200,,Essence Reaver,1018 Cloak of Agility (600) -> 1036 Long Sword (350) -> 2022 Glowing Mote (250),1200,0,,False
Kalista,JUNGLE,empty,unknown,,Essence Reaver,,0,,,False
Kalista,JUNGLE,components,0,3057 | 3133 | 1018,Essence Reaver,,0,0,,False
Kalista,JUNGLE,components,499,3057 | 3133 | 1018,Essence Reaver,,0,499,,False
Kalista,JUNGLE,components,500,3057 | 3133 | 1018,Essence Reaver,3508 Essence Reaver (500),500,0,,False
Kalista,JUNGLE,owned_first,1000,3508,Infinity Edge,1037 Pickaxe (875),875,125,,False
Kalista,JUNGLE,full_slots,500,3057 | 3133 | 1018 | 900001 | 900002 | 900003,Essence Reaver,3508 Essence Reaver (500),500,0,,False
Kalista,JUNGLE,enemy_armor,1200,3057,Essence Reaver,1018 Cloak of Agility (600) -> 1036 Long Sword (350) -> 2022 Glowing Mote (250),1200,0,,False
Kalista,JUNGLE,enemy_magic,1200,3057,Essence Reaver,1018 Cloak of Agility (600) -> 1036 Long Sword (350) -> 2022 Glowing Mote (250),1200,0,,False
Kalista,JUNGLE,isolated_completion,500,3057 | 3133 | 1018,Essence Reaver,3508 Essence Reaver (500),,,,False
Kalista,MIDDLE,empty,0,,Statikk Shiv,,0,0,,False
Kalista,MIDDLE,empty,300,,Statikk Shiv,1042 Dagger (250),250,50,,False
Kalista,MIDDLE,empty,1200,,Statikk Shiv,1037 Pickaxe (875) -> 1042 Dagger (250),1125,75,,False
Kalista,MIDDLE,empty,unknown,,Statikk Shiv,,0,,,False
Kalista,MIDDLE,components,0,3144 | 3113 | 1037,Statikk Shiv,,0,0,,False
Kalista,MIDDLE,components,624,3144 | 3113 | 1037,Statikk Shiv,,0,624,,False
Kalista,MIDDLE,components,625,3144 | 3113 | 1037,Statikk Shiv,3087 Statikk Shiv (625),625,0,,False
Kalista,MIDDLE,owned_first,1000,3087,Guinsoo's Rageblade,1037 Pickaxe (875),875,125,,False
Kalista,MIDDLE,full_slots,625,3144 | 3113 | 1037 | 900001 | 900002 | 900003,Statikk Shiv,3087 Statikk Shiv (625),625,0,,False
Kalista,MIDDLE,enemy_armor,1200,3144,Statikk Shiv,1037 Pickaxe (875),875,325,,False
Kalista,MIDDLE,enemy_magic,1200,3144,Statikk Shiv,1037 Pickaxe (875),875,325,,False
Kalista,MIDDLE,isolated_completion,625,3144 | 3113 | 1037,Statikk Shiv,3087 Statikk Shiv (625),,,,False
Kalista,BOTTOM,empty,0,,Statikk Shiv,,0,0,,False
Kalista,BOTTOM,empty,300,,Statikk Shiv,1042 Dagger (250),250,50,,False
Kalista,BOTTOM,empty,1200,,Statikk Shiv,1037 Pickaxe (875) -> 1042 Dagger (250),1125,75,,False
Kalista,BOTTOM,empty,unknown,,Statikk Shiv,,0,,,False
Kalista,BOTTOM,components,0,3144 | 3113 | 1037,Statikk Shiv,,0,0,,False
Kalista,BOTTOM,components,624,3144 | 3113 | 1037,Statikk Shiv,,0,624,,False
Kalista,BOTTOM,components,625,3144 | 3113 | 1037,Statikk Shiv,3087 Statikk Shiv (625),625,0,,False
Kalista,BOTTOM,owned_first,1000,3087,Guinsoo's Rageblade,1037 Pickaxe (875),875,125,,False
Kalista,BOTTOM,full_slots,625,3144 | 3113 | 1037 | 900001 | 900002 | 900003,Statikk Shiv,3087 Statikk Shiv (625),625,0,,False
Kalista,BOTTOM,enemy_armor,1200,3144,Statikk Shiv,1037 Pickaxe (875),875,325,,False
Kalista,BOTTOM,enemy_magic,1200,3144,Statikk Shiv,1037 Pickaxe (875),875,325,,False
Kalista,BOTTOM,isolated_completion,625,3144 | 3113 | 1037,Statikk Shiv,3087 Statikk Shiv (625),,,,False
Kalista,UTILITY,empty,0,,Hubris,,0,0,,False
Kalista,UTILITY,empty,300,,Hubris,2022 Glowing Mote (250),250,50,,False
Kalista,UTILITY,empty,1200,,Hubris,1036 Long Sword (350) -> 1036 Long Sword (350) -> 1036 Long Sword (350),1050,150,,False
Kalista,UTILITY,empty,unknown,,Hubris,,0,,,False
Kalista,UTILITY,components,0,3134 | 3133,Hubris,,0,0,,False
Kalista,UTILITY,components,749,3134 | 3133,Hubris,,0,749,,False
Kalista,UTILITY,components,750,3134 | 3133,Hubris,6697 Hubris (750),750,0,,False
Kalista,UTILITY,owned_first,1000,6697,Umbral Glaive,1036 Long Sword (350) -> 1036 Long Sword (350) -> 2022 Glowing Mote (250),950,50,,False
Kalista,UTILITY,full_slots,750,3134 | 3133 | 900001 | 900002 | 900003 | 900004,Hubris,6697 Hubris (750),750,0,,False
Kalista,UTILITY,enemy_armor,1200,3134,Hubris,3133 Caulfield's Warhammer (1050),1050,150,,False
Kalista,UTILITY,enemy_magic,1200,3134,Hubris,3133 Caulfield's Warhammer (1050),1050,150,,False
Kalista,UTILITY,isolated_completion,750,3134 | 3133,Hubris,6697 Hubris (750),,,,False
Karma,TOP,empty,0,,Malignance,,0,0,,False
Karma,TOP,empty,300,,Malignance,2022 Glowing Mote (250),250,50,,False
Karma,TOP,empty,1200,,Malignance,3802 Lost Chapter (1200),1200,0,,False
Karma,TOP,empty,unknown,,Malignance,,0,,,False
Karma,TOP,components,0,3802 | 1026,Malignance,,0,0,,False
Karma,TOP,components,649,3802 | 1026,Malignance,2022 Glowing Mote (250) -> 2022 Glowing Mote (250),500,149,,False
Karma,TOP,components,650,3802 | 1026,Malignance,3118 Malignance (650),650,0,,False
Karma,TOP,owned_first,1000,3118,Moonstone Renewer,4642 Bandleglass Mirror (900),900,100,,False
Karma,TOP,full_slots,650,3802 | 1026 | 900001 | 900002 | 900003 | 900004,Malignance,3118 Malignance (650),650,0,,False
Karma,TOP,enemy_armor,1200,3802,Malignance,1026 Blasting Wand (850) -> 2022 Glowing Mote (250),1100,100,,False
Karma,TOP,enemy_magic,1200,3802,Malignance,1026 Blasting Wand (850) -> 2022 Glowing Mote (250),1100,100,,False
Karma,TOP,isolated_completion,650,3802 | 1026,Malignance,3118 Malignance (650),,,,False
Karma,JUNGLE,empty,0,,Lich Bane,,0,0,,False
Karma,JUNGLE,empty,300,,Lich Bane,2022 Glowing Mote (250),250,50,,False
Karma,JUNGLE,empty,1200,,Malignance,3802 Lost Chapter (1200),1200,0,,False
Karma,JUNGLE,empty,unknown,,Lich Bane,,0,,,False
Karma,JUNGLE,components,0,3057 | 3113 | 1026,Lich Bane,,0,0,,False
Karma,JUNGLE,components,249,3057 | 3113 | 1026,Lich Bane,,0,249,,False
Karma,JUNGLE,components,250,3057 | 3113 | 1026,Lich Bane,3100 Lich Bane (250),250,0,,False
Karma,JUNGLE,owned_first,1000,3100,Malignance,1052 Amplifying Tome (400) -> 2022 Glowing Mote (250) -> 1027 Sapphire Crystal (300),950,50,,False
Karma,JUNGLE,full_slots,250,3057 | 3113 | 1026 | 900001 | 900002 | 900003,Lich Bane,3100 Lich Bane (250),250,0,,False
Karma,JUNGLE,enemy_armor,1200,3057,Redemption,3108 Fiendish Codex (850) -> 1004 Faerie Charm (200),1050,150,,False
Karma,JUNGLE,enemy_magic,1200,3057,Lich Bane,1026 Blasting Wand (850),850,350,,False
Karma,JUNGLE,isolated_completion,250,3057 | 3113 | 1026,Lich Bane,3100 Lich Bane (250),,,,False
Karma,MIDDLE,empty,0,,Malignance,,0,0,,False
Karma,MIDDLE,empty,300,,Malignance,2022 Glowing Mote (250),250,50,,False
Karma,MIDDLE,empty,1200,,Malignance,3802 Lost Chapter (1200),1200,0,,False
Karma,MIDDLE,empty,unknown,,Malignance,,0,,,False
Karma,MIDDLE,components,0,3802 | 1026,Malignance,,0,0,,False
Karma,MIDDLE,components,649,3802 | 1026,Malignance,2022 Glowing Mote (250),250,399,,False
Karma,MIDDLE,components,650,3802 | 1026,Malignance,3118 Malignance (650),650,0,,False
Karma,MIDDLE,owned_first,1000,3118,Moonstone Renewer,4642 Bandleglass Mirror (900),900,100,,False
Karma,MIDDLE,full_slots,650,3802 | 1026 | 900001 | 900002 | 900003 | 900004,Malignance,3118 Malignance (650),650,0,,False
Karma,MIDDLE,enemy_armor,1200,3802,Malignance,1026 Blasting Wand (850) -> 2022 Glowing Mote (250),1100,100,,False
Karma,MIDDLE,enemy_magic,1200,3802,Malignance,1026 Blasting Wand (850) -> 2022 Glowing Mote (250),1100,100,,False
Karma,MIDDLE,isolated_completion,650,3802 | 1026,Malignance,3118 Malignance (650),,,,False
Karma,BOTTOM,empty,0,,Lich Bane,,0,0,,False
Karma,BOTTOM,empty,300,,Lich Bane,2022 Glowing Mote (250),250,50,,False
Karma,BOTTOM,empty,1200,,Malignance,3802 Lost Chapter (1200),1200,0,,False
Karma,BOTTOM,empty,unknown,,Lich Bane,,0,,,False
Karma,BOTTOM,components,0,3057 | 3113 | 1026,Lich Bane,,0,0,,False
Karma,BOTTOM,components,249,3057 | 3113 | 1026,Lich Bane,,0,249,,False
Karma,BOTTOM,components,250,3057 | 3113 | 1026,Lich Bane,3100 Lich Bane (250),250,0,,False
Karma,BOTTOM,owned_first,1000,3100,Malignance,1052 Amplifying Tome (400) -> 2022 Glowing Mote (250) -> 1027 Sapphire Crystal (300),950,50,,False
Karma,BOTTOM,full_slots,250,3057 | 3113 | 1026 | 900001 | 900002 | 900003,Lich Bane,3100 Lich Bane (250),250,0,,False
Karma,BOTTOM,enemy_armor,1200,3057,Redemption,3108 Fiendish Codex (850) -> 1004 Faerie Charm (200),1050,150,,False
Karma,BOTTOM,enemy_magic,1200,3057,Lich Bane,1026 Blasting Wand (850),850,350,,False
Karma,BOTTOM,isolated_completion,250,3057 | 3113 | 1026,Lich Bane,3100 Lich Bane (250),,,,False
Karma,UTILITY,empty,0,,Echoes of Helia,,0,0,,False
Karma,UTILITY,empty,300,,Echoes of Helia,2022 Glowing Mote (250),250,50,,False
Karma,UTILITY,empty,1200,,Echoes of Helia,4642 Bandleglass Mirror (900) -> 2022 Glowing Mote (250),1150,50,,False
Karma,UTILITY,empty,unknown,,Echoes of Helia,,0,,,False
Karma,UTILITY,components,0,3067 | 4642,Echoes of Helia,,0,0,,False
Karma,UTILITY,components,499,3067 | 4642,Echoes of Helia,2022 Glowing Mote (250),250,249,,False
Karma,UTILITY,components,500,3067 | 4642,Echoes of Helia,6620 Echoes of Helia (500),500,0,,False
Karma,UTILITY,owned_first,1000,6620,Moonstone Renewer,4642 Bandleglass Mirror (900),900,100,,False
Karma,UTILITY,full_slots,500,3067 | 4642 | 900001 | 900002 | 900003 | 900004,Echoes of Helia,6620 Echoes of Helia (500),500,0,,False
Karma,UTILITY,enemy_armor,1200,3067,Echoes of Helia,4642 Bandleglass Mirror (900) -> 2022 Glowing Mote (250),1150,50,,False
Karma,UTILITY,enemy_magic,1200,3067,Echoes of Helia,4642 Bandleglass Mirror (900) -> 2022 Glowing Mote (250),1150,50,,False
Karma,UTILITY,isolated_completion,500,3067 | 4642,Echoes of Helia,6620 Echoes of Helia (500),,,,False
Karthus,TOP,empty,0,,Blackfire Torch,,0,0,,False
Karthus,TOP,empty,300,,Blackfire Torch,2022 Glowing Mote (250),250,50,,False
Karthus,TOP,empty,1200,,Blackfire Torch,3802 Lost Chapter (1200),1200,0,,False
Karthus,TOP,empty,unknown,,Blackfire Torch,,0,,,False
Karthus,TOP,components,0,3802 | 2508,Blackfire Torch,,0,0,,False
Karthus,TOP,components,699,3802 | 2508,Blackfire Torch,,0,699,,False
Karthus,TOP,components,700,3802 | 2508,Blackfire Torch,2503 Blackfire Torch (700),700,0,,False
Karthus,TOP,owned_first,1000,2503,Liandry's Torment,1052 Amplifying Tome (400) -> 1052 Amplifying Tome (400),800,200,,False
Karthus,TOP,full_slots,700,3802 | 2508 | 900001 | 900002 | 900003 | 900004,Blackfire Torch,2503 Blackfire Torch (700),700,0,,False
Karthus,TOP,enemy_armor,1200,3802,Blackfire Torch,2508 Fated Ashes (900),900,300,,False
Karthus,TOP,enemy_magic,1200,3802,Blackfire Torch,2508 Fated Ashes (900),900,300,,False
Karthus,TOP,isolated_completion,700,3802 | 2508,Blackfire Torch,2503 Blackfire Torch (700),,,,False
Karthus,JUNGLE,empty,0,,Blackfire Torch,,0,0,,False
Karthus,JUNGLE,empty,300,,Blackfire Torch,2022 Glowing Mote (250),250,50,,False
Karthus,JUNGLE,empty,1200,,Blackfire Torch,3802 Lost Chapter (1200),1200,0,,False
Karthus,JUNGLE,empty,unknown,,Blackfire Torch,,0,,,False
Karthus,JUNGLE,components,0,3802 | 2508,Blackfire Torch,,0,0,,False
Karthus,JUNGLE,components,699,3802 | 2508,Blackfire Torch,,0,699,,False
Karthus,JUNGLE,components,700,3802 | 2508,Blackfire Torch,2503 Blackfire Torch (700),700,0,,False
Karthus,JUNGLE,owned_first,1000,2503,Liandry's Torment,1052 Amplifying Tome (400) -> 1052 Amplifying Tome (400),800,200,,False
Karthus,JUNGLE,full_slots,700,3802 | 2508 | 900001 | 900002 | 900003 | 900004,Blackfire Torch,2503 Blackfire Torch (700),700,0,,False
Karthus,JUNGLE,enemy_armor,1200,3802,Blackfire Torch,2508 Fated Ashes (900),900,300,,False
Karthus,JUNGLE,enemy_magic,1200,3802,Blackfire Torch,2508 Fated Ashes (900),900,300,,False
Karthus,JUNGLE,isolated_completion,700,3802 | 2508,Blackfire Torch,2503 Blackfire Torch (700),,,,False
Karthus,MIDDLE,empty,0,,Blackfire Torch,,0,0,,False
Karthus,MIDDLE,empty,300,,Blackfire Torch,2022 Glowing Mote (250),250,50,,False
Karthus,MIDDLE,empty,1200,,Blackfire Torch,3802 Lost Chapter (1200),1200,0,,False
Karthus,MIDDLE,empty,unknown,,Blackfire Torch,,0,,,False
Karthus,MIDDLE,components,0,3802 | 2508,Blackfire Torch,,0,0,,False
Karthus,MIDDLE,components,699,3802 | 2508,Blackfire Torch,,0,699,,False
Karthus,MIDDLE,components,700,3802 | 2508,Blackfire Torch,2503 Blackfire Torch (700),700,0,,False
Karthus,MIDDLE,owned_first,1000,2503,Liandry's Torment,1052 Amplifying Tome (400) -> 1052 Amplifying Tome (400),800,200,,False
Karthus,MIDDLE,full_slots,700,3802 | 2508 | 900001 | 900002 | 900003 | 900004,Blackfire Torch,2503 Blackfire Torch (700),700,0,,False
Karthus,MIDDLE,enemy_armor,1200,3802,Blackfire Torch,2508 Fated Ashes (900),900,300,,False
Karthus,MIDDLE,enemy_magic,1200,3802,Blackfire Torch,2508 Fated Ashes (900),900,300,,False
Karthus,MIDDLE,isolated_completion,700,3802 | 2508,Blackfire Torch,2503 Blackfire Torch (700),,,,False
Karthus,BOTTOM,empty,0,,Blackfire Torch,,0,0,,False
Karthus,BOTTOM,empty,300,,Blackfire Torch,2022 Glowing Mote (250),250,50,,False
Karthus,BOTTOM,empty,1200,,Blackfire Torch,3802 Lost Chapter (1200),1200,0,,False
Karthus,BOTTOM,empty,unknown,,Blackfire Torch,,0,,,False
Karthus,BOTTOM,components,0,3802 | 2508,Blackfire Torch,,0,0,,False
Karthus,BOTTOM,components,699,3802 | 2508,Blackfire Torch,,0,699,,False
Karthus,BOTTOM,components,700,3802 | 2508,Blackfire Torch,2503 Blackfire Torch (700),700,0,,False
Karthus,BOTTOM,owned_first,1000,2503,Shadowflame,1052 Amplifying Tome (400) -> 1052 Amplifying Tome (400),800,200,,False
Karthus,BOTTOM,full_slots,700,3802 | 2508 | 900001 | 900002 | 900003 | 900004,Blackfire Torch,2503 Blackfire Torch (700),700,0,,False
Karthus,BOTTOM,enemy_armor,1200,3802,Blackfire Torch,2508 Fated Ashes (900),900,300,,False
Karthus,BOTTOM,enemy_magic,1200,3802,Blackfire Torch,2508 Fated Ashes (900),900,300,,False
Karthus,BOTTOM,isolated_completion,700,3802 | 2508,Blackfire Torch,2503 Blackfire Torch (700),,,,False
Karthus,UTILITY,empty,0,,Blackfire Torch,,0,0,,False
Karthus,UTILITY,empty,300,,Blackfire Torch,2022 Glowing Mote (250),250,50,,False
Karthus,UTILITY,empty,1200,,Blackfire Torch,3802 Lost Chapter (1200),1200,0,,False
Karthus,UTILITY,empty,unknown,,Blackfire Torch,,0,,,False
Karthus,UTILITY,components,0,3802 | 2508,Blackfire Torch,,0,0,,False
Karthus,UTILITY,components,699,3802 | 2508,Blackfire Torch,,0,699,,False
Karthus,UTILITY,components,700,3802 | 2508,Blackfire Torch,2503 Blackfire Torch (700),700,0,,False
Karthus,UTILITY,owned_first,1000,2503,Liandry's Torment,1052 Amplifying Tome (400) -> 1052 Amplifying Tome (400),800,200,,False
Karthus,UTILITY,full_slots,700,3802 | 2508 | 900001 | 900002 | 900003 | 900004,Blackfire Torch,2503 Blackfire Torch (700),700,0,,False
Karthus,UTILITY,enemy_armor,1200,3802,Blackfire Torch,2508 Fated Ashes (900),900,300,,False
Karthus,UTILITY,enemy_magic,1200,3802,Blackfire Torch,2508 Fated Ashes (900),900,300,,False
Karthus,UTILITY,isolated_completion,700,3802 | 2508,Blackfire Torch,2503 Blackfire Torch (700),,,,False
Kassadin,TOP,empty,0,,Rod of Ages,,0,0,,False
Kassadin,TOP,empty,300,,Rod of Ages,1027 Sapphire Crystal (300),300,0,,False
Kassadin,TOP,empty,1200,,Rod of Ages,1026 Blasting Wand (850) -> 1027 Sapphire Crystal (300),1150,50,,False
Kassadin,TOP,empty,unknown,,Rod of Ages,,0,,,False
Kassadin,TOP,components,0,1026 | 3803,Rod of Ages,,0,0,,False
Kassadin,TOP,components,449,1026 | 3803,Rod of Ages,1052 Amplifying Tome (400),400,49,,False
Kassadin,TOP,components,450,1026 | 3803,Rod of Ages,6657 Rod of Ages (450),450,0,,False
Kassadin,TOP,owned_first,1000,6657,Archangel's Staff,3108 Fiendish Codex (850),850,150,,False
Kassadin,TOP,full_slots,450,1026 | 3803 | 900001 | 900002 | 900003 | 900004,Rod of Ages,6657 Rod of Ages (450),450,0,,False
Kassadin,TOP,enemy_armor,1200,1026,Rod of Ages,1028 Ruby Crystal (400) -> 1028 Ruby Crystal (400) -> 1027 Sapphire Crystal (300),1100,100,,False
Kassadin,TOP,enemy_magic,1200,1026,Rod of Ages,1028 Ruby Crystal (400) -> 1028 Ruby Crystal (400) -> 1027 Sapphire Crystal (300),1100,100,,False
Kassadin,TOP,isolated_completion,450,1026 | 3803,Rod of Ages,6657 Rod of Ages (450),,,,False
Kassadin,JUNGLE,empty,0,,Luden's Echo,,0,0,,False
Kassadin,JUNGLE,empty,300,,Luden's Echo,2022 Glowing Mote (250),250,50,,False
Kassadin,JUNGLE,empty,1200,,Luden's Echo,3802 Lost Chapter (1200),1200,0,,False
Kassadin,JUNGLE,empty,unknown,,Luden's Echo,,0,,,False
Kassadin,JUNGLE,components,0,3802 | 3145,Luden's Echo,,0,0,,False
Kassadin,JUNGLE,components,449,3802 | 3145,Luden's Echo,,0,449,,False
Kassadin,JUNGLE,components,450,3802 | 3145,Luden's Echo,6655 Luden's Echo (450),450,0,,False
Kassadin,JUNGLE,owned_first,1000,6655,Frozen Heart,1026 Blasting Wand (850),850,150,,False
Kassadin,JUNGLE,full_slots,450,3802 | 3145 | 900001 | 900002 | 900003 | 900004,Luden's Echo,6655 Luden's Echo (450),450,0,,False
Kassadin,JUNGLE,enemy_armor,1200,3802,Luden's Echo,3145 Hextech Alternator (1100),1100,100,,False
Kassadin,JUNGLE,enemy_magic,1200,3802,Luden's Echo,3145 Hextech Alternator (1100),1100,100,,False
Kassadin,JUNGLE,isolated_completion,450,3802 | 3145,Luden's Echo,6655 Luden's Echo (450),,,,False
Kassadin,MIDDLE,empty,0,,Rod of Ages,,0,0,,False
Kassadin,MIDDLE,empty,300,,Rod of Ages,1027 Sapphire Crystal (300),300,0,,False
Kassadin,MIDDLE,empty,1200,,Rod of Ages,1026 Blasting Wand (850) -> 1027 Sapphire Crystal (300),1150,50,,False
Kassadin,MIDDLE,empty,unknown,,Rod of Ages,,0,,,False
Kassadin,MIDDLE,components,0,1026 | 3803,Rod of Ages,,0,0,,False
Kassadin,MIDDLE,components,449,1026 | 3803,Rod of Ages,1052 Amplifying Tome (400),400,49,,False
Kassadin,MIDDLE,components,450,1026 | 3803,Rod of Ages,6657 Rod of Ages (450),450,0,,False
Kassadin,MIDDLE,owned_first,1000,6657,Manamune,1052 Amplifying Tome (400) -> 2022 Glowing Mote (250) -> 1082 Dark Seal (350),1000,0,,False
Kassadin,MIDDLE,full_slots,450,1026 | 3803 | 900001 | 900002 | 900003 | 900004,Rod of Ages,6657 Rod of Ages (450),450,0,,False
Kassadin,MIDDLE,enemy_armor,1200,1026,Rod of Ages,1028 Ruby Crystal (400) -> 1028 Ruby Crystal (400) -> 1027 Sapphire Crystal (300),1100,100,,False
Kassadin,MIDDLE,enemy_magic,1200,1026,Rod of Ages,1028 Ruby Crystal (400) -> 1028 Ruby Crystal (400) -> 1027 Sapphire Crystal (300),1100,100,,False
Kassadin,MIDDLE,isolated_completion,450,1026 | 3803,Rod of Ages,6657 Rod of Ages (450),,,,False
Kassadin,BOTTOM,empty,0,,Rod of Ages,,0,0,,False
Kassadin,BOTTOM,empty,300,,Rod of Ages,1027 Sapphire Crystal (300),300,0,,False
Kassadin,BOTTOM,empty,1200,,Rod of Ages,1026 Blasting Wand (850) -> 1027 Sapphire Crystal (300),1150,50,,False
Kassadin,BOTTOM,empty,unknown,,Rod of Ages,,0,,,False
Kassadin,BOTTOM,components,0,1026 | 3803,Rod of Ages,,0,0,,False
Kassadin,BOTTOM,components,449,1026 | 3803,Rod of Ages,1052 Amplifying Tome (400),400,49,,False
Kassadin,BOTTOM,components,450,1026 | 3803,Rod of Ages,6657 Rod of Ages (450),450,0,,False
Kassadin,BOTTOM,owned_first,1000,6657,Archangel's Staff,3108 Fiendish Codex (850),850,150,,False
Kassadin,BOTTOM,full_slots,450,1026 | 3803 | 900001 | 900002 | 900003 | 900004,Rod of Ages,6657 Rod of Ages (450),450,0,,False
Kassadin,BOTTOM,enemy_armor,1200,1026,Rod of Ages,1028 Ruby Crystal (400) -> 1028 Ruby Crystal (400) -> 1027 Sapphire Crystal (300),1100,100,,False
Kassadin,BOTTOM,enemy_magic,1200,1026,Rod of Ages,1028 Ruby Crystal (400) -> 1028 Ruby Crystal (400) -> 1027 Sapphire Crystal (300),1100,100,,False
Kassadin,BOTTOM,isolated_completion,450,1026 | 3803,Rod of Ages,6657 Rod of Ages (450),,,,False
Kassadin,UTILITY,empty,0,,Malignance,,0,0,,False
Kassadin,UTILITY,empty,300,,Malignance,2022 Glowing Mote (250),250,50,,False
Kassadin,UTILITY,empty,1200,,Malignance,3802 Lost Chapter (1200),1200,0,,False
Kassadin,UTILITY,empty,unknown,,Malignance,,0,,,False
Kassadin,UTILITY,components,0,3802 | 1026,Malignance,,0,0,,False
Kassadin,UTILITY,components,649,3802 | 1026,Malignance,,0,649,,False
Kassadin,UTILITY,components,650,3802 | 1026,Malignance,3118 Malignance (650),650,0,,False
Kassadin,UTILITY,owned_first,1000,3118,Cryptbloom,3108 Fiendish Codex (850),850,150,,False
Kassadin,UTILITY,full_slots,650,3802 | 1026 | 900001 | 900002 | 900003 | 900004,Malignance,3118 Malignance (650),650,0,,False
Kassadin,UTILITY,enemy_armor,1200,3802,Malignance,1026 Blasting Wand (850),850,350,,False
Kassadin,UTILITY,enemy_magic,1200,3802,Malignance,1026 Blasting Wand (850),850,350,,False
Kassadin,UTILITY,isolated_completion,650,3802 | 1026,Malignance,3118 Malignance (650),,,,False
Katarina,TOP,empty,0,,Kraken Slayer,,0,0,,False
Katarina,TOP,empty,300,,Kraken Slayer,1042 Dagger (250),250,50,,False
Katarina,TOP,empty,1200,,Kraken Slayer,1036 Long Sword (350) -> 1036 Long Sword (350) -> 1036 Long Sword (350),1050,150,,False
Katarina,TOP,empty,unknown,,Kraken Slayer,,0,,,False
Katarina,TOP,components,0,6690 | 3051 | 1043,Kraken Slayer,,0,0,,False
Katarina,TOP,components,324,6690 | 3051 | 1043,Kraken Slayer,,0,324,,False
Katarina,TOP,components,325,6690 | 3051 | 1043,Kraken Slayer,6672 Kraken Slayer (325),325,0,,False
Katarina,TOP,owned_first,1000,6672,Terminus,1036 Long Sword (350) -> 1036 Long Sword (350) -> 1042 Dagger (250),950,50,,False
Katarina,TOP,full_slots,325,6690 | 3051 | 1043 | 900001 | 900002 | 900003,Kraken Slayer,6672 Kraken Slayer (325),325,0,,False
Katarina,TOP,enemy_armor,1200,6690,Kraken Slayer,3051 Hearthbound Axe (1200),1200,0,,False
Katarina,TOP,enemy_magic,1200,6690,Kraken Slayer,3051 Hearthbound Axe (1200),1200,0,,False
Katarina,TOP,isolated_completion,325,6690 | 3051 | 1043,Kraken Slayer,6672 Kraken Slayer (325),,,,False
Katarina,JUNGLE,empty,0,,Kraken Slayer,,0,0,,False
Katarina,JUNGLE,empty,300,,Kraken Slayer,1042 Dagger (250),250,50,,False
Katarina,JUNGLE,empty,1200,,Kraken Slayer,1036 Long Sword (350) -> 1036 Long Sword (350) -> 1036 Long Sword (350),1050,150,,False
Katarina,JUNGLE,empty,unknown,,Kraken Slayer,,0,,,False
Katarina,JUNGLE,components,0,6690 | 3051 | 1043,Kraken Slayer,,0,0,,False
Katarina,JUNGLE,components,324,6690 | 3051 | 1043,Kraken Slayer,,0,324,,False
Katarina,JUNGLE,components,325,6690 | 3051 | 1043,Kraken Slayer,6672 Kraken Slayer (325),325,0,,False
Katarina,JUNGLE,owned_first,1000,6672,Blade of The Ruined King,1037 Pickaxe (875),875,125,,False
Katarina,JUNGLE,full_slots,325,6690 | 3051 | 1043 | 900001 | 900002 | 900003,Kraken Slayer,6672 Kraken Slayer (325),325,0,,False
Katarina,JUNGLE,enemy_armor,1200,6690,Kraken Slayer,3051 Hearthbound Axe (1200),1200,0,,False
Katarina,JUNGLE,enemy_magic,1200,6690,Kraken Slayer,3051 Hearthbound Axe (1200),1200,0,,False
Katarina,JUNGLE,isolated_completion,325,6690 | 3051 | 1043,Kraken Slayer,6672 Kraken Slayer (325),,,,False
Katarina,MIDDLE,empty,0,,Kraken Slayer,,0,0,,False
Katarina,MIDDLE,empty,300,,Kraken Slayer,1042 Dagger (250),250,50,,False
Katarina,MIDDLE,empty,1200,,Kraken Slayer,1036 Long Sword (350) -> 1036 Long Sword (350) -> 1036 Long Sword (350),1050,150,,False
Katarina,MIDDLE,empty,unknown,,Lich Bane,,0,,,False
Katarina,MIDDLE,components,0,3057 | 3113 | 1026,Lich Bane,,0,0,,False
Katarina,MIDDLE,components,249,3057 | 3113 | 1026,Lich Bane,,0,249,,False
Katarina,MIDDLE,components,250,3057 | 3113 | 1026,Lich Bane,3100 Lich Bane (250),250,0,,False
Katarina,MIDDLE,owned_first,1000,3100,Shadowflame,1052 Amplifying Tome (400) -> 1052 Amplifying Tome (400),800,200,,False
Katarina,MIDDLE,full_slots,250,3057 | 3113 | 1026 | 900001 | 900002 | 900003,Lich Bane,3100 Lich Bane (250),250,0,,False
Katarina,MIDDLE,enemy_armor,1200,3057,Lich Bane,1026 Blasting Wand (850),850,350,,False
Katarina,MIDDLE,enemy_magic,1200,3057,Lich Bane,1026 Blasting Wand (850),850,350,,False
Katarina,MIDDLE,isolated_completion,250,3057 | 3113 | 1026,Lich Bane,3100 Lich Bane (250),,,,False
Katarina,BOTTOM,empty,0,,Kraken Slayer,,0,0,,False
Katarina,BOTTOM,empty,300,,Kraken Slayer,1042 Dagger (250),250,50,,False
Katarina,BOTTOM,empty,1200,,Kraken Slayer,1036 Long Sword (350) -> 1036 Long Sword (350) -> 1036 Long Sword (350),1050,150,,False
Katarina,BOTTOM,empty,unknown,,Kraken Slayer,,0,,,False
Katarina,BOTTOM,components,0,6690 | 3051 | 1043,Kraken Slayer,,0,0,,False
Katarina,BOTTOM,components,324,6690 | 3051 | 1043,Kraken Slayer,,0,324,,False
Katarina,BOTTOM,components,325,6690 | 3051 | 1043,Kraken Slayer,6672 Kraken Slayer (325),325,0,,False
Katarina,BOTTOM,owned_first,1000,6672,Terminus,1036 Long Sword (350) -> 1036 Long Sword (350) -> 1042 Dagger (250),950,50,,False
Katarina,BOTTOM,full_slots,325,6690 | 3051 | 1043 | 900001 | 900002 | 900003,Kraken Slayer,6672 Kraken Slayer (325),325,0,,False
Katarina,BOTTOM,enemy_armor,1200,6690,Kraken Slayer,3051 Hearthbound Axe (1200),1200,0,,False
Katarina,BOTTOM,enemy_magic,1200,6690,Kraken Slayer,3051 Hearthbound Axe (1200),1200,0,,False
Katarina,BOTTOM,isolated_completion,325,6690 | 3051 | 1043,Kraken Slayer,6672 Kraken Slayer (325),,,,False
Katarina,UTILITY,empty,0,,Lich Bane,,0,0,,False
Katarina,UTILITY,empty,300,,Lich Bane,2022 Glowing Mote (250),250,50,,False
Katarina,UTILITY,empty,1200,,Lich Bane,1026 Blasting Wand (850) -> 2022 Glowing Mote (250),1100,100,,False
Katarina,UTILITY,empty,unknown,,Lich Bane,,0,,,False
Katarina,UTILITY,components,0,3057 | 3113 | 1026,Lich Bane,,0,0,,False
Katarina,UTILITY,components,249,3057 | 3113 | 1026,Lich Bane,,0,249,,False
Katarina,UTILITY,components,250,3057 | 3113 | 1026,Lich Bane,3100 Lich Bane (250),250,0,,False
Katarina,UTILITY,owned_first,1000,3100,Shadowflame,1052 Amplifying Tome (400) -> 1052 Amplifying Tome (400),800,200,,False
Katarina,UTILITY,full_slots,250,3057 | 3113 | 1026 | 900001 | 900002 | 900003,Lich Bane,3100 Lich Bane (250),250,0,,False
Katarina,UTILITY,enemy_armor,1200,3057,Lich Bane,1026 Blasting Wand (850),850,350,,False
Katarina,UTILITY,enemy_magic,1200,3057,Lich Bane,1026 Blasting Wand (850),850,350,,False
Katarina,UTILITY,isolated_completion,250,3057 | 3113 | 1026,Lich Bane,3100 Lich Bane (250),,,,False
Kayle,TOP,empty,0,,Nashor's Tooth,,0,0,,False
Kayle,TOP,empty,300,,Nashor's Tooth,1042 Dagger (250),250,50,,False
Kayle,TOP,empty,1200,,Nashor's Tooth,1026 Blasting Wand (850) -> 1042 Dagger (250),1100,100,,False
Kayle,TOP,empty,unknown,,Nashor's Tooth,,0,,,False
Kayle,TOP,components,0,1043 | 1026 | 3108,Nashor's Tooth,,0,0,,False
Kayle,TOP,components,499,1043 | 1026 | 3108,Nashor's Tooth,,0,499,,False
Kayle,TOP,components,500,1043 | 1026 | 3108,Nashor's Tooth,3115 Nashor's Tooth (500),500,0,,False
Kayle,TOP,owned_first,1000,3115,Dusk and Dawn,1026 Blasting Wand (850),850,150,,False
Kayle,TOP,full_slots,500,1043 | 1026 | 3108 | 900001 | 900002 | 900003,Nashor's Tooth,3115 Nashor's Tooth (500),500,0,,False
Kayle,TOP,enemy_armor,1200,1043,Nashor's Tooth,1026 Blasting Wand (850) -> 2022 Glowing Mote (250),1100,100,,False
Kayle,TOP,enemy_magic,1200,1043,Nashor's Tooth,1026 Blasting Wand (850) -> 2022 Glowing Mote (250),1100,100,,False
Kayle,TOP,isolated_completion,500,1043 | 1026 | 3108,Nashor's Tooth,3115 Nashor's Tooth (500),,,,False
Kayle,JUNGLE,empty,0,,Nashor's Tooth,,0,0,,False
Kayle,JUNGLE,empty,300,,Nashor's Tooth,1042 Dagger (250),250,50,,False
Kayle,JUNGLE,empty,1200,,Nashor's Tooth,1026 Blasting Wand (850) -> 1042 Dagger (250),1100,100,,False
Kayle,JUNGLE,empty,unknown,,Nashor's Tooth,,0,,,False
Kayle,JUNGLE,components,0,1043 | 1026 | 3108,Nashor's Tooth,,0,0,,False
Kayle,JUNGLE,components,499,1043 | 1026 | 3108,Nashor's Tooth,,0,499,,False
Kayle,JUNGLE,components,500,1043 | 1026 | 3108,Nashor's Tooth,3115 Nashor's Tooth (500),500,0,,False
Kayle,JUNGLE,owned_first,1000,3115,Dusk and Dawn,1026 Blasting Wand (850),850,150,,False
Kayle,JUNGLE,full_slots,500,1043 | 1026 | 3108 | 900001 | 900002 | 900003,Nashor's Tooth,3115 Nashor's Tooth (500),500,0,,False
Kayle,JUNGLE,enemy_armor,1200,1043,Nashor's Tooth,1026 Blasting Wand (850) -> 2022 Glowing Mote (250),1100,100,,False
Kayle,JUNGLE,enemy_magic,1200,1043,Nashor's Tooth,1026 Blasting Wand (850) -> 2022 Glowing Mote (250),1100,100,,False
Kayle,JUNGLE,isolated_completion,500,1043 | 1026 | 3108,Nashor's Tooth,3115 Nashor's Tooth (500),,,,False
Kayle,MIDDLE,empty,0,,Nashor's Tooth,,0,0,,False
Kayle,MIDDLE,empty,300,,Nashor's Tooth,1042 Dagger (250),250,50,,False
Kayle,MIDDLE,empty,1200,,Nashor's Tooth,1026 Blasting Wand (850) -> 1042 Dagger (250),1100,100,,False
Kayle,MIDDLE,empty,unknown,,Nashor's Tooth,,0,,,False
Kayle,MIDDLE,components,0,1043 | 1026 | 3108,Nashor's Tooth,,0,0,,False
Kayle,MIDDLE,components,499,1043 | 1026 | 3108,Nashor's Tooth,,0,499,,False
Kayle,MIDDLE,components,500,1043 | 1026 | 3108,Nashor's Tooth,3115 Nashor's Tooth (500),500,0,,False
Kayle,MIDDLE,owned_first,1000,3115,Dusk and Dawn,1026 Blasting Wand (850),850,150,,False
Kayle,MIDDLE,full_slots,500,1043 | 1026 | 3108 | 900001 | 900002 | 900003,Nashor's Tooth,3115 Nashor's Tooth (500),500,0,,False
Kayle,MIDDLE,enemy_armor,1200,1043,Nashor's Tooth,1026 Blasting Wand (850) -> 2022 Glowing Mote (250),1100,100,,False
Kayle,MIDDLE,enemy_magic,1200,1043,Nashor's Tooth,1026 Blasting Wand (850) -> 2022 Glowing Mote (250),1100,100,,False
Kayle,MIDDLE,isolated_completion,500,1043 | 1026 | 3108,Nashor's Tooth,3115 Nashor's Tooth (500),,,,False
Kayle,BOTTOM,empty,0,,Nashor's Tooth,,0,0,,False
Kayle,BOTTOM,empty,300,,Nashor's Tooth,1042 Dagger (250),250,50,,False
Kayle,BOTTOM,empty,1200,,Nashor's Tooth,1026 Blasting Wand (850) -> 1042 Dagger (250),1100,100,,False
Kayle,BOTTOM,empty,unknown,,Nashor's Tooth,,0,,,False
Kayle,BOTTOM,components,0,1043 | 1026 | 3108,Nashor's Tooth,,0,0,,False
Kayle,BOTTOM,components,499,1043 | 1026 | 3108,Nashor's Tooth,,0,499,,False
Kayle,BOTTOM,components,500,1043 | 1026 | 3108,Nashor's Tooth,3115 Nashor's Tooth (500),500,0,,False
Kayle,BOTTOM,owned_first,1000,3115,Dusk and Dawn,1026 Blasting Wand (850),850,150,,False
Kayle,BOTTOM,full_slots,500,1043 | 1026 | 3108 | 900001 | 900002 | 900003,Nashor's Tooth,3115 Nashor's Tooth (500),500,0,,False
Kayle,BOTTOM,enemy_armor,1200,1043,Nashor's Tooth,1026 Blasting Wand (850) -> 2022 Glowing Mote (250),1100,100,,False
Kayle,BOTTOM,enemy_magic,1200,1043,Nashor's Tooth,1026 Blasting Wand (850) -> 2022 Glowing Mote (250),1100,100,,False
Kayle,BOTTOM,isolated_completion,500,1043 | 1026 | 3108,Nashor's Tooth,3115 Nashor's Tooth (500),,,,False
Kayle,UTILITY,empty,0,,Moonstone Renewer,,0,0,,False
Kayle,UTILITY,empty,300,,Moonstone Renewer,2022 Glowing Mote (250),250,50,,False
Kayle,UTILITY,empty,1200,,Moonstone Renewer,4642 Bandleglass Mirror (900) -> 2022 Glowing Mote (250),1150,50,,False
Kayle,UTILITY,empty,unknown,,Moonstone Renewer,,0,,,False
Kayle,UTILITY,components,0,3067 | 4642,Moonstone Renewer,,0,0,,False
Kayle,UTILITY,components,499,3067 | 4642,Moonstone Renewer,1042 Dagger (250),250,249,,False
Kayle,UTILITY,components,500,3067 | 4642,Moonstone Renewer,6617 Moonstone Renewer (500),500,0,,False
Kayle,UTILITY,owned_first,1000,6617,Locket of the Iron Solari,1036 Long Sword (350) -> 1036 Long Sword (350) -> 1042 Dagger (250),950,50,,False
Kayle,UTILITY,full_slots,500,3067 | 4642 | 900001 | 900002 | 900003 | 900004,Moonstone Renewer,6617 Moonstone Renewer (500),500,0,,False
Kayle,UTILITY,enemy_armor,1200,3067,Moonstone Renewer,4642 Bandleglass Mirror (900) -> 1042 Dagger (250),1150,50,,False
Kayle,UTILITY,enemy_magic,1200,3067,Moonstone Renewer,4642 Bandleglass Mirror (900) -> 1042 Dagger (250),1150,50,,False
Kayle,UTILITY,isolated_completion,500,3067 | 4642,Moonstone Renewer,6617 Moonstone Renewer (500),,,,False
Kayn,TOP,empty,0,,Essence Reaver,,0,0,,False
Kayn,TOP,empty,300,,Essence Reaver,2022 Glowing Mote (250),250,50,,False
Kayn,TOP,empty,1200,,Essence Reaver,3133 Caulfield's Warhammer (1050),1050,150,,False
Kayn,TOP,empty,unknown,,Essence Reaver,,0,,,False
Kayn,TOP,components,0,3057 | 3133 | 1018,Essence Reaver,,0,0,,False
Kayn,TOP,components,499,3057 | 3133 | 1018,Essence Reaver,,0,499,,False
Kayn,TOP,components,500,3057 | 3133 | 1018,Essence Reaver,3508 Essence Reaver (500),500,0,,False
Kayn,TOP,owned_first,1000,3508,Infinity Edge,1037 Pickaxe (875),875,125,,False
Kayn,TOP,full_slots,500,3057 | 3133 | 1018 | 900001 | 900002 | 900003,Essence Reaver,3508 Essence Reaver (500),500,0,,False
Kayn,TOP,enemy_armor,1200,3057,Essence Reaver,3133 Caulfield's Warhammer (1050),1050,150,,False
Kayn,TOP,enemy_magic,1200,3057,Essence Reaver,3133 Caulfield's Warhammer (1050),1050,150,,False
Kayn,TOP,isolated_completion,500,3057 | 3133 | 1018,Essence Reaver,3508 Essence Reaver (500),,,,False
Kayn,JUNGLE,empty,0,,Voltaic Cyclosword,,0,0,,False
Kayn,JUNGLE,empty,300,,Voltaic Cyclosword,2022 Glowing Mote (250),250,50,,False
Kayn,JUNGLE,empty,1200,,Voltaic Cyclosword,1037 Pickaxe (875) -> 2022 Glowing Mote (250),1125,75,,False
Kayn,JUNGLE,empty,unknown,,Voltaic Cyclosword,,0,,,False
Kayn,JUNGLE,components,0,2020 | 1036 | 1036,Voltaic Cyclosword,,0,0,,False
Kayn,JUNGLE,components,962,2020 | 1036 | 1036,Voltaic Cyclosword,1042 Dagger (250) -> 1042 Dagger (250),500,462,,False
Kayn,JUNGLE,components,963,2020 | 1036 | 1036,Voltaic Cyclosword,6699 Voltaic Cyclosword (963),963,0,,False
Kayn,JUNGLE,owned_first,1000,6699,Bastionbreaker,1037 Pickaxe (875),875,125,,False
Kayn,JUNGLE,full_slots,963,2020 | 1036 | 1036 | 900001 | 900002 | 900003,Voltaic Cyclosword,6699 Voltaic Cyclosword (963),963,0,,False
Kayn,JUNGLE,enemy_armor,1200,2020,Voltaic Cyclosword,1036 Long Sword (350) -> 1036 Long Sword (350) -> 1036 Long Sword (350),1050,150,,False
Kayn,JUNGLE,enemy_magic,1200,2020,Voltaic Cyclosword,1036 Long Sword (350) -> 1036 Long Sword (350) -> 1042 Dagger (250) -> 1042 Dagger (250),1200,0,,False
Kayn,JUNGLE,isolated_completion,963,2020 | 1036 | 1036,Voltaic Cyclosword,6699 Voltaic Cyclosword (963),,,,False
Kayn,MIDDLE,empty,0,,Essence Reaver,,0,0,,False
Kayn,MIDDLE,empty,300,,Essence Reaver,2022 Glowing Mote (250),250,50,,False
Kayn,MIDDLE,empty,1200,,Essence Reaver,3133 Caulfield's Warhammer (1050),1050,150,,False
Kayn,MIDDLE,empty,unknown,,Essence Reaver,,0,,,False
Kayn,MIDDLE,components,0,3057 | 3133 | 1018,Essence Reaver,,0,0,,False
Kayn,MIDDLE,components,499,3057 | 3133 | 1018,Essence Reaver,,0,499,,False
Kayn,MIDDLE,components,500,3057 | 3133 | 1018,Essence Reaver,3508 Essence Reaver (500),500,0,,False
Kayn,MIDDLE,owned_first,1000,3508,Infinity Edge,1037 Pickaxe (875),875,125,,False
Kayn,MIDDLE,full_slots,500,3057 | 3133 | 1018 | 900001 | 900002 | 900003,Essence Reaver,3508 Essence Reaver (500),500,0,,False
Kayn,MIDDLE,enemy_armor,1200,3057,Essence Reaver,3133 Caulfield's Warhammer (1050),1050,150,,False
Kayn,MIDDLE,enemy_magic,1200,3057,Essence Reaver,3133 Caulfield's Warhammer (1050),1050,150,,False
Kayn,MIDDLE,isolated_completion,500,3057 | 3133 | 1018,Essence Reaver,3508 Essence Reaver (500),,,,False
Kayn,BOTTOM,empty,0,,Essence Reaver,,0,0,,False
Kayn,BOTTOM,empty,300,,Essence Reaver,2022 Glowing Mote (250),250,50,,False
Kayn,BOTTOM,empty,1200,,Essence Reaver,3133 Caulfield's Warhammer (1050),1050,150,,False
Kayn,BOTTOM,empty,unknown,,Essence Reaver,,0,,,False
Kayn,BOTTOM,components,0,3057 | 3133 | 1018,Essence Reaver,,0,0,,False
Kayn,BOTTOM,components,499,3057 | 3133 | 1018,Essence Reaver,,0,499,,False
Kayn,BOTTOM,components,500,3057 | 3133 | 1018,Essence Reaver,3508 Essence Reaver (500),500,0,,False
Kayn,BOTTOM,owned_first,1000,3508,Infinity Edge,1037 Pickaxe (875),875,125,,False
Kayn,BOTTOM,full_slots,500,3057 | 3133 | 1018 | 900001 | 900002 | 900003,Essence Reaver,3508 Essence Reaver (500),500,0,,False
Kayn,BOTTOM,enemy_armor,1200,3057,Essence Reaver,3133 Caulfield's Warhammer (1050),1050,150,,False
Kayn,BOTTOM,enemy_magic,1200,3057,Essence Reaver,3133 Caulfield's Warhammer (1050),1050,150,,False
Kayn,BOTTOM,isolated_completion,500,3057 | 3133 | 1018,Essence Reaver,3508 Essence Reaver (500),,,,False
Kayn,UTILITY,empty,0,,Essence Reaver,,0,0,,False
Kayn,UTILITY,empty,300,,Essence Reaver,2022 Glowing Mote (250),250,50,,False
Kayn,UTILITY,empty,1200,,Essence Reaver,3133 Caulfield's Warhammer (1050),1050,150,,False
Kayn,UTILITY,empty,unknown,,Essence Reaver,,0,,,False
Kayn,UTILITY,components,0,3057 | 3133 | 1018,Essence Reaver,,0,0,,False
Kayn,UTILITY,components,499,3057 | 3133 | 1018,Essence Reaver,,0,499,,False
Kayn,UTILITY,components,500,3057 | 3133 | 1018,Essence Reaver,3508 Essence Reaver (500),500,0,,False
Kayn,UTILITY,owned_first,1000,3508,Infinity Edge,1037 Pickaxe (875),875,125,,False
Kayn,UTILITY,full_slots,500,3057 | 3133 | 1018 | 900001 | 900002 | 900003,Essence Reaver,3508 Essence Reaver (500),500,0,,False
Kayn,UTILITY,enemy_armor,1200,3057,Essence Reaver,3133 Caulfield's Warhammer (1050),1050,150,,False
Kayn,UTILITY,enemy_magic,1200,3057,Essence Reaver,3133 Caulfield's Warhammer (1050),1050,150,,False
Kayn,UTILITY,isolated_completion,500,3057 | 3133 | 1018,Essence Reaver,3508 Essence Reaver (500),,,,False
Kennen,TOP,empty,0,,Hextech Rocketbelt,,0,0,,False
Kennen,TOP,empty,300,,Hextech Rocketbelt,2022 Glowing Mote (250),250,50,,False
Kennen,TOP,empty,1200,,Hextech Rocketbelt,1052 Amplifying Tome (400) -> 1052 Amplifying Tome (400) -> 2022 Glowing Mote (250),1050,150,,False
Kennen,TOP,empty,unknown,,Hextech Rocketbelt,,0,,,False
Kennen,TOP,components,0,3145 | 3067 | 1028,Hextech Rocketbelt,,0,0,,False
Kennen,TOP,components,349,3145 | 3067 | 1028,Hextech Rocketbelt,,0,349,,False
Kennen,TOP,components,350,3145 | 3067 | 1028,Hextech Rocketbelt,3152 Hextech Rocketbelt (350),350,0,,False
Kennen,TOP,owned_first,1000,3152,Shadowflame,1052 Amplifying Tome (400) -> 1052 Amplifying Tome (400),800,200,,False
Kennen,TOP,full_slots,350,3145 | 3067 | 1028 | 900001 | 900002 | 900003,Hextech Rocketbelt,3152 Hextech Rocketbelt (350),350,0,,False
Kennen,TOP,enemy_armor,1200,3145,Hextech Rocketbelt,3067 Kindlegem (800) -> 1052 Amplifying Tome (400),1200,0,,False
Kennen,TOP,enemy_magic,1200,3145,Hextech Rocketbelt,3067 Kindlegem (800) -> 1052 Amplifying Tome (400),1200,0,,False
Kennen,TOP,isolated_completion,350,3145 | 3067 | 1028,Hextech Rocketbelt,3152 Hextech Rocketbelt (350),,,,False
Kennen,JUNGLE,empty,0,,Malignance,,0,0,,False
Kennen,JUNGLE,empty,300,,Malignance,2022 Glowing Mote (250),250,50,,False
Kennen,JUNGLE,empty,1200,,Malignance,3802 Lost Chapter (1200),1200,0,,False
Kennen,JUNGLE,empty,unknown,,Malignance,,0,,,False
Kennen,JUNGLE,components,0,3802 | 1026,Malignance,,0,0,,False
Kennen,JUNGLE,components,649,3802 | 1026,Malignance,,0,649,,False
Kennen,JUNGLE,components,650,3802 | 1026,Malignance,3118 Malignance (650),650,0,,False
Kennen,JUNGLE,owned_first,1000,3118,Lich Bane,1026 Blasting Wand (850),850,150,,False
Kennen,JUNGLE,full_slots,650,3802 | 1026 | 900001 | 900002 | 900003 | 900004,Malignance,3118 Malignance (650),650,0,,False
Kennen,JUNGLE,enemy_armor,1200,3802,Malignance,1026 Blasting Wand (850),850,350,,False
Kennen,JUNGLE,enemy_magic,1200,3802,Malignance,1026 Blasting Wand (850),850,350,,False
Kennen,JUNGLE,isolated_completion,650,3802 | 1026,Malignance,3118 Malignance (650),,,,False
Kennen,MIDDLE,empty,0,,Hextech Rocketbelt,,0,0,,False
Kennen,MIDDLE,empty,300,,Hextech Rocketbelt,2022 Glowing Mote (250),250,50,,False
Kennen,MIDDLE,empty,1200,,Hextech Rocketbelt,1052 Amplifying Tome (400) -> 1052 Amplifying Tome (400) -> 2022 Glowing Mote (250),1050,150,,False
Kennen,MIDDLE,empty,unknown,,Hextech Rocketbelt,,0,,,False
Kennen,MIDDLE,components,0,3145 | 3067 | 1028,Hextech Rocketbelt,,0,0,,False
Kennen,MIDDLE,components,349,3145 | 3067 | 1028,Hextech Rocketbelt,,0,349,,False
Kennen,MIDDLE,components,350,3145 | 3067 | 1028,Hextech Rocketbelt,3152 Hextech Rocketbelt (350),350,0,,False
Kennen,MIDDLE,owned_first,1000,3152,Shadowflame,1052 Amplifying Tome (400) -> 1052 Amplifying Tome (400),800,200,,False
Kennen,MIDDLE,full_slots,350,3145 | 3067 | 1028 | 900001 | 900002 | 900003,Hextech Rocketbelt,3152 Hextech Rocketbelt (350),350,0,,False
Kennen,MIDDLE,enemy_armor,1200,3145,Hextech Rocketbelt,3067 Kindlegem (800) -> 1052 Amplifying Tome (400),1200,0,,False
Kennen,MIDDLE,enemy_magic,1200,3145,Hextech Rocketbelt,3067 Kindlegem (800) -> 1052 Amplifying Tome (400),1200,0,,False
Kennen,MIDDLE,isolated_completion,350,3145 | 3067 | 1028,Hextech Rocketbelt,3152 Hextech Rocketbelt (350),,,,False
Kennen,BOTTOM,empty,0,,Shadowflame,,0,0,,False
Kennen,BOTTOM,empty,300,,Shadowflame,,0,300,,False
Kennen,BOTTOM,empty,1200,,Shadowflame,1058 Needlessly Large Rod (1200),1200,0,,False
Kennen,BOTTOM,empty,unknown,,Shadowflame,,0,,,False
Kennen,BOTTOM,components,0,3145 | 1058,Shadowflame,,0,0,,False
Kennen,BOTTOM,components,899,3145 | 1058,Shadowflame,1052 Amplifying Tome (400),400,499,,False
Kennen,BOTTOM,components,900,3145 | 1058,Shadowflame,4645 Shadowflame (900),900,0,,False
Kennen,BOTTOM,owned_first,1000,4645,Hextech Rocketbelt,1052 Amplifying Tome (400) -> 1052 Amplifying Tome (400),800,200,,False
Kennen,BOTTOM,full_slots,900,3145 | 1058 | 900001 | 900002 | 900003 | 900004,Shadowflame,4645 Shadowflame (900),900,0,,False
Kennen,BOTTOM,enemy_armor,1200,3145,Shadowflame,1058 Needlessly Large Rod (1200),1200,0,,False
Kennen,BOTTOM,enemy_magic,1200,3145,Shadowflame,1058 Needlessly Large Rod (1200),1200,0,,False
Kennen,BOTTOM,isolated_completion,900,3145 | 1058,Shadowflame,4645 Shadowflame (900),,,,False
Kennen,UTILITY,empty,0,,Hextech Rocketbelt,,0,0,,False
Kennen,UTILITY,empty,300,,Hextech Rocketbelt,2022 Glowing Mote (250),250,50,,False
Kennen,UTILITY,empty,1200,,Hextech Rocketbelt,1052 Amplifying Tome (400) -> 1052 Amplifying Tome (400) -> 2022 Glowing Mote (250),1050,150,,False
Kennen,UTILITY,empty,unknown,,Hextech Rocketbelt,,0,,,False
Kennen,UTILITY,components,0,3145 | 3067 | 1028,Hextech Rocketbelt,,0,0,,False
Kennen,UTILITY,components,349,3145 | 3067 | 1028,Hextech Rocketbelt,,0,349,,False
Kennen,UTILITY,components,350,3145 | 3067 | 1028,Hextech Rocketbelt,3152 Hextech Rocketbelt (350),350,0,,False
Kennen,UTILITY,owned_first,1000,3152,Stormsurge,1052 Amplifying Tome (400) -> 1052 Amplifying Tome (400),800,200,,False
Kennen,UTILITY,full_slots,350,3145 | 3067 | 1028 | 900001 | 900002 | 900003,Hextech Rocketbelt,3152 Hextech Rocketbelt (350),350,0,,False
Kennen,UTILITY,enemy_armor,1200,3145,Hextech Rocketbelt,3067 Kindlegem (800) -> 1052 Amplifying Tome (400),1200,0,,False
Kennen,UTILITY,enemy_magic,1200,3145,Hextech Rocketbelt,3067 Kindlegem (800) -> 1052 Amplifying Tome (400),1200,0,,False
Kennen,UTILITY,isolated_completion,350,3145 | 3067 | 1028,Hextech Rocketbelt,3152 Hextech Rocketbelt (350),,,,False
Khazix,TOP,empty,0,,Profane Hydra,,0,0,,False
Khazix,TOP,empty,300,,Profane Hydra,2022 Glowing Mote (250),250,50,,False
Khazix,TOP,empty,1200,,Profane Hydra,1037 Pickaxe (875) -> 2022 Glowing Mote (250),1125,75,,False
Khazix,TOP,empty,unknown,,Profane Hydra,,0,,,False
Khazix,TOP,components,0,3077 | 2020,Profane Hydra,,0,0,,False
Khazix,TOP,components,312,3077 | 2020,Profane Hydra,,0,312,,False
Khazix,TOP,components,313,3077 | 2020,Profane Hydra,6698 Profane Hydra (313),313,0,,False
Khazix,TOP,owned_first,1000,6698,Manamune,1036 Long Sword (350) -> 1036 Long Sword (350) -> 2022 Glowing Mote (250),950,50,,False
Khazix,TOP,full_slots,313,3077 | 2020 | 900001 | 900002 | 900003 | 900004,Profane Hydra,6698 Profane Hydra (313),313,0,,False
Khazix,TOP,enemy_armor,1200,3077,Eclipse,1036 Long Sword (350) -> 1036 Long Sword (350) -> 1036 Long Sword (350),1050,150,,False
Khazix,TOP,enemy_magic,1200,3077,Profane Hydra,1037 Pickaxe (875) -> 2022 Glowing Mote (250),1125,75,,False
Khazix,TOP,isolated_completion,313,3077 | 2020,Profane Hydra,6698 Profane Hydra (313),,,,False
Khazix,JUNGLE,empty,0,,Umbral Glaive,,0,0,,False
Khazix,JUNGLE,empty,300,,Umbral Glaive,2022 Glowing Mote (250),250,50,,False
Khazix,JUNGLE,empty,1200,,Umbral Glaive,1036 Long Sword (350) -> 1036 Long Sword (350) -> 1036 Long Sword (350),1050,150,,False
Khazix,JUNGLE,empty,unknown,,Umbral Glaive,,0,,,False
Khazix,JUNGLE,components,0,3134 | 3133,Umbral Glaive,,0,0,,False
Khazix,JUNGLE,components,749,3134 | 3133,Umbral Glaive,,0,749,,False
Khazix,JUNGLE,components,750,3134 | 3133,Umbral Glaive,3179 Umbral Glaive (750),750,0,,False
Khazix,JUNGLE,owned_first,1000,3179,Voltaic Cyclosword,1037 Pickaxe (875),875,125,,False
Khazix,JUNGLE,full_slots,750,3134 | 3133 | 900001 | 900002 | 900003 | 900004,Umbral Glaive,3179 Umbral Glaive (750),750,0,,False
Khazix,JUNGLE,enemy_armor,1200,3134,Umbral Glaive,3133 Caulfield's Warhammer (1050),1050,150,,False
Khazix,JUNGLE,enemy_magic,1200,3134,Umbral Glaive,3133 Caulfield's Warhammer (1050),1050,150,,False
Khazix,JUNGLE,isolated_completion,750,3134 | 3133,Umbral Glaive,3179 Umbral Glaive (750),,,,False
Khazix,MIDDLE,empty,0,,Profane Hydra,,0,0,,False
Khazix,MIDDLE,empty,300,,Profane Hydra,2022 Glowing Mote (250),250,50,,False
Khazix,MIDDLE,empty,1200,,Profane Hydra,1037 Pickaxe (875) -> 2022 Glowing Mote (250),1125,75,,False
Khazix,MIDDLE,empty,unknown,,Profane Hydra,,0,,,False
Khazix,MIDDLE,components,0,3077 | 2020,Profane Hydra,,0,0,,False
Khazix,MIDDLE,components,312,3077 | 2020,Profane Hydra,,0,312,,False
Khazix,MIDDLE,components,313,3077 | 2020,Profane Hydra,6698 Profane Hydra (313),313,0,,False
Khazix,MIDDLE,owned_first,1000,6698,Manamune,1036 Long Sword (350) -> 1036 Long Sword (350) -> 2022 Glowing Mote (250),950,50,,False
Khazix,MIDDLE,full_slots,313,3077 | 2020 | 900001 | 900002 | 900003 | 900004,Profane Hydra,6698 Profane Hydra (313),313,0,,False
Khazix,MIDDLE,enemy_armor,1200,3077,Profane Hydra,1037 Pickaxe (875) -> 2022 Glowing Mote (250),1125,75,,False
Khazix,MIDDLE,enemy_magic,1200,3077,Profane Hydra,1037 Pickaxe (875) -> 2022 Glowing Mote (250),1125,75,,False
Khazix,MIDDLE,isolated_completion,313,3077 | 2020,Profane Hydra,6698 Profane Hydra (313),,,,False
Khazix,BOTTOM,empty,0,,Essence Reaver,,0,0,,False
Khazix,BOTTOM,empty,300,,Essence Reaver,2022 Glowing Mote (250),250,50,,False
Khazix,BOTTOM,empty,1200,,Essence Reaver,3133 Caulfield's Warhammer (1050),1050,150,,False
Khazix,BOTTOM,empty,unknown,,Essence Reaver,,0,,,False
Khazix,BOTTOM,components,0,3057 | 3133 | 1018,Essence Reaver,,0,0,,False
Khazix,BOTTOM,components,499,3057 | 3133 | 1018,Essence Reaver,,0,499,,False
Khazix,BOTTOM,components,500,3057 | 3133 | 1018,Essence Reaver,3508 Essence Reaver (500),500,0,,False
Khazix,BOTTOM,owned_first,1000,3508,Axiom Arc,1037 Pickaxe (875),875,125,,False
Khazix,BOTTOM,full_slots,500,3057 | 3133 | 1018 | 900001 | 900002 | 900003,Essence Reaver,3508 Essence Reaver (500),500,0,,False
Khazix,BOTTOM,enemy_armor,1200,3057,Essence Reaver,3133 Caulfield's Warhammer (1050),1050,150,,False
Khazix,BOTTOM,enemy_magic,1200,3057,Essence Reaver,3133 Caulfield's Warhammer (1050),1050,150,,False
Khazix,BOTTOM,isolated_completion,500,3057 | 3133 | 1018,Essence Reaver,3508 Essence Reaver (500),,,,False
Khazix,UTILITY,empty,0,,Essence Reaver,,0,0,,False
Khazix,UTILITY,empty,300,,Essence Reaver,2022 Glowing Mote (250),250,50,,False
Khazix,UTILITY,empty,1200,,Essence Reaver,3133 Caulfield's Warhammer (1050),1050,150,,False
Khazix,UTILITY,empty,unknown,,Essence Reaver,,0,,,False
Khazix,UTILITY,components,0,3057 | 3133 | 1018,Essence Reaver,,0,0,,False
Khazix,UTILITY,components,499,3057 | 3133 | 1018,Essence Reaver,,0,499,,False
Khazix,UTILITY,components,500,3057 | 3133 | 1018,Essence Reaver,3508 Essence Reaver (500),500,0,,False
Khazix,UTILITY,owned_first,1000,3508,Axiom Arc,1037 Pickaxe (875),875,125,,False
Khazix,UTILITY,full_slots,500,3057 | 3133 | 1018 | 900001 | 900002 | 900003,Essence Reaver,3508 Essence Reaver (500),500,0,,False
Khazix,UTILITY,enemy_armor,1200,3057,Essence Reaver,3133 Caulfield's Warhammer (1050),1050,150,,False
Khazix,UTILITY,enemy_magic,1200,3057,Essence Reaver,3133 Caulfield's Warhammer (1050),1050,150,,False
Khazix,UTILITY,isolated_completion,500,3057 | 3133 | 1018,Essence Reaver,3508 Essence Reaver (500),,,,False
Kindred,TOP,empty,0,,Trinity Force,,0,0,,False
Kindred,TOP,empty,300,,Trinity Force,1042 Dagger (250),250,50,,False
Kindred,TOP,empty,1200,,Trinity Force,3051 Hearthbound Axe (1200),1200,0,,False
Kindred,TOP,empty,unknown,,Trinity Force,,0,,,False
Kindred,TOP,components,0,3057 | 3044 | 3051,Trinity Force,,0,0,,False
Kindred,TOP,components,132,3057 | 3044 | 3051,Trinity Force,,0,132,,False
Kindred,TOP,components,133,3057 | 3044 | 3051,Trinity Force,3078 Trinity Force (133),133,0,,False
Kindred,TOP,owned_first,1000,3078,The Collector,1018 Cloak of Agility (600) -> 1036 Long Sword (350),950,50,,False
Kindred,TOP,full_slots,133,3057 | 3044 | 3051 | 900001 | 900002 | 900003,Trinity Force,3078 Trinity Force (133),133,0,,False
Kindred,TOP,enemy_armor,1200,3057,Trinity Force,3051 Hearthbound Axe (1200),1200,0,,False
Kindred,TOP,enemy_magic,1200,3057,Trinity Force,3051 Hearthbound Axe (1200),1200,0,,False
Kindred,TOP,isolated_completion,133,3057 | 3044 | 3051,Trinity Force,3078 Trinity Force (133),,,,False
Kindred,JUNGLE,empty,0,,Trinity Force,,0,0,,False
Kindred,JUNGLE,empty,300,,Trinity Force,1042 Dagger (250),250,50,,False
Kindred,JUNGLE,empty,1200,,Kraken Slayer,3051 Hearthbound Axe (1200),1200,0,,False
Kindred,JUNGLE,empty,unknown,,Kraken Slayer,,0,,,False
Kindred,JUNGLE,components,0,6690 | 3051 | 1043,Kraken Slayer,,0,0,,False
Kindred,JUNGLE,components,324,6690 | 3051 | 1043,Kraken Slayer,,0,324,,False
Kindred,JUNGLE,components,325,6690 | 3051 | 1043,Kraken Slayer,6672 Kraken Slayer (325),325,0,,False
Kindred,JUNGLE,owned_first,1000,6672,The Collector,1018 Cloak of Agility (600) -> 1036 Long Sword (350),950,50,,False
Kindred,JUNGLE,full_slots,325,6690 | 3051 | 1043 | 900001 | 900002 | 900003,Kraken Slayer,6672 Kraken Slayer (325),325,0,,False
Kindred,JUNGLE,enemy_armor,1200,6690,Kraken Slayer,3051 Hearthbound Axe (1200),1200,0,,False
Kindred,JUNGLE,enemy_magic,1200,6690,Kraken Slayer,3051 Hearthbound Axe (1200),1200,0,,False
Kindred,JUNGLE,isolated_completion,325,6690 | 3051 | 1043,Kraken Slayer,6672 Kraken Slayer (325),,,,False
Kindred,MIDDLE,empty,0,,Kraken Slayer,,0,0,,False
Kindred,MIDDLE,empty,300,,Kraken Slayer,1042 Dagger (250),250,50,,False
Kindred,MIDDLE,empty,1200,,Kraken Slayer,3051 Hearthbound Axe (1200),1200,0,,False
Kindred,MIDDLE,empty,unknown,,Kraken Slayer,,0,,,False
Kindred,MIDDLE,components,0,6690 | 3051 | 1043,Kraken Slayer,,0,0,,False
Kindred,MIDDLE,components,324,6690 | 3051 | 1043,Kraken Slayer,,0,324,,False
Kindred,MIDDLE,components,325,6690 | 3051 | 1043,Kraken Slayer,6672 Kraken Slayer (325),325,0,,False
Kindred,MIDDLE,owned_first,1000,6672,The Collector,1018 Cloak of Agility (600) -> 1036 Long Sword (350),950,50,,False
Kindred,MIDDLE,full_slots,325,6690 | 3051 | 1043 | 900001 | 900002 | 900003,Kraken Slayer,6672 Kraken Slayer (325),325,0,,False
Kindred,MIDDLE,enemy_armor,1200,6690,Kraken Slayer,3051 Hearthbound Axe (1200),1200,0,,False
Kindred,MIDDLE,enemy_magic,1200,6690,Kraken Slayer,3051 Hearthbound Axe (1200),1200,0,,False
Kindred,MIDDLE,isolated_completion,325,6690 | 3051 | 1043,Kraken Slayer,6672 Kraken Slayer (325),,,,False
Kindred,BOTTOM,empty,0,,Kraken Slayer,,0,0,,False
Kindred,BOTTOM,empty,300,,Kraken Slayer,1042 Dagger (250),250,50,,False
Kindred,BOTTOM,empty,1200,,Kraken Slayer,3051 Hearthbound Axe (1200),1200,0,,False
Kindred,BOTTOM,empty,unknown,,Kraken Slayer,,0,,,False
Kindred,BOTTOM,components,0,6690 | 3051 | 1043,Kraken Slayer,,0,0,,False
Kindred,BOTTOM,components,324,6690 | 3051 | 1043,Kraken Slayer,,0,324,,False
Kindred,BOTTOM,components,325,6690 | 3051 | 1043,Kraken Slayer,6672 Kraken Slayer (325),325,0,,False
Kindred,BOTTOM,owned_first,1000,6672,Hexoptics C44,1018 Cloak of Agility (600) -> 1036 Long Sword (350),950,50,,False
Kindred,BOTTOM,full_slots,325,6690 | 3051 | 1043 | 900001 | 900002 | 900003,Kraken Slayer,6672 Kraken Slayer (325),325,0,,False
Kindred,BOTTOM,enemy_armor,1200,6690,Kraken Slayer,3051 Hearthbound Axe (1200),1200,0,,False
Kindred,BOTTOM,enemy_magic,1200,6690,Kraken Slayer,3051 Hearthbound Axe (1200),1200,0,,False
Kindred,BOTTOM,isolated_completion,325,6690 | 3051 | 1043,Kraken Slayer,6672 Kraken Slayer (325),,,,False
Kindred,UTILITY,empty,0,,Essence Reaver,,0,0,,False
Kindred,UTILITY,empty,300,,Essence Reaver,2022 Glowing Mote (250),250,50,,False
Kindred,UTILITY,empty,1200,,Essence Reaver,1018 Cloak of Agility (600) -> 1036 Long Sword (350) -> 2022 Glowing Mote (250),1200,0,,False
Kindred,UTILITY,empty,unknown,,Essence Reaver,,0,,,False
Kindred,UTILITY,components,0,3057 | 3133 | 1018,Essence Reaver,,0,0,,False
Kindred,UTILITY,components,499,3057 | 3133 | 1018,Essence Reaver,,0,499,,False
Kindred,UTILITY,components,500,3057 | 3133 | 1018,Essence Reaver,3508 Essence Reaver (500),500,0,,False
Kindred,UTILITY,owned_first,1000,3508,Infinity Edge,1037 Pickaxe (875),875,125,,False
Kindred,UTILITY,full_slots,500,3057 | 3133 | 1018 | 900001 | 900002 | 900003,Essence Reaver,3508 Essence Reaver (500),500,0,,False
Kindred,UTILITY,enemy_armor,1200,3057,Essence Reaver,1018 Cloak of Agility (600) -> 1036 Long Sword (350) -> 2022 Glowing Mote (250),1200,0,,False
Kindred,UTILITY,enemy_magic,1200,3057,Essence Reaver,1018 Cloak of Agility (600) -> 1036 Long Sword (350) -> 2022 Glowing Mote (250),1200,0,,False
Kindred,UTILITY,isolated_completion,500,3057 | 3133 | 1018,Essence Reaver,3508 Essence Reaver (500),,,,False
Kled,TOP,empty,0,,Titanic Hydra,,0,0,,False
Kled,TOP,empty,300,,Titanic Hydra,,0,300,,False
Kled,TOP,empty,1200,,Titanic Hydra,1036 Long Sword (350) -> 1036 Long Sword (350) -> 1036 Long Sword (350),1050,150,,False
Kled,TOP,empty,unknown,,Titanic Hydra,,0,,,False
Kled,TOP,components,0,3077 | 2021 | 1011,Titanic Hydra,,0,0,,False
Kled,TOP,components,49,3077 | 2021 | 1011,Titanic Hydra,,0,49,,False
Kled,TOP,components,50,3077 | 2021 | 1011,Titanic Hydra,3748 Titanic Hydra (50),50,0,,False
Kled,TOP,owned_first,1000,3748,Hullbreaker,1037 Pickaxe (875),875,125,,False
Kled,TOP,full_slots,50,3077 | 2021 | 1011 | 900001 | 900002 | 900003,Titanic Hydra,3748 Titanic Hydra (50),50,0,,False
Kled,TOP,enemy_armor,1200,3077,Titanic Hydra,2021 Tunneler (1150),1150,50,,False
Kled,TOP,enemy_magic,1200,3077,Titanic Hydra,2021 Tunneler (1150),1150,50,,False
Kled,TOP,isolated_completion,50,3077 | 2021 | 1011,Titanic Hydra,3748 Titanic Hydra (50),,,,False
Kled,JUNGLE,empty,0,,Profane Hydra,,0,0,,False
Kled,JUNGLE,empty,300,,Profane Hydra,2022 Glowing Mote (250),250,50,,False
Kled,JUNGLE,empty,1200,,Profane Hydra,1037 Pickaxe (875) -> 2022 Glowing Mote (250),1125,75,,False
Kled,JUNGLE,empty,unknown,,Profane Hydra,,0,,,False
Kled,JUNGLE,components,0,3077 | 2020,Profane Hydra,,0,0,,False
Kled,JUNGLE,components,312,3077 | 2020,Profane Hydra,,0,312,,False
Kled,JUNGLE,components,313,3077 | 2020,Profane Hydra,6698 Profane Hydra (313),313,0,,False
Kled,JUNGLE,owned_first,1000,6698,Black Cleaver,1037 Pickaxe (875),875,125,,False
Kled,JUNGLE,full_slots,313,3077 | 2020 | 900001 | 900002 | 900003 | 900004,Profane Hydra,6698 Profane Hydra (313),313,0,,False
Kled,JUNGLE,enemy_armor,1200,3077,Profane Hydra,1037 Pickaxe (875) -> 2022 Glowing Mote (250),1125,75,,False
Kled,JUNGLE,enemy_magic,1200,3077,Profane Hydra,1037 Pickaxe (875) -> 2022 Glowing Mote (250),1125,75,,False
Kled,JUNGLE,isolated_completion,313,3077 | 2020,Profane Hydra,6698 Profane Hydra (313),,,,False
Kled,MIDDLE,empty,0,,Titanic Hydra,,0,0,,False
Kled,MIDDLE,empty,300,,Titanic Hydra,,0,300,,False
Kled,MIDDLE,empty,1200,,Titanic Hydra,1036 Long Sword (350) -> 1036 Long Sword (350) -> 1036 Long Sword (350),1050,150,,False
Kled,MIDDLE,empty,unknown,,Titanic Hydra,,0,,,False
Kled,MIDDLE,components,0,3077 | 2021 | 1011,Titanic Hydra,,0,0,,False
Kled,MIDDLE,components,49,3077 | 2021 | 1011,Titanic Hydra,,0,49,,False
Kled,MIDDLE,components,50,3077 | 2021 | 1011,Titanic Hydra,3748 Titanic Hydra (50),50,0,,False
Kled,MIDDLE,owned_first,1000,3748,Black Cleaver,1037 Pickaxe (875),875,125,,False
Kled,MIDDLE,full_slots,50,3077 | 2021 | 1011 | 900001 | 900002 | 900003,Titanic Hydra,3748 Titanic Hydra (50),50,0,,False
Kled,MIDDLE,enemy_armor,1200,3077,Titanic Hydra,2021 Tunneler (1150),1150,50,,False
Kled,MIDDLE,enemy_magic,1200,3077,Titanic Hydra,2021 Tunneler (1150),1150,50,,False
Kled,MIDDLE,isolated_completion,50,3077 | 2021 | 1011,Titanic Hydra,3748 Titanic Hydra (50),,,,False
Kled,BOTTOM,empty,0,,Titanic Hydra,,0,0,,False
Kled,BOTTOM,empty,300,,Titanic Hydra,,0,300,,False
Kled,BOTTOM,empty,1200,,Titanic Hydra,1036 Long Sword (350) -> 1036 Long Sword (350) -> 1036 Long Sword (350),1050,150,,False
Kled,BOTTOM,empty,unknown,,Titanic Hydra,,0,,,False
Kled,BOTTOM,components,0,3077 | 2021 | 1011,Titanic Hydra,,0,0,,False
Kled,BOTTOM,components,49,3077 | 2021 | 1011,Titanic Hydra,,0,49,,False
Kled,BOTTOM,components,50,3077 | 2021 | 1011,Titanic Hydra,3748 Titanic Hydra (50),50,0,,False
Kled,BOTTOM,owned_first,1000,3748,Sterak's Gage,1037 Pickaxe (875),875,125,,False
Kled,BOTTOM,full_slots,50,3077 | 2021 | 1011 | 900001 | 900002 | 900003,Titanic Hydra,3748 Titanic Hydra (50),50,0,,False
Kled,BOTTOM,enemy_armor,1200,3077,Titanic Hydra,2021 Tunneler (1150),1150,50,,False
Kled,BOTTOM,enemy_magic,1200,3077,Titanic Hydra,2021 Tunneler (1150),1150,50,,False
Kled,BOTTOM,isolated_completion,50,3077 | 2021 | 1011,Titanic Hydra,3748 Titanic Hydra (50),,,,False
Kled,UTILITY,empty,0,,Umbral Glaive,,0,0,,False
Kled,UTILITY,empty,300,,Umbral Glaive,2022 Glowing Mote (250),250,50,,False
Kled,UTILITY,empty,1200,,Umbral Glaive,1036 Long Sword (350) -> 1036 Long Sword (350) -> 1036 Long Sword (350),1050,150,,False
Kled,UTILITY,empty,unknown,,Umbral Glaive,,0,,,False
Kled,UTILITY,components,0,3134 | 3133,Umbral Glaive,,0,0,,False
Kled,UTILITY,components,749,3134 | 3133,Umbral Glaive,,0,749,,False
Kled,UTILITY,components,750,3134 | 3133,Umbral Glaive,3179 Umbral Glaive (750),750,0,,False
Kled,UTILITY,owned_first,1000,3179,Axiom Arc,1037 Pickaxe (875),875,125,,False
Kled,UTILITY,full_slots,750,3134 | 3133 | 900001 | 900002 | 900003 | 900004,Umbral Glaive,3179 Umbral Glaive (750),750,0,,False
Kled,UTILITY,enemy_armor,1200,3134,Umbral Glaive,3133 Caulfield's Warhammer (1050),1050,150,,False
Kled,UTILITY,enemy_magic,1200,3134,Umbral Glaive,3133 Caulfield's Warhammer (1050),1050,150,,False
Kled,UTILITY,isolated_completion,750,3134 | 3133,Umbral Glaive,3179 Umbral Glaive (750),,,,False
KogMaw,TOP,empty,0,,Dusk and Dawn,,0,0,,False
KogMaw,TOP,empty,300,,Dusk and Dawn,1042 Dagger (250),250,50,,False
KogMaw,TOP,empty,1200,,Dusk and Dawn,1026 Blasting Wand (850) -> 1042 Dagger (250),1100,100,,False
KogMaw,TOP,empty,unknown,,Dusk and Dawn,,0,,,False
KogMaw,TOP,components,0,3057 | 1026 | 3067 | 1042,Dusk and Dawn,,0,0,,False
KogMaw,TOP,components,299,3057 | 1026 | 3067 | 1042,Dusk and Dawn,1042 Dagger (250),250,49,,False
KogMaw,TOP,components,300,3057 | 1026 | 3067 | 1042,Dusk and Dawn,2510 Dusk and Dawn (300),300,0,,False
KogMaw,TOP,owned_first,1000,2510,Shadowflame,1052 Amplifying Tome (400) -> 1052 Amplifying Tome (400),800,200,,False
KogMaw,TOP,full_slots,300,3057 | 1026 | 3067 | 1042 | 900001 | 900002,Dusk and Dawn,2510 Dusk and Dawn (300),300,0,,False
KogMaw,TOP,enemy_armor,1200,3057,Dusk and Dawn,1026 Blasting Wand (850) -> 1042 Dagger (250),1100,100,,False
KogMaw,TOP,enemy_magic,1200,3057,Dusk and Dawn,1026 Blasting Wand (850) -> 1042 Dagger (250),1100,100,,False
KogMaw,TOP,isolated_completion,300,3057 | 1026 | 3067 | 1042,Dusk and Dawn,2510 Dusk and Dawn (300),,,,False
KogMaw,JUNGLE,empty,0,,Essence Reaver,,0,0,,False
KogMaw,JUNGLE,empty,300,,Essence Reaver,2022 Glowing Mote (250),250,50,,False
KogMaw,JUNGLE,empty,1200,,Essence Reaver,1018 Cloak of Agility (600) -> 1036 Long Sword (350) -> 2022 Glowing Mote (250),1200,0,,False
KogMaw,JUNGLE,empty,unknown,,Essence Reaver,,0,,,False
KogMaw,JUNGLE,components,0,3057 | 3133 | 1018,Essence Reaver,,0,0,,False
KogMaw,JUNGLE,components,499,3057 | 3133 | 1018,Essence Reaver,,0,499,,False
KogMaw,JUNGLE,components,500,3057 | 3133 | 1018,Essence Reaver,3508 Essence Reaver (500),500,0,,False
KogMaw,JUNGLE,owned_first,1000,3508,Infinity Edge,1037 Pickaxe (875),875,125,,False
KogMaw,JUNGLE,full_slots,500,3057 | 3133 | 1018 | 900001 | 900002 | 900003,Essence Reaver,3508 Essence Reaver (500),500,0,,False
KogMaw,JUNGLE,enemy_armor,1200,3057,Essence Reaver,1018 Cloak of Agility (600) -> 1036 Long Sword (350) -> 2022 Glowing Mote (250),1200,0,,False
KogMaw,JUNGLE,enemy_magic,1200,3057,Essence Reaver,1018 Cloak of Agility (600) -> 1036 Long Sword (350) -> 2022 Glowing Mote (250),1200,0,,False
KogMaw,JUNGLE,isolated_completion,500,3057 | 3133 | 1018,Essence Reaver,3508 Essence Reaver (500),,,,False
KogMaw,MIDDLE,empty,0,,Dusk and Dawn,,0,0,,False
KogMaw,MIDDLE,empty,300,,Dusk and Dawn,1042 Dagger (250),250,50,,False
KogMaw,MIDDLE,empty,1200,,Dusk and Dawn,1026 Blasting Wand (850) -> 1042 Dagger (250),1100,100,,False
KogMaw,MIDDLE,empty,unknown,,Dusk and Dawn,,0,,,False
KogMaw,MIDDLE,components,0,3057 | 1026 | 3067 | 1042,Dusk and Dawn,,0,0,,False
KogMaw,MIDDLE,components,299,3057 | 1026 | 3067 | 1042,Dusk and Dawn,1042 Dagger (250),250,49,,False
KogMaw,MIDDLE,components,300,3057 | 1026 | 3067 | 1042,Dusk and Dawn,2510 Dusk and Dawn (300),300,0,,False
KogMaw,MIDDLE,owned_first,1000,2510,Shadowflame,1052 Amplifying Tome (400) -> 1052 Amplifying Tome (400),800,200,,False
KogMaw,MIDDLE,full_slots,300,3057 | 1026 | 3067 | 1042 | 900001 | 900002,Dusk and Dawn,2510 Dusk and Dawn (300),300,0,,False
KogMaw,MIDDLE,enemy_armor,1200,3057,Dusk and Dawn,1026 Blasting Wand (850) -> 1042 Dagger (250),1100,100,,False
KogMaw,MIDDLE,enemy_magic,1200,3057,Dusk and Dawn,1026 Blasting Wand (850) -> 1042 Dagger (250),1100,100,,False
KogMaw,MIDDLE,isolated_completion,300,3057 | 1026 | 3067 | 1042,Dusk and Dawn,2510 Dusk and Dawn (300),,,,False
KogMaw,BOTTOM,empty,0,,Dusk and Dawn,,0,0,,False
KogMaw,BOTTOM,empty,300,,Dusk and Dawn,1042 Dagger (250),250,50,,False
KogMaw,BOTTOM,empty,1200,,Dusk and Dawn,1026 Blasting Wand (850) -> 1042 Dagger (250),1100,100,,False
KogMaw,BOTTOM,empty,unknown,,Guinsoo's Rageblade,,0,,,False
KogMaw,BOTTOM,components,0,1052 | 1043 | 1037,Guinsoo's Rageblade,,0,0,,False
KogMaw,BOTTOM,components,1024,1052 | 1043 | 1037,Guinsoo's Rageblade,1042 Dagger (250) -> 1042 Dagger (250) -> 1042 Dagger (250),750,274,,False
KogMaw,BOTTOM,components,1025,1052 | 1043 | 1037,Guinsoo's Rageblade,3124 Guinsoo's Rageblade (1025),1025,0,,False
KogMaw,BOTTOM,owned_first,1000,3124,Navori Flickerblade,1018 Cloak of Agility (600) -> 1042 Dagger (250),850,150,,False
KogMaw,BOTTOM,full_slots,1025,1052 | 1043 | 1037 | 900001 | 900002 | 900003,Guinsoo's Rageblade,3124 Guinsoo's Rageblade (1025),1025,0,,False
KogMaw,BOTTOM,enemy_armor,1200,1052,Blade of The Ruined King,1037 Pickaxe (875) -> 1042 Dagger (250),1125,75,,False
KogMaw,BOTTOM,enemy_magic,1200,1052,Guinsoo's Rageblade,1037 Pickaxe (875) -> 1042 Dagger (250),1125,75,,False
KogMaw,BOTTOM,isolated_completion,1025,1052 | 1043 | 1037,Guinsoo's Rageblade,3124 Guinsoo's Rageblade (1025),,,,False
KogMaw,UTILITY,empty,0,,Blackfire Torch,,0,0,,False
KogMaw,UTILITY,empty,300,,Blackfire Torch,1027 Sapphire Crystal (300),300,0,,False
KogMaw,UTILITY,empty,1200,,Blackfire Torch,3802 Lost Chapter (1200),1200,0,,False
KogMaw,UTILITY,empty,unknown,,Blackfire Torch,,0,,,False
KogMaw,UTILITY,components,0,3802 | 2508,Blackfire Torch,,0,0,,False
KogMaw,UTILITY,components,699,3802 | 2508,Blackfire Torch,1042 Dagger (250) -> 1042 Dagger (250),500,199,,False
KogMaw,UTILITY,components,700,3802 | 2508,Blackfire Torch,2503 Blackfire Torch (700),700,0,,False
KogMaw,UTILITY,owned_first,1000,2503,Shadowflame,1052 Amplifying Tome (400) -> 1052 Amplifying Tome (400),800,200,,False
KogMaw,UTILITY,full_slots,700,3802 | 2508 | 900001 | 900002 | 900003 | 900004,Blackfire Torch,2503 Blackfire Torch (700),700,0,,False
KogMaw,UTILITY,enemy_armor,1200,3802,Blackfire Torch,2508 Fated Ashes (900) -> 1042 Dagger (250),1150,50,,False
KogMaw,UTILITY,enemy_magic,1200,3802,Blackfire Torch,2508 Fated Ashes (900) -> 1042 Dagger (250),1150,50,,False
KogMaw,UTILITY,isolated_completion,700,3802 | 2508,Blackfire Torch,2503 Blackfire Torch (700),,,,False
Leblanc,TOP,empty,0,,Luden's Echo,,0,0,,False
Leblanc,TOP,empty,300,,Luden's Echo,2022 Glowing Mote (250),250,50,,False
Leblanc,TOP,empty,1200,,Luden's Echo,3802 Lost Chapter (1200),1200,0,,False
Leblanc,TOP,empty,unknown,,Luden's Echo,,0,,,False
Leblanc,TOP,components,0,3802 | 3145,Luden's Echo,,0,0,,False
Leblanc,TOP,components,449,3802 | 3145,Luden's Echo,,0,449,,False
Leblanc,TOP,components,450,3802 | 3145,Luden's Echo,6655 Luden's Echo (450),450,0,,False
Leblanc,TOP,owned_first,1000,6655,Shadowflame,1052 Amplifying Tome (400) -> 1052 Amplifying Tome (400),800,200,,False
Leblanc,TOP,full_slots,450,3802 | 3145 | 900001 | 900002 | 900003 | 900004,Luden's Echo,6655 Luden's Echo (450),450,0,,False
Leblanc,TOP,enemy_armor,1200,3802,Luden's Echo,3145 Hextech Alternator (1100),1100,100,,False
Leblanc,TOP,enemy_magic,1200,3802,Luden's Echo,3145 Hextech Alternator (1100),1100,100,,False
Leblanc,TOP,isolated_completion,450,3802 | 3145,Luden's Echo,6655 Luden's Echo (450),,,,False
Leblanc,JUNGLE,empty,0,,Luden's Echo,,0,0,,False
Leblanc,JUNGLE,empty,300,,Luden's Echo,2022 Glowing Mote (250),250,50,,False
Leblanc,JUNGLE,empty,1200,,Luden's Echo,3802 Lost Chapter (1200),1200,0,,False
Leblanc,JUNGLE,empty,unknown,,Luden's Echo,,0,,,False
Leblanc,JUNGLE,components,0,3802 | 3145,Luden's Echo,,0,0,,False
Leblanc,JUNGLE,components,449,3802 | 3145,Luden's Echo,,0,449,,False
Leblanc,JUNGLE,components,450,3802 | 3145,Luden's Echo,6655 Luden's Echo (450),450,0,,False
Leblanc,JUNGLE,owned_first,1000,6655,Shadowflame,1052 Amplifying Tome (400) -> 1052 Amplifying Tome (400),800,200,,False
Leblanc,JUNGLE,full_slots,450,3802 | 3145 | 900001 | 900002 | 900003 | 900004,Luden's Echo,6655 Luden's Echo (450),450,0,,False
Leblanc,JUNGLE,enemy_armor,1200,3802,Luden's Echo,3145 Hextech Alternator (1100),1100,100,,False
Leblanc,JUNGLE,enemy_magic,1200,3802,Luden's Echo,3145 Hextech Alternator (1100),1100,100,,False
Leblanc,JUNGLE,isolated_completion,450,3802 | 3145,Luden's Echo,6655 Luden's Echo (450),,,,False
Leblanc,MIDDLE,empty,0,,Luden's Echo,,0,0,,False
Leblanc,MIDDLE,empty,300,,Luden's Echo,2022 Glowing Mote (250),250,50,,False
Leblanc,MIDDLE,empty,1200,,Luden's Echo,3802 Lost Chapter (1200),1200,0,,False
Leblanc,MIDDLE,empty,unknown,,Luden's Echo,,0,,,False
Leblanc,MIDDLE,components,0,3802 | 3145,Luden's Echo,,0,0,,False
Leblanc,MIDDLE,components,449,3802 | 3145,Luden's Echo,,0,449,,False
Leblanc,MIDDLE,components,450,3802 | 3145,Luden's Echo,6655 Luden's Echo (450),450,0,,False
Leblanc,MIDDLE,owned_first,1000,6655,Mejai's Soulstealer,1082 Dark Seal (350) -> 1052 Amplifying Tome (400) -> 2022 Glowing Mote (250),1000,0,,False
Leblanc,MIDDLE,full_slots,450,3802 | 3145 | 900001 | 900002 | 900003 | 900004,Luden's Echo,6655 Luden's Echo (450),450,0,,False
Leblanc,MIDDLE,enemy_armor,1200,3802,Luden's Echo,3145 Hextech Alternator (1100),1100,100,,False
Leblanc,MIDDLE,enemy_magic,1200,3802,Luden's Echo,3145 Hextech Alternator (1100),1100,100,,False
Leblanc,MIDDLE,isolated_completion,450,3802 | 3145,Luden's Echo,6655 Luden's Echo (450),,,,False
Leblanc,BOTTOM,empty,0,,Hextech Gunblade,,0,0,,False
Leblanc,BOTTOM,empty,300,,Hextech Gunblade,,0,300,,False
Leblanc,BOTTOM,empty,1200,,Hextech Gunblade,1052 Amplifying Tome (400) -> 1052 Amplifying Tome (400) -> 1052 Amplifying Tome (400),1200,0,,False
Leblanc,BOTTOM,empty,unknown,,Hextech Gunblade,,0,,,False
Leblanc,BOTTOM,components,0,1053 | 3145 | 1052,Hextech Gunblade,,0,0,,False
Leblanc,BOTTOM,components,599,1053 | 3145 | 1052,Hextech Gunblade,,0,599,,False
Leblanc,BOTTOM,components,600,1053 | 3145 | 1052,Hextech Gunblade,3146 Hextech Gunblade (600),600,0,,False
Leblanc,BOTTOM,owned_first,1000,3146,Shadowflame,1052 Amplifying Tome (400) -> 1052 Amplifying Tome (400),800,200,,False
Leblanc,BOTTOM,full_slots,600,1053 | 3145 | 1052 | 900001 | 900002 | 900003,Hextech Gunblade,3146 Hextech Gunblade (600),600,0,,False
Leblanc,BOTTOM,enemy_armor,1200,1053,Hextech Gunblade,1052 Amplifying Tome (400) -> 1052 Amplifying Tome (400) -> 1052 Amplifying Tome (400),1200,0,,False
Leblanc,BOTTOM,enemy_magic,1200,1053,Hextech Gunblade,1052 Amplifying Tome (400) -> 1052 Amplifying Tome (400) -> 1052 Amplifying Tome (400),1200,0,,False
Leblanc,BOTTOM,isolated_completion,600,1053 | 3145 | 1052,Hextech Gunblade,3146 Hextech Gunblade (600),,,,False
Leblanc,UTILITY,empty,0,,Stormsurge,,0,0,,False
Leblanc,UTILITY,empty,300,,Stormsurge,,0,300,,False
Leblanc,UTILITY,empty,1200,,Stormsurge,1052 Amplifying Tome (400) -> 1052 Amplifying Tome (400) -> 1052 Amplifying Tome (400),1200,0,,False
Leblanc,UTILITY,empty,unknown,,Stormsurge,,0,,,False
Leblanc,UTILITY,components,0,3145 | 3113,Stormsurge,,0,0,,False
Leblanc,UTILITY,components,799,3145 | 3113,Stormsurge,1052 Amplifying Tome (400),400,399,,False
Leblanc,UTILITY,components,800,3145 | 3113,Stormsurge,4646 Stormsurge (800),800,0,,False
Leblanc,UTILITY,owned_first,1000,4646,Shadowflame,1052 Amplifying Tome (400) -> 1052 Amplifying Tome (400),800,200,,False
Leblanc,UTILITY,full_slots,800,3145 | 3113 | 900001 | 900002 | 900003 | 900004,Stormsurge,4646 Stormsurge (800),800,0,,False
Leblanc,UTILITY,enemy_armor,1200,3145,Stormsurge,3113 Aether Wisp (900),900,300,,False
Leblanc,UTILITY,enemy_magic,1200,3145,Stormsurge,3113 Aether Wisp (900),900,300,,False
Leblanc,UTILITY,isolated_completion,800,3145 | 3113,Stormsurge,4646 Stormsurge (800),,,,False
LeeSin,TOP,empty,0,,Eclipse,,0,0,,False
LeeSin,TOP,empty,300,,Eclipse,2022 Glowing Mote (250),250,50,,False
LeeSin,TOP,empty,1200,,Eclipse,1036 Long Sword (350) -> 1036 Long Sword (350) -> 1036 Long Sword (350),1050,150,,False
LeeSin,TOP,empty,unknown,,Eclipse,,0,,,False
LeeSin,TOP,components,0,3133 | 1037 | 1036,Eclipse,,0,0,,False
LeeSin,TOP,components,624,3133 | 1037 | 1036,Eclipse,,0,624,,False
LeeSin,TOP,components,625,3133 | 1037 | 1036,Eclipse,6692 Eclipse (625),625,0,,False
LeeSin,TOP,owned_first,1000,6692,Sundered Sky,1036 Long Sword (350) -> 1036 Long Sword (350) -> 2022 Glowing Mote (250),950,50,,False
LeeSin,TOP,full_slots,625,3133 | 1037 | 1036 | 900001 | 900002 | 900003,Eclipse,6692 Eclipse (625),625,0,,False
LeeSin,TOP,enemy_armor,1200,3133,Eclipse,1037 Pickaxe (875),875,325,,False
LeeSin,TOP,enemy_magic,1200,3133,Eclipse,1037 Pickaxe (875),875,325,,False
LeeSin,TOP,isolated_completion,625,3133 | 1037 | 1036,Eclipse,6692 Eclipse (625),,,,False
LeeSin,JUNGLE,empty,0,,Eclipse,,0,0,,False
LeeSin,JUNGLE,empty,300,,Eclipse,2022 Glowing Mote (250),250,50,,False
LeeSin,JUNGLE,empty,1200,,Eclipse,1036 Long Sword (350) -> 1036 Long Sword (350) -> 1036 Long Sword (350),1050,150,,False
LeeSin,JUNGLE,empty,unknown,,Eclipse,,0,,,False
LeeSin,JUNGLE,components,0,3133 | 1037 | 1036,Eclipse,,0,0,,False
LeeSin,JUNGLE,components,624,3133 | 1037 | 1036,Eclipse,,0,624,,False
LeeSin,JUNGLE,components,625,3133 | 1037 | 1036,Eclipse,6692 Eclipse (625),625,0,,False
LeeSin,JUNGLE,owned_first,1000,6692,Black Cleaver,1037 Pickaxe (875),875,125,,False
LeeSin,JUNGLE,full_slots,625,3133 | 1037 | 1036 | 900001 | 900002 | 900003,Eclipse,6692 Eclipse (625),625,0,,False
LeeSin,JUNGLE,enemy_armor,1200,3133,Eclipse,1037 Pickaxe (875),875,325,,False
LeeSin,JUNGLE,enemy_magic,1200,3133,Eclipse,1037 Pickaxe (875),875,325,,False
LeeSin,JUNGLE,isolated_completion,625,3133 | 1037 | 1036,Eclipse,6692 Eclipse (625),,,,False
LeeSin,MIDDLE,empty,0,,Profane Hydra,,0,0,,False
LeeSin,MIDDLE,empty,300,,Profane Hydra,2022 Glowing Mote (250),250,50,,False
LeeSin,MIDDLE,empty,1200,,Profane Hydra,1037 Pickaxe (875) -> 2022 Glowing Mote (250),1125,75,,False
LeeSin,MIDDLE,empty,unknown,,Profane Hydra,,0,,,False
LeeSin,MIDDLE,components,0,3077 | 2020,Profane Hydra,,0,0,,False
LeeSin,MIDDLE,components,312,3077 | 2020,Profane Hydra,,0,312,,False
LeeSin,MIDDLE,components,313,3077 | 2020,Profane Hydra,6698 Profane Hydra (313),313,0,,False
LeeSin,MIDDLE,owned_first,1000,6698,Voltaic Cyclosword,1037 Pickaxe (875),875,125,,False
LeeSin,MIDDLE,full_slots,313,3077 | 2020 | 900001 | 900002 | 900003 | 900004,Profane Hydra,6698 Profane Hydra (313),313,0,,False
LeeSin,MIDDLE,enemy_armor,1200,3077,Profane Hydra,1037 Pickaxe (875) -> 2022 Glowing Mote (250),1125,75,,False
LeeSin,MIDDLE,enemy_magic,1200,3077,Profane Hydra,1037 Pickaxe (875) -> 2022 Glowing Mote (250),1125,75,,False
LeeSin,MIDDLE,isolated_completion,313,3077 | 2020,Profane Hydra,6698 Profane Hydra (313),,,,False
LeeSin,BOTTOM,empty,0,,Axiom Arc,,0,0,,False
LeeSin,BOTTOM,empty,300,,Axiom Arc,2022 Glowing Mote (250),250,50,,False
LeeSin,BOTTOM,empty,1200,,Axiom Arc,1037 Pickaxe (875) -> 2022 Glowing Mote (250),1125,75,,False
LeeSin,BOTTOM,empty,unknown,,Axiom Arc,,0,,,False
LeeSin,BOTTOM,components,0,2020 | 3133,Axiom Arc,,0,0,,False
LeeSin,BOTTOM,components,362,2020 | 3133,Axiom Arc,,0,362,,False
LeeSin,BOTTOM,components,363,2020 | 3133,Axiom Arc,6696 Axiom Arc (363),363,0,,False
LeeSin,BOTTOM,owned_first,1000,6696,Umbral Glaive,3134 Serrated Dirk (1000),1000,0,,False
LeeSin,BOTTOM,full_slots,363,2020 | 3133 | 900001 | 900002 | 900003 | 900004,Axiom Arc,6696 Axiom Arc (363),363,0,,False
LeeSin,BOTTOM,enemy_armor,1200,2020,Axiom Arc,3133 Caulfield's Warhammer (1050),1050,150,,False
LeeSin,BOTTOM,enemy_magic,1200,2020,Axiom Arc,3133 Caulfield's Warhammer (1050),1050,150,,False
LeeSin,BOTTOM,isolated_completion,363,2020 | 3133,Axiom Arc,6696 Axiom Arc (363),,,,False
LeeSin,UTILITY,empty,0,,Hubris,,0,0,,False
LeeSin,UTILITY,empty,300,,Hubris,2022 Glowing Mote (250),250,50,,False
LeeSin,UTILITY,empty,1200,,Hubris,1036 Long Sword (350) -> 1036 Long Sword (350) -> 1036 Long Sword (350),1050,150,,False
LeeSin,UTILITY,empty,unknown,,Hubris,,0,,,False
LeeSin,UTILITY,components,0,3134 | 3133,Hubris,,0,0,,False
LeeSin,UTILITY,components,749,3134 | 3133,Hubris,,0,749,,False
LeeSin,UTILITY,components,750,3134 | 3133,Hubris,6697 Hubris (750),750,0,,False
LeeSin,UTILITY,owned_first,1000,6697,Umbral Glaive,3134 Serrated Dirk (1000),1000,0,,False
LeeSin,UTILITY,full_slots,750,3134 | 3133 | 900001 | 900002 | 900003 | 900004,Hubris,6697 Hubris (750),750,0,,False
LeeSin,UTILITY,enemy_armor,1200,3134,Hubris,3133 Caulfield's Warhammer (1050),1050,150,,False
LeeSin,UTILITY,enemy_magic,1200,3134,Hubris,3133 Caulfield's Warhammer (1050),1050,150,,False
LeeSin,UTILITY,isolated_completion,750,3134 | 3133,Hubris,6697 Hubris (750),,,,False
Leona,TOP,empty,0,,Winter's Approach,,0,0,,False
Leona,TOP,empty,300,,Winter's Approach,2022 Glowing Mote (250),250,50,,False
Leona,TOP,empty,1200,,Winter's Approach,3067 Kindlegem (800) -> 1028 Ruby Crystal (400),1200,0,,False
Leona,TOP,empty,unknown,,Winter's Approach,,0,,,False
Leona,TOP,components,0,3070 | 1011 | 3067,Winter's Approach,,0,0,,False
Leona,TOP,components,299,3070 | 1011 | 3067,Winter's Approach,,0,299,,False
Leona,TOP,components,300,3070 | 1011 | 3067,Winter's Approach,3119 Winter's Approach (300),300,0,,False
Leona,TOP,owned_first,1000,3119,Protoplasm Harness,1011 Giant's Belt (900),900,100,,False
Leona,TOP,full_slots,300,3070 | 1011 | 3067 | 900001 | 900002 | 900003,Winter's Approach,3119 Winter's Approach (300),300,0,,False
Leona,TOP,enemy_armor,1200,3070,Frozen Heart,3024 Glacial Buckler (900) -> 1029 Cloth Armor (300),1200,0,,False
Leona,TOP,enemy_magic,1200,3070,Kaenic Rookern,1033 Null-Magic Mantle (400) -> 1033 Null-Magic Mantle (400) -> 1028 Ruby Crystal (400),1200,0,,False
Leona,TOP,isolated_completion,300,3070 | 1011 | 3067,Winter's Approach,3119 Winter's Approach (300),,,,False
Leona,JUNGLE,empty,0,,Winter's Approach,,0,0,,False
Leona,JUNGLE,empty,300,,Winter's Approach,2022 Glowing Mote (250),250,50,,False
Leona,JUNGLE,empty,1200,,Winter's Approach,3067 Kindlegem (800) -> 1028 Ruby Crystal (400),1200,0,,False
Leona,JUNGLE,empty,unknown,,Winter's Approach,,0,,,False
Leona,JUNGLE,components,0,3070 | 1011 | 3067,Winter's Approach,,0,0,,False
Leona,JUNGLE,components,299,3070 | 1011 | 3067,Winter's Approach,,0,299,,False
Leona,JUNGLE,components,300,3070 | 1011 | 3067,Winter's Approach,3119 Winter's Approach (300),300,0,,False
Leona,JUNGLE,owned_first,1000,3119,Protoplasm Harness,1011 Giant's Belt (900),900,100,,False
Leona,JUNGLE,full_slots,300,3070 | 1011 | 3067 | 900001 | 900002 | 900003,Winter's Approach,3119 Winter's Approach (300),300,0,,False
Leona,JUNGLE,enemy_armor,1200,3070,Frozen Heart,3024 Glacial Buckler (900) -> 1029 Cloth Armor (300),1200,0,,False
Leona,JUNGLE,enemy_magic,1200,3070,Kaenic Rookern,1033 Null-Magic Mantle (400) -> 1033 Null-Magic Mantle (400) -> 1028 Ruby Crystal (400),1200,0,,False
Leona,JUNGLE,isolated_completion,300,3070 | 1011 | 3067,Winter's Approach,3119 Winter's Approach (300),,,,False
Leona,MIDDLE,empty,0,,Winter's Approach,,0,0,,False
Leona,MIDDLE,empty,300,,Winter's Approach,2022 Glowing Mote (250),250,50,,False
Leona,MIDDLE,empty,1200,,Winter's Approach,3067 Kindlegem (800) -> 1028 Ruby Crystal (400),1200,0,,False
Leona,MIDDLE,empty,unknown,,Winter's Approach,,0,,,False
Leona,MIDDLE,components,0,3070 | 1011 | 3067,Winter's Approach,,0,0,,False
Leona,MIDDLE,components,299,3070 | 1011 | 3067,Winter's Approach,,0,299,,False
Leona,MIDDLE,components,300,3070 | 1011 | 3067,Winter's Approach,3119 Winter's Approach (300),300,0,,False
Leona,MIDDLE,owned_first,1000,3119,Protoplasm Harness,1011 Giant's Belt (900),900,100,,False
Leona,MIDDLE,full_slots,300,3070 | 1011 | 3067 | 900001 | 900002 | 900003,Winter's Approach,3119 Winter's Approach (300),300,0,,False
Leona,MIDDLE,enemy_armor,1200,3070,Frozen Heart,3024 Glacial Buckler (900) -> 1029 Cloth Armor (300),1200,0,,False
Leona,MIDDLE,enemy_magic,1200,3070,Kaenic Rookern,1033 Null-Magic Mantle (400) -> 1033 Null-Magic Mantle (400) -> 1028 Ruby Crystal (400),1200,0,,False
Leona,MIDDLE,isolated_completion,300,3070 | 1011 | 3067,Winter's Approach,3119 Winter's Approach (300),,,,False
Leona,BOTTOM,empty,0,,Winter's Approach,,0,0,,False
Leona,BOTTOM,empty,300,,Winter's Approach,2022 Glowing Mote (250),250,50,,False
Leona,BOTTOM,empty,1200,,Winter's Approach,3067 Kindlegem (800) -> 1028 Ruby Crystal (400),1200,0,,False
Leona,BOTTOM,empty,unknown,,Winter's Approach,,0,,,False
Leona,BOTTOM,components,0,3070 | 1011 | 3067,Winter's Approach,,0,0,,False
Leona,BOTTOM,components,299,3070 | 1011 | 3067,Winter's Approach,,0,299,,False
Leona,BOTTOM,components,300,3070 | 1011 | 3067,Winter's Approach,3119 Winter's Approach (300),300,0,,False
Leona,BOTTOM,owned_first,1000,3119,Protoplasm Harness,1011 Giant's Belt (900),900,100,,False
Leona,BOTTOM,full_slots,300,3070 | 1011 | 3067 | 900001 | 900002 | 900003,Winter's Approach,3119 Winter's Approach (300),300,0,,False
Leona,BOTTOM,enemy_armor,1200,3070,Frozen Heart,3024 Glacial Buckler (900) -> 1029 Cloth Armor (300),1200,0,,False
Leona,BOTTOM,enemy_magic,1200,3070,Kaenic Rookern,1033 Null-Magic Mantle (400) -> 1033 Null-Magic Mantle (400) -> 1028 Ruby Crystal (400),1200,0,,False
Leona,BOTTOM,isolated_completion,300,3070 | 1011 | 3067,Winter's Approach,3119 Winter's Approach (300),,,,False
Leona,UTILITY,empty,0,,Locket of the Iron Solari,,0,0,,False
Leona,UTILITY,empty,300,,Locket of the Iron Solari,2022 Glowing Mote (250),250,50,,False
Leona,UTILITY,empty,1200,,Locket of the Iron Solari,3067 Kindlegem (800) -> 1028 Ruby Crystal (400),1200,0,,False
Leona,UTILITY,empty,unknown,,Locket of the Iron Solari,,0,,,False
Leona,UTILITY,components,0,3067 | 1029 | 1033,Locket of the Iron Solari,,0,0,,False
Leona,UTILITY,components,699,3067 | 1029 | 1033,Locket of the Iron Solari,1028 Ruby Crystal (400) -> 2022 Glowing Mote (250),650,49,,False
Leona,UTILITY,components,700,3067 | 1029 | 1033,Locket of the Iron Solari,1028 Ruby Crystal (400) -> 2022 Glowing Mote (250),650,50,,False
Leona,UTILITY,owned_first,1000,3190,Knight's Vow,3067 Kindlegem (800),800,200,,False
Leona,UTILITY,full_slots,700,3067 | 1029 | 1033 | 900001 | 900002 | 900003,Locket of the Iron Solari,3190 Locket of the Iron Solari (700),700,0,,False
Leona,UTILITY,enemy_armor,1200,3067,Locket of the Iron Solari,1033 Null-Magic Mantle (400) -> 1029 Cloth Armor (300),700,500,,False
Leona,UTILITY,enemy_magic,1200,3067,Locket of the Iron Solari,1033 Null-Magic Mantle (400) -> 1033 Null-Magic Mantle (400) -> 1029 Cloth Armor (300),1100,100,,False
Leona,UTILITY,isolated_completion,700,3067 | 1029 | 1033,Locket of the Iron Solari,3190 Locket of the Iron Solari (700),,,,False
Lillia,TOP,empty,0,,Blackfire Torch,,0,0,,False
Lillia,TOP,empty,300,,Blackfire Torch,1027 Sapphire Crystal (300),300,0,,False
Lillia,TOP,empty,1200,,Blackfire Torch,3802 Lost Chapter (1200),1200,0,,False
Lillia,TOP,empty,unknown,,Blackfire Torch,,0,,,False
Lillia,TOP,components,0,3802 | 2508,Blackfire Torch,,0,0,,False
Lillia,TOP,components,699,3802 | 2508,Blackfire Torch,,0,699,,False
Lillia,TOP,components,700,3802 | 2508,Blackfire Torch,2503 Blackfire Torch (700),700,0,,False
Lillia,TOP,owned_first,1000,2503,Liandry's Torment,1052 Amplifying Tome (400) -> 1052 Amplifying Tome (400),800,200,,False
Lillia,TOP,full_slots,700,3802 | 2508 | 900001 | 900002 | 900003 | 900004,Blackfire Torch,2503 Blackfire Torch (700),700,0,,False
Lillia,TOP,enemy_armor,1200,3802,Blackfire Torch,2508 Fated Ashes (900),900,300,,False
Lillia,TOP,enemy_magic,1200,3802,Blackfire Torch,2508 Fated Ashes (900),900,300,,False
Lillia,TOP,isolated_completion,700,3802 | 2508,Blackfire Torch,2503 Blackfire Torch (700),,,,False
Lillia,JUNGLE,empty,0,,Liandry's Torment,,0,0,,False
Lillia,JUNGLE,empty,300,,Liandry's Torment,,0,300,,False
Lillia,JUNGLE,empty,1200,,Liandry's Torment,1052 Amplifying Tome (400) -> 1052 Amplifying Tome (400) -> 1028 Ruby Crystal (400),1200,0,,False
Lillia,JUNGLE,empty,unknown,,Liandry's Torment,,0,,,False
Lillia,JUNGLE,components,0,3147 | 2508,Liandry's Torment,,0,0,,False
Lillia,JUNGLE,components,799,3147 | 2508,Liandry's Torment,1052 Amplifying Tome (400),400,399,,False
Lillia,JUNGLE,components,800,3147 | 2508,Liandry's Torment,6653 Liandry's Torment (800),800,0,,False
Lillia,JUNGLE,owned_first,1000,6653,Riftmaker,3108 Fiendish Codex (850),850,150,,False
Lillia,JUNGLE,full_slots,800,3147 | 2508 | 900001 | 900002 | 900003 | 900004,Liandry's Torment,6653 Liandry's Torment (800),800,0,,False
Lillia,JUNGLE,enemy_armor,1200,3147,Liandry's Torment,2508 Fated Ashes (900),900,300,,False
Lillia,JUNGLE,enemy_magic,1200,3147,Liandry's Torment,2508 Fated Ashes (900),900,300,,False
Lillia,JUNGLE,isolated_completion,800,3147 | 2508,Liandry's Torment,6653 Liandry's Torment (800),,,,False
Lillia,MIDDLE,empty,0,,Malignance,,0,0,,False
Lillia,MIDDLE,empty,300,,Malignance,1027 Sapphire Crystal (300),300,0,,False
Lillia,MIDDLE,empty,1200,,Malignance,3802 Lost Chapter (1200),1200,0,,False
Lillia,MIDDLE,empty,unknown,,Malignance,,0,,,False
Lillia,MIDDLE,components,0,3802 | 1026,Malignance,,0,0,,False
Lillia,MIDDLE,components,649,3802 | 1026,Malignance,,0,649,,False
Lillia,MIDDLE,components,650,3802 | 1026,Malignance,3118 Malignance (650),650,0,,False
Lillia,MIDDLE,owned_first,1000,3118,Blackfire Torch,1052 Amplifying Tome (400) -> 1052 Amplifying Tome (400),800,200,,False
Lillia,MIDDLE,full_slots,650,3802 | 1026 | 900001 | 900002 | 900003 | 900004,Malignance,3118 Malignance (650),650,0,,False
Lillia,MIDDLE,enemy_armor,1200,3802,Malignance,1026 Blasting Wand (850),850,350,,False
Lillia,MIDDLE,enemy_magic,1200,3802,Malignance,1026 Blasting Wand (850),850,350,,False
Lillia,MIDDLE,isolated_completion,650,3802 | 1026,Malignance,3118 Malignance (650),,,,False
Lillia,BOTTOM,empty,0,,Malignance,,0,0,,False
Lillia,BOTTOM,empty,300,,Malignance,1027 Sapphire Crystal (300),300,0,,False
Lillia,BOTTOM,empty,1200,,Malignance,3802 Lost Chapter (1200),1200,0,,False
Lillia,BOTTOM,empty,unknown,,Malignance,,0,,,False
Lillia,BOTTOM,components,0,3802 | 1026,Malignance,,0,0,,False
Lillia,BOTTOM,components,649,3802 | 1026,Malignance,,0,649,,False
Lillia,BOTTOM,components,650,3802 | 1026,Malignance,3118 Malignance (650),650,0,,False
Lillia,BOTTOM,owned_first,1000,3118,Blackfire Torch,1052 Amplifying Tome (400) -> 1052 Amplifying Tome (400),800,200,,False
Lillia,BOTTOM,full_slots,650,3802 | 1026 | 900001 | 900002 | 900003 | 900004,Malignance,3118 Malignance (650),650,0,,False
Lillia,BOTTOM,enemy_armor,1200,3802,Malignance,1026 Blasting Wand (850),850,350,,False
Lillia,BOTTOM,enemy_magic,1200,3802,Malignance,1026 Blasting Wand (850),850,350,,False
Lillia,BOTTOM,isolated_completion,650,3802 | 1026,Malignance,3118 Malignance (650),,,,False
Lillia,UTILITY,empty,0,,Malignance,,0,0,,False
Lillia,UTILITY,empty,300,,Malignance,1027 Sapphire Crystal (300),300,0,,False
Lillia,UTILITY,empty,1200,,Malignance,3802 Lost Chapter (1200),1200,0,,False
Lillia,UTILITY,empty,unknown,,Malignance,,0,,,False
Lillia,UTILITY,components,0,3802 | 1026,Malignance,,0,0,,False
Lillia,UTILITY,components,649,3802 | 1026,Malignance,,0,649,,False
Lillia,UTILITY,components,650,3802 | 1026,Malignance,3118 Malignance (650),650,0,,False
Lillia,UTILITY,owned_first,1000,3118,Blackfire Torch,1052 Amplifying Tome (400) -> 1052 Amplifying Tome (400),800,200,,False
Lillia,UTILITY,full_slots,650,3802 | 1026 | 900001 | 900002 | 900003 | 900004,Malignance,3118 Malignance (650),650,0,,False
Lillia,UTILITY,enemy_armor,1200,3802,Malignance,1026 Blasting Wand (850),850,350,,False
Lillia,UTILITY,enemy_magic,1200,3802,Malignance,1026 Blasting Wand (850),850,350,,False
Lillia,UTILITY,isolated_completion,650,3802 | 1026,Malignance,3118 Malignance (650),,,,False
Lissandra,TOP,empty,0,,Blackfire Torch,,0,0,,False
Lissandra,TOP,empty,300,,Blackfire Torch,2022 Glowing Mote (250),250,50,,False
Lissandra,TOP,empty,1200,,Blackfire Torch,3802 Lost Chapter (1200),1200,0,,False
Lissandra,TOP,empty,unknown,,Blackfire Torch,,0,,,False
Lissandra,TOP,components,0,3802 | 2508,Blackfire Torch,,0,0,,False
Lissandra,TOP,components,699,3802 | 2508,Blackfire Torch,,0,699,,False
Lissandra,TOP,components,700,3802 | 2508,Blackfire Torch,2503 Blackfire Torch (700),700,0,,False
Lissandra,TOP,owned_first,1000,2503,Hextech Rocketbelt,1052 Amplifying Tome (400) -> 1052 Amplifying Tome (400),800,200,,False
Lissandra,TOP,full_slots,700,3802 | 2508 | 900001 | 900002 | 900003 | 900004,Blackfire Torch,2503 Blackfire Torch (700),700,0,,False
Lissandra,TOP,enemy_armor,1200,3802,Blackfire Torch,2508 Fated Ashes (900),900,300,,False
Lissandra,TOP,enemy_magic,1200,3802,Blackfire Torch,2508 Fated Ashes (900),900,300,,False
Lissandra,TOP,isolated_completion,700,3802 | 2508,Blackfire Torch,2503 Blackfire Torch (700),,,,False
Lissandra,JUNGLE,empty,0,,Malignance,,0,0,,False
Lissandra,JUNGLE,empty,300,,Malignance,2022 Glowing Mote (250),250,50,,False
Lissandra,JUNGLE,empty,1200,,Malignance,3802 Lost Chapter (1200),1200,0,,False
Lissandra,JUNGLE,empty,unknown,,Malignance,,0,,,False
Lissandra,JUNGLE,components,0,3802 | 1026,Malignance,,0,0,,False
Lissandra,JUNGLE,components,649,3802 | 1026,Malignance,,0,649,,False
Lissandra,JUNGLE,components,650,3802 | 1026,Malignance,3118 Malignance (650),650,0,,False
Lissandra,JUNGLE,owned_first,1000,3118,Lich Bane,1026 Blasting Wand (850),850,150,,False
Lissandra,JUNGLE,full_slots,650,3802 | 1026 | 900001 | 900002 | 900003 | 900004,Malignance,3118 Malignance (650),650,0,,False
Lissandra,JUNGLE,enemy_armor,1200,3802,Malignance,1026 Blasting Wand (850),850,350,,False
Lissandra,JUNGLE,enemy_magic,1200,3802,Malignance,1026 Blasting Wand (850),850,350,,False
Lissandra,JUNGLE,isolated_completion,650,3802 | 1026,Malignance,3118 Malignance (650),,,,False
Lissandra,MIDDLE,empty,0,,Blackfire Torch,,0,0,,False
Lissandra,MIDDLE,empty,300,,Blackfire Torch,2022 Glowing Mote (250),250,50,,False
Lissandra,MIDDLE,empty,1200,,Blackfire Torch,3802 Lost Chapter (1200),1200,0,,False
Lissandra,MIDDLE,empty,unknown,,Blackfire Torch,,0,,,False
Lissandra,MIDDLE,components,0,3802 | 2508,Blackfire Torch,,0,0,,False
Lissandra,MIDDLE,components,699,3802 | 2508,Blackfire Torch,,0,699,,False
Lissandra,MIDDLE,components,700,3802 | 2508,Blackfire Torch,2503 Blackfire Torch (700),700,0,,False
Lissandra,MIDDLE,owned_first,1000,2503,Hextech Rocketbelt,1052 Amplifying Tome (400) -> 1052 Amplifying Tome (400),800,200,,False
Lissandra,MIDDLE,full_slots,700,3802 | 2508 | 900001 | 900002 | 900003 | 900004,Blackfire Torch,2503 Blackfire Torch (700),700,0,,False
Lissandra,MIDDLE,enemy_armor,1200,3802,Blackfire Torch,2508 Fated Ashes (900),900,300,,False
Lissandra,MIDDLE,enemy_magic,1200,3802,Blackfire Torch,2508 Fated Ashes (900),900,300,,False
Lissandra,MIDDLE,isolated_completion,700,3802 | 2508,Blackfire Torch,2503 Blackfire Torch (700),,,,False
Lissandra,BOTTOM,empty,0,,Blackfire Torch,,0,0,,False
Lissandra,BOTTOM,empty,300,,Blackfire Torch,2022 Glowing Mote (250),250,50,,False
Lissandra,BOTTOM,empty,1200,,Blackfire Torch,3802 Lost Chapter (1200),1200,0,,False
Lissandra,BOTTOM,empty,unknown,,Blackfire Torch,,0,,,False
Lissandra,BOTTOM,components,0,3802 | 2508,Blackfire Torch,,0,0,,False
Lissandra,BOTTOM,components,699,3802 | 2508,Blackfire Torch,,0,699,,False
Lissandra,BOTTOM,components,700,3802 | 2508,Blackfire Torch,2503 Blackfire Torch (700),700,0,,False
Lissandra,BOTTOM,owned_first,1000,2503,Malignance,1026 Blasting Wand (850),850,150,,False
Lissandra,BOTTOM,full_slots,700,3802 | 2508 | 900001 | 900002 | 900003 | 900004,Blackfire Torch,2503 Blackfire Torch (700),700,0,,False
Lissandra,BOTTOM,enemy_armor,1200,3802,Blackfire Torch,2508 Fated Ashes (900),900,300,,False
Lissandra,BOTTOM,enemy_magic,1200,3802,Blackfire Torch,2508 Fated Ashes (900),900,300,,False
Lissandra,BOTTOM,isolated_completion,700,3802 | 2508,Blackfire Torch,2503 Blackfire Torch (700),,,,False
Lissandra,UTILITY,empty,0,,Imperial Mandate,,0,0,,False
Lissandra,UTILITY,empty,300,,Imperial Mandate,2022 Glowing Mote (250),250,50,,False
Lissandra,UTILITY,empty,1200,,Imperial Mandate,1052 Amplifying Tome (400) -> 1052 Amplifying Tome (400) -> 1052 Amplifying Tome (400),1200,0,,False
Lissandra,UTILITY,empty,unknown,,Imperial Mandate,,0,,,False
Lissandra,UTILITY,components,0,1052 | 4642 | 1052,Imperial Mandate,,0,0,,False
Lissandra,UTILITY,components,699,1052 | 4642 | 1052,Imperial Mandate,,0,699,,False
Lissandra,UTILITY,components,700,1052 | 4642 | 1052,Imperial Mandate,4005 Imperial Mandate (700),700,0,,False
Lissandra,UTILITY,owned_first,1000,4005,Hextech Rocketbelt,1052 Amplifying Tome (400) -> 1052 Amplifying Tome (400),800,200,,False
Lissandra,UTILITY,full_slots,700,1052 | 4642 | 1052 | 900001 | 900002 | 900003,Imperial Mandate,4005 Imperial Mandate (700),700,0,,False
Lissandra,UTILITY,enemy_armor,1200,1052,Imperial Mandate,1052 Amplifying Tome (400) -> 1052 Amplifying Tome (400) -> 2022 Glowing Mote (250),1050,150,,False
Lissandra,UTILITY,enemy_magic,1200,1052,Imperial Mandate,1052 Amplifying Tome (400) -> 1052 Amplifying Tome (400) -> 2022 Glowing Mote (250),1050,150,,False
Lissandra,UTILITY,isolated_completion,700,1052 | 4642 | 1052,Imperial Mandate,4005 Imperial Mandate (700),,,,False
Locke,TOP,withheld,unknown,,,,,,,False
Locke,JUNGLE,withheld,unknown,,,,,,,False
Locke,MIDDLE,withheld,unknown,,,,,,,False
Locke,BOTTOM,withheld,unknown,,,,,,,False
Locke,UTILITY,withheld,unknown,,,,,,,False
Lucian,TOP,empty,0,,Essence Reaver,,0,0,,False
Lucian,TOP,empty,300,,Essence Reaver,2022 Glowing Mote (250),250,50,,False
Lucian,TOP,empty,1200,,Essence Reaver,1018 Cloak of Agility (600) -> 1036 Long Sword (350) -> 2022 Glowing Mote (250),1200,0,,False
Lucian,TOP,empty,unknown,,Essence Reaver,,0,,,False
Lucian,TOP,components,0,3057 | 3133 | 1018,Essence Reaver,,0,0,,False
Lucian,TOP,components,499,3057 | 3133 | 1018,Essence Reaver,,0,499,,False
Lucian,TOP,components,500,3057 | 3133 | 1018,Essence Reaver,3508 Essence Reaver (500),500,0,,False
Lucian,TOP,owned_first,1000,3508,Infinity Edge,1037 Pickaxe (875),875,125,,False
Lucian,TOP,full_slots,500,3057 | 3133 | 1018 | 900001 | 900002 | 900003,Essence Reaver,3508 Essence Reaver (500),500,0,,False
Lucian,TOP,enemy_armor,1200,3057,Essence Reaver,1018 Cloak of Agility (600) -> 1036 Long Sword (350) -> 2022 Glowing Mote (250),1200,0,,False
Lucian,TOP,enemy_magic,1200,3057,Essence Reaver,1018 Cloak of Agility (600) -> 1036 Long Sword (350) -> 2022 Glowing Mote (250),1200,0,,False
Lucian,TOP,isolated_completion,500,3057 | 3133 | 1018,Essence Reaver,3508 Essence Reaver (500),,,,False
Lucian,JUNGLE,empty,0,,Essence Reaver,,0,0,,False
Lucian,JUNGLE,empty,300,,Essence Reaver,2022 Glowing Mote (250),250,50,,False
Lucian,JUNGLE,empty,1200,,Essence Reaver,1018 Cloak of Agility (600) -> 1036 Long Sword (350) -> 2022 Glowing Mote (250),1200,0,,False
Lucian,JUNGLE,empty,unknown,,Essence Reaver,,0,,,False
Lucian,JUNGLE,components,0,3057 | 3133 | 1018,Essence Reaver,,0,0,,False
Lucian,JUNGLE,components,499,3057 | 3133 | 1018,Essence Reaver,,0,499,,False
Lucian,JUNGLE,components,500,3057 | 3133 | 1018,Essence Reaver,3508 Essence Reaver (500),500,0,,False
Lucian,JUNGLE,owned_first,1000,3508,Infinity Edge,1037 Pickaxe (875),875,125,,False
Lucian,JUNGLE,full_slots,500,3057 | 3133 | 1018 | 900001 | 900002 | 900003,Essence Reaver,3508 Essence Reaver (500),500,0,,False
Lucian,JUNGLE,enemy_armor,1200,3057,Essence Reaver,1018 Cloak of Agility (600) -> 1036 Long Sword (350) -> 2022 Glowing Mote (250),1200,0,,False
Lucian,JUNGLE,enemy_magic,1200,3057,Essence Reaver,1018 Cloak of Agility (600) -> 1036 Long Sword (350) -> 2022 Glowing Mote (250),1200,0,,False
Lucian,JUNGLE,isolated_completion,500,3057 | 3133 | 1018,Essence Reaver,3508 Essence Reaver (500),,,,False
Lucian,MIDDLE,empty,0,,Essence Reaver,,0,0,,False
Lucian,MIDDLE,empty,300,,Essence Reaver,2022 Glowing Mote (250),250,50,,False
Lucian,MIDDLE,empty,1200,,Essence Reaver,1018 Cloak of Agility (600) -> 1036 Long Sword (350) -> 2022 Glowing Mote (250),1200,0,,False
Lucian,MIDDLE,empty,unknown,,Essence Reaver,,0,,,False
Lucian,MIDDLE,components,0,3057 | 3133 | 1018,Essence Reaver,,0,0,,False
Lucian,MIDDLE,components,499,3057 | 3133 | 1018,Essence Reaver,,0,499,,False
Lucian,MIDDLE,components,500,3057 | 3133 | 1018,Essence Reaver,3508 Essence Reaver (500),500,0,,False
Lucian,MIDDLE,owned_first,1000,3508,Navori Flickerblade,1018 Cloak of Agility (600) -> 1042 Dagger (250),850,150,,False
Lucian,MIDDLE,full_slots,500,3057 | 3133 | 1018 | 900001 | 900002 | 900003,Essence Reaver,3508 Essence Reaver (500),500,0,,False
Lucian,MIDDLE,enemy_armor,1200,3057,Essence Reaver,1018 Cloak of Agility (600) -> 1036 Long Sword (350) -> 2022 Glowing Mote (250),1200,0,,False
Lucian,MIDDLE,enemy_magic,1200,3057,Essence Reaver,1018 Cloak of Agility (600) -> 1036 Long Sword (350) -> 2022 Glowing Mote (250),1200,0,,False
Lucian,MIDDLE,isolated_completion,500,3057 | 3133 | 1018,Essence Reaver,3508 Essence Reaver (500),,,,False
Lucian,BOTTOM,empty,0,,Essence Reaver,,0,0,,False
Lucian,BOTTOM,empty,300,,Essence Reaver,2022 Glowing Mote (250),250,50,,False
Lucian,BOTTOM,empty,1200,,Essence Reaver,1018 Cloak of Agility (600) -> 1036 Long Sword (350) -> 2022 Glowing Mote (250),1200,0,,False
Lucian,BOTTOM,empty,unknown,,Essence Reaver,,0,,,False
Lucian,BOTTOM,components,0,3057 | 3133 | 1018,Essence Reaver,,0,0,,False
Lucian,BOTTOM,components,499,3057 | 3133 | 1018,Essence Reaver,,0,499,,False
Lucian,BOTTOM,components,500,3057 | 3133 | 1018,Essence Reaver,3508 Essence Reaver (500),500,0,,False
Lucian,BOTTOM,owned_first,1000,3508,Navori Flickerblade,1018 Cloak of Agility (600) -> 1042 Dagger (250),850,150,,False
Lucian,BOTTOM,full_slots,500,3057 | 3133 | 1018 | 900001 | 900002 | 900003,Essence Reaver,3508 Essence Reaver (500),500,0,,False
Lucian,BOTTOM,enemy_armor,1200,3057,Essence Reaver,1018 Cloak of Agility (600) -> 1036 Long Sword (350) -> 2022 Glowing Mote (250),1200,0,,False
Lucian,BOTTOM,enemy_magic,1200,3057,Essence Reaver,1018 Cloak of Agility (600) -> 1036 Long Sword (350) -> 2022 Glowing Mote (250),1200,0,,False
Lucian,BOTTOM,isolated_completion,500,3057 | 3133 | 1018,Essence Reaver,3508 Essence Reaver (500),,,,False
Lucian,UTILITY,empty,0,,Essence Reaver,,0,0,,False
Lucian,UTILITY,empty,300,,Essence Reaver,2022 Glowing Mote (250),250,50,,False
Lucian,UTILITY,empty,1200,,Essence Reaver,1018 Cloak of Agility (600) -> 1036 Long Sword (350) -> 2022 Glowing Mote (250),1200,0,,False
Lucian,UTILITY,empty,unknown,,Essence Reaver,,0,,,False
Lucian,UTILITY,components,0,3057 | 3133 | 1018,Essence Reaver,,0,0,,False
Lucian,UTILITY,components,499,3057 | 3133 | 1018,Essence Reaver,,0,499,,False
Lucian,UTILITY,components,500,3057 | 3133 | 1018,Essence Reaver,3508 Essence Reaver (500),500,0,,False
Lucian,UTILITY,owned_first,1000,3508,Infinity Edge,1037 Pickaxe (875),875,125,,False
Lucian,UTILITY,full_slots,500,3057 | 3133 | 1018 | 900001 | 900002 | 900003,Essence Reaver,3508 Essence Reaver (500),500,0,,False
Lucian,UTILITY,enemy_armor,1200,3057,Essence Reaver,1018 Cloak of Agility (600) -> 1036 Long Sword (350) -> 2022 Glowing Mote (250),1200,0,,False
Lucian,UTILITY,enemy_magic,1200,3057,Essence Reaver,1018 Cloak of Agility (600) -> 1036 Long Sword (350) -> 2022 Glowing Mote (250),1200,0,,False
Lucian,UTILITY,isolated_completion,500,3057 | 3133 | 1018,Essence Reaver,3508 Essence Reaver (500),,,,False
Lulu,TOP,empty,0,,Liandry's Torment,,0,0,,False
Lulu,TOP,empty,300,,Liandry's Torment,2022 Glowing Mote (250),250,50,,False
Lulu,TOP,empty,1200,,Liandry's Torment,1052 Amplifying Tome (400) -> 1052 Amplifying Tome (400) -> 2022 Glowing Mote (250),1050,150,,False
Lulu,TOP,empty,unknown,,Liandry's Torment,,0,,,False
Lulu,TOP,components,0,3147 | 2508,Liandry's Torment,,0,0,,False
Lulu,TOP,components,799,3147 | 2508,Liandry's Torment,1052 Amplifying Tome (400) -> 2022 Glowing Mote (250),650,149,,False
Lulu,TOP,components,800,3147 | 2508,Liandry's Torment,1052 Amplifying Tome (400) -> 2022 Glowing Mote (250),650,150,,False
Lulu,TOP,owned_first,1000,6653,Rod of Ages,1026 Blasting Wand (850),850,150,,False
Lulu,TOP,full_slots,800,3147 | 2508 | 900001 | 900002 | 900003 | 900004,Liandry's Torment,6653 Liandry's Torment (800),800,0,,False
Lulu,TOP,enemy_armor,1200,3147,Liandry's Torment,2508 Fated Ashes (900),900,300,,False
Lulu,TOP,enemy_magic,1200,3147,Liandry's Torment,2508 Fated Ashes (900) -> 2022 Glowing Mote (250),1150,50,,False
Lulu,TOP,isolated_completion,800,3147 | 2508,Liandry's Torment,6653 Liandry's Torment (800),,,,False
Lulu,JUNGLE,empty,0,,Malignance,,0,0,,False
Lulu,JUNGLE,empty,300,,Malignance,1027 Sapphire Crystal (300),300,0,,False
Lulu,JUNGLE,empty,1200,,Malignance,3802 Lost Chapter (1200),1200,0,,False
Lulu,JUNGLE,empty,unknown,,Malignance,,0,,,False
Lulu,JUNGLE,components,0,3802 | 1026,Malignance,,0,0,,False
Lulu,JUNGLE,components,649,3802 | 1026,Malignance,,0,649,,False
Lulu,JUNGLE,components,650,3802 | 1026,Malignance,3118 Malignance (650),650,0,,False
Lulu,JUNGLE,owned_first,1000,3118,Lich Bane,1026 Blasting Wand (850),850,150,,False
Lulu,JUNGLE,full_slots,650,3802 | 1026 | 900001 | 900002 | 900003 | 900004,Malignance,3118 Malignance (650),650,0,,False
Lulu,JUNGLE,enemy_armor,1200,3802,Redemption,3108 Fiendish Codex (850) -> 1004 Faerie Charm (200),1050,150,,False
Lulu,JUNGLE,enemy_magic,1200,3802,Malignance,1026 Blasting Wand (850),850,350,,False
Lulu,JUNGLE,isolated_completion,650,3802 | 1026,Malignance,3118 Malignance (650),,,,False
Lulu,MIDDLE,empty,0,,Rod of Ages,,0,0,,False
Lulu,MIDDLE,empty,300,,Rod of Ages,1027 Sapphire Crystal (300),300,0,,False
Lulu,MIDDLE,empty,1200,,Rod of Ages,1026 Blasting Wand (850) -> 1027 Sapphire Crystal (300),1150,50,,False
Lulu,MIDDLE,empty,unknown,,Rod of Ages,,0,,,False
Lulu,MIDDLE,components,0,1026 | 3803,Rod of Ages,,0,0,,False
Lulu,MIDDLE,components,449,1026 | 3803,Rod of Ages,2022 Glowing Mote (250),250,199,,False
Lulu,MIDDLE,components,450,1026 | 3803,Rod of Ages,6657 Rod of Ages (450),450,0,,False
Lulu,MIDDLE,owned_first,1000,6657,Imperial Mandate,4642 Bandleglass Mirror (900),900,100,,False
Lulu,MIDDLE,full_slots,450,1026 | 3803 | 900001 | 900002 | 900003 | 900004,Rod of Ages,6657 Rod of Ages (450),450,0,,False
Lulu,MIDDLE,enemy_armor,1200,1026,Rod of Ages,1027 Sapphire Crystal (300) -> 1028 Ruby Crystal (400) -> 1028 Ruby Crystal (400),1100,100,,False
Lulu,MIDDLE,enemy_magic,1200,1026,Rod of Ages,1027 Sapphire Crystal (300) -> 1028 Ruby Crystal (400) -> 1028 Ruby Crystal (400),1100,100,,False
Lulu,MIDDLE,isolated_completion,450,1026 | 3803,Rod of Ages,6657 Rod of Ages (450),,,,False
Lulu,BOTTOM,empty,0,,Malignance,,0,0,,False
Lulu,BOTTOM,empty,300,,Malignance,1027 Sapphire Crystal (300),300,0,,False
Lulu,BOTTOM,empty,1200,,Malignance,3802 Lost Chapter (1200),1200,0,,False
Lulu,BOTTOM,empty,unknown,,Malignance,,0,,,False
Lulu,BOTTOM,components,0,3802 | 1026,Malignance,,0,0,,False
Lulu,BOTTOM,components,649,3802 | 1026,Malignance,,0,649,,False
Lulu,BOTTOM,components,650,3802 | 1026,Malignance,3118 Malignance (650),650,0,,False
Lulu,BOTTOM,owned_first,1000,3118,Lich Bane,1026 Blasting Wand (850),850,150,,False
Lulu,BOTTOM,full_slots,650,3802 | 1026 | 900001 | 900002 | 900003 | 900004,Malignance,3118 Malignance (650),650,0,,False
Lulu,BOTTOM,enemy_armor,1200,3802,Redemption,3108 Fiendish Codex (850) -> 1004 Faerie Charm (200),1050,150,,False
Lulu,BOTTOM,enemy_magic,1200,3802,Malignance,1026 Blasting Wand (850),850,350,,False
Lulu,BOTTOM,isolated_completion,650,3802 | 1026,Malignance,3118 Malignance (650),,,,False
Lulu,UTILITY,empty,0,,Ardent Censer,,0,0,,False
Lulu,UTILITY,empty,300,,Ardent Censer,1004 Faerie Charm (200),200,100,,False
Lulu,UTILITY,empty,1200,,Ardent Censer,3113 Aether Wisp (900) -> 1004 Faerie Charm (200),1100,100,,False
Lulu,UTILITY,empty,unknown,,Ardent Censer,,0,,,False
Lulu,UTILITY,components,0,3113 | 3114,Ardent Censer,,0,0,,False
Lulu,UTILITY,components,699,3113 | 3114,Ardent Censer,1052 Amplifying Tome (400) -> 2022 Glowing Mote (250),650,49,,False
Lulu,UTILITY,components,700,3113 | 3114,Ardent Censer,3504 Ardent Censer (700),700,0,,False
Lulu,UTILITY,owned_first,1000,3504,Knight's Vow,3067 Kindlegem (800) -> 1004 Faerie Charm (200),1000,0,,False
Lulu,UTILITY,full_slots,700,3113 | 3114 | 900001 | 900002 | 900003 | 900004,Ardent Censer,3504 Ardent Censer (700),700,0,,False
Lulu,UTILITY,enemy_armor,1200,3113,Ardent Censer,3114 Forbidden Idol (600) -> 2022 Glowing Mote (250),850,350,,False
Lulu,UTILITY,enemy_magic,1200,3113,Ardent Censer,3114 Forbidden Idol (600) -> 2022 Glowing Mote (250),850,350,,False
Lulu,UTILITY,isolated_completion,700,3113 | 3114,Ardent Censer,3504 Ardent Censer (700),,,,False
Lux,TOP,empty,0,,Luden's Echo,,0,0,,False
Lux,TOP,empty,300,,Luden's Echo,2022 Glowing Mote (250),250,50,,False
Lux,TOP,empty,1200,,Luden's Echo,3802 Lost Chapter (1200),1200,0,,False
Lux,TOP,empty,unknown,,Luden's Echo,,0,,,False
Lux,TOP,components,0,3802 | 3145,Luden's Echo,,0,0,,False
Lux,TOP,components,449,3802 | 3145,Luden's Echo,,0,449,,False
Lux,TOP,components,450,3802 | 3145,Luden's Echo,6655 Luden's Echo (450),450,0,,False
Lux,TOP,owned_first,1000,6655,Stormsurge,1052 Amplifying Tome (400) -> 1052 Amplifying Tome (400),800,200,,False
Lux,TOP,full_slots,450,3802 | 3145 | 900001 | 900002 | 900003 | 900004,Luden's Echo,6655 Luden's Echo (450),450,0,,False
Lux,TOP,enemy_armor,1200,3802,Luden's Echo,3145 Hextech Alternator (1100),1100,100,,False
Lux,TOP,enemy_magic,1200,3802,Luden's Echo,3145 Hextech Alternator (1100),1100,100,,False
Lux,TOP,isolated_completion,450,3802 | 3145,Luden's Echo,6655 Luden's Echo (450),,,,False
Lux,JUNGLE,empty,0,,Malignance,,0,0,,False
Lux,JUNGLE,empty,300,,Malignance,2022 Glowing Mote (250),250,50,,False
Lux,JUNGLE,empty,1200,,Malignance,3802 Lost Chapter (1200),1200,0,,False
Lux,JUNGLE,empty,unknown,,Malignance,,0,,,False
Lux,JUNGLE,components,0,3802 | 1026,Malignance,,0,0,,False
Lux,JUNGLE,components,649,3802 | 1026,Malignance,,0,649,,False
Lux,JUNGLE,components,650,3802 | 1026,Malignance,3118 Malignance (650),650,0,,False
Lux,JUNGLE,owned_first,1000,3118,Lich Bane,1026 Blasting Wand (850),850,150,,False
Lux,JUNGLE,full_slots,650,3802 | 1026 | 900001 | 900002 | 900003 | 900004,Malignance,3118 Malignance (650),650,0,,False
Lux,JUNGLE,enemy_armor,1200,3802,Malignance,1026 Blasting Wand (850),850,350,,False
Lux,JUNGLE,enemy_magic,1200,3802,Malignance,1026 Blasting Wand (850),850,350,,False
Lux,JUNGLE,isolated_completion,650,3802 | 1026,Malignance,3118 Malignance (650),,,,False
Lux,MIDDLE,empty,0,,Luden's Echo,,0,0,,False
Lux,MIDDLE,empty,300,,Luden's Echo,2022 Glowing Mote (250),250,50,,False
Lux,MIDDLE,empty,1200,,Luden's Echo,3802 Lost Chapter (1200),1200,0,,False
Lux,MIDDLE,empty,unknown,,Malignance,,0,,,False
Lux,MIDDLE,components,0,3802 | 1026,Malignance,,0,0,,False
Lux,MIDDLE,components,649,3802 | 1026,Malignance,,0,649,,False
Lux,MIDDLE,components,650,3802 | 1026,Malignance,3118 Malignance (650),650,0,,False
Lux,MIDDLE,owned_first,1000,3118,Stormsurge,1052 Amplifying Tome (400) -> 1052 Amplifying Tome (400),800,200,,False
Lux,MIDDLE,full_slots,650,3802 | 1026 | 900001 | 900002 | 900003 | 900004,Malignance,3118 Malignance (650),650,0,,False
Lux,MIDDLE,enemy_armor,1200,3802,Malignance,1026 Blasting Wand (850),850,350,,False
Lux,MIDDLE,enemy_magic,1200,3802,Malignance,1026 Blasting Wand (850),850,350,,False
Lux,MIDDLE,isolated_completion,650,3802 | 1026,Malignance,3118 Malignance (650),,,,False
Lux,BOTTOM,empty,0,,Malignance,,0,0,,False
Lux,BOTTOM,empty,300,,Malignance,2022 Glowing Mote (250),250,50,,False
Lux,BOTTOM,empty,1200,,Malignance,3802 Lost Chapter (1200),1200,0,,False
Lux,BOTTOM,empty,unknown,,Malignance,,0,,,False
Lux,BOTTOM,components,0,3802 | 1026,Malignance,,0,0,,False
Lux,BOTTOM,components,649,3802 | 1026,Malignance,,0,649,,False
Lux,BOTTOM,components,650,3802 | 1026,Malignance,3118 Malignance (650),650,0,,False
Lux,BOTTOM,owned_first,1000,3118,Shadowflame,1052 Amplifying Tome (400) -> 1052 Amplifying Tome (400),800,200,,False
Lux,BOTTOM,full_slots,650,3802 | 1026 | 900001 | 900002 | 900003 | 900004,Malignance,3118 Malignance (650),650,0,,False
Lux,BOTTOM,enemy_armor,1200,3802,Malignance,1026 Blasting Wand (850),850,350,,False
Lux,BOTTOM,enemy_magic,1200,3802,Malignance,1026 Blasting Wand (850),850,350,,False
Lux,BOTTOM,isolated_completion,650,3802 | 1026,Malignance,3118 Malignance (650),,,,False
Lux,UTILITY,empty,0,,Shurelya's Battlesong,,0,0,,False
Lux,UTILITY,empty,300,,Shurelya's Battlesong,2022 Glowing Mote (250),250,50,,False
Lux,UTILITY,empty,1200,,Shurelya's Battlesong,1052 Amplifying Tome (400) -> 1052 Amplifying Tome (400) -> 2022 Glowing Mote (250),1050,150,,False
Lux,UTILITY,empty,unknown,,Shurelya's Battlesong,,0,,,False
Lux,UTILITY,components,0,3113 | 4642,Shurelya's Battlesong,,0,0,,False
Lux,UTILITY,components,399,3113 | 4642,Shurelya's Battlesong,,0,399,,False
Lux,UTILITY,components,400,3113 | 4642,Shurelya's Battlesong,2065 Shurelya's Battlesong (400),400,0,,False
Lux,UTILITY,owned_first,1000,2065,Imperial Mandate,4642 Bandleglass Mirror (900),900,100,,False
Lux,UTILITY,full_slots,400,3113 | 4642 | 900001 | 900002 | 900003 | 900004,Shurelya's Battlesong,2065 Shurelya's Battlesong (400),400,0,,False
Lux,UTILITY,enemy_armor,1200,3113,Shurelya's Battlesong,4642 Bandleglass Mirror (900),900,300,,False
Lux,UTILITY,enemy_magic,1200,3113,Shurelya's Battlesong,4642 Bandleglass Mirror (900),900,300,,False
Lux,UTILITY,isolated_completion,400,3113 | 4642,Shurelya's Battlesong,2065 Shurelya's Battlesong (400),,,,False
Malphite,TOP,empty,0,,Sunfire Aegis,,0,0,,False
Malphite,TOP,empty,300,,Sunfire Aegis,2022 Glowing Mote (250),250,50,,False
Malphite,TOP,empty,1200,,Sunfire Aegis,1028 Ruby Crystal (400) -> 1028 Ruby Crystal (400) -> 2022 Glowing Mote (250),1050,150,,False
Malphite,TOP,empty,unknown,,Sunfire Aegis,,0,,,False
Malphite,TOP,components,0,6660 | 1031 | 1028,Sunfire Aegis,,0,0,,False
Malphite,TOP,components,699,6660 | 1031 | 1028,Sunfire Aegis,2022 Glowing Mote (250),250,449,,False
Malphite,TOP,components,700,6660 | 1031 | 1028,Sunfire Aegis,3068 Sunfire Aegis (700),700,0,,False
Malphite,TOP,owned_first,1000,3068,Thornmail,1028 Ruby Crystal (400) -> 1028 Ruby Crystal (400),800,200,,False
Malphite,TOP,full_slots,700,6660 | 1031 | 1028 | 900001 | 900002 | 900003,Sunfire Aegis,3068 Sunfire Aegis (700),700,0,,False
Malphite,TOP,enemy_armor,1200,6660,Frozen Heart,3024 Glacial Buckler (900) -> 1029 Cloth Armor (300),1200,0,,False
Malphite,TOP,enemy_magic,1200,6660,Hollow Radiance,1033 Null-Magic Mantle (400) -> 1028 Ruby Crystal (400) -> 1006 Rejuvenation Bead (300),1100,100,,False
Malphite,TOP,isolated_completion,700,6660 | 1031 | 1028,Sunfire Aegis,3068 Sunfire Aegis (700),,,,False
Malphite,JUNGLE,empty,0,,Dusk and Dawn,,0,0,,False
Malphite,JUNGLE,empty,300,,Dusk and Dawn,2022 Glowing Mote (250),250,50,,False
Malphite,JUNGLE,empty,1200,,Dusk and Dawn,3067 Kindlegem (800) -> 2022 Glowing Mote (250),1050,150,,False
Malphite,JUNGLE,empty,unknown,,Dusk and Dawn,,0,,,False
Malphite,JUNGLE,components,0,3057 | 1026 | 3067 | 1042,Dusk and Dawn,,0,0,,False
Malphite,JUNGLE,components,299,3057 | 1026 | 3067 | 1042,Dusk and Dawn,,0,299,,False
Malphite,JUNGLE,components,300,3057 | 1026 | 3067 | 1042,Dusk and Dawn,2510 Dusk and Dawn (300),300,0,,False
Malphite,JUNGLE,owned_first,1000,2510,Zeke's Convergence,3067 Kindlegem (800),800,200,,False
Malphite,JUNGLE,full_slots,300,3057 | 1026 | 3067 | 1042 | 900001 | 900002,Dusk and Dawn,2510 Dusk and Dawn (300),300,0,,False
Malphite,JUNGLE,enemy_armor,1200,3057,Dusk and Dawn,3067 Kindlegem (800) -> 1029 Cloth Armor (300),1100,100,,False
Malphite,JUNGLE,enemy_magic,1200,3057,Dusk and Dawn,1033 Null-Magic Mantle (400) -> 1033 Null-Magic Mantle (400) -> 1028 Ruby Crystal (400),1200,0,,False
Malphite,JUNGLE,isolated_completion,300,3057 | 1026 | 3067 | 1042,Dusk and Dawn,2510 Dusk and Dawn (300),,,,False
Malphite,MIDDLE,empty,0,,Sunfire Aegis,,0,0,,False
Malphite,MIDDLE,empty,300,,Sunfire Aegis,2022 Glowing Mote (250),250,50,,False
Malphite,MIDDLE,empty,1200,,Sunfire Aegis,1028 Ruby Crystal (400) -> 1028 Ruby Crystal (400) -> 2022 Glowing Mote (250),1050,150,,False
Malphite,MIDDLE,empty,unknown,,Sunfire Aegis,,0,,,False
Malphite,MIDDLE,components,0,6660 | 1031 | 1028,Sunfire Aegis,,0,0,,False
Malphite,MIDDLE,components,699,6660 | 1031 | 1028,Sunfire Aegis,2022 Glowing Mote (250),250,449,,False
Malphite,MIDDLE,components,700,6660 | 1031 | 1028,Sunfire Aegis,3068 Sunfire Aegis (700),700,0,,False
Malphite,MIDDLE,owned_first,1000,3068,Thornmail,1028 Ruby Crystal (400) -> 1028 Ruby Crystal (400),800,200,,False
Malphite,MIDDLE,full_slots,700,6660 | 1031 | 1028 | 900001 | 900002 | 900003,Sunfire Aegis,3068 Sunfire Aegis (700),700,0,,False
Malphite,MIDDLE,enemy_armor,1200,6660,Sunfire Aegis,1031 Chain Vest (800) -> 1028 Ruby Crystal (400),1200,0,,False
Malphite,MIDDLE,enemy_magic,1200,6660,Kaenic Rookern,1033 Null-Magic Mantle (400) -> 1033 Null-Magic Mantle (400) -> 1028 Ruby Crystal (400),1200,0,,False
Malphite,MIDDLE,isolated_completion,700,6660 | 1031 | 1028,Sunfire Aegis,3068 Sunfire Aegis (700),,,,False
Malphite,BOTTOM,empty,0,,Winter's Approach,,0,0,,False
Malphite,BOTTOM,empty,300,,Winter's Approach,2022 Glowing Mote (250),250,50,,False
Malphite,BOTTOM,empty,1200,,Winter's Approach,3067 Kindlegem (800) -> 1028 Ruby Crystal (400),1200,0,,False
Malphite,BOTTOM,empty,unknown,,Winter's Approach,,0,,,False
Malphite,BOTTOM,components,0,3070 | 1011 | 3067,Winter's Approach,,0,0,,False
Malphite,BOTTOM,components,299,3070 | 1011 | 3067,Winter's Approach,,0,299,,False
Malphite,BOTTOM,components,300,3070 | 1011 | 3067,Winter's Approach,3119 Winter's Approach (300),300,0,,False
Malphite,BOTTOM,owned_first,1000,3119,Protoplasm Harness,1011 Giant's Belt (900),900,100,,False
Malphite,BOTTOM,full_slots,300,3070 | 1011 | 3067 | 900001 | 900002 | 900003,Winter's Approach,3119 Winter's Approach (300),300,0,,False
Malphite,BOTTOM,enemy_armor,1200,3070,Zeke's Convergence,3067 Kindlegem (800) -> 1033 Null-Magic Mantle (400),1200,0,,False
Malphite,BOTTOM,enemy_magic,1200,3070,Kaenic Rookern,1033 Null-Magic Mantle (400) -> 1033 Null-Magic Mantle (400) -> 1028 Ruby Crystal (400),1200,0,,False
Malphite,BOTTOM,isolated_completion,300,3070 | 1011 | 3067,Winter's Approach,3119 Winter's Approach (300),,,,False
Malphite,UTILITY,empty,0,,Locket of the Iron Solari,,0,0,,False
Malphite,UTILITY,empty,300,,Locket of the Iron Solari,2022 Glowing Mote (250),250,50,,False
Malphite,UTILITY,empty,1200,,Locket of the Iron Solari,3067 Kindlegem (800) -> 1028 Ruby Crystal (400),1200,0,,False
Malphite,UTILITY,empty,unknown,,Locket of the Iron Solari,,0,,,False
Malphite,UTILITY,components,0,3067 | 1029 | 1033,Locket of the Iron Solari,,0,0,,False
Malphite,UTILITY,components,699,3067 | 1029 | 1033,Locket of the Iron Solari,1028 Ruby Crystal (400) -> 2022 Glowing Mote (250),650,49,,False
Malphite,UTILITY,components,700,3067 | 1029 | 1033,Locket of the Iron Solari,3190 Locket of the Iron Solari (700),700,0,,False
Malphite,UTILITY,owned_first,1000,3190,Zeke's Convergence,3067 Kindlegem (800),800,200,,False
Malphite,UTILITY,full_slots,700,3067 | 1029 | 1033 | 900001 | 900002 | 900003,Locket of the Iron Solari,3190 Locket of the Iron Solari (700),700,0,,False
Malphite,UTILITY,enemy_armor,1200,3067,Locket of the Iron Solari,1033 Null-Magic Mantle (400) -> 1029 Cloth Armor (300),700,500,,False
Malphite,UTILITY,enemy_magic,1200,3067,Locket of the Iron Solari,1033 Null-Magic Mantle (400) -> 1033 Null-Magic Mantle (400) -> 1029 Cloth Armor (300),1100,100,,False
Malphite,UTILITY,isolated_completion,700,3067 | 1029 | 1033,Locket of the Iron Solari,3190 Locket of the Iron Solari (700),,,,False
Malzahar,TOP,empty,0,,Blackfire Torch,,0,0,,False
Malzahar,TOP,empty,300,,Blackfire Torch,1027 Sapphire Crystal (300),300,0,,False
Malzahar,TOP,empty,1200,,Blackfire Torch,3802 Lost Chapter (1200),1200,0,,False
Malzahar,TOP,empty,unknown,,Blackfire Torch,,0,,,False
Malzahar,TOP,components,0,3802 | 2508,Blackfire Torch,,0,0,,False
Malzahar,TOP,components,699,3802 | 2508,Blackfire Torch,,0,699,,False
Malzahar,TOP,components,700,3802 | 2508,Blackfire Torch,2503 Blackfire Torch (700),700,0,,False
Malzahar,TOP,owned_first,1000,2503,Rylai's Crystal Scepter,1026 Blasting Wand (850),850,150,,False
Malzahar,TOP,full_slots,700,3802 | 2508 | 900001 | 900002 | 900003 | 900004,Blackfire Torch,2503 Blackfire Torch (700),700,0,,False
Malzahar,TOP,enemy_armor,1200,3802,Blackfire Torch,2508 Fated Ashes (900),900,300,,False
Malzahar,TOP,enemy_magic,1200,3802,Blackfire Torch,2508 Fated Ashes (900),900,300,,False
Malzahar,TOP,isolated_completion,700,3802 | 2508,Blackfire Torch,2503 Blackfire Torch (700),,,,False
Malzahar,JUNGLE,empty,0,,Malignance,,0,0,,False
Malzahar,JUNGLE,empty,300,,Malignance,1027 Sapphire Crystal (300),300,0,,False
Malzahar,JUNGLE,empty,1200,,Malignance,3802 Lost Chapter (1200),1200,0,,False
Malzahar,JUNGLE,empty,unknown,,Malignance,,0,,,False
Malzahar,JUNGLE,components,0,3802 | 1026,Malignance,,0,0,,False
Malzahar,JUNGLE,components,649,3802 | 1026,Malignance,,0,649,,False
Malzahar,JUNGLE,components,650,3802 | 1026,Malignance,3118 Malignance (650),650,0,,False
Malzahar,JUNGLE,owned_first,1000,3118,Blackfire Torch,1052 Amplifying Tome (400) -> 1052 Amplifying Tome (400),800,200,,False
Malzahar,JUNGLE,full_slots,650,3802 | 1026 | 900001 | 900002 | 900003 | 900004,Malignance,3118 Malignance (650),650,0,,False
Malzahar,JUNGLE,enemy_armor,1200,3802,Malignance,1026 Blasting Wand (850),850,350,,False
Malzahar,JUNGLE,enemy_magic,1200,3802,Malignance,1026 Blasting Wand (850),850,350,,False
Malzahar,JUNGLE,isolated_completion,650,3802 | 1026,Malignance,3118 Malignance (650),,,,False
Malzahar,MIDDLE,empty,0,,Blackfire Torch,,0,0,,False
Malzahar,MIDDLE,empty,300,,Blackfire Torch,1027 Sapphire Crystal (300),300,0,,False
Malzahar,MIDDLE,empty,1200,,Blackfire Torch,3802 Lost Chapter (1200),1200,0,,False
Malzahar,MIDDLE,empty,unknown,,Blackfire Torch,,0,,,False
Malzahar,MIDDLE,components,0,3802 | 2508,Blackfire Torch,,0,0,,False
Malzahar,MIDDLE,components,699,3802 | 2508,Blackfire Torch,,0,699,,False
Malzahar,MIDDLE,components,700,3802 | 2508,Blackfire Torch,2503 Blackfire Torch (700),700,0,,False
Malzahar,MIDDLE,owned_first,1000,2503,Rylai's Crystal Scepter,1026 Blasting Wand (850),850,150,,False
Malzahar,MIDDLE,full_slots,700,3802 | 2508 | 900001 | 900002 | 900003 | 900004,Blackfire Torch,2503 Blackfire Torch (700),700,0,,False
Malzahar,MIDDLE,enemy_armor,1200,3802,Blackfire Torch,2508 Fated Ashes (900),900,300,,False
Malzahar,MIDDLE,enemy_magic,1200,3802,Blackfire Torch,2508 Fated Ashes (900),900,300,,False
Malzahar,MIDDLE,isolated_completion,700,3802 | 2508,Blackfire Torch,2503 Blackfire Torch (700),,,,False
Malzahar,BOTTOM,empty,0,,Blackfire Torch,,0,0,,False
Malzahar,BOTTOM,empty,300,,Blackfire Torch,1027 Sapphire Crystal (300),300,0,,False
Malzahar,BOTTOM,empty,1200,,Blackfire Torch,3802 Lost Chapter (1200),1200,0,,False
Malzahar,BOTTOM,empty,unknown,,Blackfire Torch,,0,,,False
Malzahar,BOTTOM,components,0,3802 | 2508,Blackfire Torch,,0,0,,False
Malzahar,BOTTOM,components,699,3802 | 2508,Blackfire Torch,,0,699,,False
Malzahar,BOTTOM,components,700,3802 | 2508,Blackfire Torch,2503 Blackfire Torch (700),700,0,,False
Malzahar,BOTTOM,owned_first,1000,2503,Rylai's Crystal Scepter,1026 Blasting Wand (850),850,150,,False
Malzahar,BOTTOM,full_slots,700,3802 | 2508 | 900001 | 900002 | 900003 | 900004,Blackfire Torch,2503 Blackfire Torch (700),700,0,,False
Malzahar,BOTTOM,enemy_armor,1200,3802,Blackfire Torch,2508 Fated Ashes (900),900,300,,False
Malzahar,BOTTOM,enemy_magic,1200,3802,Blackfire Torch,2508 Fated Ashes (900),900,300,,False
Malzahar,BOTTOM,isolated_completion,700,3802 | 2508,Blackfire Torch,2503 Blackfire Torch (700),,,,False
Malzahar,UTILITY,empty,0,,Blackfire Torch,,0,0,,False
Malzahar,UTILITY,empty,300,,Blackfire Torch,1027 Sapphire Crystal (300),300,0,,False
Malzahar,UTILITY,empty,1200,,Blackfire Torch,3802 Lost Chapter (1200),1200,0,,False
Malzahar,UTILITY,empty,unknown,,Blackfire Torch,,0,,,False
Malzahar,UTILITY,components,0,3802 | 2508,Blackfire Torch,,0,0,,False
Malzahar,UTILITY,components,699,3802 | 2508,Blackfire Torch,,0,699,,False
Malzahar,UTILITY,components,700,3802 | 2508,Blackfire Torch,2503 Blackfire Torch (700),700,0,,False
Malzahar,UTILITY,owned_first,1000,2503,Rylai's Crystal Scepter,1026 Blasting Wand (850),850,150,,False
Malzahar,UTILITY,full_slots,700,3802 | 2508 | 900001 | 900002 | 900003 | 900004,Blackfire Torch,2503 Blackfire Torch (700),700,0,,False
Malzahar,UTILITY,enemy_armor,1200,3802,Blackfire Torch,2508 Fated Ashes (900),900,300,,False
Malzahar,UTILITY,enemy_magic,1200,3802,Blackfire Torch,2508 Fated Ashes (900),900,300,,False
Malzahar,UTILITY,isolated_completion,700,3802 | 2508,Blackfire Torch,2503 Blackfire Torch (700),,,,False
Maokai,TOP,empty,0,,Thornmail,,0,0,,False
Maokai,TOP,empty,300,,Hollow Radiance,2022 Glowing Mote (250),250,50,,False
Maokai,TOP,empty,1200,,Hollow Radiance,1028 Ruby Crystal (400) -> 1028 Ruby Crystal (400) -> 1028 Ruby Crystal (400),1200,0,,False
Maokai,TOP,empty,unknown,,Hollow Radiance,,0,,,False
Maokai,TOP,components,0,6660 | 3211,Hollow Radiance,,0,0,,False
Maokai,TOP,components,649,6660 | 3211,Hollow Radiance,1028 Ruby Crystal (400),400,249,,False
Maokai,TOP,components,650,6660 | 3211,Hollow Radiance,6664 Hollow Radiance (650),650,0,,False
Maokai,TOP,owned_first,1000,6664,Winter's Approach,1011 Giant's Belt (900),900,100,,False
Maokai,TOP,full_slots,650,6660 | 3211 | 900001 | 900002 | 900003 | 900004,Hollow Radiance,6664 Hollow Radiance (650),650,0,,False
Maokai,TOP,enemy_armor,1200,6660,Thornmail,1031 Chain Vest (800) -> 1028 Ruby Crystal (400),1200,0,,False
Maokai,TOP,enemy_magic,1200,6660,Hollow Radiance,1033 Null-Magic Mantle (400) -> 1028 Ruby Crystal (400) -> 1033 Null-Magic Mantle (400),1200,0,,False
Maokai,TOP,isolated_completion,650,6660 | 3211,Hollow Radiance,6664 Hollow Radiance (650),,,,False
Maokai,JUNGLE,empty,0,,Liandry's Torment,,0,0,,False
Maokai,JUNGLE,empty,300,,Liandry's Torment,2022 Glowing Mote (250),250,50,,False
Maokai,JUNGLE,empty,1200,,Liandry's Torment,1028 Ruby Crystal (400) -> 1028 Ruby Crystal (400) -> 1028 Ruby Crystal (400),1200,0,,False
Maokai,JUNGLE,empty,unknown,,Liandry's Torment,,0,,,False
Maokai,JUNGLE,components,0,3147 | 2508,Liandry's Torment,,0,0,,False
Maokai,JUNGLE,components,799,3147 | 2508,Liandry's Torment,1028 Ruby Crystal (400) -> 2022 Glowing Mote (250),650,149,,False
Maokai,JUNGLE,components,800,3147 | 2508,Liandry's Torment,1028 Ruby Crystal (400) -> 1028 Ruby Crystal (400),800,0,,False
Maokai,JUNGLE,owned_first,1000,6653,Protoplasm Harness,1011 Giant's Belt (900),900,100,,False
Maokai,JUNGLE,full_slots,800,3147 | 2508 | 900001 | 900002 | 900003 | 900004,Liandry's Torment,6653 Liandry's Torment (800),800,0,,False
Maokai,JUNGLE,enemy_armor,1200,3147,Liandry's Torment,1028 Ruby Crystal (400) -> 1028 Ruby Crystal (400) -> 1052 Amplifying Tome (400),1200,0,,False
Maokai,JUNGLE,enemy_magic,1200,3147,Liandry's Torment,1033 Null-Magic Mantle (400) -> 1033 Null-Magic Mantle (400) -> 1028 Ruby Crystal (400),1200,0,,False
Maokai,JUNGLE,isolated_completion,800,3147 | 2508,Liandry's Torment,6653 Liandry's Torment (800),,,,False
Maokai,MIDDLE,empty,0,,Winter's Approach,,0,0,,False
Maokai,MIDDLE,empty,300,,Winter's Approach,2022 Glowing Mote (250),250,50,,False
Maokai,MIDDLE,empty,1200,,Winter's Approach,3067 Kindlegem (800) -> 1028 Ruby Crystal (400),1200,0,,False
Maokai,MIDDLE,empty,unknown,,Warmog's Armor,,0,,,False
Maokai,MIDDLE,components,0,1011 | 1011 | 3801,Warmog's Armor,,0,0,,False
Maokai,MIDDLE,components,499,1011 | 1011 | 3801,Heartsteel,1028 Ruby Crystal (400),400,99,,False
Maokai,MIDDLE,components,500,1011 | 1011 | 3801,Warmog's Armor,3083 Warmog's Armor (500),500,0,,False
Maokai,MIDDLE,owned_first,1000,3083,Winter's Approach,1011 Giant's Belt (900),900,100,,False
Maokai,MIDDLE,full_slots,500,1011 | 1011 | 3801 | 900001 | 900002 | 900003,Warmog's Armor,3083 Warmog's Armor (500),500,0,,False
Maokai,MIDDLE,enemy_armor,1200,1011,Winter's Approach,3067 Kindlegem (800) -> 3070 Tear of the Goddess (400),1200,0,,False
Maokai,MIDDLE,enemy_magic,1200,1011,Kaenic Rookern,1033 Null-Magic Mantle (400) -> 1033 Null-Magic Mantle (400) -> 1028 Ruby Crystal (400),1200,0,,False
Maokai,MIDDLE,isolated_completion,500,1011 | 1011 | 3801,Warmog's Armor,3083 Warmog's Armor (500),,,,False
Maokai,BOTTOM,empty,0,,Winter's Approach,,0,0,,False
Maokai,BOTTOM,empty,300,,Winter's Approach,2022 Glowing Mote (250),250,50,,False
Maokai,BOTTOM,empty,1200,,Winter's Approach,3067 Kindlegem (800) -> 1028 Ruby Crystal (400),1200,0,,False
Maokai,BOTTOM,empty,unknown,,Warmog's Armor,,0,,,False
Maokai,BOTTOM,components,0,1011 | 1011 | 3801,Warmog's Armor,,0,0,,False
Maokai,BOTTOM,components,499,1011 | 1011 | 3801,Heartsteel,1028 Ruby Crystal (400),400,99,,False
Maokai,BOTTOM,components,500,1011 | 1011 | 3801,Warmog's Armor,3083 Warmog's Armor (500),500,0,,False
Maokai,BOTTOM,owned_first,1000,3083,Winter's Approach,1011 Giant's Belt (900),900,100,,False
Maokai,BOTTOM,full_slots,500,1011 | 1011 | 3801 | 900001 | 900002 | 900003,Warmog's Armor,3083 Warmog's Armor (500),500,0,,False
Maokai,BOTTOM,enemy_armor,1200,1011,Winter's Approach,3067 Kindlegem (800) -> 3070 Tear of the Goddess (400),1200,0,,False
Maokai,BOTTOM,enemy_magic,1200,1011,Kaenic Rookern,1033 Null-Magic Mantle (400) -> 1033 Null-Magic Mantle (400) -> 1028 Ruby Crystal (400),1200,0,,False
Maokai,BOTTOM,isolated_completion,500,1011 | 1011 | 3801,Warmog's Armor,3083 Warmog's Armor (500),,,,False
Maokai,UTILITY,empty,0,,Locket of the Iron Solari,,0,0,,False
Maokai,UTILITY,empty,300,,Locket of the Iron Solari,2022 Glowing Mote (250),250,50,,False
Maokai,UTILITY,empty,1200,,Locket of the Iron Solari,3067 Kindlegem (800) -> 1028 Ruby Crystal (400),1200,0,,False
Maokai,UTILITY,empty,unknown,,Bandlepipes,,0,,,False
Maokai,UTILITY,components,0,3067 | 1029 | 1033,Locket of the Iron Solari,,0,0,,False
Maokai,UTILITY,components,799,3067 | 1029 | 1033,Locket of the Iron Solari,1028 Ruby Crystal (400) -> 2022 Glowing Mote (250),650,149,,False
Maokai,UTILITY,components,800,3067 | 1029 | 1033,Bandlepipes,1028 Ruby Crystal (400) -> 2022 Glowing Mote (250),650,150,,False
Maokai,UTILITY,owned_first,1000,2524,Locket of the Iron Solari,3067 Kindlegem (800),800,200,,False
Maokai,UTILITY,full_slots,800,3067 | 1029 | 1033 | 900001 | 900002 | 900003,Bandlepipes,2524 Bandlepipes (800),800,0,,False
Maokai,UTILITY,enemy_armor,1200,3067,Locket of the Iron Solari,1029 Cloth Armor (300) -> 1033 Null-Magic Mantle (400),700,500,,False
Maokai,UTILITY,enemy_magic,1200,3067,Locket of the Iron Solari,1033 Null-Magic Mantle (400) -> 1033 Null-Magic Mantle (400) -> 1028 Ruby Crystal (400),1200,0,,False
Maokai,UTILITY,isolated_completion,800,3067 | 1029 | 1033,Bandlepipes,2524 Bandlepipes (800),,,,False
MasterYi,TOP,empty,0,,Titanic Hydra,,0,0,,False
MasterYi,TOP,empty,300,,Titanic Hydra,1042 Dagger (250),250,50,,False
MasterYi,TOP,empty,1200,,Titanic Hydra,1036 Long Sword (350) -> 1036 Long Sword (350) -> 1036 Long Sword (350),1050,150,,False
MasterYi,TOP,empty,unknown,,Titanic Hydra,,0,,,False
MasterYi,TOP,components,0,3077 | 2021 | 1011,Titanic Hydra,,0,0,,False
MasterYi,TOP,components,49,3077 | 2021 | 1011,Titanic Hydra,,0,49,,False
MasterYi,TOP,components,50,3077 | 2021 | 1011,Titanic Hydra,3748 Titanic Hydra (50),50,0,,False
MasterYi,TOP,owned_first,1000,3748,Blade of The Ruined King,1037 Pickaxe (875),875,125,,False
MasterYi,TOP,full_slots,50,3077 | 2021 | 1011 | 900001 | 900002 | 900003,Titanic Hydra,3748 Titanic Hydra (50),50,0,,False
MasterYi,TOP,enemy_armor,1200,3077,Titanic Hydra,1036 Long Sword (350) -> 1036 Long Sword (350) -> 1042 Dagger (250) -> 1042 Dagger (250),1200,0,,False
MasterYi,TOP,enemy_magic,1200,3077,Titanic Hydra,1036 Long Sword (350) -> 1036 Long Sword (350) -> 1042 Dagger (250) -> 1042 Dagger (250),1200,0,,False
MasterYi,TOP,isolated_completion,50,3077 | 2021 | 1011,Titanic Hydra,3748 Titanic Hydra (50),,,,False
MasterYi,JUNGLE,empty,0,,Kraken Slayer,,0,0,,False
MasterYi,JUNGLE,empty,300,,Kraken Slayer,1042 Dagger (250),250,50,,False
MasterYi,JUNGLE,empty,1200,,Kraken Slayer,3051 Hearthbound Axe (1200),1200,0,,False
MasterYi,JUNGLE,empty,unknown,,Kraken Slayer,,0,,,False
MasterYi,JUNGLE,components,0,6690 | 3051 | 1043,Kraken Slayer,,0,0,,False
MasterYi,JUNGLE,components,324,6690 | 3051 | 1043,Kraken Slayer,,0,324,,False
MasterYi,JUNGLE,components,325,6690 | 3051 | 1043,Kraken Slayer,6672 Kraken Slayer (325),325,0,,False
MasterYi,JUNGLE,owned_first,1000,6672,The Collector,1037 Pickaxe (875),875,125,,False
MasterYi,JUNGLE,full_slots,325,6690 | 3051 | 1043 | 900001 | 900002 | 900003,Kraken Slayer,6672 Kraken Slayer (325),325,0,,False
MasterYi,JUNGLE,enemy_armor,1200,6690,Kraken Slayer,3051 Hearthbound Axe (1200),1200,0,,False
MasterYi,JUNGLE,enemy_magic,1200,6690,Kraken Slayer,3051 Hearthbound Axe (1200),1200,0,,False
MasterYi,JUNGLE,isolated_completion,325,6690 | 3051 | 1043,Kraken Slayer,6672 Kraken Slayer (325),,,,False
MasterYi,MIDDLE,empty,0,,Kraken Slayer,,0,0,,False
MasterYi,MIDDLE,empty,300,,Kraken Slayer,1042 Dagger (250),250,50,,False
MasterYi,MIDDLE,empty,1200,,Kraken Slayer,3051 Hearthbound Axe (1200),1200,0,,False
MasterYi,MIDDLE,empty,unknown,,Kraken Slayer,,0,,,False
MasterYi,MIDDLE,components,0,6690 | 3051 | 1043,Kraken Slayer,,0,0,,False
MasterYi,MIDDLE,components,324,6690 | 3051 | 1043,Kraken Slayer,,0,324,,False
MasterYi,MIDDLE,components,325,6690 | 3051 | 1043,Kraken Slayer,6672 Kraken Slayer (325),325,0,,False
MasterYi,MIDDLE,owned_first,1000,6672,The Collector,1037 Pickaxe (875),875,125,,False
MasterYi,MIDDLE,full_slots,325,6690 | 3051 | 1043 | 900001 | 900002 | 900003,Kraken Slayer,6672 Kraken Slayer (325),325,0,,False
MasterYi,MIDDLE,enemy_armor,1200,6690,Kraken Slayer,3051 Hearthbound Axe (1200),1200,0,,False
MasterYi,MIDDLE,enemy_magic,1200,6690,Kraken Slayer,3051 Hearthbound Axe (1200),1200,0,,False
MasterYi,MIDDLE,isolated_completion,325,6690 | 3051 | 1043,Kraken Slayer,6672 Kraken Slayer (325),,,,False
MasterYi,BOTTOM,empty,0,,Kraken Slayer,,0,0,,False
MasterYi,BOTTOM,empty,300,,Kraken Slayer,1042 Dagger (250),250,50,,False
MasterYi,BOTTOM,empty,1200,,Kraken Slayer,3051 Hearthbound Axe (1200),1200,0,,False
MasterYi,BOTTOM,empty,unknown,,Kraken Slayer,,0,,,False
MasterYi,BOTTOM,components,0,6690 | 3051 | 1043,Kraken Slayer,,0,0,,False
MasterYi,BOTTOM,components,324,6690 | 3051 | 1043,Kraken Slayer,,0,324,,False
MasterYi,BOTTOM,components,325,6690 | 3051 | 1043,Kraken Slayer,6672 Kraken Slayer (325),325,0,,False
MasterYi,BOTTOM,owned_first,1000,6672,The Collector,1037 Pickaxe (875),875,125,,False
MasterYi,BOTTOM,full_slots,325,6690 | 3051 | 1043 | 900001 | 900002 | 900003,Kraken Slayer,6672 Kraken Slayer (325),325,0,,False
MasterYi,BOTTOM,enemy_armor,1200,6690,Kraken Slayer,3051 Hearthbound Axe (1200),1200,0,,False
MasterYi,BOTTOM,enemy_magic,1200,6690,Kraken Slayer,3051 Hearthbound Axe (1200),1200,0,,False
MasterYi,BOTTOM,isolated_completion,325,6690 | 3051 | 1043,Kraken Slayer,6672 Kraken Slayer (325),,,,False
MasterYi,UTILITY,empty,0,,Kraken Slayer,,0,0,,False
MasterYi,UTILITY,empty,300,,Kraken Slayer,1042 Dagger (250),250,50,,False
MasterYi,UTILITY,empty,1200,,Kraken Slayer,3051 Hearthbound Axe (1200),1200,0,,False
MasterYi,UTILITY,empty,unknown,,Kraken Slayer,,0,,,False
MasterYi,UTILITY,components,0,6690 | 3051 | 1043,Kraken Slayer,,0,0,,False
MasterYi,UTILITY,components,324,6690 | 3051 | 1043,Kraken Slayer,,0,324,,False
MasterYi,UTILITY,components,325,6690 | 3051 | 1043,Kraken Slayer,6672 Kraken Slayer (325),325,0,,False
MasterYi,UTILITY,owned_first,1000,6672,The Collector,1037 Pickaxe (875),875,125,,False
MasterYi,UTILITY,full_slots,325,6690 | 3051 | 1043 | 900001 | 900002 | 900003,Kraken Slayer,6672 Kraken Slayer (325),325,0,,False
MasterYi,UTILITY,enemy_armor,1200,6690,Kraken Slayer,3051 Hearthbound Axe (1200),1200,0,,False
MasterYi,UTILITY,enemy_magic,1200,6690,Kraken Slayer,3051 Hearthbound Axe (1200),1200,0,,False
MasterYi,UTILITY,isolated_completion,325,6690 | 3051 | 1043,Kraken Slayer,6672 Kraken Slayer (325),,,,False
Mel,TOP,empty,0,,Blackfire Torch,,0,0,,False
Mel,TOP,empty,300,,Blackfire Torch,2022 Glowing Mote (250),250,50,,False
Mel,TOP,empty,1200,,Blackfire Torch,3802 Lost Chapter (1200),1200,0,,False
Mel,TOP,empty,unknown,,Blackfire Torch,,0,,,False
Mel,TOP,components,0,3802 | 2508,Blackfire Torch,,0,0,,False
Mel,TOP,components,699,3802 | 2508,Blackfire Torch,,0,699,,False
Mel,TOP,components,700,3802 | 2508,Blackfire Torch,2503 Blackfire Torch (700),700,0,,False
Mel,TOP,owned_first,1000,2503,Cosmic Drive,3108 Fiendish Codex (850),850,150,,False
Mel,TOP,full_slots,700,3802 | 2508 | 900001 | 900002 | 900003 | 900004,Blackfire Torch,2503 Blackfire Torch (700),700,0,,False
Mel,TOP,enemy_armor,1200,3802,Blackfire Torch,2508 Fated Ashes (900),900,300,,False
Mel,TOP,enemy_magic,1200,3802,Blackfire Torch,2508 Fated Ashes (900),900,300,,False
Mel,TOP,isolated_completion,700,3802 | 2508,Blackfire Torch,2503 Blackfire Torch (700),,,,False
Mel,JUNGLE,empty,0,,Malignance,,0,0,,False
Mel,JUNGLE,empty,300,,Malignance,2022 Glowing Mote (250),250,50,,False
Mel,JUNGLE,empty,1200,,Malignance,3802 Lost Chapter (1200),1200,0,,False
Mel,JUNGLE,empty,unknown,,Malignance,,0,,,False
Mel,JUNGLE,components,0,3802 | 1026,Malignance,,0,0,,False
Mel,JUNGLE,components,649,3802 | 1026,Malignance,,0,649,,False
Mel,JUNGLE,components,650,3802 | 1026,Malignance,3118 Malignance (650),650,0,,False
Mel,JUNGLE,owned_first,1000,3118,Lich Bane,1026 Blasting Wand (850),850,150,,False
Mel,JUNGLE,full_slots,650,3802 | 1026 | 900001 | 900002 | 900003 | 900004,Malignance,3118 Malignance (650),650,0,,False
Mel,JUNGLE,enemy_armor,1200,3802,Malignance,1026 Blasting Wand (850),850,350,,False
Mel,JUNGLE,enemy_magic,1200,3802,Malignance,1026 Blasting Wand (850),850,350,,False
Mel,JUNGLE,isolated_completion,650,3802 | 1026,Malignance,3118 Malignance (650),,,,False
Mel,MIDDLE,empty,0,,Luden's Echo,,0,0,,False
Mel,MIDDLE,empty,300,,Luden's Echo,2022 Glowing Mote (250),250,50,,False
Mel,MIDDLE,empty,1200,,Luden's Echo,3802 Lost Chapter (1200),1200,0,,False
Mel,MIDDLE,empty,unknown,,Luden's Echo,,0,,,False
Mel,MIDDLE,components,0,3802 | 3145,Luden's Echo,,0,0,,False
Mel,MIDDLE,components,449,3802 | 3145,Luden's Echo,,0,449,,False
Mel,MIDDLE,components,450,3802 | 3145,Luden's Echo,6655 Luden's Echo (450),450,0,,False
Mel,MIDDLE,owned_first,1000,6655,Shadowflame,1052 Amplifying Tome (400) -> 1052 Amplifying Tome (400),800,200,,False
Mel,MIDDLE,full_slots,450,3802 | 3145 | 900001 | 900002 | 900003 | 900004,Luden's Echo,6655 Luden's Echo (450),450,0,,False
Mel,MIDDLE,enemy_armor,1200,3802,Luden's Echo,3145 Hextech Alternator (1100),1100,100,,False
Mel,MIDDLE,enemy_magic,1200,3802,Luden's Echo,3145 Hextech Alternator (1100),1100,100,,False
Mel,MIDDLE,isolated_completion,450,3802 | 3145,Luden's Echo,6655 Luden's Echo (450),,,,False
Mel,BOTTOM,empty,0,,Luden's Echo,,0,0,,False
Mel,BOTTOM,empty,300,,Luden's Echo,2022 Glowing Mote (250),250,50,,False
Mel,BOTTOM,empty,1200,,Luden's Echo,3802 Lost Chapter (1200),1200,0,,False
Mel,BOTTOM,empty,unknown,,Luden's Echo,,0,,,False
Mel,BOTTOM,components,0,3802 | 3145,Luden's Echo,,0,0,,False
Mel,BOTTOM,components,449,3802 | 3145,Luden's Echo,,0,449,,False
Mel,BOTTOM,components,450,3802 | 3145,Luden's Echo,6655 Luden's Echo (450),450,0,,False
Mel,BOTTOM,owned_first,1000,6655,Shadowflame,1052 Amplifying Tome (400) -> 1052 Amplifying Tome (400),800,200,,False
Mel,BOTTOM,full_slots,450,3802 | 3145 | 900001 | 900002 | 900003 | 900004,Luden's Echo,6655 Luden's Echo (450),450,0,,False
Mel,BOTTOM,enemy_armor,1200,3802,Luden's Echo,3145 Hextech Alternator (1100),1100,100,,False
Mel,BOTTOM,enemy_magic,1200,3802,Luden's Echo,3145 Hextech Alternator (1100),1100,100,,False
Mel,BOTTOM,isolated_completion,450,3802 | 3145,Luden's Echo,6655 Luden's Echo (450),,,,False
Mel,UTILITY,empty,0,,Luden's Echo,,0,0,,False
Mel,UTILITY,empty,300,,Luden's Echo,2022 Glowing Mote (250),250,50,,False
Mel,UTILITY,empty,1200,,Luden's Echo,3802 Lost Chapter (1200),1200,0,,False
Mel,UTILITY,empty,unknown,,Luden's Echo,,0,,,False
Mel,UTILITY,components,0,3802 | 3145,Luden's Echo,,0,0,,False
Mel,UTILITY,components,449,3802 | 3145,Luden's Echo,,0,449,,False
Mel,UTILITY,components,450,3802 | 3145,Luden's Echo,6655 Luden's Echo (450),450,0,,False
Mel,UTILITY,owned_first,1000,6655,Shadowflame,1052 Amplifying Tome (400) -> 1052 Amplifying Tome (400),800,200,,False
Mel,UTILITY,full_slots,450,3802 | 3145 | 900001 | 900002 | 900003 | 900004,Luden's Echo,6655 Luden's Echo (450),450,0,,False
Mel,UTILITY,enemy_armor,1200,3802,Luden's Echo,3145 Hextech Alternator (1100),1100,100,,False
Mel,UTILITY,enemy_magic,1200,3802,Luden's Echo,3145 Hextech Alternator (1100),1100,100,,False
Mel,UTILITY,isolated_completion,450,3802 | 3145,Luden's Echo,6655 Luden's Echo (450),,,,False
Milio,TOP,empty,0,,Dawncore,,0,0,,False
Milio,TOP,empty,300,,Dawncore,1004 Faerie Charm (200),200,100,,False
Milio,TOP,empty,1200,,Dawncore,3114 Forbidden Idol (600) -> 3114 Forbidden Idol (600),1200,0,,False
Milio,TOP,empty,unknown,,Dawncore,,0,,,False
Milio,TOP,components,0,1026 | 3114 | 3114,Dawncore,,0,0,,False
Milio,TOP,components,449,1026 | 3114 | 3114,Dawncore,,0,449,,False
Milio,TOP,components,450,1026 | 3114 | 3114,Dawncore,6621 Dawncore (450),450,0,,False
Milio,TOP,owned_first,1000,6621,Blackfire Torch,1027 Sapphire Crystal (300) -> 2022 Glowing Mote (250) -> 1052 Amplifying Tome (400),950,50,,False
Milio,TOP,full_slots,450,1026 | 3114 | 3114 | 900001 | 900002 | 900003,Dawncore,6621 Dawncore (450),450,0,,False
Milio,TOP,enemy_armor,1200,1026,Redemption,3114 Forbidden Idol (600) -> 2022 Glowing Mote (250),850,350,,False
Milio,TOP,enemy_magic,1200,1026,Dawncore,3114 Forbidden Idol (600) -> 3114 Forbidden Idol (600),1200,0,,False
Milio,TOP,isolated_completion,450,1026 | 3114 | 3114,Dawncore,6621 Dawncore (450),,,,False
Milio,JUNGLE,empty,0,,Dawncore,,0,0,,False
Milio,JUNGLE,empty,300,,Dawncore,1004 Faerie Charm (200),200,100,,False
Milio,JUNGLE,empty,1200,,Dawncore,3114 Forbidden Idol (600) -> 3114 Forbidden Idol (600),1200,0,,False
Milio,JUNGLE,empty,unknown,,Dawncore,,0,,,False
Milio,JUNGLE,components,0,1026 | 3114 | 3114,Dawncore,,0,0,,False
Milio,JUNGLE,components,449,1026 | 3114 | 3114,Dawncore,,0,449,,False
Milio,JUNGLE,components,450,1026 | 3114 | 3114,Dawncore,6621 Dawncore (450),450,0,,False
Milio,JUNGLE,owned_first,1000,6621,Blackfire Torch,1027 Sapphire Crystal (300) -> 2022 Glowing Mote (250) -> 1052 Amplifying Tome (400),950,50,,False
Milio,JUNGLE,full_slots,450,1026 | 3114 | 3114 | 900001 | 900002 | 900003,Dawncore,6621 Dawncore (450),450,0,,False
Milio,JUNGLE,enemy_armor,1200,1026,Redemption,3114 Forbidden Idol (600) -> 2022 Glowing Mote (250),850,350,,False
Milio,JUNGLE,enemy_magic,1200,1026,Dawncore,3114 Forbidden Idol (600) -> 3114 Forbidden Idol (600),1200,0,,False
Milio,JUNGLE,isolated_completion,450,1026 | 3114 | 3114,Dawncore,6621 Dawncore (450),,,,False
Milio,MIDDLE,empty,0,,Dawncore,,0,0,,False
Milio,MIDDLE,empty,300,,Dawncore,1004 Faerie Charm (200),200,100,,False
Milio,MIDDLE,empty,1200,,Dawncore,3114 Forbidden Idol (600) -> 3114 Forbidden Idol (600),1200,0,,False
Milio,MIDDLE,empty,unknown,,Dawncore,,0,,,False
Milio,MIDDLE,components,0,1026 | 3114 | 3114,Dawncore,,0,0,,False
Milio,MIDDLE,components,449,1026 | 3114 | 3114,Dawncore,,0,449,,False
Milio,MIDDLE,components,450,1026 | 3114 | 3114,Dawncore,6621 Dawncore (450),450,0,,False
Milio,MIDDLE,owned_first,1000,6621,Blackfire Torch,1027 Sapphire Crystal (300) -> 2022 Glowing Mote (250) -> 1052 Amplifying Tome (400),950,50,,False
Milio,MIDDLE,full_slots,450,1026 | 3114 | 3114 | 900001 | 900002 | 900003,Dawncore,6621 Dawncore (450),450,0,,False
Milio,MIDDLE,enemy_armor,1200,1026,Redemption,3114 Forbidden Idol (600) -> 2022 Glowing Mote (250),850,350,,False
Milio,MIDDLE,enemy_magic,1200,1026,Dawncore,3114 Forbidden Idol (600) -> 3114 Forbidden Idol (600),1200,0,,False
Milio,MIDDLE,isolated_completion,450,1026 | 3114 | 3114,Dawncore,6621 Dawncore (450),,,,False
Milio,BOTTOM,empty,0,,Dawncore,,0,0,,False
Milio,BOTTOM,empty,300,,Dawncore,1004 Faerie Charm (200),200,100,,False
Milio,BOTTOM,empty,1200,,Dawncore,3114 Forbidden Idol (600) -> 3114 Forbidden Idol (600),1200,0,,False
Milio,BOTTOM,empty,unknown,,Dawncore,,0,,,False
Milio,BOTTOM,components,0,1026 | 3114 | 3114,Dawncore,,0,0,,False
Milio,BOTTOM,components,449,1026 | 3114 | 3114,Dawncore,,0,449,,False
Milio,BOTTOM,components,450,1026 | 3114 | 3114,Dawncore,6621 Dawncore (450),450,0,,False
Milio,BOTTOM,owned_first,1000,6621,Blackfire Torch,1027 Sapphire Crystal (300) -> 2022 Glowing Mote (250) -> 1052 Amplifying Tome (400),950,50,,False
Milio,BOTTOM,full_slots,450,1026 | 3114 | 3114 | 900001 | 900002 | 900003,Dawncore,6621 Dawncore (450),450,0,,False
Milio,BOTTOM,enemy_armor,1200,1026,Redemption,3114 Forbidden Idol (600) -> 2022 Glowing Mote (250),850,350,,False
Milio,BOTTOM,enemy_magic,1200,1026,Dawncore,3114 Forbidden Idol (600) -> 3114 Forbidden Idol (600),1200,0,,False
Milio,BOTTOM,isolated_completion,450,1026 | 3114 | 3114,Dawncore,6621 Dawncore (450),,,,False
Milio,UTILITY,empty,0,,Echoes of Helia,,0,0,,False
Milio,UTILITY,empty,300,,Echoes of Helia,2022 Glowing Mote (250),250,50,,False
Milio,UTILITY,empty,1200,,Echoes of Helia,4642 Bandleglass Mirror (900) -> 2022 Glowing Mote (250),1150,50,,False
Milio,UTILITY,empty,unknown,,Echoes of Helia,,0,,,False
Milio,UTILITY,components,0,3067 | 4642,Echoes of Helia,,0,0,,False
Milio,UTILITY,components,499,3067 | 4642,Echoes of Helia,2022 Glowing Mote (250),250,249,,False
Milio,UTILITY,components,500,3067 | 4642,Echoes of Helia,6620 Echoes of Helia (500),500,0,,False
Milio,UTILITY,owned_first,1000,6620,Moonstone Renewer,4642 Bandleglass Mirror (900),900,100,,False
Milio,UTILITY,full_slots,500,3067 | 4642 | 900001 | 900002 | 900003 | 900004,Echoes of Helia,6620 Echoes of Helia (500),500,0,,False
Milio,UTILITY,enemy_armor,1200,3067,Echoes of Helia,4642 Bandleglass Mirror (900) -> 2022 Glowing Mote (250),1150,50,,False
Milio,UTILITY,enemy_magic,1200,3067,Echoes of Helia,4642 Bandleglass Mirror (900) -> 2022 Glowing Mote (250),1150,50,,False
Milio,UTILITY,isolated_completion,500,3067 | 4642,Echoes of Helia,6620 Echoes of Helia (500),,,,False
MissFortune,TOP,empty,0,,The Collector,,0,0,,False
MissFortune,TOP,empty,300,,The Collector,,0,300,,False
MissFortune,TOP,empty,1200,,The Collector,1018 Cloak of Agility (600) -> 1036 Long Sword (350),950,250,,False
MissFortune,TOP,empty,unknown,,The Collector,,0,,,False
MissFortune,TOP,components,0,1037 | 3134 | 1018,The Collector,,0,0,,False
MissFortune,TOP,components,524,1037 | 3134 | 1018,The Collector,,0,524,,False
MissFortune,TOP,components,525,1037 | 3134 | 1018,The Collector,6676 The Collector (525),525,0,,False
MissFortune,TOP,owned_first,1000,6676,Infinity Edge,1037 Pickaxe (875),875,125,,False
MissFortune,TOP,full_slots,525,1037 | 3134 | 1018 | 900001 | 900002 | 900003,The Collector,6676 The Collector (525),525,0,,False
MissFortune,TOP,enemy_armor,1200,1037,The Collector,1018 Cloak of Agility (600) -> 1036 Long Sword (350),950,250,,False
MissFortune,TOP,enemy_magic,1200,1037,The Collector,1018 Cloak of Agility (600) -> 1036 Long Sword (350),950,250,,False
MissFortune,TOP,isolated_completion,525,1037 | 3134 | 1018,The Collector,6676 The Collector (525),,,,False
MissFortune,JUNGLE,empty,0,,Essence Reaver,,0,0,,False
MissFortune,JUNGLE,empty,300,,Essence Reaver,2022 Glowing Mote (250),250,50,,False
MissFortune,JUNGLE,empty,1200,,Essence Reaver,1018 Cloak of Agility (600) -> 1036 Long Sword (350) -> 2022 Glowing Mote (250),1200,0,,False
MissFortune,JUNGLE,empty,unknown,,Essence Reaver,,0,,,False
MissFortune,JUNGLE,components,0,3057 | 3133 | 1018,Essence Reaver,,0,0,,False
MissFortune,JUNGLE,components,499,3057 | 3133 | 1018,Essence Reaver,,0,499,,False
MissFortune,JUNGLE,components,500,3057 | 3133 | 1018,Essence Reaver,3508 Essence Reaver (500),500,0,,False
MissFortune,JUNGLE,owned_first,1000,3508,Malignance,1026 Blasting Wand (850),850,150,,False
MissFortune,JUNGLE,full_slots,500,3057 | 3133 | 1018 | 900001 | 900002 | 900003,Essence Reaver,3508 Essence Reaver (500),500,0,,False
MissFortune,JUNGLE,enemy_armor,1200,3057,Essence Reaver,1018 Cloak of Agility (600) -> 1036 Long Sword (350) -> 2022 Glowing Mote (250),1200,0,,False
MissFortune,JUNGLE,enemy_magic,1200,3057,Essence Reaver,1018 Cloak of Agility (600) -> 1036 Long Sword (350) -> 2022 Glowing Mote (250),1200,0,,False
MissFortune,JUNGLE,isolated_completion,500,3057 | 3133 | 1018,Essence Reaver,3508 Essence Reaver (500),,,,False
MissFortune,MIDDLE,empty,0,,Essence Reaver,,0,0,,False
MissFortune,MIDDLE,empty,300,,Essence Reaver,2022 Glowing Mote (250),250,50,,False
MissFortune,MIDDLE,empty,1200,,Essence Reaver,1018 Cloak of Agility (600) -> 1036 Long Sword (350) -> 2022 Glowing Mote (250),1200,0,,False
MissFortune,MIDDLE,empty,unknown,,Essence Reaver,,0,,,False
MissFortune,MIDDLE,components,0,3057 | 3133 | 1018,Essence Reaver,,0,0,,False
MissFortune,MIDDLE,components,499,3057 | 3133 | 1018,Essence Reaver,,0,499,,False
MissFortune,MIDDLE,components,500,3057 | 3133 | 1018,Essence Reaver,3508 Essence Reaver (500),500,0,,False
MissFortune,MIDDLE,owned_first,1000,3508,Malignance,1026 Blasting Wand (850),850,150,,False
MissFortune,MIDDLE,full_slots,500,3057 | 3133 | 1018 | 900001 | 900002 | 900003,Essence Reaver,3508 Essence Reaver (500),500,0,,False
MissFortune,MIDDLE,enemy_armor,1200,3057,Essence Reaver,1018 Cloak of Agility (600) -> 1036 Long Sword (350) -> 2022 Glowing Mote (250),1200,0,,False
MissFortune,MIDDLE,enemy_magic,1200,3057,Essence Reaver,1018 Cloak of Agility (600) -> 1036 Long Sword (350) -> 2022 Glowing Mote (250),1200,0,,False
MissFortune,MIDDLE,isolated_completion,500,3057 | 3133 | 1018,Essence Reaver,3508 Essence Reaver (500),,,,False
MissFortune,BOTTOM,empty,0,,Hubris,,0,0,,False
MissFortune,BOTTOM,empty,300,,Hubris,2022 Glowing Mote (250),250,50,,False
MissFortune,BOTTOM,empty,1200,,Hubris,1036 Long Sword (350) -> 1036 Long Sword (350) -> 1036 Long Sword (350),1050,150,,False
MissFortune,BOTTOM,empty,unknown,,Bloodthirster,,0,,,False
MissFortune,BOTTOM,components,0,1038 | 1037 | 1053,Bloodthirster,,0,0,,False
MissFortune,BOTTOM,components,324,1038 | 1037 | 1053,Bloodthirster,,0,324,,False
MissFortune,BOTTOM,components,325,1038 | 1037 | 1053,Bloodthirster,3072 Bloodthirster (325),325,0,,False
MissFortune,BOTTOM,owned_first,1000,3072,The Collector,1018 Cloak of Agility (600) -> 1036 Long Sword (350),950,50,,False
MissFortune,BOTTOM,full_slots,325,1038 | 1037 | 1053 | 900001 | 900002 | 900003,Bloodthirster,3072 Bloodthirster (325),325,0,,False
MissFortune,BOTTOM,enemy_armor,1200,1038,Bloodthirster,1037 Pickaxe (875),875,325,,False
MissFortune,BOTTOM,enemy_magic,1200,1038,Bloodthirster,1037 Pickaxe (875),875,325,,False
MissFortune,BOTTOM,isolated_completion,325,1038 | 1037 | 1053,Bloodthirster,3072 Bloodthirster (325),,,,False
MissFortune,UTILITY,empty,0,,Blackfire Torch,,0,0,,False
MissFortune,UTILITY,empty,300,,Blackfire Torch,1027 Sapphire Crystal (300),300,0,,False
MissFortune,UTILITY,empty,1200,,Blackfire Torch,3802 Lost Chapter (1200),1200,0,,False
MissFortune,UTILITY,empty,unknown,,Blackfire Torch,,0,,,False
MissFortune,UTILITY,components,0,3802 | 2508,Blackfire Torch,,0,0,,False
MissFortune,UTILITY,components,699,3802 | 2508,Blackfire Torch,,0,699,,False
MissFortune,UTILITY,components,700,3802 | 2508,Blackfire Torch,2503 Blackfire Torch (700),700,0,,False
MissFortune,UTILITY,owned_first,1000,2503,Liandry's Torment,1052 Amplifying Tome (400) -> 1052 Amplifying Tome (400),800,200,,False
MissFortune,UTILITY,full_slots,700,3802 | 2508 | 900001 | 900002 | 900003 | 900004,Blackfire Torch,2503 Blackfire Torch (700),700,0,,False
MissFortune,UTILITY,enemy_armor,1200,3802,Blackfire Torch,2508 Fated Ashes (900),900,300,,False
MissFortune,UTILITY,enemy_magic,1200,3802,Blackfire Torch,2508 Fated Ashes (900),900,300,,False
MissFortune,UTILITY,isolated_completion,700,3802 | 2508,Blackfire Torch,2503 Blackfire Torch (700),,,,False
Mordekaiser,TOP,empty,0,,Riftmaker,,0,0,,False
Mordekaiser,TOP,empty,300,,Riftmaker,2022 Glowing Mote (250),250,50,,False
Mordekaiser,TOP,empty,1200,,Riftmaker,1052 Amplifying Tome (400) -> 1052 Amplifying Tome (400) -> 1028 Ruby Crystal (400),1200,0,,False
Mordekaiser,TOP,empty,unknown,,Riftmaker,,0,,,False
Mordekaiser,TOP,components,0,3147 | 3108,Riftmaker,,0,0,,False
Mordekaiser,TOP,components,949,3147 | 3108,Bloodletter's Curse,8010 Bloodletter's Curse (750),750,199,,False
Mordekaiser,TOP,components,950,3147 | 3108,Riftmaker,4633 Riftmaker (950),950,0,,False
Mordekaiser,TOP,owned_first,1000,4633,Dusk and Dawn,1026 Blasting Wand (850),850,150,,False
Mordekaiser,TOP,full_slots,950,3147 | 3108 | 900001 | 900002 | 900003 | 900004,Riftmaker,4633 Riftmaker (950),950,0,,False
Mordekaiser,TOP,enemy_armor,1200,3147,Riftmaker,3108 Fiendish Codex (850),850,350,,False
Mordekaiser,TOP,enemy_magic,1200,3147,Riftmaker,3108 Fiendish Codex (850),850,350,,False
Mordekaiser,TOP,isolated_completion,950,3147 | 3108,Riftmaker,4633 Riftmaker (950),,,,False
Mordekaiser,JUNGLE,empty,0,,Rylai's Crystal Scepter,,0,0,,False
Mordekaiser,JUNGLE,empty,300,,Rylai's Crystal Scepter,,0,300,,False
Mordekaiser,JUNGLE,empty,1200,,Rylai's Crystal Scepter,1026 Blasting Wand (850),850,350,,False
Mordekaiser,JUNGLE,empty,unknown,,Rylai's Crystal Scepter,,0,,,False
Mordekaiser,JUNGLE,components,0,1026 | 1011 | 1052,Rylai's Crystal Scepter,,0,0,,False
Mordekaiser,JUNGLE,components,449,1026 | 1011 | 1052,Rylai's Crystal Scepter,1052 Amplifying Tome (400),400,49,,False
Mordekaiser,JUNGLE,components,450,1026 | 1011 | 1052,Rylai's Crystal Scepter,3116 Rylai's Crystal Scepter (450),450,0,,False
Mordekaiser,JUNGLE,owned_first,1000,3116,Hextech Rocketbelt,3067 Kindlegem (800),800,200,,False
Mordekaiser,JUNGLE,full_slots,450,1026 | 1011 | 1052 | 900001 | 900002 | 900003,Rylai's Crystal Scepter,3116 Rylai's Crystal Scepter (450),450,0,,False
Mordekaiser,JUNGLE,enemy_armor,1200,1026,Rylai's Crystal Scepter,1052 Amplifying Tome (400) -> 1028 Ruby Crystal (400) -> 1052 Amplifying Tome (400),1200,0,,False
Mordekaiser,JUNGLE,enemy_magic,1200,1026,Rylai's Crystal Scepter,1052 Amplifying Tome (400) -> 1028 Ruby Crystal (400) -> 1033 Null-Magic Mantle (400),1200,0,,False
Mordekaiser,JUNGLE,isolated_completion,450,1026 | 1011 | 1052,Rylai's Crystal Scepter,3116 Rylai's Crystal Scepter (450),,,,False
Mordekaiser,MIDDLE,empty,0,,Hextech Rocketbelt,,0,0,,False
Mordekaiser,MIDDLE,empty,300,,Hextech Rocketbelt,2022 Glowing Mote (250),250,50,,False
Mordekaiser,MIDDLE,empty,1200,,Hextech Rocketbelt,3067 Kindlegem (800) -> 1052 Amplifying Tome (400),1200,0,,False
Mordekaiser,MIDDLE,empty,unknown,,Hextech Rocketbelt,,0,,,False
Mordekaiser,MIDDLE,components,0,3145 | 3067 | 1028,Hextech Rocketbelt,,0,0,,False
Mordekaiser,MIDDLE,components,349,3145 | 3067 | 1028,Hextech Rocketbelt,,0,349,,False
Mordekaiser,MIDDLE,components,350,3145 | 3067 | 1028,Hextech Rocketbelt,3152 Hextech Rocketbelt (350),350,0,,False
Mordekaiser,MIDDLE,owned_first,1000,3152,Dusk and Dawn,1026 Blasting Wand (850),850,150,,False
Mordekaiser,MIDDLE,full_slots,350,3145 | 3067 | 1028 | 900001 | 900002 | 900003,Hextech Rocketbelt,3152 Hextech Rocketbelt (350),350,0,,False
Mordekaiser,MIDDLE,enemy_armor,1200,3145,Hextech Rocketbelt,3067 Kindlegem (800) -> 1028 Ruby Crystal (400),1200,0,,False
Mordekaiser,MIDDLE,enemy_magic,1200,3145,Hextech Rocketbelt,3067 Kindlegem (800) -> 1028 Ruby Crystal (400),1200,0,,False
Mordekaiser,MIDDLE,isolated_completion,350,3145 | 3067 | 1028,Hextech Rocketbelt,3152 Hextech Rocketbelt (350),,,,False
Mordekaiser,BOTTOM,empty,0,,Blackfire Torch,,0,0,,False
Mordekaiser,BOTTOM,empty,300,,Blackfire Torch,2022 Glowing Mote (250),250,50,,False
Mordekaiser,BOTTOM,empty,1200,,Blackfire Torch,3802 Lost Chapter (1200),1200,0,,False
Mordekaiser,BOTTOM,empty,unknown,,Blackfire Torch,,0,,,False
Mordekaiser,BOTTOM,components,0,3802 | 2508,Blackfire Torch,,0,0,,False
Mordekaiser,BOTTOM,components,699,3802 | 2508,Blackfire Torch,,0,699,,False
Mordekaiser,BOTTOM,components,700,3802 | 2508,Blackfire Torch,2503 Blackfire Torch (700),700,0,,False
Mordekaiser,BOTTOM,owned_first,1000,2503,Cosmic Drive,3108 Fiendish Codex (850),850,150,,False
Mordekaiser,BOTTOM,full_slots,700,3802 | 2508 | 900001 | 900002 | 900003 | 900004,Blackfire Torch,2503 Blackfire Torch (700),700,0,,False
Mordekaiser,BOTTOM,enemy_armor,1200,3802,Blackfire Torch,2508 Fated Ashes (900),900,300,,False
Mordekaiser,BOTTOM,enemy_magic,1200,3802,Blackfire Torch,2508 Fated Ashes (900),900,300,,False
Mordekaiser,BOTTOM,isolated_completion,700,3802 | 2508,Blackfire Torch,2503 Blackfire Torch (700),,,,False
Mordekaiser,UTILITY,empty,0,,Zeke's Convergence,,0,0,,False
Mordekaiser,UTILITY,empty,300,,Zeke's Convergence,2022 Glowing Mote (250),250,50,,False
Mordekaiser,UTILITY,empty,1200,,Zeke's Convergence,3067 Kindlegem (800) -> 2022 Glowing Mote (250),1050,150,,False
Mordekaiser,UTILITY,empty,unknown,,Zeke's Convergence,,0,,,False
Mordekaiser,UTILITY,components,0,3067 | 1029 | 1033,Zeke's Convergence,,0,0,,False
Mordekaiser,UTILITY,components,699,3067 | 1029 | 1033,Zeke's Convergence,2022 Glowing Mote (250) -> 2022 Glowing Mote (250),500,199,,False
Mordekaiser,UTILITY,components,700,3067 | 1029 | 1033,Zeke's Convergence,3050 Zeke's Convergence (700),700,0,,False
Mordekaiser,UTILITY,owned_first,1000,3050,Abyssal Mask,3067 Kindlegem (800),800,200,,False
Mordekaiser,UTILITY,full_slots,700,3067 | 1029 | 1033 | 900001 | 900002 | 900003,Zeke's Convergence,3050 Zeke's Convergence (700),700,0,,False
Mordekaiser,UTILITY,enemy_armor,1200,3067,Zeke's Convergence,1029 Cloth Armor (300) -> 1033 Null-Magic Mantle (400) -> 2022 Glowing Mote (250),950,250,,False
Mordekaiser,UTILITY,enemy_magic,1200,3067,Zeke's Convergence,1033 Null-Magic Mantle (400) -> 1033 Null-Magic Mantle (400) -> 1029 Cloth Armor (300),1100,100,,False
Mordekaiser,UTILITY,isolated_completion,700,3067 | 1029 | 1033,Zeke's Convergence,3050 Zeke's Convergence (700),,,,False
Morgana,TOP,empty,0,,Blackfire Torch,,0,0,,False
Morgana,TOP,empty,300,,Blackfire Torch,1027 Sapphire Crystal (300),300,0,,False
Morgana,TOP,empty,1200,,Blackfire Torch,3802 Lost Chapter (1200),1200,0,,False
Morgana,TOP,empty,unknown,,Blackfire Torch,,0,,,False
Morgana,TOP,components,0,3802 | 2508,Blackfire Torch,,0,0,,False
Morgana,TOP,components,699,3802 | 2508,Blackfire Torch,2022 Glowing Mote (250),250,449,,False
Morgana,TOP,components,700,3802 | 2508,Blackfire Torch,2503 Blackfire Torch (700),700,0,,False
Morgana,TOP,owned_first,1000,2503,Liandry's Torment,1052 Amplifying Tome (400) -> 1052 Amplifying Tome (400),800,200,,False
Morgana,TOP,full_slots,700,3802 | 2508 | 900001 | 900002 | 900003 | 900004,Blackfire Torch,2503 Blackfire Torch (700),700,0,,False
Morgana,TOP,enemy_armor,1200,3802,Blackfire Torch,2508 Fated Ashes (900) -> 2022 Glowing Mote (250),1150,50,,False
Morgana,TOP,enemy_magic,1200,3802,Blackfire Torch,2508 Fated Ashes (900) -> 2022 Glowing Mote (250),1150,50,,False
Morgana,TOP,isolated_completion,700,3802 | 2508,Blackfire Torch,2503 Blackfire Torch (700),,,,False
Morgana,JUNGLE,empty,0,,Liandry's Torment,,0,0,,False
Morgana,JUNGLE,empty,300,,Liandry's Torment,2022 Glowing Mote (250),250,50,,False
Morgana,JUNGLE,empty,1200,,Liandry's Torment,1052 Amplifying Tome (400) -> 1052 Amplifying Tome (400) -> 1052 Amplifying Tome (400),1200,0,,False
Morgana,JUNGLE,empty,unknown,,Liandry's Torment,,0,,,False
Morgana,JUNGLE,components,0,3147 | 2508,Liandry's Torment,,0,0,,False
Morgana,JUNGLE,components,799,3147 | 2508,Liandry's Torment,1052 Amplifying Tome (400) -> 2022 Glowing Mote (250),650,149,,False
Morgana,JUNGLE,components,800,3147 | 2508,Liandry's Torment,1052 Amplifying Tome (400) -> 1052 Amplifying Tome (400),800,0,,False
Morgana,JUNGLE,owned_first,1000,6653,Imperial Mandate,4642 Bandleglass Mirror (900),900,100,,False
Morgana,JUNGLE,full_slots,800,3147 | 2508 | 900001 | 900002 | 900003 | 900004,Liandry's Torment,6653 Liandry's Torment (800),800,0,,False
Morgana,JUNGLE,enemy_armor,1200,3147,Liandry's Torment,2508 Fated Ashes (900),900,300,,False
Morgana,JUNGLE,enemy_magic,1200,3147,Liandry's Torment,1052 Amplifying Tome (400) -> 1052 Amplifying Tome (400) -> 1052 Amplifying Tome (400),1200,0,,False
Morgana,JUNGLE,isolated_completion,800,3147 | 2508,Liandry's Torment,6653 Liandry's Torment (800),,,,False
Morgana,MIDDLE,empty,0,,Blackfire Torch,,0,0,,False
Morgana,MIDDLE,empty,300,,Blackfire Torch,1027 Sapphire Crystal (300),300,0,,False
Morgana,MIDDLE,empty,1200,,Blackfire Torch,3802 Lost Chapter (1200),1200,0,,False
Morgana,MIDDLE,empty,unknown,,Blackfire Torch,,0,,,False
Morgana,MIDDLE,components,0,3802 | 2508,Blackfire Torch,,0,0,,False
Morgana,MIDDLE,components,699,3802 | 2508,Blackfire Torch,2022 Glowing Mote (250),250,449,,False
Morgana,MIDDLE,components,700,3802 | 2508,Blackfire Torch,2503 Blackfire Torch (700),700,0,,False
Morgana,MIDDLE,owned_first,1000,2503,Liandry's Torment,1052 Amplifying Tome (400) -> 1052 Amplifying Tome (400),800,200,,False
Morgana,MIDDLE,full_slots,700,3802 | 2508 | 900001 | 900002 | 900003 | 900004,Blackfire Torch,2503 Blackfire Torch (700),700,0,,False
Morgana,MIDDLE,enemy_armor,1200,3802,Blackfire Torch,2508 Fated Ashes (900) -> 2022 Glowing Mote (250),1150,50,,False
Morgana,MIDDLE,enemy_magic,1200,3802,Blackfire Torch,2508 Fated Ashes (900) -> 2022 Glowing Mote (250),1150,50,,False
Morgana,MIDDLE,isolated_completion,700,3802 | 2508,Blackfire Torch,2503 Blackfire Torch (700),,,,False
Morgana,BOTTOM,empty,0,,Blackfire Torch,,0,0,,False
Morgana,BOTTOM,empty,300,,Blackfire Torch,1027 Sapphire Crystal (300),300,0,,False
Morgana,BOTTOM,empty,1200,,Blackfire Torch,3802 Lost Chapter (1200),1200,0,,False
Morgana,BOTTOM,empty,unknown,,Blackfire Torch,,0,,,False
Morgana,BOTTOM,components,0,3802 | 2508,Blackfire Torch,,0,0,,False
Morgana,BOTTOM,components,699,3802 | 2508,Blackfire Torch,2022 Glowing Mote (250),250,449,,False
Morgana,BOTTOM,components,700,3802 | 2508,Blackfire Torch,2503 Blackfire Torch (700),700,0,,False
Morgana,BOTTOM,owned_first,1000,2503,Liandry's Torment,1052 Amplifying Tome (400) -> 1052 Amplifying Tome (400),800,200,,False
Morgana,BOTTOM,full_slots,700,3802 | 2508 | 900001 | 900002 | 900003 | 900004,Blackfire Torch,2503 Blackfire Torch (700),700,0,,False
Morgana,BOTTOM,enemy_armor,1200,3802,Blackfire Torch,2508 Fated Ashes (900) -> 2022 Glowing Mote (250),1150,50,,False
Morgana,BOTTOM,enemy_magic,1200,3802,Blackfire Torch,2508 Fated Ashes (900) -> 2022 Glowing Mote (250),1150,50,,False
Morgana,BOTTOM,isolated_completion,700,3802 | 2508,Blackfire Torch,2503 Blackfire Torch (700),,,,False
Morgana,UTILITY,empty,0,,Rylai's Crystal Scepter,,0,0,,False
Morgana,UTILITY,empty,300,,Rylai's Crystal Scepter,2022 Glowing Mote (250),250,50,,False
Morgana,UTILITY,empty,1200,,Rylai's Crystal Scepter,1026 Blasting Wand (850) -> 2022 Glowing Mote (250),1100,100,,False
Morgana,UTILITY,empty,unknown,,Rylai's Crystal Scepter,,0,,,False
Morgana,UTILITY,components,0,1026 | 1011 | 1052,Rylai's Crystal Scepter,,0,0,,False
Morgana,UTILITY,components,449,1026 | 1011 | 1052,Rylai's Crystal Scepter,2022 Glowing Mote (250),250,199,,False
Morgana,UTILITY,components,450,1026 | 1011 | 1052,Rylai's Crystal Scepter,2022 Glowing Mote (250),250,200,,False
Morgana,UTILITY,owned_first,1000,3116,Bandlepipes,3067 Kindlegem (800),800,200,,False
Morgana,UTILITY,full_slots,450,1026 | 1011 | 1052 | 900001 | 900002 | 900003,Rylai's Crystal Scepter,3116 Rylai's Crystal Scepter (450),450,0,,False
Morgana,UTILITY,enemy_armor,1200,1026,Rylai's Crystal Scepter,1052 Amplifying Tome (400) -> 1052 Amplifying Tome (400) -> 1052 Amplifying Tome (400),1200,0,,False
Morgana,UTILITY,enemy_magic,1200,1026,Rylai's Crystal Scepter,3802 Lost Chapter (1200),1200,0,,False
Morgana,UTILITY,isolated_completion,450,1026 | 1011 | 1052,Rylai's Crystal Scepter,3116 Rylai's Crystal Scepter (450),,,,False
Naafiri,TOP,empty,0,,Eclipse,,0,0,,False
Naafiri,TOP,empty,300,,Eclipse,2022 Glowing Mote (250),250,50,,False
Naafiri,TOP,empty,1200,,Eclipse,1036 Long Sword (350) -> 1036 Long Sword (350) -> 1036 Long Sword (350),1050,150,,False
Naafiri,TOP,empty,unknown,,Eclipse,,0,,,False
Naafiri,TOP,components,0,3133 | 1037 | 1036,Eclipse,,0,0,,False
Naafiri,TOP,components,624,3133 | 1037 | 1036,Eclipse,,0,624,,False
Naafiri,TOP,components,625,3133 | 1037 | 1036,Eclipse,6692 Eclipse (625),625,0,,False
Naafiri,TOP,owned_first,1000,6692,Black Cleaver,1037 Pickaxe (875),875,125,,False
Naafiri,TOP,full_slots,625,3133 | 1037 | 1036 | 900001 | 900002 | 900003,Eclipse,6692 Eclipse (625),625,0,,False
Naafiri,TOP,enemy_armor,1200,3133,Eclipse,1037 Pickaxe (875),875,325,,False
Naafiri,TOP,enemy_magic,1200,3133,Eclipse,1037 Pickaxe (875),875,325,,False
Naafiri,TOP,isolated_completion,625,3133 | 1037 | 1036,Eclipse,6692 Eclipse (625),,,,False
Naafiri,JUNGLE,empty,0,,Voltaic Cyclosword,,0,0,,False
Naafiri,JUNGLE,empty,300,,Voltaic Cyclosword,2022 Glowing Mote (250),250,50,,False
Naafiri,JUNGLE,empty,1200,,Voltaic Cyclosword,1037 Pickaxe (875) -> 2022 Glowing Mote (250),1125,75,,False
Naafiri,JUNGLE,empty,unknown,,Voltaic Cyclosword,,0,,,False
Naafiri,JUNGLE,components,0,2020 | 1036 | 1036,Voltaic Cyclosword,,0,0,,False
Naafiri,JUNGLE,components,962,2020 | 1036 | 1036,Voltaic Cyclosword,1037 Pickaxe (875),875,87,,False
Naafiri,JUNGLE,components,963,2020 | 1036 | 1036,Voltaic Cyclosword,6699 Voltaic Cyclosword (963),963,0,,False
Naafiri,JUNGLE,owned_first,1000,6699,Black Cleaver,1037 Pickaxe (875),875,125,,False
Naafiri,JUNGLE,full_slots,963,2020 | 1036 | 1036 | 900001 | 900002 | 900003,Voltaic Cyclosword,6699 Voltaic Cyclosword (963),963,0,,False
Naafiri,JUNGLE,enemy_armor,1200,2020,Voltaic Cyclosword,1036 Long Sword (350) -> 1036 Long Sword (350) -> 1036 Long Sword (350),1050,150,,False
Naafiri,JUNGLE,enemy_magic,1200,2020,Voltaic Cyclosword,1036 Long Sword (350) -> 1036 Long Sword (350) -> 1036 Long Sword (350),1050,150,,False
Naafiri,JUNGLE,isolated_completion,963,2020 | 1036 | 1036,Voltaic Cyclosword,6699 Voltaic Cyclosword (963),,,,False
Naafiri,MIDDLE,empty,0,,Voltaic Cyclosword,,0,0,,False
Naafiri,MIDDLE,empty,300,,Voltaic Cyclosword,2022 Glowing Mote (250),250,50,,False
Naafiri,MIDDLE,empty,1200,,Voltaic Cyclosword,1037 Pickaxe (875) -> 2022 Glowing Mote (250),1125,75,,False
Naafiri,MIDDLE,empty,unknown,,Voltaic Cyclosword,,0,,,False
Naafiri,MIDDLE,components,0,2020 | 1036 | 1036,Voltaic Cyclosword,,0,0,,False
Naafiri,MIDDLE,components,962,2020 | 1036 | 1036,Voltaic Cyclosword,1037 Pickaxe (875),875,87,,False
Naafiri,MIDDLE,components,963,2020 | 1036 | 1036,Voltaic Cyclosword,6699 Voltaic Cyclosword (963),963,0,,False
Naafiri,MIDDLE,owned_first,1000,6699,Bastionbreaker,3134 Serrated Dirk (1000),1000,0,,False
Naafiri,MIDDLE,full_slots,963,2020 | 1036 | 1036 | 900001 | 900002 | 900003,Voltaic Cyclosword,6699 Voltaic Cyclosword (963),963,0,,False
Naafiri,MIDDLE,enemy_armor,1200,2020,Voltaic Cyclosword,1036 Long Sword (350) -> 1036 Long Sword (350) -> 1036 Long Sword (350),1050,150,,False
Naafiri,MIDDLE,enemy_magic,1200,2020,Voltaic Cyclosword,1036 Long Sword (350) -> 1036 Long Sword (350) -> 1036 Long Sword (350),1050,150,,False
Naafiri,MIDDLE,isolated_completion,963,2020 | 1036 | 1036,Voltaic Cyclosword,6699 Voltaic Cyclosword (963),,,,False
Naafiri,BOTTOM,empty,0,,Voltaic Cyclosword,,0,0,,False
Naafiri,BOTTOM,empty,300,,Voltaic Cyclosword,2022 Glowing Mote (250),250,50,,False
Naafiri,BOTTOM,empty,1200,,Voltaic Cyclosword,1037 Pickaxe (875) -> 2022 Glowing Mote (250),1125,75,,False
Naafiri,BOTTOM,empty,unknown,,Voltaic Cyclosword,,0,,,False
Naafiri,BOTTOM,components,0,2020 | 1036 | 1036,Voltaic Cyclosword,,0,0,,False
Naafiri,BOTTOM,components,962,2020 | 1036 | 1036,Voltaic Cyclosword,,0,962,,False
Naafiri,BOTTOM,components,963,2020 | 1036 | 1036,Voltaic Cyclosword,6699 Voltaic Cyclosword (963),963,0,,False
Naafiri,BOTTOM,owned_first,1000,6699,Bastionbreaker,3134 Serrated Dirk (1000),1000,0,,False
Naafiri,BOTTOM,full_slots,963,2020 | 1036 | 1036 | 900001 | 900002 | 900003,Voltaic Cyclosword,6699 Voltaic Cyclosword (963),963,0,,False
Naafiri,BOTTOM,enemy_armor,1200,2020,Voltaic Cyclosword,1036 Long Sword (350) -> 1036 Long Sword (350) -> 1036 Long Sword (350),1050,150,,False
Naafiri,BOTTOM,enemy_magic,1200,2020,Voltaic Cyclosword,1036 Long Sword (350) -> 1036 Long Sword (350) -> 1036 Long Sword (350),1050,150,,False
Naafiri,BOTTOM,isolated_completion,963,2020 | 1036 | 1036,Voltaic Cyclosword,6699 Voltaic Cyclosword (963),,,,False
Naafiri,UTILITY,empty,0,,Essence Reaver,,0,0,,False
Naafiri,UTILITY,empty,300,,Essence Reaver,2022 Glowing Mote (250),250,50,,False
Naafiri,UTILITY,empty,1200,,Axiom Arc,1037 Pickaxe (875) -> 2022 Glowing Mote (250),1125,75,,False
Naafiri,UTILITY,empty,unknown,,Essence Reaver,,0,,,False
Naafiri,UTILITY,components,0,3057 | 3133 | 1018,Essence Reaver,,0,0,,False
Naafiri,UTILITY,components,499,3057 | 3133 | 1018,Essence Reaver,,0,499,,False
Naafiri,UTILITY,components,500,3057 | 3133 | 1018,Essence Reaver,3508 Essence Reaver (500),500,0,,False
Naafiri,UTILITY,owned_first,1000,3508,Axiom Arc,1037 Pickaxe (875),875,125,,False
Naafiri,UTILITY,full_slots,500,3057 | 3133 | 1018 | 900001 | 900002 | 900003,Essence Reaver,3508 Essence Reaver (500),500,0,,False
Naafiri,UTILITY,enemy_armor,1200,3057,Essence Reaver,3133 Caulfield's Warhammer (1050),1050,150,,False
Naafiri,UTILITY,enemy_magic,1200,3057,Essence Reaver,3133 Caulfield's Warhammer (1050),1050,150,,False
Naafiri,UTILITY,isolated_completion,500,3057 | 3133 | 1018,Essence Reaver,3508 Essence Reaver (500),,,,False
Nami,TOP,empty,0,,Malignance,,0,0,,False
Nami,TOP,empty,300,,Malignance,1027 Sapphire Crystal (300),300,0,,False
Nami,TOP,empty,1200,,Malignance,3802 Lost Chapter (1200),1200,0,,False
Nami,TOP,empty,unknown,,Malignance,,0,,,False
Nami,TOP,components,0,3802 | 1026,Malignance,,0,0,,False
Nami,TOP,components,649,3802 | 1026,Malignance,2022 Glowing Mote (250) -> 2022 Glowing Mote (250),500,149,,False
Nami,TOP,components,650,3802 | 1026,Malignance,3118 Malignance (650),650,0,,False
Nami,TOP,owned_first,1000,3118,Dusk and Dawn,3067 Kindlegem (800),800,200,,False
Nami,TOP,full_slots,650,3802 | 1026 | 900001 | 900002 | 900003 | 900004,Malignance,3118 Malignance (650),650,0,,False
Nami,TOP,enemy_armor,1200,3802,Redemption,3108 Fiendish Codex (850) -> 1004 Faerie Charm (200),1050,150,,False
Nami,TOP,enemy_magic,1200,3802,Malignance,1026 Blasting Wand (850) -> 2022 Glowing Mote (250),1100,100,,False
Nami,TOP,isolated_completion,650,3802 | 1026,Malignance,3118 Malignance (650),,,,False
Nami,JUNGLE,empty,0,,Malignance,,0,0,,False
Nami,JUNGLE,empty,300,,Malignance,1027 Sapphire Crystal (300),300,0,,False
Nami,JUNGLE,empty,1200,,Malignance,3802 Lost Chapter (1200),1200,0,,False
Nami,JUNGLE,empty,unknown,,Malignance,,0,,,False
Nami,JUNGLE,components,0,3802 | 1026,Malignance,,0,0,,False
Nami,JUNGLE,components,649,3802 | 1026,Malignance,2022 Glowing Mote (250) -> 2022 Glowing Mote (250),500,149,,False
Nami,JUNGLE,components,650,3802 | 1026,Malignance,3118 Malignance (650),650,0,,False
Nami,JUNGLE,owned_first,1000,3118,Dusk and Dawn,3067 Kindlegem (800),800,200,,False
Nami,JUNGLE,full_slots,650,3802 | 1026 | 900001 | 900002 | 900003 | 900004,Malignance,3118 Malignance (650),650,0,,False
Nami,JUNGLE,enemy_armor,1200,3802,Redemption,3108 Fiendish Codex (850) -> 1004 Faerie Charm (200),1050,150,,False
Nami,JUNGLE,enemy_magic,1200,3802,Malignance,1026 Blasting Wand (850) -> 2022 Glowing Mote (250),1100,100,,False
Nami,JUNGLE,isolated_completion,650,3802 | 1026,Malignance,3118 Malignance (650),,,,False
Nami,MIDDLE,empty,0,,Malignance,,0,0,,False
Nami,MIDDLE,empty,300,,Malignance,1027 Sapphire Crystal (300),300,0,,False
Nami,MIDDLE,empty,1200,,Malignance,3802 Lost Chapter (1200),1200,0,,False
Nami,MIDDLE,empty,unknown,,Malignance,,0,,,False
Nami,MIDDLE,components,0,3802 | 1026,Malignance,,0,0,,False
Nami,MIDDLE,components,649,3802 | 1026,Malignance,2022 Glowing Mote (250) -> 2022 Glowing Mote (250),500,149,,False
Nami,MIDDLE,components,650,3802 | 1026,Malignance,3118 Malignance (650),650,0,,False
Nami,MIDDLE,owned_first,1000,3118,Dusk and Dawn,3067 Kindlegem (800),800,200,,False
Nami,MIDDLE,full_slots,650,3802 | 1026 | 900001 | 900002 | 900003 | 900004,Malignance,3118 Malignance (650),650,0,,False
Nami,MIDDLE,enemy_armor,1200,3802,Redemption,3108 Fiendish Codex (850) -> 1004 Faerie Charm (200),1050,150,,False
Nami,MIDDLE,enemy_magic,1200,3802,Malignance,1026 Blasting Wand (850) -> 2022 Glowing Mote (250),1100,100,,False
Nami,MIDDLE,isolated_completion,650,3802 | 1026,Malignance,3118 Malignance (650),,,,False
Nami,BOTTOM,empty,0,,Malignance,,0,0,,False
Nami,BOTTOM,empty,300,,Malignance,1027 Sapphire Crystal (300),300,0,,False
Nami,BOTTOM,empty,1200,,Malignance,3802 Lost Chapter (1200),1200,0,,False
Nami,BOTTOM,empty,unknown,,Malignance,,0,,,False
Nami,BOTTOM,components,0,3802 | 1026,Malignance,,0,0,,False
Nami,BOTTOM,components,649,3802 | 1026,Malignance,2022 Glowing Mote (250) -> 2022 Glowing Mote (250),500,149,,False
Nami,BOTTOM,components,650,3802 | 1026,Malignance,3118 Malignance (650),650,0,,False
Nami,BOTTOM,owned_first,1000,3118,Dusk and Dawn,3067 Kindlegem (800),800,200,,False
Nami,BOTTOM,full_slots,650,3802 | 1026 | 900001 | 900002 | 900003 | 900004,Malignance,3118 Malignance (650),650,0,,False
Nami,BOTTOM,enemy_armor,1200,3802,Redemption,3108 Fiendish Codex (850) -> 1004 Faerie Charm (200),1050,150,,False
Nami,BOTTOM,enemy_magic,1200,3802,Malignance,1026 Blasting Wand (850) -> 2022 Glowing Mote (250),1100,100,,False
Nami,BOTTOM,isolated_completion,650,3802 | 1026,Malignance,3118 Malignance (650),,,,False
Nami,UTILITY,empty,0,,Echoes of Helia,,0,0,,False
Nami,UTILITY,empty,300,,Echoes of Helia,2022 Glowing Mote (250),250,50,,False
Nami,UTILITY,empty,1200,,Echoes of Helia,4642 Bandleglass Mirror (900) -> 2022 Glowing Mote (250),1150,50,,False
Nami,UTILITY,empty,unknown,,Echoes of Helia,,0,,,False
Nami,UTILITY,components,0,3067 | 4642,Echoes of Helia,,0,0,,False
Nami,UTILITY,components,499,3067 | 4642,Echoes of Helia,2022 Glowing Mote (250),250,249,,False
Nami,UTILITY,components,500,3067 | 4642,Echoes of Helia,6620 Echoes of Helia (500),500,0,,False
Nami,UTILITY,owned_first,1000,6620,Mejai's Soulstealer,3158 Ionian Boots of Lucidity (900),900,100,,False
Nami,UTILITY,full_slots,500,3067 | 4642 | 900001 | 900002 | 900003 | 900004,Echoes of Helia,6620 Echoes of Helia (500),500,0,,False
Nami,UTILITY,enemy_armor,1200,3067,Echoes of Helia,4642 Bandleglass Mirror (900) -> 2022 Glowing Mote (250),1150,50,,False
Nami,UTILITY,enemy_magic,1200,3067,Echoes of Helia,4642 Bandleglass Mirror (900) -> 2022 Glowing Mote (250),1150,50,,False
Nami,UTILITY,isolated_completion,500,3067 | 4642,Echoes of Helia,6620 Echoes of Helia (500),,,,False
Nasus,TOP,empty,0,,Trinity Force,,0,0,,False
Nasus,TOP,empty,300,,Trinity Force,1042 Dagger (250),250,50,,False
Nasus,TOP,empty,1200,,Trinity Force,3044 Phage (1100),1100,100,,False
Nasus,TOP,empty,unknown,,Trinity Force,,0,,,False
Nasus,TOP,components,0,3057 | 3044 | 3051,Trinity Force,,0,0,,False
Nasus,TOP,components,132,3057 | 3044 | 3051,Trinity Force,,0,132,,False
Nasus,TOP,components,133,3057 | 3044 | 3051,Trinity Force,3078 Trinity Force (133),133,0,,False
Nasus,TOP,owned_first,1000,3078,Frozen Heart,1027 Sapphire Crystal (300) -> 1028 Ruby Crystal (400) -> 2022 Glowing Mote (250),950,50,,False
Nasus,TOP,full_slots,133,3057 | 3044 | 3051 | 900001 | 900002 | 900003,Trinity Force,3078 Trinity Force (133),133,0,,False
Nasus,TOP,enemy_armor,1200,3057,Trinity Force,3044 Phage (1100),1100,100,,False
Nasus,TOP,enemy_magic,1200,3057,Trinity Force,1028 Ruby Crystal (400) -> 1033 Null-Magic Mantle (400) -> 1036 Long Sword (350),1150,50,,False
Nasus,TOP,isolated_completion,133,3057 | 3044 | 3051,Trinity Force,3078 Trinity Force (133),,,,False
Nasus,JUNGLE,empty,0,,Iceborn Gauntlet,,0,0,,False
Nasus,JUNGLE,empty,300,,Iceborn Gauntlet,2022 Glowing Mote (250),250,50,,False
Nasus,JUNGLE,empty,1200,,Iceborn Gauntlet,1028 Ruby Crystal (400) -> 1028 Ruby Crystal (400) -> 2022 Glowing Mote (250),1050,150,,False
Nasus,JUNGLE,empty,unknown,,Iceborn Gauntlet,,0,,,False
Nasus,JUNGLE,components,0,3057 | 1028 | 1031,Iceborn Gauntlet,,0,0,,False
Nasus,JUNGLE,components,799,3057 | 1028 | 1031,Iceborn Gauntlet,1028 Ruby Crystal (400),400,399,,False
Nasus,JUNGLE,components,800,3057 | 1028 | 1031,Iceborn Gauntlet,6662 Iceborn Gauntlet (800),800,0,,False
Nasus,JUNGLE,owned_first,1000,6662,Spirit Visage,1028 Ruby Crystal (400) -> 1028 Ruby Crystal (400),800,200,,False
Nasus,JUNGLE,full_slots,800,3057 | 1028 | 1031 | 900001 | 900002 | 900003,Iceborn Gauntlet,6662 Iceborn Gauntlet (800),800,0,,False
Nasus,JUNGLE,enemy_armor,1200,3057,Iceborn Gauntlet,1031 Chain Vest (800) -> 1028 Ruby Crystal (400),1200,0,,False
Nasus,JUNGLE,enemy_magic,1200,3057,Iceborn Gauntlet,1033 Null-Magic Mantle (400) -> 1028 Ruby Crystal (400) -> 1028 Ruby Crystal (400),1200,0,,False
Nasus,JUNGLE,isolated_completion,800,3057 | 1028 | 1031,Iceborn Gauntlet,6662 Iceborn Gauntlet (800),,,,False
Nasus,MIDDLE,empty,0,,Trinity Force,,0,0,,False
Nasus,MIDDLE,empty,300,,Trinity Force,1042 Dagger (250),250,50,,False
Nasus,MIDDLE,empty,1200,,Trinity Force,3044 Phage (1100),1100,100,,False
Nasus,MIDDLE,empty,unknown,,Trinity Force,,0,,,False
Nasus,MIDDLE,components,0,3057 | 3044 | 3051,Trinity Force,,0,0,,False
Nasus,MIDDLE,components,132,3057 | 3044 | 3051,Trinity Force,,0,132,,False
Nasus,MIDDLE,components,133,3057 | 3044 | 3051,Trinity Force,3078 Trinity Force (133),133,0,,False
Nasus,MIDDLE,owned_first,1000,3078,Bandlepipes,3067 Kindlegem (800),800,200,,False
Nasus,MIDDLE,full_slots,133,3057 | 3044 | 3051 | 900001 | 900002 | 900003,Trinity Force,3078 Trinity Force (133),133,0,,False
Nasus,MIDDLE,enemy_armor,1200,3057,Trinity Force,3044 Phage (1100),1100,100,,False
Nasus,MIDDLE,enemy_magic,1200,3057,Trinity Force,1028 Ruby Crystal (400) -> 1033 Null-Magic Mantle (400) -> 1036 Long Sword (350),1150,50,,False
Nasus,MIDDLE,isolated_completion,133,3057 | 3044 | 3051,Trinity Force,3078 Trinity Force (133),,,,False
Nasus,BOTTOM,empty,0,,Winter's Approach,,0,0,,False
Nasus,BOTTOM,empty,300,,Winter's Approach,2022 Glowing Mote (250),250,50,,False
Nasus,BOTTOM,empty,1200,,Winter's Approach,3067 Kindlegem (800) -> 1028 Ruby Crystal (400),1200,0,,False
Nasus,BOTTOM,empty,unknown,,Warmog's Armor,,0,,,False
Nasus,BOTTOM,components,0,1011 | 1011 | 3801,Warmog's Armor,,0,0,,False
Nasus,BOTTOM,components,499,1011 | 1011 | 3801,Heartsteel,3084 Heartsteel (400),400,99,,False
Nasus,BOTTOM,components,500,1011 | 1011 | 3801,Warmog's Armor,3083 Warmog's Armor (500),500,0,,False
Nasus,BOTTOM,owned_first,1000,3083,Winter's Approach,1011 Giant's Belt (900),900,100,,False
Nasus,BOTTOM,full_slots,500,1011 | 1011 | 3801 | 900001 | 900002 | 900003,Warmog's Armor,3083 Warmog's Armor (500),500,0,,False
Nasus,BOTTOM,enemy_armor,1200,1011,Winter's Approach,3067 Kindlegem (800) -> 3070 Tear of the Goddess (400),1200,0,,False
Nasus,BOTTOM,enemy_magic,1200,1011,Kaenic Rookern,1033 Null-Magic Mantle (400) -> 1033 Null-Magic Mantle (400) -> 1028 Ruby Crystal (400),1200,0,,False
Nasus,BOTTOM,isolated_completion,500,1011 | 1011 | 3801,Warmog's Armor,3083 Warmog's Armor (500),,,,False
Nasus,UTILITY,empty,0,,Winter's Approach,,0,0,,False
Nasus,UTILITY,empty,300,,Winter's Approach,2022 Glowing Mote (250),250,50,,False
Nasus,UTILITY,empty,1200,,Winter's Approach,3067 Kindlegem (800) -> 1028 Ruby Crystal (400),1200,0,,False
Nasus,UTILITY,empty,unknown,,Winter's Approach,,0,,,False
Nasus,UTILITY,components,0,3070 | 1011 | 3067,Winter's Approach,,0,0,,False
Nasus,UTILITY,components,299,3070 | 1011 | 3067,Winter's Approach,,0,299,,False
Nasus,UTILITY,components,300,3070 | 1011 | 3067,Winter's Approach,3119 Winter's Approach (300),300,0,,False
Nasus,UTILITY,owned_first,1000,3119,Warmog's Armor,1011 Giant's Belt (900),900,100,,False
Nasus,UTILITY,full_slots,300,3070 | 1011 | 3067 | 900001 | 900002 | 900003,Winter's Approach,3119 Winter's Approach (300),300,0,,False
Nasus,UTILITY,enemy_armor,1200,3070,Locket of the Iron Solari,3067 Kindlegem (800) -> 1029 Cloth Armor (300),1100,100,,False
Nasus,UTILITY,enemy_magic,1200,3070,Kaenic Rookern,1033 Null-Magic Mantle (400) -> 1033 Null-Magic Mantle (400) -> 1028 Ruby Crystal (400),1200,0,,False
Nasus,UTILITY,isolated_completion,300,3070 | 1011 | 3067,Winter's Approach,3119 Winter's Approach (300),,,,False
Nautilus,TOP,empty,0,,Winter's Approach,,0,0,,False
Nautilus,TOP,empty,300,,Winter's Approach,2022 Glowing Mote (250),250,50,,False
Nautilus,TOP,empty,1200,,Winter's Approach,3067 Kindlegem (800) -> 1028 Ruby Crystal (400),1200,0,,False
Nautilus,TOP,empty,unknown,,Warmog's Armor,,0,,,False
Nautilus,TOP,components,0,1011 | 1011 | 3801,Warmog's Armor,,0,0,,False
Nautilus,TOP,components,499,1011 | 1011 | 3801,Heartsteel,1028 Ruby Crystal (400),400,99,,False
Nautilus,TOP,components,500,1011 | 1011 | 3801,Warmog's Armor,3083 Warmog's Armor (500),500,0,,False
Nautilus,TOP,owned_first,1000,3083,Winter's Approach,1011 Giant's Belt (900),900,100,,False
Nautilus,TOP,full_slots,500,1011 | 1011 | 3801 | 900001 | 900002 | 900003,Warmog's Armor,3083 Warmog's Armor (500),500,0,,False
Nautilus,TOP,enemy_armor,1200,1011,Winter's Approach,3067 Kindlegem (800) -> 3070 Tear of the Goddess (400),1200,0,,False
Nautilus,TOP,enemy_magic,1200,1011,Kaenic Rookern,1033 Null-Magic Mantle (400) -> 1033 Null-Magic Mantle (400) -> 1028 Ruby Crystal (400),1200,0,,False
Nautilus,TOP,isolated_completion,500,1011 | 1011 | 3801,Warmog's Armor,3083 Warmog's Armor (500),,,,False
Nautilus,JUNGLE,empty,0,,Winter's Approach,,0,0,,False
Nautilus,JUNGLE,empty,300,,Winter's Approach,2022 Glowing Mote (250),250,50,,False
Nautilus,JUNGLE,empty,1200,,Winter's Approach,3067 Kindlegem (800) -> 1028 Ruby Crystal (400),1200,0,,False
Nautilus,JUNGLE,empty,unknown,,Warmog's Armor,,0,,,False
Nautilus,JUNGLE,components,0,1011 | 1011 | 3801,Warmog's Armor,,0,0,,False
Nautilus,JUNGLE,components,499,1011 | 1011 | 3801,Heartsteel,1028 Ruby Crystal (400),400,99,,False
Nautilus,JUNGLE,components,500,1011 | 1011 | 3801,Warmog's Armor,3083 Warmog's Armor (500),500,0,,False
Nautilus,JUNGLE,owned_first,1000,3083,Winter's Approach,1011 Giant's Belt (900),900,100,,False
Nautilus,JUNGLE,full_slots,500,1011 | 1011 | 3801 | 900001 | 900002 | 900003,Warmog's Armor,3083 Warmog's Armor (500),500,0,,False
Nautilus,JUNGLE,enemy_armor,1200,1011,Winter's Approach,3067 Kindlegem (800) -> 3070 Tear of the Goddess (400),1200,0,,False
Nautilus,JUNGLE,enemy_magic,1200,1011,Kaenic Rookern,1033 Null-Magic Mantle (400) -> 1033 Null-Magic Mantle (400) -> 1028 Ruby Crystal (400),1200,0,,False
Nautilus,JUNGLE,isolated_completion,500,1011 | 1011 | 3801,Warmog's Armor,3083 Warmog's Armor (500),,,,False
Nautilus,MIDDLE,empty,0,,Winter's Approach,,0,0,,False
Nautilus,MIDDLE,empty,300,,Winter's Approach,2022 Glowing Mote (250),250,50,,False
Nautilus,MIDDLE,empty,1200,,Winter's Approach,3067 Kindlegem (800) -> 1028 Ruby Crystal (400),1200,0,,False
Nautilus,MIDDLE,empty,unknown,,Warmog's Armor,,0,,,False
Nautilus,MIDDLE,components,0,1011 | 1011 | 3801,Warmog's Armor,,0,0,,False
Nautilus,MIDDLE,components,499,1011 | 1011 | 3801,Heartsteel,1028 Ruby Crystal (400),400,99,,False
Nautilus,MIDDLE,components,500,1011 | 1011 | 3801,Warmog's Armor,3083 Warmog's Armor (500),500,0,,False
Nautilus,MIDDLE,owned_first,1000,3083,Winter's Approach,1011 Giant's Belt (900),900,100,,False
Nautilus,MIDDLE,full_slots,500,1011 | 1011 | 3801 | 900001 | 900002 | 900003,Warmog's Armor,3083 Warmog's Armor (500),500,0,,False
Nautilus,MIDDLE,enemy_armor,1200,1011,Winter's Approach,3067 Kindlegem (800) -> 3070 Tear of the Goddess (400),1200,0,,False
Nautilus,MIDDLE,enemy_magic,1200,1011,Kaenic Rookern,1033 Null-Magic Mantle (400) -> 1033 Null-Magic Mantle (400) -> 1028 Ruby Crystal (400),1200,0,,False
Nautilus,MIDDLE,isolated_completion,500,1011 | 1011 | 3801,Warmog's Armor,3083 Warmog's Armor (500),,,,False
Nautilus,BOTTOM,empty,0,,Winter's Approach,,0,0,,False
Nautilus,BOTTOM,empty,300,,Winter's Approach,2022 Glowing Mote (250),250,50,,False
Nautilus,BOTTOM,empty,1200,,Winter's Approach,3067 Kindlegem (800) -> 1028 Ruby Crystal (400),1200,0,,False
Nautilus,BOTTOM,empty,unknown,,Warmog's Armor,,0,,,False
Nautilus,BOTTOM,components,0,1011 | 1011 | 3801,Warmog's Armor,,0,0,,False
Nautilus,BOTTOM,components,499,1011 | 1011 | 3801,Heartsteel,1028 Ruby Crystal (400),400,99,,False
Nautilus,BOTTOM,components,500,1011 | 1011 | 3801,Warmog's Armor,3083 Warmog's Armor (500),500,0,,False
Nautilus,BOTTOM,owned_first,1000,3083,Winter's Approach,1011 Giant's Belt (900),900,100,,False
Nautilus,BOTTOM,full_slots,500,1011 | 1011 | 3801 | 900001 | 900002 | 900003,Warmog's Armor,3083 Warmog's Armor (500),500,0,,False
Nautilus,BOTTOM,enemy_armor,1200,1011,Winter's Approach,3067 Kindlegem (800) -> 3070 Tear of the Goddess (400),1200,0,,False
Nautilus,BOTTOM,enemy_magic,1200,1011,Kaenic Rookern,1033 Null-Magic Mantle (400) -> 1033 Null-Magic Mantle (400) -> 1028 Ruby Crystal (400),1200,0,,False
Nautilus,BOTTOM,isolated_completion,500,1011 | 1011 | 3801,Warmog's Armor,3083 Warmog's Armor (500),,,,False
Nautilus,UTILITY,empty,0,,Locket of the Iron Solari,,0,0,,False
Nautilus,UTILITY,empty,300,,Locket of the Iron Solari,2022 Glowing Mote (250),250,50,,False
Nautilus,UTILITY,empty,1200,,Locket of the Iron Solari,3067 Kindlegem (800) -> 2022 Glowing Mote (250),1050,150,,False
Nautilus,UTILITY,empty,unknown,,Locket of the Iron Solari,,0,,,False
Nautilus,UTILITY,components,0,3067 | 1029 | 1033,Locket of the Iron Solari,,0,0,,False
Nautilus,UTILITY,components,699,3067 | 1029 | 1033,Locket of the Iron Solari,2022 Glowing Mote (250),250,449,,False
Nautilus,UTILITY,components,700,3067 | 1029 | 1033,Locket of the Iron Solari,3190 Locket of the Iron Solari (700),700,0,,False
Nautilus,UTILITY,owned_first,1000,3190,Knight's Vow,3067 Kindlegem (800),800,200,,False
Nautilus,UTILITY,full_slots,700,3067 | 1029 | 1033 | 900001 | 900002 | 900003,Locket of the Iron Solari,3190 Locket of the Iron Solari (700),700,0,,False
Nautilus,UTILITY,enemy_armor,1200,3067,Locket of the Iron Solari,1029 Cloth Armor (300) -> 1033 Null-Magic Mantle (400),700,500,,False
Nautilus,UTILITY,enemy_magic,1200,3067,Locket of the Iron Solari,1033 Null-Magic Mantle (400) -> 1029 Cloth Armor (300),700,500,,False
Nautilus,UTILITY,isolated_completion,700,3067 | 1029 | 1033,Locket of the Iron Solari,3190 Locket of the Iron Solari (700),,,,False
Neeko,TOP,empty,0,,Hextech Rocketbelt,,0,0,,False
Neeko,TOP,empty,300,,Hextech Rocketbelt,2022 Glowing Mote (250),250,50,,False
Neeko,TOP,empty,1200,,Hextech Rocketbelt,1052 Amplifying Tome (400) -> 1052 Amplifying Tome (400) -> 2022 Glowing Mote (250),1050,150,,False
Neeko,TOP,empty,unknown,,Hextech Rocketbelt,,0,,,False
Neeko,TOP,components,0,3145 | 3067 | 1028,Hextech Rocketbelt,,0,0,,False
Neeko,TOP,components,349,3145 | 3067 | 1028,Hextech Rocketbelt,,0,349,,False
Neeko,TOP,components,350,3145 | 3067 | 1028,Hextech Rocketbelt,3152 Hextech Rocketbelt (350),350,0,,False
Neeko,TOP,owned_first,1000,3152,Cryptbloom,3108 Fiendish Codex (850),850,150,,False
Neeko,TOP,full_slots,350,3145 | 3067 | 1028 | 900001 | 900002 | 900003,Hextech Rocketbelt,3152 Hextech Rocketbelt (350),350,0,,False
Neeko,TOP,enemy_armor,1200,3145,Hextech Rocketbelt,3067 Kindlegem (800) -> 1052 Amplifying Tome (400),1200,0,,False
Neeko,TOP,enemy_magic,1200,3145,Hextech Rocketbelt,3067 Kindlegem (800) -> 1052 Amplifying Tome (400),1200,0,,False
Neeko,TOP,isolated_completion,350,3145 | 3067 | 1028,Hextech Rocketbelt,3152 Hextech Rocketbelt (350),,,,False
Neeko,JUNGLE,empty,0,,Hextech Rocketbelt,,0,0,,False
Neeko,JUNGLE,empty,300,,Hextech Rocketbelt,2022 Glowing Mote (250),250,50,,False
Neeko,JUNGLE,empty,1200,,Hextech Rocketbelt,1052 Amplifying Tome (400) -> 1052 Amplifying Tome (400) -> 2022 Glowing Mote (250),1050,150,,False
Neeko,JUNGLE,empty,unknown,,Hextech Rocketbelt,,0,,,False
Neeko,JUNGLE,components,0,3145 | 3067 | 1028,Hextech Rocketbelt,,0,0,,False
Neeko,JUNGLE,components,349,3145 | 3067 | 1028,Hextech Rocketbelt,,0,349,,False
Neeko,JUNGLE,components,350,3145 | 3067 | 1028,Hextech Rocketbelt,3152 Hextech Rocketbelt (350),350,0,,False
Neeko,JUNGLE,owned_first,1000,3152,Shadowflame,1052 Amplifying Tome (400) -> 1052 Amplifying Tome (400),800,200,,False
Neeko,JUNGLE,full_slots,350,3145 | 3067 | 1028 | 900001 | 900002 | 900003,Hextech Rocketbelt,3152 Hextech Rocketbelt (350),350,0,,False
Neeko,JUNGLE,enemy_armor,1200,3145,Hextech Rocketbelt,3067 Kindlegem (800) -> 1052 Amplifying Tome (400),1200,0,,False
Neeko,JUNGLE,enemy_magic,1200,3145,Hextech Rocketbelt,3067 Kindlegem (800) -> 1052 Amplifying Tome (400),1200,0,,False
Neeko,JUNGLE,isolated_completion,350,3145 | 3067 | 1028,Hextech Rocketbelt,3152 Hextech Rocketbelt (350),,,,False
Neeko,MIDDLE,empty,0,,Hextech Rocketbelt,,0,0,,False
Neeko,MIDDLE,empty,300,,Hextech Rocketbelt,2022 Glowing Mote (250),250,50,,False
Neeko,MIDDLE,empty,1200,,Hextech Rocketbelt,1052 Amplifying Tome (400) -> 1052 Amplifying Tome (400) -> 2022 Glowing Mote (250),1050,150,,False
Neeko,MIDDLE,empty,unknown,,Hextech Rocketbelt,,0,,,False
Neeko,MIDDLE,components,0,3145 | 3067 | 1028,Hextech Rocketbelt,,0,0,,False
Neeko,MIDDLE,components,349,3145 | 3067 | 1028,Hextech Rocketbelt,,0,349,,False
Neeko,MIDDLE,components,350,3145 | 3067 | 1028,Hextech Rocketbelt,3152 Hextech Rocketbelt (350),350,0,,False
Neeko,MIDDLE,owned_first,1000,3152,Stormsurge,1052 Amplifying Tome (400) -> 1052 Amplifying Tome (400),800,200,,False
Neeko,MIDDLE,full_slots,350,3145 | 3067 | 1028 | 900001 | 900002 | 900003,Hextech Rocketbelt,3152 Hextech Rocketbelt (350),350,0,,False
Neeko,MIDDLE,enemy_armor,1200,3145,Hextech Rocketbelt,3067 Kindlegem (800) -> 1052 Amplifying Tome (400),1200,0,,False
Neeko,MIDDLE,enemy_magic,1200,3145,Hextech Rocketbelt,3067 Kindlegem (800) -> 1052 Amplifying Tome (400),1200,0,,False
Neeko,MIDDLE,isolated_completion,350,3145 | 3067 | 1028,Hextech Rocketbelt,3152 Hextech Rocketbelt (350),,,,False
Neeko,BOTTOM,empty,0,,Hextech Rocketbelt,,0,0,,False
Neeko,BOTTOM,empty,300,,Hextech Rocketbelt,2022 Glowing Mote (250),250,50,,False
Neeko,BOTTOM,empty,1200,,Hextech Rocketbelt,1052 Amplifying Tome (400) -> 1052 Amplifying Tome (400) -> 2022 Glowing Mote (250),1050,150,,False
Neeko,BOTTOM,empty,unknown,,Hextech Rocketbelt,,0,,,False
Neeko,BOTTOM,components,0,3145 | 3067 | 1028,Hextech Rocketbelt,,0,0,,False
Neeko,BOTTOM,components,349,3145 | 3067 | 1028,Hextech Rocketbelt,,0,349,,False
Neeko,BOTTOM,components,350,3145 | 3067 | 1028,Hextech Rocketbelt,3152 Hextech Rocketbelt (350),350,0,,False
Neeko,BOTTOM,owned_first,1000,3152,Imperial Mandate,1052 Amplifying Tome (400) -> 1052 Amplifying Tome (400) -> 1004 Faerie Charm (200),1000,0,,False
Neeko,BOTTOM,full_slots,350,3145 | 3067 | 1028 | 900001 | 900002 | 900003,Hextech Rocketbelt,3152 Hextech Rocketbelt (350),350,0,,False
Neeko,BOTTOM,enemy_armor,1200,3145,Hextech Rocketbelt,3067 Kindlegem (800) -> 1052 Amplifying Tome (400),1200,0,,False
Neeko,BOTTOM,enemy_magic,1200,3145,Hextech Rocketbelt,3067 Kindlegem (800) -> 1052 Amplifying Tome (400),1200,0,,False
Neeko,BOTTOM,isolated_completion,350,3145 | 3067 | 1028,Hextech Rocketbelt,3152 Hextech Rocketbelt (350),,,,False
Neeko,UTILITY,empty,0,,Hextech Rocketbelt,,0,0,,False
Neeko,UTILITY,empty,300,,Hextech Rocketbelt,2022 Glowing Mote (250),250,50,,False
Neeko,UTILITY,empty,1200,,Hextech Rocketbelt,1052 Amplifying Tome (400) -> 1052 Amplifying Tome (400) -> 2022 Glowing Mote (250),1050,150,,False
Neeko,UTILITY,empty,unknown,,Hextech Rocketbelt,,0,,,False
Neeko,UTILITY,components,0,3145 | 3067 | 1028,Hextech Rocketbelt,,0,0,,False
Neeko,UTILITY,components,349,3145 | 3067 | 1028,Hextech Rocketbelt,,0,349,,False
Neeko,UTILITY,components,350,3145 | 3067 | 1028,Hextech Rocketbelt,3152 Hextech Rocketbelt (350),350,0,,False
Neeko,UTILITY,owned_first,1000,3152,Frozen Heart,3024 Glacial Buckler (900),900,100,,False
Neeko,UTILITY,full_slots,350,3145 | 3067 | 1028 | 900001 | 900002 | 900003,Hextech Rocketbelt,3152 Hextech Rocketbelt (350),350,0,,False
Neeko,UTILITY,enemy_armor,1200,3145,Hextech Rocketbelt,3067 Kindlegem (800) -> 1052 Amplifying Tome (400),1200,0,,False
Neeko,UTILITY,enemy_magic,1200,3145,Hextech Rocketbelt,3067 Kindlegem (800) -> 1052 Amplifying Tome (400),1200,0,,False
Neeko,UTILITY,isolated_completion,350,3145 | 3067 | 1028,Hextech Rocketbelt,3152 Hextech Rocketbelt (350),,,,False
Nidalee,TOP,empty,0,,Trinity Force,,0,0,,False
Nidalee,TOP,empty,300,,Trinity Force,2022 Glowing Mote (250),250,50,,False
Nidalee,TOP,empty,1200,,Trinity Force,1036 Long Sword (350) -> 1036 Long Sword (350) -> 1036 Long Sword (350),1050,150,,False
Nidalee,TOP,empty,unknown,,Trinity Force,,0,,,False
Nidalee,TOP,components,0,3057 | 3044 | 3051,Trinity Force,,0,0,,False
Nidalee,TOP,components,132,3057 | 3044 | 3051,Trinity Force,,0,132,,False
Nidalee,TOP,components,133,3057 | 3044 | 3051,Trinity Force,3078 Trinity Force (133),133,0,,False
Nidalee,TOP,owned_first,1000,3078,Spear of Shojin,1037 Pickaxe (875),875,125,,False
Nidalee,TOP,full_slots,133,3057 | 3044 | 3051 | 900001 | 900002 | 900003,Trinity Force,3078 Trinity Force (133),133,0,,False
Nidalee,TOP,enemy_armor,1200,3057,Trinity Force,1036 Long Sword (350) -> 1036 Long Sword (350) -> 1036 Long Sword (350),1050,150,,False
Nidalee,TOP,enemy_magic,1200,3057,Trinity Force,1036 Long Sword (350) -> 1036 Long Sword (350) -> 1036 Long Sword (350),1050,150,,False
Nidalee,TOP,isolated_completion,133,3057 | 3044 | 3051,Trinity Force,3078 Trinity Force (133),,,,False
Nidalee,JUNGLE,empty,0,,Lich Bane,,0,0,,False
Nidalee,JUNGLE,empty,300,,Lich Bane,2022 Glowing Mote (250),250,50,,False
Nidalee,JUNGLE,empty,1200,,Lich Bane,1026 Blasting Wand (850) -> 2022 Glowing Mote (250),1100,100,,False
Nidalee,JUNGLE,empty,unknown,,Lich Bane,,0,,,False
Nidalee,JUNGLE,components,0,3057 | 3113 | 1026,Lich Bane,,0,0,,False
Nidalee,JUNGLE,components,249,3057 | 3113 | 1026,Lich Bane,,0,249,,False
Nidalee,JUNGLE,components,250,3057 | 3113 | 1026,Lich Bane,3100 Lich Bane (250),250,0,,False
Nidalee,JUNGLE,owned_first,1000,3100,Hextech Rocketbelt,1052 Amplifying Tome (400) -> 1052 Amplifying Tome (400),800,200,,False
Nidalee,JUNGLE,full_slots,250,3057 | 3113 | 1026 | 900001 | 900002 | 900003,Lich Bane,3100 Lich Bane (250),250,0,,False
Nidalee,JUNGLE,enemy_armor,1200,3057,Lich Bane,1026 Blasting Wand (850),850,350,,False
Nidalee,JUNGLE,enemy_magic,1200,3057,Lich Bane,1026 Blasting Wand (850),850,350,,False
Nidalee,JUNGLE,isolated_completion,250,3057 | 3113 | 1026,Lich Bane,3100 Lich Bane (250),,,,False
Nidalee,MIDDLE,empty,0,,Lich Bane,,0,0,,False
Nidalee,MIDDLE,empty,300,,Lich Bane,2022 Glowing Mote (250),250,50,,False
Nidalee,MIDDLE,empty,1200,,Lich Bane,1026 Blasting Wand (850) -> 2022 Glowing Mote (250),1100,100,,False
Nidalee,MIDDLE,empty,unknown,,Lich Bane,,0,,,False
Nidalee,MIDDLE,components,0,3057 | 3113 | 1026,Lich Bane,,0,0,,False
Nidalee,MIDDLE,components,249,3057 | 3113 | 1026,Lich Bane,,0,249,,False
Nidalee,MIDDLE,components,250,3057 | 3113 | 1026,Lich Bane,3100 Lich Bane (250),250,0,,False
Nidalee,MIDDLE,owned_first,1000,3100,Stormsurge,1052 Amplifying Tome (400) -> 1052 Amplifying Tome (400),800,200,,False
Nidalee,MIDDLE,full_slots,250,3057 | 3113 | 1026 | 900001 | 900002 | 900003,Lich Bane,3100 Lich Bane (250),250,0,,False
Nidalee,MIDDLE,enemy_armor,1200,3057,Lich Bane,1026 Blasting Wand (850),850,350,,False
Nidalee,MIDDLE,enemy_magic,1200,3057,Lich Bane,1026 Blasting Wand (850),850,350,,False
Nidalee,MIDDLE,isolated_completion,250,3057 | 3113 | 1026,Lich Bane,3100 Lich Bane (250),,,,False
Nidalee,BOTTOM,empty,0,,Trinity Force,,0,0,,False
Nidalee,BOTTOM,empty,300,,Trinity Force,2022 Glowing Mote (250),250,50,,False
Nidalee,BOTTOM,empty,1200,,Trinity Force,1036 Long Sword (350) -> 1036 Long Sword (350) -> 1036 Long Sword (350),1050,150,,False
Nidalee,BOTTOM,empty,unknown,,Trinity Force,,0,,,False
Nidalee,BOTTOM,components,0,3057 | 3044 | 3051,Trinity Force,,0,0,,False
Nidalee,BOTTOM,components,132,3057 | 3044 | 3051,Trinity Force,,0,132,,False
Nidalee,BOTTOM,components,133,3057 | 3044 | 3051,Trinity Force,3078 Trinity Force (133),133,0,,False
Nidalee,BOTTOM,owned_first,1000,3078,Terminus,1036 Long Sword (350) -> 1036 Long Sword (350) -> 1042 Dagger (250),950,50,,False
Nidalee,BOTTOM,full_slots,133,3057 | 3044 | 3051 | 900001 | 900002 | 900003,Trinity Force,3078 Trinity Force (133),133,0,,False
Nidalee,BOTTOM,enemy_armor,1200,3057,Trinity Force,1036 Long Sword (350) -> 1036 Long Sword (350) -> 1036 Long Sword (350),1050,150,,False
Nidalee,BOTTOM,enemy_magic,1200,3057,Trinity Force,1036 Long Sword (350) -> 1036 Long Sword (350) -> 1036 Long Sword (350),1050,150,,False
Nidalee,BOTTOM,isolated_completion,133,3057 | 3044 | 3051,Trinity Force,3078 Trinity Force (133),,,,False
Nidalee,UTILITY,empty,0,,Echoes of Helia,,0,0,,False
Nidalee,UTILITY,empty,300,,Echoes of Helia,2022 Glowing Mote (250),250,50,,False
Nidalee,UTILITY,empty,1200,,Echoes of Helia,4642 Bandleglass Mirror (900) -> 2022 Glowing Mote (250),1150,50,,False
Nidalee,UTILITY,empty,unknown,,Echoes of Helia,,0,,,False
Nidalee,UTILITY,components,0,3067 | 4642,Echoes of Helia,,0,0,,False
Nidalee,UTILITY,components,499,3067 | 4642,Echoes of Helia,1052 Amplifying Tome (400),400,99,,False
Nidalee,UTILITY,components,500,3067 | 4642,Echoes of Helia,6620 Echoes of Helia (500),500,0,,False
Nidalee,UTILITY,owned_first,1000,6620,Essence Reaver,1036 Long Sword (350) -> 1036 Long Sword (350) -> 2022 Glowing Mote (250),950,50,,False
Nidalee,UTILITY,full_slots,500,3067 | 4642 | 900001 | 900002 | 900003 | 900004,Echoes of Helia,6620 Echoes of Helia (500),500,0,,False
Nidalee,UTILITY,enemy_armor,1200,3067,Echoes of Helia,4642 Bandleglass Mirror (900),900,300,,False
Nidalee,UTILITY,enemy_magic,1200,3067,Echoes of Helia,4642 Bandleglass Mirror (900),900,300,,False
Nidalee,UTILITY,isolated_completion,500,3067 | 4642,Echoes of Helia,6620 Echoes of Helia (500),,,,False
Nilah,TOP,empty,0,,Experimental Hexplate,,0,0,,False
Nilah,TOP,empty,300,,Experimental Hexplate,1042 Dagger (250),250,50,,False
Nilah,TOP,empty,1200,,Experimental Hexplate,1036 Long Sword (350) -> 1036 Long Sword (350) -> 1042 Dagger (250) -> 1042 Dagger (250),1200,0,,False
Nilah,TOP,empty,unknown,,Experimental Hexplate,,0,,,False
Nilah,TOP,components,0,2021 | 1042 | 3044,Experimental Hexplate,,0,0,,False
Nilah,TOP,components,499,2021 | 1042 | 3044,Experimental Hexplate,1036 Long Sword (350),350,149,,False
Nilah,TOP,components,500,2021 | 1042 | 3044,Experimental Hexplate,3073 Experimental Hexplate (500),500,0,,False
Nilah,TOP,owned_first,1000,3073,Yun Tal Wildarrows,3144 Scout's Slingshot (600) -> 1036 Long Sword (350),950,50,,False
Nilah,TOP,full_slots,500,2021 | 1042 | 3044 | 900001 | 900002 | 900003,Experimental Hexplate,3073 Experimental Hexplate (500),500,0,,False
Nilah,TOP,enemy_armor,1200,2021,Experimental Hexplate,1036 Long Sword (350) -> 1042 Dagger (250) -> 1028 Ruby Crystal (400),1000,200,,False
Nilah,TOP,enemy_magic,1200,2021,Experimental Hexplate,1036 Long Sword (350) -> 1042 Dagger (250) -> 1028 Ruby Crystal (400),1000,200,,False
Nilah,TOP,isolated_completion,500,2021 | 1042 | 3044,Experimental Hexplate,3073 Experimental Hexplate (500),,,,False
Nilah,JUNGLE,empty,0,,Youmuu's Ghostblade,,0,0,,False
Nilah,JUNGLE,empty,300,,Youmuu's Ghostblade,,0,300,,False
Nilah,JUNGLE,empty,1200,,Youmuu's Ghostblade,1036 Long Sword (350) -> 1036 Long Sword (350) -> 1036 Long Sword (350),1050,150,,False
Nilah,JUNGLE,empty,unknown,,Youmuu's Ghostblade,,0,,,False
Nilah,JUNGLE,components,0,3134 | 6690 | 1036,Youmuu's Ghostblade,,0,0,,False
Nilah,JUNGLE,components,674,3134 | 6690 | 1036,Youmuu's Ghostblade,1018 Cloak of Agility (600),600,74,,False
Nilah,JUNGLE,components,675,3134 | 6690 | 1036,Youmuu's Ghostblade,3142 Youmuu's Ghostblade (675),675,0,,False
Nilah,JUNGLE,owned_first,1000,3142,The Collector,1018 Cloak of Agility (600) -> 1036 Long Sword (350),950,50,,False
Nilah,JUNGLE,full_slots,675,3134 | 6690 | 1036 | 900001 | 900002 | 900003,Youmuu's Ghostblade,3142 Youmuu's Ghostblade (675),675,0,,False
Nilah,JUNGLE,enemy_armor,1200,3134,Youmuu's Ghostblade,6690 Rectrix (775) -> 1036 Long Sword (350),1125,75,,False
Nilah,JUNGLE,enemy_magic,1200,3134,Youmuu's Ghostblade,6690 Rectrix (775) -> 1036 Long Sword (350),1125,75,,False
Nilah,JUNGLE,isolated_completion,675,3134 | 6690 | 1036,Youmuu's Ghostblade,3142 Youmuu's Ghostblade (675),,,,False
Nilah,MIDDLE,empty,0,,Yun Tal Wildarrows,,0,0,,False
Nilah,MIDDLE,empty,300,,Yun Tal Wildarrows,1042 Dagger (250),250,50,,False
Nilah,MIDDLE,empty,1200,,Yun Tal Wildarrows,3144 Scout's Slingshot (600) -> 1036 Long Sword (350),950,250,,False
Nilah,MIDDLE,empty,unknown,,Yun Tal Wildarrows,,0,,,False
Nilah,MIDDLE,components,0,1038 | 3144 | 1036,Yun Tal Wildarrows,,0,0,,False
Nilah,MIDDLE,components,749,1038 | 3144 | 1036,Yun Tal Wildarrows,,0,749,,False
Nilah,MIDDLE,components,750,1038 | 3144 | 1036,Yun Tal Wildarrows,3032 Yun Tal Wildarrows (750),750,0,,False
Nilah,MIDDLE,owned_first,1000,3032,Infinity Edge,1037 Pickaxe (875),875,125,,False
Nilah,MIDDLE,full_slots,750,1038 | 3144 | 1036 | 900001 | 900002 | 900003,Yun Tal Wildarrows,3032 Yun Tal Wildarrows (750),750,0,,False
Nilah,MIDDLE,enemy_armor,1200,1038,Yun Tal Wildarrows,3144 Scout's Slingshot (600) -> 1036 Long Sword (350),950,250,,False
Nilah,MIDDLE,enemy_magic,1200,1038,Yun Tal Wildarrows,3144 Scout's Slingshot (600) -> 1036 Long Sword (350),950,250,,False
Nilah,MIDDLE,isolated_completion,750,1038 | 3144 | 1036,Yun Tal Wildarrows,3032 Yun Tal Wildarrows (750),,,,False
Nilah,BOTTOM,empty,0,,The Collector,,0,0,,False
Nilah,BOTTOM,empty,300,,The Collector,,0,300,,False
Nilah,BOTTOM,empty,1200,,The Collector,1018 Cloak of Agility (600) -> 1036 Long Sword (350),950,250,,False
Nilah,BOTTOM,empty,unknown,,The Collector,,0,,,False
Nilah,BOTTOM,components,0,1037 | 3134 | 1018,The Collector,,0,0,,False
Nilah,BOTTOM,components,524,1037 | 3134 | 1018,The Collector,,0,524,,False
Nilah,BOTTOM,components,525,1037 | 3134 | 1018,The Collector,6676 The Collector (525),525,0,,False
Nilah,BOTTOM,owned_first,1000,6676,Infinity Edge,1037 Pickaxe (875),875,125,,False
Nilah,BOTTOM,full_slots,525,1037 | 3134 | 1018 | 900001 | 900002 | 900003,The Collector,6676 The Collector (525),525,0,,False
Nilah,BOTTOM,enemy_armor,1200,1037,The Collector,1018 Cloak of Agility (600) -> 1036 Long Sword (350),950,250,,False
Nilah,BOTTOM,enemy_magic,1200,1037,The Collector,1018 Cloak of Agility (600) -> 1036 Long Sword (350),950,250,,False
Nilah,BOTTOM,isolated_completion,525,1037 | 3134 | 1018,The Collector,6676 The Collector (525),,,,False
Nilah,UTILITY,empty,0,,Essence Reaver,,0,0,,False
Nilah,UTILITY,empty,300,,Essence Reaver,2022 Glowing Mote (250),250,50,,False
Nilah,UTILITY,empty,1200,,Essence Reaver,1018 Cloak of Agility (600) -> 1036 Long Sword (350) -> 2022 Glowing Mote (250),1200,0,,False
Nilah,UTILITY,empty,unknown,,Essence Reaver,,0,,,False
Nilah,UTILITY,components,0,3057 | 3133 | 1018,Essence Reaver,,0,0,,False
Nilah,UTILITY,components,499,3057 | 3133 | 1018,Essence Reaver,,0,499,,False
Nilah,UTILITY,components,500,3057 | 3133 | 1018,Essence Reaver,3508 Essence Reaver (500),500,0,,False
Nilah,UTILITY,owned_first,1000,3508,Infinity Edge,1037 Pickaxe (875),875,125,,False
Nilah,UTILITY,full_slots,500,3057 | 3133 | 1018 | 900001 | 900002 | 900003,Essence Reaver,3508 Essence Reaver (500),500,0,,False
Nilah,UTILITY,enemy_armor,1200,3057,Essence Reaver,1018 Cloak of Agility (600) -> 1036 Long Sword (350) -> 2022 Glowing Mote (250),1200,0,,False
Nilah,UTILITY,enemy_magic,1200,3057,Essence Reaver,1018 Cloak of Agility (600) -> 1036 Long Sword (350) -> 2022 Glowing Mote (250),1200,0,,False
Nilah,UTILITY,isolated_completion,500,3057 | 3133 | 1018,Essence Reaver,3508 Essence Reaver (500),,,,False
Nocturne,TOP,empty,0,,Stridebreaker,,0,0,,False
Nocturne,TOP,empty,300,,Stridebreaker,1042 Dagger (250),250,50,,False
Nocturne,TOP,empty,1200,,Stridebreaker,1036 Long Sword (350) -> 1036 Long Sword (350) -> 1036 Long Sword (350),1050,150,,False
Nocturne,TOP,empty,unknown,,Stridebreaker,,0,,,False
Nocturne,TOP,components,0,3077 | 3044 | 1042,Stridebreaker,,0,0,,False
Nocturne,TOP,components,749,3077 | 3044 | 1042,Stridebreaker,1036 Long Sword (350) -> 1042 Dagger (250),600,149,,False
Nocturne,TOP,components,750,3077 | 3044 | 1042,Stridebreaker,6631 Stridebreaker (750),750,0,,False
Nocturne,TOP,owned_first,1000,6631,Experimental Hexplate,1036 Long Sword (350) -> 1036 Long Sword (350) -> 1042 Dagger (250),950,50,,False
Nocturne,TOP,full_slots,750,3077 | 3044 | 1042 | 900001 | 900002 | 900003,Stridebreaker,6631 Stridebreaker (750),750,0,,False
Nocturne,TOP,enemy_armor,1200,3077,Stridebreaker,1036 Long Sword (350) -> 1042 Dagger (250) -> 1036 Long Sword (350) -> 1042 Dagger (250),1200,0,,False
Nocturne,TOP,enemy_magic,1200,3077,Stridebreaker,1036 Long Sword (350) -> 1042 Dagger (250) -> 1036 Long Sword (350) -> 1042 Dagger (250),1200,0,,False
Nocturne,TOP,isolated_completion,750,3077 | 3044 | 1042,Stridebreaker,6631 Stridebreaker (750),,,,False
Nocturne,JUNGLE,empty,0,,Experimental Hexplate,,0,0,,False
Nocturne,JUNGLE,empty,300,,Experimental Hexplate,1042 Dagger (250),250,50,,False
Nocturne,JUNGLE,empty,1200,,Experimental Hexplate,1036 Long Sword (350) -> 1036 Long Sword (350) -> 1042 Dagger (250) -> 1042 Dagger (250),1200,0,,False
Nocturne,JUNGLE,empty,unknown,,Experimental Hexplate,,0,,,False
Nocturne,JUNGLE,components,0,2021 | 1042 | 3044,Experimental Hexplate,,0,0,,False
Nocturne,JUNGLE,components,499,2021 | 1042 | 3044,Experimental Hexplate,1036 Long Sword (350),350,149,,False
Nocturne,JUNGLE,components,500,2021 | 1042 | 3044,Experimental Hexplate,3073 Experimental Hexplate (500),500,0,,False
Nocturne,JUNGLE,owned_first,1000,3073,Stridebreaker,1036 Long Sword (350) -> 1036 Long Sword (350) -> 1042 Dagger (250),950,50,,False
Nocturne,JUNGLE,full_slots,500,2021 | 1042 | 3044 | 900001 | 900002 | 900003,Experimental Hexplate,3073 Experimental Hexplate (500),500,0,,False
Nocturne,JUNGLE,enemy_armor,1200,2021,Experimental Hexplate,1036 Long Sword (350) -> 1042 Dagger (250) -> 1036 Long Sword (350) -> 1042 Dagger (250),1200,0,,False
Nocturne,JUNGLE,enemy_magic,1200,2021,Experimental Hexplate,1036 Long Sword (350) -> 1042 Dagger (250) -> 1036 Long Sword (350) -> 1042 Dagger (250),1200,0,,False
Nocturne,JUNGLE,isolated_completion,500,2021 | 1042 | 3044,Experimental Hexplate,3073 Experimental Hexplate (500),,,,False
Nocturne,MIDDLE,empty,0,,Stridebreaker,,0,0,,False
Nocturne,MIDDLE,empty,300,,Stridebreaker,1042 Dagger (250),250,50,,False
Nocturne,MIDDLE,empty,1200,,Stridebreaker,1036 Long Sword (350) -> 1036 Long Sword (350) -> 1036 Long Sword (350),1050,150,,False
Nocturne,MIDDLE,empty,unknown,,Stridebreaker,,0,,,False
Nocturne,MIDDLE,components,0,3077 | 3044 | 1042,Stridebreaker,,0,0,,False
Nocturne,MIDDLE,components,749,3077 | 3044 | 1042,Stridebreaker,1036 Long Sword (350) -> 1036 Long Sword (350),700,49,,False
Nocturne,MIDDLE,components,750,3077 | 3044 | 1042,Stridebreaker,6631 Stridebreaker (750),750,0,,False
Nocturne,MIDDLE,owned_first,1000,6631,Axiom Arc,1037 Pickaxe (875),875,125,,False
Nocturne,MIDDLE,full_slots,750,3077 | 3044 | 1042 | 900001 | 900002 | 900003,Stridebreaker,6631 Stridebreaker (750),750,0,,False
Nocturne,MIDDLE,enemy_armor,1200,3077,Stridebreaker,1036 Long Sword (350) -> 1042 Dagger (250) -> 1036 Long Sword (350) -> 1042 Dagger (250),1200,0,,False
Nocturne,MIDDLE,enemy_magic,1200,3077,Stridebreaker,1036 Long Sword (350) -> 1042 Dagger (250) -> 1036 Long Sword (350) -> 1042 Dagger (250),1200,0,,False
Nocturne,MIDDLE,isolated_completion,750,3077 | 3044 | 1042,Stridebreaker,6631 Stridebreaker (750),,,,False
Nocturne,BOTTOM,empty,0,,Essence Reaver,,0,0,,False
Nocturne,BOTTOM,empty,300,,Essence Reaver,2022 Glowing Mote (250),250,50,,False
Nocturne,BOTTOM,empty,1200,,Essence Reaver,3133 Caulfield's Warhammer (1050),1050,150,,False
Nocturne,BOTTOM,empty,unknown,,Essence Reaver,,0,,,False
Nocturne,BOTTOM,components,0,3057 | 3133 | 1018,Essence Reaver,,0,0,,False
Nocturne,BOTTOM,components,499,3057 | 3133 | 1018,Essence Reaver,,0,499,,False
Nocturne,BOTTOM,components,500,3057 | 3133 | 1018,Essence Reaver,3508 Essence Reaver (500),500,0,,False
Nocturne,BOTTOM,owned_first,1000,3508,Guardian Angel,1036 Long Sword (350),350,650,,False
Nocturne,BOTTOM,full_slots,500,3057 | 3133 | 1018 | 900001 | 900002 | 900003,Essence Reaver,3508 Essence Reaver (500),500,0,,False
Nocturne,BOTTOM,enemy_armor,1200,3057,Essence Reaver,3133 Caulfield's Warhammer (1050),1050,150,,False
Nocturne,BOTTOM,enemy_magic,1200,3057,Essence Reaver,3133 Caulfield's Warhammer (1050),1050,150,,False
Nocturne,BOTTOM,isolated_completion,500,3057 | 3133 | 1018,Essence Reaver,3508 Essence Reaver (500),,,,False
Nocturne,UTILITY,empty,0,,Profane Hydra,,0,0,,False
Nocturne,UTILITY,empty,300,,Profane Hydra,2022 Glowing Mote (250),250,50,,False
Nocturne,UTILITY,empty,1200,,Profane Hydra,1037 Pickaxe (875) -> 2022 Glowing Mote (250),1125,75,,False
Nocturne,UTILITY,empty,unknown,,Profane Hydra,,0,,,False
Nocturne,UTILITY,components,0,3077 | 2020,Profane Hydra,,0,0,,False
Nocturne,UTILITY,components,312,3077 | 2020,Profane Hydra,,0,312,,False
Nocturne,UTILITY,components,313,3077 | 2020,Profane Hydra,6698 Profane Hydra (313),313,0,,False
Nocturne,UTILITY,owned_first,1000,6698,Essence Reaver,1036 Long Sword (350) -> 1036 Long Sword (350) -> 2022 Glowing Mote (250),950,50,,False
Nocturne,UTILITY,full_slots,313,3077 | 2020 | 900001 | 900002 | 900003 | 900004,Profane Hydra,6698 Profane Hydra (313),313,0,,False
Nocturne,UTILITY,enemy_armor,1200,3077,Profane Hydra,1037 Pickaxe (875) -> 2022 Glowing Mote (250),1125,75,,False
Nocturne,UTILITY,enemy_magic,1200,3077,Profane Hydra,1037 Pickaxe (875) -> 2022 Glowing Mote (250),1125,75,,False
Nocturne,UTILITY,isolated_completion,313,3077 | 2020,Profane Hydra,6698 Profane Hydra (313),,,,False
Nunu,TOP,empty,0,,Stormsurge,,0,0,,False
Nunu,TOP,empty,300,,Stormsurge,2022 Glowing Mote (250),250,50,,False
Nunu,TOP,empty,1200,,Stormsurge,1028 Ruby Crystal (400) -> 1028 Ruby Crystal (400) -> 1028 Ruby Crystal (400),1200,0,,False
Nunu,TOP,empty,unknown,,Stormsurge,,0,,,False
Nunu,TOP,components,0,3145 | 3113,Stormsurge,,0,0,,False
Nunu,TOP,components,799,3145 | 3113,Stormsurge,1028 Ruby Crystal (400) -> 2022 Glowing Mote (250),650,149,,False
Nunu,TOP,components,800,3145 | 3113,Stormsurge,1028 Ruby Crystal (400) -> 1028 Ruby Crystal (400),800,0,,False
Nunu,TOP,owned_first,1000,4646,Hextech Rocketbelt,1028 Ruby Crystal (400) -> 1028 Ruby Crystal (400),800,200,,False
Nunu,TOP,full_slots,800,3145 | 3113 | 900001 | 900002 | 900003 | 900004,Stormsurge,4646 Stormsurge (800),800,0,,False
Nunu,TOP,enemy_armor,1200,3145,Stormsurge,1028 Ruby Crystal (400) -> 1028 Ruby Crystal (400) -> 1028 Ruby Crystal (400),1200,0,,False
Nunu,TOP,enemy_magic,1200,3145,Stormsurge,1033 Null-Magic Mantle (400) -> 1033 Null-Magic Mantle (400) -> 1028 Ruby Crystal (400),1200,0,,False
Nunu,TOP,isolated_completion,800,3145 | 3113,Stormsurge,4646 Stormsurge (800),,,,False
Nunu,JUNGLE,empty,0,,Liandry's Torment,,0,0,,False
Nunu,JUNGLE,empty,300,,Liandry's Torment,2022 Glowing Mote (250),250,50,,False
Nunu,JUNGLE,empty,1200,,Liandry's Torment,1028 Ruby Crystal (400) -> 1028 Ruby Crystal (400) -> 1052 Amplifying Tome (400),1200,0,,False
Nunu,JUNGLE,empty,unknown,,Liandry's Torment,,0,,,False
Nunu,JUNGLE,components,0,3147 | 2508,Liandry's Torment,,0,0,,False
Nunu,JUNGLE,components,799,3147 | 2508,Liandry's Torment,1028 Ruby Crystal (400) -> 2022 Glowing Mote (250),650,149,,False
Nunu,JUNGLE,components,800,3147 | 2508,Liandry's Torment,1028 Ruby Crystal (400) -> 1028 Ruby Crystal (400),800,0,,False
Nunu,JUNGLE,owned_first,1000,6653,Dead Man's Plate,1028 Ruby Crystal (400) -> 1028 Ruby Crystal (400),800,200,,False
Nunu,JUNGLE,full_slots,800,3147 | 2508 | 900001 | 900002 | 900003 | 900004,Liandry's Torment,6653 Liandry's Torment (800),800,0,,False
Nunu,JUNGLE,enemy_armor,1200,3147,Liandry's Torment,1028 Ruby Crystal (400) -> 1028 Ruby Crystal (400) -> 1052 Amplifying Tome (400),1200,0,,False
Nunu,JUNGLE,enemy_magic,1200,3147,Liandry's Torment,1033 Null-Magic Mantle (400) -> 1028 Ruby Crystal (400) -> 1028 Ruby Crystal (400),1200,0,,False
Nunu,JUNGLE,isolated_completion,800,3147 | 2508,Liandry's Torment,6653 Liandry's Torment (800),,,,False
Nunu,MIDDLE,empty,0,,Stormsurge,,0,0,,False
Nunu,MIDDLE,empty,300,,Stormsurge,2022 Glowing Mote (250),250,50,,False
Nunu,MIDDLE,empty,1200,,Stormsurge,3067 Kindlegem (800) -> 1028 Ruby Crystal (400),1200,0,,False
Nunu,MIDDLE,empty,unknown,,Stormsurge,,0,,,False
Nunu,MIDDLE,components,0,3145 | 3113,Stormsurge,,0,0,,False
Nunu,MIDDLE,components,799,3145 | 3113,Stormsurge,1028 Ruby Crystal (400) -> 1082 Dark Seal (350),750,49,,False
Nunu,MIDDLE,components,800,3145 | 3113,Stormsurge,1028 Ruby Crystal (400) -> 1028 Ruby Crystal (400),800,0,,False
Nunu,MIDDLE,owned_first,1000,4646,Hextech Rocketbelt,1028 Ruby Crystal (400) -> 1028 Ruby Crystal (400),800,200,,False
Nunu,MIDDLE,full_slots,800,3145 | 3113 | 900001 | 900002 | 900003 | 900004,Stormsurge,4646 Stormsurge (800),800,0,,False
Nunu,MIDDLE,enemy_armor,1200,3145,Stormsurge,3067 Kindlegem (800) -> 1028 Ruby Crystal (400),1200,0,,False
Nunu,MIDDLE,enemy_magic,1200,3145,Stormsurge,1033 Null-Magic Mantle (400) -> 1028 Ruby Crystal (400) -> 1028 Ruby Crystal (400),1200,0,,False
Nunu,MIDDLE,isolated_completion,800,3145 | 3113,Stormsurge,4646 Stormsurge (800),,,,False
Nunu,BOTTOM,empty,0,,Winter's Approach,,0,0,,False
Nunu,BOTTOM,empty,300,,Winter's Approach,2022 Glowing Mote (250),250,50,,False
Nunu,BOTTOM,empty,1200,,Winter's Approach,3067 Kindlegem (800) -> 1028 Ruby Crystal (400),1200,0,,False
Nunu,BOTTOM,empty,unknown,,Warmog's Armor,,0,,,False
Nunu,BOTTOM,components,0,1011 | 1011 | 3801,Warmog's Armor,,0,0,,False
Nunu,BOTTOM,components,499,1011 | 1011 | 3801,Heartsteel,1028 Ruby Crystal (400),400,99,,False
Nunu,BOTTOM,components,500,1011 | 1011 | 3801,Warmog's Armor,3083 Warmog's Armor (500),500,0,,False
Nunu,BOTTOM,owned_first,1000,3083,Winter's Approach,1011 Giant's Belt (900),900,100,,False
Nunu,BOTTOM,full_slots,500,1011 | 1011 | 3801 | 900001 | 900002 | 900003,Warmog's Armor,3083 Warmog's Armor (500),500,0,,False
Nunu,BOTTOM,enemy_armor,1200,1011,Winter's Approach,3067 Kindlegem (800) -> 3070 Tear of the Goddess (400),1200,0,,False
Nunu,BOTTOM,enemy_magic,1200,1011,Kaenic Rookern,1033 Null-Magic Mantle (400) -> 1033 Null-Magic Mantle (400) -> 1028 Ruby Crystal (400),1200,0,,False
Nunu,BOTTOM,isolated_completion,500,1011 | 1011 | 3801,Warmog's Armor,3083 Warmog's Armor (500),,,,False
Nunu,UTILITY,empty,0,,Hextech Rocketbelt,,0,0,,False
Nunu,UTILITY,empty,300,,Hextech Rocketbelt,2022 Glowing Mote (250),250,50,,False
Nunu,UTILITY,empty,1200,,Hextech Rocketbelt,3067 Kindlegem (800) -> 1028 Ruby Crystal (400),1200,0,,False
Nunu,UTILITY,empty,unknown,,Hextech Rocketbelt,,0,,,False
Nunu,UTILITY,components,0,3145 | 3067 | 1028,Hextech Rocketbelt,,0,0,,False
Nunu,UTILITY,components,349,3145 | 3067 | 1028,Hextech Rocketbelt,,0,349,,False
Nunu,UTILITY,components,350,3145 | 3067 | 1028,Hextech Rocketbelt,3152 Hextech Rocketbelt (350),350,0,,False
Nunu,UTILITY,owned_first,1000,3152,Winter's Approach,1011 Giant's Belt (900),900,100,,False
Nunu,UTILITY,full_slots,350,3145 | 3067 | 1028 | 900001 | 900002 | 900003,Hextech Rocketbelt,3152 Hextech Rocketbelt (350),350,0,,False
Nunu,UTILITY,enemy_armor,1200,3145,Hextech Rocketbelt,3067 Kindlegem (800) -> 1028 Ruby Crystal (400),1200,0,,False
Nunu,UTILITY,enemy_magic,1200,3145,Hextech Rocketbelt,3067 Kindlegem (800) -> 1028 Ruby Crystal (400),1200,0,,False
Nunu,UTILITY,isolated_completion,350,3145 | 3067 | 1028,Hextech Rocketbelt,3152 Hextech Rocketbelt (350),,,,False
Olaf,TOP,empty,0,,Stridebreaker,,0,0,,False
Olaf,TOP,empty,300,,Stridebreaker,1042 Dagger (250),250,50,,False
Olaf,TOP,empty,1200,,Stridebreaker,1028 Ruby Crystal (400) -> 1036 Long Sword (350) -> 1036 Long Sword (350),1100,100,,False
Olaf,TOP,empty,unknown,,Stridebreaker,,0,,,False
Olaf,TOP,components,0,3077 | 3044 | 1042,Stridebreaker,,0,0,,False
Olaf,TOP,components,749,3077 | 3044 | 1042,Stridebreaker,1028 Ruby Crystal (400),400,349,,False
Olaf,TOP,components,750,3077 | 3044 | 1042,Stridebreaker,6631 Stridebreaker (750),750,0,,False
Olaf,TOP,owned_first,1000,6631,Experimental Hexplate,1028 Ruby Crystal (400) -> 1036 Long Sword (350) -> 1042 Dagger (250),1000,0,,False
Olaf,TOP,full_slots,750,3077 | 3044 | 1042 | 900001 | 900002 | 900003,Stridebreaker,6631 Stridebreaker (750),750,0,,False
Olaf,TOP,enemy_armor,1200,3077,Stridebreaker,3044 Phage (1100),1100,100,,False
Olaf,TOP,enemy_magic,1200,3077,Stridebreaker,1028 Ruby Crystal (400) -> 1033 Null-Magic Mantle (400) -> 1036 Long Sword (350),1150,50,,False
Olaf,TOP,isolated_completion,750,3077 | 3044 | 1042,Stridebreaker,6631 Stridebreaker (750),,,,False
Olaf,JUNGLE,empty,0,,Experimental Hexplate,,0,0,,False
Olaf,JUNGLE,empty,300,,Experimental Hexplate,1042 Dagger (250),250,50,,False
Olaf,JUNGLE,empty,1200,,Experimental Hexplate,2021 Tunneler (1150),1150,50,,False
Olaf,JUNGLE,empty,unknown,,Experimental Hexplate,,0,,,False
Olaf,JUNGLE,components,0,2021 | 1042 | 3044,Experimental Hexplate,,0,0,,False
Olaf,JUNGLE,components,499,2021 | 1042 | 3044,Experimental Hexplate,,0,499,,False
Olaf,JUNGLE,components,500,2021 | 1042 | 3044,Experimental Hexplate,3073 Experimental Hexplate (500),500,0,,False
Olaf,JUNGLE,owned_first,1000,3073,Stridebreaker,1028 Ruby Crystal (400) -> 1036 Long Sword (350) -> 1042 Dagger (250),1000,0,,False
Olaf,JUNGLE,full_slots,500,2021 | 1042 | 3044 | 900001 | 900002 | 900003,Experimental Hexplate,3073 Experimental Hexplate (500),500,0,,False
Olaf,JUNGLE,enemy_armor,1200,2021,Experimental Hexplate,3044 Phage (1100),1100,100,,False
Olaf,JUNGLE,enemy_magic,1200,2021,Experimental Hexplate,1028 Ruby Crystal (400) -> 1033 Null-Magic Mantle (400) -> 1036 Long Sword (350),1150,50,,False
Olaf,JUNGLE,isolated_completion,500,2021 | 1042 | 3044,Experimental Hexplate,3073 Experimental Hexplate (500),,,,False
Olaf,MIDDLE,empty,0,,Ravenous Hydra,,0,0,,False
Olaf,MIDDLE,empty,300,,Ravenous Hydra,2022 Glowing Mote (250),250,50,,False
Olaf,MIDDLE,empty,1200,,Ravenous Hydra,3133 Caulfield's Warhammer (1050),1050,150,,False
Olaf,MIDDLE,empty,unknown,,Ravenous Hydra,,0,,,False
Olaf,MIDDLE,components,0,3077 | 1053 | 3133,Ravenous Hydra,,0,0,,False
Olaf,MIDDLE,components,149,3077 | 1053 | 3133,Ravenous Hydra,,0,149,,False
Olaf,MIDDLE,components,150,3077 | 1053 | 3133,Ravenous Hydra,3074 Ravenous Hydra (150),150,0,,False
Olaf,MIDDLE,owned_first,1000,3074,Death's Dance,1036 Long Sword (350) -> 1036 Long Sword (350) -> 2022 Glowing Mote (250),950,50,,False
Olaf,MIDDLE,full_slots,150,3077 | 1053 | 3133 | 900001 | 900002 | 900003,Ravenous Hydra,3074 Ravenous Hydra (150),150,0,,False
Olaf,MIDDLE,enemy_armor,1200,3077,Ravenous Hydra,3133 Caulfield's Warhammer (1050),1050,150,,False
Olaf,MIDDLE,enemy_magic,1200,3077,Ravenous Hydra,3133 Caulfield's Warhammer (1050),1050,150,,False
Olaf,MIDDLE,isolated_completion,150,3077 | 1053 | 3133,Ravenous Hydra,3074 Ravenous Hydra (150),,,,False
Olaf,BOTTOM,empty,0,,Ravenous Hydra,,0,0,,False
Olaf,BOTTOM,empty,300,,Ravenous Hydra,2022 Glowing Mote (250),250,50,,False
Olaf,BOTTOM,empty,1200,,Ravenous Hydra,3133 Caulfield's Warhammer (1050),1050,150,,False
Olaf,BOTTOM,empty,unknown,,Ravenous Hydra,,0,,,False
Olaf,BOTTOM,components,0,3077 | 1053 | 3133,Ravenous Hydra,,0,0,,False
Olaf,BOTTOM,components,149,3077 | 1053 | 3133,Ravenous Hydra,,0,149,,False
Olaf,BOTTOM,components,150,3077 | 1053 | 3133,Ravenous Hydra,3074 Ravenous Hydra (150),150,0,,False
Olaf,BOTTOM,owned_first,1000,3074,Death's Dance,1036 Long Sword (350) -> 1036 Long Sword (350) -> 2022 Glowing Mote (250),950,50,,False
Olaf,BOTTOM,full_slots,150,3077 | 1053 | 3133 | 900001 | 900002 | 900003,Ravenous Hydra,3074 Ravenous Hydra (150),150,0,,False
Olaf,BOTTOM,enemy_armor,1200,3077,Ravenous Hydra,3133 Caulfield's Warhammer (1050),1050,150,,False
Olaf,BOTTOM,enemy_magic,1200,3077,Ravenous Hydra,3133 Caulfield's Warhammer (1050),1050,150,,False
Olaf,BOTTOM,isolated_completion,150,3077 | 1053 | 3133,Ravenous Hydra,3074 Ravenous Hydra (150),,,,False
Olaf,UTILITY,empty,0,,Stridebreaker,,0,0,,False
Olaf,UTILITY,empty,300,,Stridebreaker,1042 Dagger (250),250,50,,False
Olaf,UTILITY,empty,1200,,Stridebreaker,1028 Ruby Crystal (400) -> 1036 Long Sword (350) -> 1036 Long Sword (350),1100,100,,False
Olaf,UTILITY,empty,unknown,,Stridebreaker,,0,,,False
Olaf,UTILITY,components,0,3077 | 3044 | 1042,Stridebreaker,,0,0,,False
Olaf,UTILITY,components,749,3077 | 3044 | 1042,Stridebreaker,,0,749,,False
Olaf,UTILITY,components,750,3077 | 3044 | 1042,Stridebreaker,6631 Stridebreaker (750),750,0,,False
Olaf,UTILITY,owned_first,1000,6631,Death's Dance,1036 Long Sword (350) -> 1036 Long Sword (350) -> 2022 Glowing Mote (250),950,50,,False
Olaf,UTILITY,full_slots,750,3077 | 3044 | 1042 | 900001 | 900002 | 900003,Stridebreaker,6631 Stridebreaker (750),750,0,,False
Olaf,UTILITY,enemy_armor,1200,3077,Stridebreaker,3044 Phage (1100),1100,100,,False
Olaf,UTILITY,enemy_magic,1200,3077,Stridebreaker,1028 Ruby Crystal (400) -> 1033 Null-Magic Mantle (400) -> 1033 Null-Magic Mantle (400),1200,0,,False
Olaf,UTILITY,isolated_completion,750,3077 | 3044 | 1042,Stridebreaker,6631 Stridebreaker (750),,,,False
Orianna,TOP,empty,0,,Blackfire Torch,,0,0,,False
Orianna,TOP,empty,300,,Blackfire Torch,2022 Glowing Mote (250),250,50,,False
Orianna,TOP,empty,1200,,Blackfire Torch,3802 Lost Chapter (1200),1200,0,,False
Orianna,TOP,empty,unknown,,Blackfire Torch,,0,,,False
Orianna,TOP,components,0,3802 | 2508,Blackfire Torch,,0,0,,False
Orianna,TOP,components,699,3802 | 2508,Blackfire Torch,2022 Glowing Mote (250),250,449,,False
Orianna,TOP,components,700,3802 | 2508,Blackfire Torch,2503 Blackfire Torch (700),700,0,,False
Orianna,TOP,owned_first,1000,2503,Archangel's Staff,3108 Fiendish Codex (850),850,150,,False
Orianna,TOP,full_slots,700,3802 | 2508 | 900001 | 900002 | 900003 | 900004,Blackfire Torch,2503 Blackfire Torch (700),700,0,,False
Orianna,TOP,enemy_armor,1200,3802,Blackfire Torch,2508 Fated Ashes (900) -> 2022 Glowing Mote (250),1150,50,,False
Orianna,TOP,enemy_magic,1200,3802,Blackfire Torch,2508 Fated Ashes (900) -> 2022 Glowing Mote (250),1150,50,,False
Orianna,TOP,isolated_completion,700,3802 | 2508,Blackfire Torch,2503 Blackfire Torch (700),,,,False
Orianna,JUNGLE,empty,0,,Malignance,,0,0,,False
Orianna,JUNGLE,empty,300,,Malignance,2022 Glowing Mote (250),250,50,,False
Orianna,JUNGLE,empty,1200,,Malignance,3802 Lost Chapter (1200),1200,0,,False
Orianna,JUNGLE,empty,unknown,,Malignance,,0,,,False
Orianna,JUNGLE,components,0,3802 | 1026,Malignance,,0,0,,False
Orianna,JUNGLE,components,649,3802 | 1026,Malignance,,0,649,,False
Orianna,JUNGLE,components,650,3802 | 1026,Malignance,3118 Malignance (650),650,0,,False
Orianna,JUNGLE,owned_first,1000,3118,Lich Bane,1026 Blasting Wand (850),850,150,,False
Orianna,JUNGLE,full_slots,650,3802 | 1026 | 900001 | 900002 | 900003 | 900004,Malignance,3118 Malignance (650),650,0,,False
Orianna,JUNGLE,enemy_armor,1200,3802,Malignance,1026 Blasting Wand (850),850,350,,False
Orianna,JUNGLE,enemy_magic,1200,3802,Malignance,1026 Blasting Wand (850),850,350,,False
Orianna,JUNGLE,isolated_completion,650,3802 | 1026,Malignance,3118 Malignance (650),,,,False
Orianna,MIDDLE,empty,0,,Blackfire Torch,,0,0,,False
Orianna,MIDDLE,empty,300,,Blackfire Torch,2022 Glowing Mote (250),250,50,,False
Orianna,MIDDLE,empty,1200,,Blackfire Torch,3802 Lost Chapter (1200),1200,0,,False
Orianna,MIDDLE,empty,unknown,,Blackfire Torch,,0,,,False
Orianna,MIDDLE,components,0,3802 | 2508,Blackfire Torch,,0,0,,False
Orianna,MIDDLE,components,699,3802 | 2508,Blackfire Torch,2022 Glowing Mote (250),250,449,,False
Orianna,MIDDLE,components,700,3802 | 2508,Blackfire Torch,2503 Blackfire Torch (700),700,0,,False
Orianna,MIDDLE,owned_first,1000,2503,Hextech Rocketbelt,1052 Amplifying Tome (400) -> 1052 Amplifying Tome (400),800,200,,False
Orianna,MIDDLE,full_slots,700,3802 | 2508 | 900001 | 900002 | 900003 | 900004,Blackfire Torch,2503 Blackfire Torch (700),700,0,,False
Orianna,MIDDLE,enemy_armor,1200,3802,Blackfire Torch,2508 Fated Ashes (900) -> 2022 Glowing Mote (250),1150,50,,False
Orianna,MIDDLE,enemy_magic,1200,3802,Blackfire Torch,2508 Fated Ashes (900) -> 2022 Glowing Mote (250),1150,50,,False
Orianna,MIDDLE,isolated_completion,700,3802 | 2508,Blackfire Torch,2503 Blackfire Torch (700),,,,False
Orianna,BOTTOM,empty,0,,Blackfire Torch,,0,0,,False
Orianna,BOTTOM,empty,300,,Blackfire Torch,2022 Glowing Mote (250),250,50,,False
Orianna,BOTTOM,empty,1200,,Blackfire Torch,3802 Lost Chapter (1200),1200,0,,False
Orianna,BOTTOM,empty,unknown,,Blackfire Torch,,0,,,False
Orianna,BOTTOM,components,0,3802 | 2508,Blackfire Torch,,0,0,,False
Orianna,BOTTOM,components,699,3802 | 2508,Blackfire Torch,2022 Glowing Mote (250) -> 2022 Glowing Mote (250),500,199,,False
Orianna,BOTTOM,components,700,3802 | 2508,Blackfire Torch,2503 Blackfire Torch (700),700,0,,False
Orianna,BOTTOM,owned_first,1000,2503,Hextech Rocketbelt,1052 Amplifying Tome (400) -> 1052 Amplifying Tome (400),800,200,,False
Orianna,BOTTOM,full_slots,700,3802 | 2508 | 900001 | 900002 | 900003 | 900004,Blackfire Torch,2503 Blackfire Torch (700),700,0,,False
Orianna,BOTTOM,enemy_armor,1200,3802,Blackfire Torch,2508 Fated Ashes (900) -> 2022 Glowing Mote (250),1150,50,,False
Orianna,BOTTOM,enemy_magic,1200,3802,Blackfire Torch,2508 Fated Ashes (900) -> 2022 Glowing Mote (250),1150,50,,False
Orianna,BOTTOM,isolated_completion,700,3802 | 2508,Blackfire Torch,2503 Blackfire Torch (700),,,,False
Orianna,UTILITY,empty,0,,Blackfire Torch,,0,0,,False
Orianna,UTILITY,empty,300,,Blackfire Torch,2022 Glowing Mote (250),250,50,,False
Orianna,UTILITY,empty,1200,,Blackfire Torch,3802 Lost Chapter (1200),1200,0,,False
Orianna,UTILITY,empty,unknown,,Blackfire Torch,,0,,,False
Orianna,UTILITY,components,0,3802 | 2508,Blackfire Torch,,0,0,,False
Orianna,UTILITY,components,699,3802 | 2508,Blackfire Torch,2022 Glowing Mote (250),250,449,,False
Orianna,UTILITY,components,700,3802 | 2508,Blackfire Torch,2503 Blackfire Torch (700),700,0,,False
Orianna,UTILITY,owned_first,1000,2503,Stormsurge,1052 Amplifying Tome (400) -> 1052 Amplifying Tome (400),800,200,,False
Orianna,UTILITY,full_slots,700,3802 | 2508 | 900001 | 900002 | 900003 | 900004,Blackfire Torch,2503 Blackfire Torch (700),700,0,,False
Orianna,UTILITY,enemy_armor,1200,3802,Blackfire Torch,2508 Fated Ashes (900) -> 2022 Glowing Mote (250),1150,50,,False
Orianna,UTILITY,enemy_magic,1200,3802,Blackfire Torch,2508 Fated Ashes (900) -> 2022 Glowing Mote (250),1150,50,,False
Orianna,UTILITY,isolated_completion,700,3802 | 2508,Blackfire Torch,2503 Blackfire Torch (700),,,,False
Ornn,TOP,empty,0,,Frozen Heart,,0,0,,False
Ornn,TOP,empty,300,,Frozen Heart,1027 Sapphire Crystal (300),300,0,,False
Ornn,TOP,empty,1200,,Unending Despair,3067 Kindlegem (800) -> 1028 Ruby Crystal (400),1200,0,,False
Ornn,TOP,empty,unknown,,Unending Despair,,0,,,False
Ornn,TOP,components,0,1031 | 3067 | 1028,Unending Despair,,0,0,,False
Ornn,TOP,components,799,1031 | 3067 | 1028,Unending Despair,1028 Ruby Crystal (400),400,399,,False
Ornn,TOP,components,800,1031 | 3067 | 1028,Unending Despair,2502 Unending Despair (800),800,0,,False
Ornn,TOP,owned_first,1000,2502,Sunfire Aegis,1028 Ruby Crystal (400) -> 1028 Ruby Crystal (400),800,200,,False
Ornn,TOP,full_slots,800,1031 | 3067 | 1028 | 900001 | 900002 | 900003,Unending Despair,2502 Unending Despair (800),800,0,,False
Ornn,TOP,enemy_armor,1200,1031,Frozen Heart,3024 Glacial Buckler (900) -> 1029 Cloth Armor (300),1200,0,,False
Ornn,TOP,enemy_magic,1200,1031,Kaenic Rookern,1033 Null-Magic Mantle (400) -> 1033 Null-Magic Mantle (400) -> 1028 Ruby Crystal (400),1200,0,,False
Ornn,TOP,isolated_completion,800,1031 | 3067 | 1028,Unending Despair,2502 Unending Despair (800),,,,False
Ornn,JUNGLE,empty,0,,Force of Nature,,0,0,,False
Ornn,JUNGLE,empty,300,,Force of Nature,,0,300,,False
Ornn,JUNGLE,empty,1200,,Force of Nature,3066 Winged Moonplate (800) -> 1028 Ruby Crystal (400),1200,0,,False
Ornn,JUNGLE,empty,unknown,,Force of Nature,,0,,,False
Ornn,JUNGLE,components,0,1057 | 1028 | 3066,Force of Nature,,0,0,,False
Ornn,JUNGLE,components,749,1057 | 1028 | 3066,Force of Nature,1028 Ruby Crystal (400),400,349,,False
Ornn,JUNGLE,components,750,1057 | 1028 | 3066,Force of Nature,4401 Force of Nature (750),750,0,,False
Ornn,JUNGLE,owned_first,1000,4401,Dead Man's Plate,1028 Ruby Crystal (400) -> 1028 Ruby Crystal (400),800,200,,False
Ornn,JUNGLE,full_slots,750,1057 | 1028 | 3066 | 900001 | 900002 | 900003,Force of Nature,4401 Force of Nature (750),750,0,,False
Ornn,JUNGLE,enemy_armor,1200,1057,Force of Nature,3066 Winged Moonplate (800) -> 1028 Ruby Crystal (400),1200,0,,False
Ornn,JUNGLE,enemy_magic,1200,1057,Force of Nature,1028 Ruby Crystal (400) -> 1028 Ruby Crystal (400) -> 1033 Null-Magic Mantle (400),1200,0,,False
Ornn,JUNGLE,isolated_completion,750,1057 | 1028 | 3066,Force of Nature,4401 Force of Nature (750),,,,False
Ornn,MIDDLE,empty,0,,Hollow Radiance,,0,0,,False
Ornn,MIDDLE,empty,300,,Hollow Radiance,2022 Glowing Mote (250),250,50,,False
Ornn,MIDDLE,empty,1200,,Hollow Radiance,1028 Ruby Crystal (400) -> 1028 Ruby Crystal (400) -> 2022 Glowing Mote (250),1050,150,,False
Ornn,MIDDLE,empty,unknown,,Hollow Radiance,,0,,,False
Ornn,MIDDLE,components,0,6660 | 3211,Hollow Radiance,,0,0,,False
Ornn,MIDDLE,components,649,6660 | 3211,Hollow Radiance,1028 Ruby Crystal (400),400,249,,False
Ornn,MIDDLE,components,650,6660 | 3211,Hollow Radiance,6664 Hollow Radiance (650),650,0,,False
Ornn,MIDDLE,owned_first,1000,6664,Thornmail,1028 Ruby Crystal (400) -> 1028 Ruby Crystal (400),800,200,,False
Ornn,MIDDLE,full_slots,650,6660 | 3211 | 900001 | 900002 | 900003 | 900004,Hollow Radiance,6664 Hollow Radiance (650),650,0,,False
Ornn,MIDDLE,enemy_armor,1200,6660,Frozen Heart,3024 Glacial Buckler (900) -> 1029 Cloth Armor (300),1200,0,,False
Ornn,MIDDLE,enemy_magic,1200,6660,Kaenic Rookern,1033 Null-Magic Mantle (400) -> 1033 Null-Magic Mantle (400) -> 1028 Ruby Crystal (400),1200,0,,False
Ornn,MIDDLE,isolated_completion,650,6660 | 3211,Hollow Radiance,6664 Hollow Radiance (650),,,,False
Ornn,BOTTOM,empty,0,,Winter's Approach,,0,0,,False
Ornn,BOTTOM,empty,300,,Winter's Approach,2022 Glowing Mote (250),250,50,,False
Ornn,BOTTOM,empty,1200,,Winter's Approach,3067 Kindlegem (800) -> 1028 Ruby Crystal (400),1200,0,,False
Ornn,BOTTOM,empty,unknown,,Warmog's Armor,,0,,,False
Ornn,BOTTOM,components,0,1011 | 1011 | 3801,Warmog's Armor,,0,0,,False
Ornn,BOTTOM,components,499,1011 | 1011 | 3801,Heartsteel,3084 Heartsteel (400),400,99,,False
Ornn,BOTTOM,components,500,1011 | 1011 | 3801,Warmog's Armor,3083 Warmog's Armor (500),500,0,,False
Ornn,BOTTOM,owned_first,1000,3083,Winter's Approach,1011 Giant's Belt (900),900,100,,False
Ornn,BOTTOM,full_slots,500,1011 | 1011 | 3801 | 900001 | 900002 | 900003,Warmog's Armor,3083 Warmog's Armor (500),500,0,,False
Ornn,BOTTOM,enemy_armor,1200,1011,Zeke's Convergence,3067 Kindlegem (800) -> 1033 Null-Magic Mantle (400),1200,0,,False
Ornn,BOTTOM,enemy_magic,1200,1011,Kaenic Rookern,1033 Null-Magic Mantle (400) -> 1033 Null-Magic Mantle (400) -> 1028 Ruby Crystal (400),1200,0,,False
Ornn,BOTTOM,isolated_completion,500,1011 | 1011 | 3801,Warmog's Armor,3083 Warmog's Armor (500),,,,False
Ornn,UTILITY,empty,0,,Locket of the Iron Solari,,0,0,,False
Ornn,UTILITY,empty,300,,Locket of the Iron Solari,2022 Glowing Mote (250),250,50,,False
Ornn,UTILITY,empty,1200,,Locket of the Iron Solari,3067 Kindlegem (800) -> 1028 Ruby Crystal (400),1200,0,,False
Ornn,UTILITY,empty,unknown,,Locket of the Iron Solari,,0,,,False
Ornn,UTILITY,components,0,3067 | 1029 | 1033,Locket of the Iron Solari,,0,0,,False
Ornn,UTILITY,components,699,3067 | 1029 | 1033,Locket of the Iron Solari,1028 Ruby Crystal (400) -> 2022 Glowing Mote (250),650,49,,False
Ornn,UTILITY,components,700,3067 | 1029 | 1033,Locket of the Iron Solari,1028 Ruby Crystal (400) -> 2022 Glowing Mote (250),650,50,,False
Ornn,UTILITY,owned_first,1000,3190,Zeke's Convergence,3067 Kindlegem (800),800,200,,False
Ornn,UTILITY,full_slots,700,3067 | 1029 | 1033 | 900001 | 900002 | 900003,Locket of the Iron Solari,3190 Locket of the Iron Solari (700),700,0,,False
Ornn,UTILITY,enemy_armor,1200,3067,Locket of the Iron Solari,1033 Null-Magic Mantle (400) -> 1029 Cloth Armor (300),700,500,,False
Ornn,UTILITY,enemy_magic,1200,3067,Locket of the Iron Solari,1033 Null-Magic Mantle (400) -> 1033 Null-Magic Mantle (400) -> 1029 Cloth Armor (300),1100,100,,False
Ornn,UTILITY,isolated_completion,700,3067 | 1029 | 1033,Locket of the Iron Solari,3190 Locket of the Iron Solari (700),,,,False
Pantheon,TOP,empty,0,,Eclipse,,0,0,,False
Pantheon,TOP,empty,300,,Eclipse,2022 Glowing Mote (250),250,50,,False
Pantheon,TOP,empty,1200,,Eclipse,3133 Caulfield's Warhammer (1050),1050,150,,False
Pantheon,TOP,empty,unknown,,Bastionbreaker,,0,,,False
Pantheon,TOP,components,0,2020 | 3134,Bastionbreaker,,0,0,,False
Pantheon,TOP,components,662,2020 | 3134,Bastionbreaker,,0,662,,False
Pantheon,TOP,components,663,2020 | 3134,Bastionbreaker,2520 Bastionbreaker (663),663,0,,False
Pantheon,TOP,owned_first,1000,2520,Voltaic Cyclosword,1036 Long Sword (350) -> 1036 Long Sword (350) -> 2022 Glowing Mote (250),950,50,,False
Pantheon,TOP,full_slots,663,2020 | 3134 | 900001 | 900002 | 900003 | 900004,Bastionbreaker,2520 Bastionbreaker (663),663,0,,False
Pantheon,TOP,enemy_armor,1200,2020,Eclipse,3133 Caulfield's Warhammer (1050),1050,150,,False
Pantheon,TOP,enemy_magic,1200,2020,Bastionbreaker,3134 Serrated Dirk (1000),1000,200,,False
Pantheon,TOP,isolated_completion,663,2020 | 3134,Bastionbreaker,2520 Bastionbreaker (663),,,,False
Pantheon,JUNGLE,empty,0,,Sundered Sky,,0,0,,False
Pantheon,JUNGLE,empty,300,,Sundered Sky,2022 Glowing Mote (250),250,50,,False
Pantheon,JUNGLE,empty,1200,,Sundered Sky,2021 Tunneler (1150),1150,50,,False
Pantheon,JUNGLE,empty,unknown,,Sundered Sky,,0,,,False
Pantheon,JUNGLE,components,0,2021 | 3133,Sundered Sky,,0,0,,False
Pantheon,JUNGLE,components,899,2021 | 3133,Sundered Sky,1028 Ruby Crystal (400) -> 1028 Ruby Crystal (400),800,99,,False
Pantheon,JUNGLE,components,900,2021 | 3133,Sundered Sky,6610 Sundered Sky (900),900,0,,False
Pantheon,JUNGLE,owned_first,1000,6610,Black Cleaver,3067 Kindlegem (800),800,200,,False
Pantheon,JUNGLE,full_slots,900,2021 | 3133 | 900001 | 900002 | 900003 | 900004,Sundered Sky,6610 Sundered Sky (900),900,0,,False
Pantheon,JUNGLE,enemy_armor,1200,2021,Sundered Sky,3133 Caulfield's Warhammer (1050),1050,150,,False
Pantheon,JUNGLE,enemy_magic,1200,2021,Sundered Sky,3133 Caulfield's Warhammer (1050),1050,150,,False
Pantheon,JUNGLE,isolated_completion,900,2021 | 3133,Sundered Sky,6610 Sundered Sky (900),,,,False
Pantheon,MIDDLE,empty,0,,Youmuu's Ghostblade,,0,0,,False
Pantheon,MIDDLE,empty,300,,Youmuu's Ghostblade,,0,300,,False
Pantheon,MIDDLE,empty,1200,,Youmuu's Ghostblade,1036 Long Sword (350) -> 1036 Long Sword (350) -> 1036 Long Sword (350),1050,150,,False
Pantheon,MIDDLE,empty,unknown,,Youmuu's Ghostblade,,0,,,False
Pantheon,MIDDLE,components,0,3134 | 6690 | 1036,Youmuu's Ghostblade,,0,0,,False
Pantheon,MIDDLE,components,674,3134 | 6690 | 1036,Youmuu's Ghostblade,1036 Long Sword (350),350,324,,False
Pantheon,MIDDLE,components,675,3134 | 6690 | 1036,Youmuu's Ghostblade,3142 Youmuu's Ghostblade (675),675,0,,False
Pantheon,MIDDLE,owned_first,1000,3142,Voltaic Cyclosword,1036 Long Sword (350) -> 1036 Long Sword (350) -> 2022 Glowing Mote (250),950,50,,False
Pantheon,MIDDLE,full_slots,675,3134 | 6690 | 1036 | 900001 | 900002 | 900003,Youmuu's Ghostblade,3142 Youmuu's Ghostblade (675),675,0,,False
Pantheon,MIDDLE,enemy_armor,1200,3134,Youmuu's Ghostblade,6690 Rectrix (775) -> 1036 Long Sword (350),1125,75,,False
Pantheon,MIDDLE,enemy_magic,1200,3134,Youmuu's Ghostblade,6690 Rectrix (775) -> 1036 Long Sword (350),1125,75,,False
Pantheon,MIDDLE,isolated_completion,675,3134 | 6690 | 1036,Youmuu's Ghostblade,3142 Youmuu's Ghostblade (675),,,,False
Pantheon,BOTTOM,empty,0,,Voltaic Cyclosword,,0,0,,False
Pantheon,BOTTOM,empty,300,,Voltaic Cyclosword,2022 Glowing Mote (250),250,50,,False
Pantheon,BOTTOM,empty,1200,,Voltaic Cyclosword,1037 Pickaxe (875) -> 2022 Glowing Mote (250),1125,75,,False
Pantheon,BOTTOM,empty,unknown,,Voltaic Cyclosword,,0,,,False
Pantheon,BOTTOM,components,0,2020 | 1036 | 1036,Voltaic Cyclosword,,0,0,,False
Pantheon,BOTTOM,components,962,2020 | 1036 | 1036,Voltaic Cyclosword,1036 Long Sword (350) -> 1036 Long Sword (350),700,262,,False
Pantheon,BOTTOM,components,963,2020 | 1036 | 1036,Voltaic Cyclosword,6699 Voltaic Cyclosword (963),963,0,,False
Pantheon,BOTTOM,owned_first,1000,6699,Bastionbreaker,3134 Serrated Dirk (1000),1000,0,,False
Pantheon,BOTTOM,full_slots,963,2020 | 1036 | 1036 | 900001 | 900002 | 900003,Voltaic Cyclosword,6699 Voltaic Cyclosword (963),963,0,,False
Pantheon,BOTTOM,enemy_armor,1200,2020,Voltaic Cyclosword,1036 Long Sword (350) -> 1036 Long Sword (350) -> 1036 Long Sword (350),1050,150,,False
Pantheon,BOTTOM,enemy_magic,1200,2020,Voltaic Cyclosword,1036 Long Sword (350) -> 1036 Long Sword (350) -> 1033 Null-Magic Mantle (400),1100,100,,False
Pantheon,BOTTOM,isolated_completion,963,2020 | 1036 | 1036,Voltaic Cyclosword,6699 Voltaic Cyclosword (963),,,,False
Pantheon,UTILITY,empty,0,,Youmuu's Ghostblade,,0,0,,False
Pantheon,UTILITY,empty,300,,Eclipse,2022 Glowing Mote (250),250,50,,False
Pantheon,UTILITY,empty,1200,,Youmuu's Ghostblade,1036 Long Sword (350) -> 1036 Long Sword (350) -> 1036 Long Sword (350),1050,150,,False
Pantheon,UTILITY,empty,unknown,,Sundered Sky,,0,,,False
Pantheon,UTILITY,components,0,2021 | 3133,Sundered Sky,,0,0,,False
Pantheon,UTILITY,components,899,2021 | 3133,Sundered Sky,,0,899,,False
Pantheon,UTILITY,components,900,2021 | 3133,Sundered Sky,6610 Sundered Sky (900),900,0,,False
Pantheon,UTILITY,owned_first,1000,6610,Voltaic Cyclosword,1036 Long Sword (350) -> 1036 Long Sword (350) -> 2022 Glowing Mote (250),950,50,,False
Pantheon,UTILITY,full_slots,900,2021 | 3133 | 900001 | 900002 | 900003 | 900004,Sundered Sky,6610 Sundered Sky (900),900,0,,False
Pantheon,UTILITY,enemy_armor,1200,2021,Eclipse,3133 Caulfield's Warhammer (1050),1050,150,,False
Pantheon,UTILITY,enemy_magic,1200,2021,Sundered Sky,3133 Caulfield's Warhammer (1050),1050,150,,False
Pantheon,UTILITY,isolated_completion,900,2021 | 3133,Sundered Sky,6610 Sundered Sky (900),,,,False
Poppy,TOP,empty,0,,Sunfire Aegis,,0,0,,False
Poppy,TOP,empty,300,,Sunfire Aegis,2022 Glowing Mote (250),250,50,,False
Poppy,TOP,empty,1200,,Sunfire Aegis,1028 Ruby Crystal (400) -> 1028 Ruby Crystal (400) -> 2022 Glowing Mote (250),1050,150,,False
Poppy,TOP,empty,unknown,,Sunfire Aegis,,0,,,False
Poppy,TOP,components,0,6660 | 1031 | 1028,Sunfire Aegis,,0,0,,False
Poppy,TOP,components,699,6660 | 1031 | 1028,Sunfire Aegis,2022 Glowing Mote (250),250,449,,False
Poppy,TOP,components,700,6660 | 1031 | 1028,Sunfire Aegis,3068 Sunfire Aegis (700),700,0,,False
Poppy,TOP,owned_first,1000,3068,"Jak'Sho, The Protean",1011 Giant's Belt (900),900,100,,False
Poppy,TOP,full_slots,700,6660 | 1031 | 1028 | 900001 | 900002 | 900003,Sunfire Aegis,3068 Sunfire Aegis (700),700,0,,False
Poppy,TOP,enemy_armor,1200,6660,Sunfire Aegis,1031 Chain Vest (800) -> 1028 Ruby Crystal (400),1200,0,,False
Poppy,TOP,enemy_magic,1200,6660,Sunfire Aegis,1033 Null-Magic Mantle (400) -> 1028 Ruby Crystal (400) -> 1029 Cloth Armor (300),1100,100,,False
Poppy,TOP,isolated_completion,700,6660 | 1031 | 1028,Sunfire Aegis,3068 Sunfire Aegis (700),,,,False
Poppy,JUNGLE,empty,0,,Sundered Sky,,0,0,,False
Poppy,JUNGLE,empty,300,,Sundered Sky,2022 Glowing Mote (250),250,50,,False
Poppy,JUNGLE,empty,1200,,Sundered Sky,2021 Tunneler (1150),1150,50,,False
Poppy,JUNGLE,empty,unknown,,Sundered Sky,,0,,,False
Poppy,JUNGLE,components,0,2021 | 3133,Sundered Sky,,0,0,,False
Poppy,JUNGLE,components,899,2021 | 3133,Sundered Sky,1028 Ruby Crystal (400) -> 1028 Ruby Crystal (400),800,99,,False
Poppy,JUNGLE,components,900,2021 | 3133,Sundered Sky,6610 Sundered Sky (900),900,0,,False
Poppy,JUNGLE,owned_first,1000,6610,Dead Man's Plate,1028 Ruby Crystal (400) -> 1028 Ruby Crystal (400),800,200,,False
Poppy,JUNGLE,full_slots,900,2021 | 3133 | 900001 | 900002 | 900003 | 900004,Sundered Sky,6610 Sundered Sky (900),900,0,,False
Poppy,JUNGLE,enemy_armor,1200,2021,Locket of the Iron Solari,3067 Kindlegem (800) -> 1029 Cloth Armor (300),1100,100,,False
Poppy,JUNGLE,enemy_magic,1200,2021,Locket of the Iron Solari,3067 Kindlegem (800) -> 1033 Null-Magic Mantle (400),1200,0,,False
Poppy,JUNGLE,isolated_completion,900,2021 | 3133,Sundered Sky,6610 Sundered Sky (900),,,,False
Poppy,MIDDLE,empty,0,,Hollow Radiance,,0,0,,False
Poppy,MIDDLE,empty,300,,Hollow Radiance,2022 Glowing Mote (250),250,50,,False
Poppy,MIDDLE,empty,1200,,Hollow Radiance,1028 Ruby Crystal (400) -> 1028 Ruby Crystal (400) -> 2022 Glowing Mote (250),1050,150,,False
Poppy,MIDDLE,empty,unknown,,Hollow Radiance,,0,,,False
Poppy,MIDDLE,components,0,6660 | 3211,Hollow Radiance,,0,0,,False
Poppy,MIDDLE,components,649,6660 | 3211,Hollow Radiance,1028 Ruby Crystal (400),400,249,,False
Poppy,MIDDLE,components,650,6660 | 3211,Hollow Radiance,6664 Hollow Radiance (650),650,0,,False
Poppy,MIDDLE,owned_first,1000,6664,"Jak'Sho, The Protean",1011 Giant's Belt (900),900,100,,False
Poppy,MIDDLE,full_slots,650,6660 | 3211 | 900001 | 900002 | 900003 | 900004,Hollow Radiance,6664 Hollow Radiance (650),650,0,,False
Poppy,MIDDLE,enemy_armor,1200,6660,Sunfire Aegis,1031 Chain Vest (800) -> 1028 Ruby Crystal (400),1200,0,,False
Poppy,MIDDLE,enemy_magic,1200,6660,Hollow Radiance,1033 Null-Magic Mantle (400) -> 1028 Ruby Crystal (400) -> 1033 Null-Magic Mantle (400),1200,0,,False
Poppy,MIDDLE,isolated_completion,650,6660 | 3211,Hollow Radiance,6664 Hollow Radiance (650),,,,False
Poppy,BOTTOM,empty,0,,Winter's Approach,,0,0,,False
Poppy,BOTTOM,empty,300,,Winter's Approach,2022 Glowing Mote (250),250,50,,False
Poppy,BOTTOM,empty,1200,,Winter's Approach,3067 Kindlegem (800) -> 1028 Ruby Crystal (400),1200,0,,False
Poppy,BOTTOM,empty,unknown,,Essence Reaver,,0,,,False
Poppy,BOTTOM,components,0,3057 | 3133 | 1018,Essence Reaver,,0,0,,False
Poppy,BOTTOM,components,499,3057 | 3133 | 1018,Essence Reaver,,0,499,,False
Poppy,BOTTOM,components,500,3057 | 3133 | 1018,Essence Reaver,3508 Essence Reaver (500),500,0,,False
Poppy,BOTTOM,owned_first,1000,3508,Winter's Approach,1011 Giant's Belt (900),900,100,,False
Poppy,BOTTOM,full_slots,500,3057 | 3133 | 1018 | 900001 | 900002 | 900003,Essence Reaver,3508 Essence Reaver (500),500,0,,False
Poppy,BOTTOM,enemy_armor,1200,3057,Zeke's Convergence,3067 Kindlegem (800) -> 1029 Cloth Armor (300),1100,100,,False
Poppy,BOTTOM,enemy_magic,1200,3057,Kaenic Rookern,1033 Null-Magic Mantle (400) -> 1033 Null-Magic Mantle (400) -> 1028 Ruby Crystal (400),1200,0,,False
Poppy,BOTTOM,isolated_completion,500,3057 | 3133 | 1018,Essence Reaver,3508 Essence Reaver (500),,,,False
Poppy,UTILITY,empty,0,,Dead Man's Plate,,0,0,,False
Poppy,UTILITY,empty,300,,Locket of the Iron Solari,2022 Glowing Mote (250),250,50,,False
Poppy,UTILITY,empty,1200,,Locket of the Iron Solari,3067 Kindlegem (800) -> 1028 Ruby Crystal (400),1200,0,,False
Poppy,UTILITY,empty,unknown,,Locket of the Iron Solari,,0,,,False
Poppy,UTILITY,components,0,3067 | 1029 | 1033,Locket of the Iron Solari,,0,0,,False
Poppy,UTILITY,components,699,3067 | 1029 | 1033,Locket of the Iron Solari,1028 Ruby Crystal (400) -> 2022 Glowing Mote (250),650,49,,False
Poppy,UTILITY,components,700,3067 | 1029 | 1033,Locket of the Iron Solari,1028 Ruby Crystal (400) -> 2022 Glowing Mote (250),650,50,,False
Poppy,UTILITY,owned_first,1000,3190,Knight's Vow,3067 Kindlegem (800),800,200,,False
Poppy,UTILITY,full_slots,700,3067 | 1029 | 1033 | 900001 | 900002 | 900003,Locket of the Iron Solari,3190 Locket of the Iron Solari (700),700,0,,False
Poppy,UTILITY,enemy_armor,1200,3067,Locket of the Iron Solari,1029 Cloth Armor (300) -> 1033 Null-Magic Mantle (400),700,500,,False
Poppy,UTILITY,enemy_magic,1200,3067,Locket of the Iron Solari,1033 Null-Magic Mantle (400) -> 1033 Null-Magic Mantle (400) -> 1029 Cloth Armor (300),1100,100,,False
Poppy,UTILITY,isolated_completion,700,3067 | 1029 | 1033,Locket of the Iron Solari,3190 Locket of the Iron Solari (700),,,,False
Pyke,TOP,empty,0,,Essence Reaver,,0,0,,False
Pyke,TOP,empty,300,,Essence Reaver,2022 Glowing Mote (250),250,50,,False
Pyke,TOP,empty,1200,,Essence Reaver,3133 Caulfield's Warhammer (1050),1050,150,,False
Pyke,TOP,empty,unknown,,Essence Reaver,,0,,,False
Pyke,TOP,components,0,3057 | 3133 | 1018,Essence Reaver,,0,0,,False
Pyke,TOP,components,499,3057 | 3133 | 1018,Essence Reaver,,0,499,,False
Pyke,TOP,components,500,3057 | 3133 | 1018,Essence Reaver,3508 Essence Reaver (500),500,0,,False
Pyke,TOP,owned_first,1000,3508,Axiom Arc,1036 Long Sword (350) -> 1036 Long Sword (350) -> 2022 Glowing Mote (250),950,50,,False
Pyke,TOP,full_slots,500,3057 | 3133 | 1018 | 900001 | 900002 | 900003,Essence Reaver,3508 Essence Reaver (500),500,0,,False
Pyke,TOP,enemy_armor,1200,3057,Essence Reaver,3133 Caulfield's Warhammer (1050),1050,150,,False
Pyke,TOP,enemy_magic,1200,3057,Essence Reaver,3133 Caulfield's Warhammer (1050),1050,150,,False
Pyke,TOP,isolated_completion,500,3057 | 3133 | 1018,Essence Reaver,3508 Essence Reaver (500),,,,False
Pyke,JUNGLE,empty,0,,Essence Reaver,,0,0,,False
Pyke,JUNGLE,empty,300,,Essence Reaver,2022 Glowing Mote (250),250,50,,False
Pyke,JUNGLE,empty,1200,,Essence Reaver,3133 Caulfield's Warhammer (1050),1050,150,,False
Pyke,JUNGLE,empty,unknown,,Essence Reaver,,0,,,False
Pyke,JUNGLE,components,0,3057 | 3133 | 1018,Essence Reaver,,0,0,,False
Pyke,JUNGLE,components,499,3057 | 3133 | 1018,Essence Reaver,,0,499,,False
Pyke,JUNGLE,components,500,3057 | 3133 | 1018,Essence Reaver,3508 Essence Reaver (500),500,0,,False
Pyke,JUNGLE,owned_first,1000,3508,Axiom Arc,1036 Long Sword (350) -> 1036 Long Sword (350) -> 2022 Glowing Mote (250),950,50,,False
Pyke,JUNGLE,full_slots,500,3057 | 3133 | 1018 | 900001 | 900002 | 900003,Essence Reaver,3508 Essence Reaver (500),500,0,,False
Pyke,JUNGLE,enemy_armor,1200,3057,Essence Reaver,3133 Caulfield's Warhammer (1050),1050,150,,False
Pyke,JUNGLE,enemy_magic,1200,3057,Essence Reaver,3133 Caulfield's Warhammer (1050),1050,150,,False
Pyke,JUNGLE,isolated_completion,500,3057 | 3133 | 1018,Essence Reaver,3508 Essence Reaver (500),,,,False
Pyke,MIDDLE,empty,0,,Profane Hydra,,0,0,,False
Pyke,MIDDLE,empty,300,,Profane Hydra,2022 Glowing Mote (250),250,50,,False
Pyke,MIDDLE,empty,1200,,Profane Hydra,1037 Pickaxe (875) -> 2022 Glowing Mote (250),1125,75,,False
Pyke,MIDDLE,empty,unknown,,Profane Hydra,,0,,,False
Pyke,MIDDLE,components,0,3077 | 2020,Profane Hydra,,0,0,,False
Pyke,MIDDLE,components,312,3077 | 2020,Profane Hydra,2022 Glowing Mote (250),250,62,,False
Pyke,MIDDLE,components,313,3077 | 2020,Profane Hydra,6698 Profane Hydra (313),313,0,,False
Pyke,MIDDLE,owned_first,1000,6698,Voltaic Cyclosword,1036 Long Sword (350) -> 1036 Long Sword (350) -> 2022 Glowing Mote (250),950,50,,False
Pyke,MIDDLE,full_slots,313,3077 | 2020 | 900001 | 900002 | 900003 | 900004,Profane Hydra,6698 Profane Hydra (313),313,0,,False
Pyke,MIDDLE,enemy_armor,1200,3077,Profane Hydra,1037 Pickaxe (875) -> 2022 Glowing Mote (250),1125,75,,False
Pyke,MIDDLE,enemy_magic,1200,3077,Profane Hydra,1037 Pickaxe (875) -> 2022 Glowing Mote (250),1125,75,,False
Pyke,MIDDLE,isolated_completion,313,3077 | 2020,Profane Hydra,6698 Profane Hydra (313),,,,False
Pyke,BOTTOM,empty,0,,Profane Hydra,,0,0,,False
Pyke,BOTTOM,empty,300,,Profane Hydra,2022 Glowing Mote (250),250,50,,False
Pyke,BOTTOM,empty,1200,,Profane Hydra,1037 Pickaxe (875) -> 2022 Glowing Mote (250),1125,75,,False
Pyke,BOTTOM,empty,unknown,,Profane Hydra,,0,,,False
Pyke,BOTTOM,components,0,3077 | 2020,Profane Hydra,,0,0,,False
Pyke,BOTTOM,components,312,3077 | 2020,Profane Hydra,2022 Glowing Mote (250),250,62,,False
Pyke,BOTTOM,components,313,3077 | 2020,Profane Hydra,6698 Profane Hydra (313),313,0,,False
Pyke,BOTTOM,owned_first,1000,6698,Voltaic Cyclosword,1036 Long Sword (350) -> 1036 Long Sword (350) -> 2022 Glowing Mote (250),950,50,,False
Pyke,BOTTOM,full_slots,313,3077 | 2020 | 900001 | 900002 | 900003 | 900004,Profane Hydra,6698 Profane Hydra (313),313,0,,False
Pyke,BOTTOM,enemy_armor,1200,3077,Profane Hydra,1037 Pickaxe (875) -> 2022 Glowing Mote (250),1125,75,,False
Pyke,BOTTOM,enemy_magic,1200,3077,Profane Hydra,1037 Pickaxe (875) -> 2022 Glowing Mote (250),1125,75,,False
Pyke,BOTTOM,isolated_completion,313,3077 | 2020,Profane Hydra,6698 Profane Hydra (313),,,,False
Pyke,UTILITY,empty,0,,Umbral Glaive,,0,0,,False
Pyke,UTILITY,empty,300,,Umbral Glaive,2022 Glowing Mote (250),250,50,,False
Pyke,UTILITY,empty,1200,,Umbral Glaive,3133 Caulfield's Warhammer (1050),1050,150,,False
Pyke,UTILITY,empty,unknown,,Umbral Glaive,,0,,,False
Pyke,UTILITY,components,0,3134 | 3133,Umbral Glaive,,0,0,,False
Pyke,UTILITY,components,749,3134 | 3133,Umbral Glaive,2022 Glowing Mote (250),250,499,,False
Pyke,UTILITY,components,750,3134 | 3133,Umbral Glaive,3179 Umbral Glaive (750),750,0,,False
Pyke,UTILITY,owned_first,1000,3179,Youmuu's Ghostblade,3134 Serrated Dirk (1000),1000,0,,False
Pyke,UTILITY,full_slots,750,3134 | 3133 | 900001 | 900002 | 900003 | 900004,Umbral Glaive,3179 Umbral Glaive (750),750,0,,False
Pyke,UTILITY,enemy_armor,1200,3134,Umbral Glaive,3133 Caulfield's Warhammer (1050),1050,150,,False
Pyke,UTILITY,enemy_magic,1200,3134,Umbral Glaive,3133 Caulfield's Warhammer (1050),1050,150,,False
Pyke,UTILITY,isolated_completion,750,3134 | 3133,Umbral Glaive,3179 Umbral Glaive (750),,,,False
Qiyana,TOP,empty,0,,Profane Hydra,,0,0,,False
Qiyana,TOP,empty,300,,Profane Hydra,2022 Glowing Mote (250),250,50,,False
Qiyana,TOP,empty,1200,,Profane Hydra,1037 Pickaxe (875) -> 2022 Glowing Mote (250),1125,75,,False
Qiyana,TOP,empty,unknown,,Profane Hydra,,0,,,False
Qiyana,TOP,components,0,3077 | 2020,Profane Hydra,,0,0,,False
Qiyana,TOP,components,312,3077 | 2020,Profane Hydra,,0,312,,False
Qiyana,TOP,components,313,3077 | 2020,Profane Hydra,6698 Profane Hydra (313),313,0,,False
Qiyana,TOP,owned_first,1000,6698,Voltaic Cyclosword,1037 Pickaxe (875),875,125,,False
Qiyana,TOP,full_slots,313,3077 | 2020 | 900001 | 900002 | 900003 | 900004,Profane Hydra,6698 Profane Hydra (313),313,0,,False
Qiyana,TOP,enemy_armor,1200,3077,Profane Hydra,1037 Pickaxe (875) -> 2022 Glowing Mote (250),1125,75,,False
Qiyana,TOP,enemy_magic,1200,3077,Profane Hydra,1037 Pickaxe (875) -> 2022 Glowing Mote (250),1125,75,,False
Qiyana,TOP,isolated_completion,313,3077 | 2020,Profane Hydra,6698 Profane Hydra (313),,,,False
Qiyana,JUNGLE,empty,0,,Voltaic Cyclosword,,0,0,,False
Qiyana,JUNGLE,empty,300,,Voltaic Cyclosword,2022 Glowing Mote (250),250,50,,False
Qiyana,JUNGLE,empty,1200,,Voltaic Cyclosword,1037 Pickaxe (875) -> 2022 Glowing Mote (250),1125,75,,False
Qiyana,JUNGLE,empty,unknown,,Bastionbreaker,,0,,,False
Qiyana,JUNGLE,components,0,2020 | 3134,Bastionbreaker,,0,0,,False
Qiyana,JUNGLE,components,662,2020 | 3134,Bastionbreaker,,0,662,,False
Qiyana,JUNGLE,components,663,2020 | 3134,Bastionbreaker,2520 Bastionbreaker (663),663,0,,False
Qiyana,JUNGLE,owned_first,1000,2520,Voltaic Cyclosword,1037 Pickaxe (875),875,125,,False
Qiyana,JUNGLE,full_slots,663,2020 | 3134 | 900001 | 900002 | 900003 | 900004,Bastionbreaker,2520 Bastionbreaker (663),663,0,,False
Qiyana,JUNGLE,enemy_armor,1200,2020,Voltaic Cyclosword,1036 Long Sword (350) -> 1036 Long Sword (350) -> 1036 Long Sword (350),1050,150,,False
Qiyana,JUNGLE,enemy_magic,1200,2020,Voltaic Cyclosword,1036 Long Sword (350) -> 1036 Long Sword (350) -> 1036 Long Sword (350),1050,150,,False
Qiyana,JUNGLE,isolated_completion,663,2020 | 3134,Bastionbreaker,2520 Bastionbreaker (663),,,,False
Qiyana,MIDDLE,empty,0,,Voltaic Cyclosword,,0,0,,False
Qiyana,MIDDLE,empty,300,,Profane Hydra,2022 Glowing Mote (250),250,50,,False
Qiyana,MIDDLE,empty,1200,,Profane Hydra,1037 Pickaxe (875) -> 2022 Glowing Mote (250),1125,75,,False
Qiyana,MIDDLE,empty,unknown,,Profane Hydra,,0,,,False
Qiyana,MIDDLE,components,0,3077 | 2020,Profane Hydra,,0,0,,False
Qiyana,MIDDLE,components,312,3077 | 2020,Profane Hydra,,0,312,,False
Qiyana,MIDDLE,components,313,3077 | 2020,Profane Hydra,6698 Profane Hydra (313),313,0,,False
Qiyana,MIDDLE,owned_first,1000,6698,Voltaic Cyclosword,1037 Pickaxe (875),875,125,,False
Qiyana,MIDDLE,full_slots,313,3077 | 2020 | 900001 | 900002 | 900003 | 900004,Profane Hydra,6698 Profane Hydra (313),313,0,,False
Qiyana,MIDDLE,enemy_armor,1200,3077,Profane Hydra,1037 Pickaxe (875) -> 2022 Glowing Mote (250),1125,75,,False
Qiyana,MIDDLE,enemy_magic,1200,3077,Profane Hydra,1037 Pickaxe (875) -> 2022 Glowing Mote (250),1125,75,,False
Qiyana,MIDDLE,isolated_completion,313,3077 | 2020,Profane Hydra,6698 Profane Hydra (313),,,,False
Qiyana,BOTTOM,empty,0,,Hubris,,0,0,,False
Qiyana,BOTTOM,empty,300,,Hubris,2022 Glowing Mote (250),250,50,,False
Qiyana,BOTTOM,empty,1200,,Hubris,1036 Long Sword (350) -> 1036 Long Sword (350) -> 1036 Long Sword (350),1050,150,,False
Qiyana,BOTTOM,empty,unknown,,Hubris,,0,,,False
Qiyana,BOTTOM,components,0,3134 | 3133,Hubris,,0,0,,False
Qiyana,BOTTOM,components,749,3134 | 3133,Hubris,,0,749,,False
Qiyana,BOTTOM,components,750,3134 | 3133,Hubris,6697 Hubris (750),750,0,,False
Qiyana,BOTTOM,owned_first,1000,6697,Voltaic Cyclosword,1037 Pickaxe (875),875,125,,False
Qiyana,BOTTOM,full_slots,750,3134 | 3133 | 900001 | 900002 | 900003 | 900004,Hubris,6697 Hubris (750),750,0,,False
Qiyana,BOTTOM,enemy_armor,1200,3134,Hubris,3133 Caulfield's Warhammer (1050),1050,150,,False
Qiyana,BOTTOM,enemy_magic,1200,3134,Hubris,3133 Caulfield's Warhammer (1050),1050,150,,False
Qiyana,BOTTOM,isolated_completion,750,3134 | 3133,Hubris,6697 Hubris (750),,,,False
Qiyana,UTILITY,empty,0,,Umbral Glaive,,0,0,,False
Qiyana,UTILITY,empty,300,,Umbral Glaive,2022 Glowing Mote (250),250,50,,False
Qiyana,UTILITY,empty,1200,,Umbral Glaive,1036 Long Sword (350) -> 1036 Long Sword (350) -> 1036 Long Sword (350),1050,150,,False
Qiyana,UTILITY,empty,unknown,,Umbral Glaive,,0,,,False
Qiyana,UTILITY,components,0,3134 | 3133,Umbral Glaive,,0,0,,False
Qiyana,UTILITY,components,749,3134 | 3133,Umbral Glaive,,0,749,,False
Qiyana,UTILITY,components,750,3134 | 3133,Umbral Glaive,3179 Umbral Glaive (750),750,0,,False
Qiyana,UTILITY,owned_first,1000,3179,Axiom Arc,1037 Pickaxe (875),875,125,,False
Qiyana,UTILITY,full_slots,750,3134 | 3133 | 900001 | 900002 | 900003 | 900004,Umbral Glaive,3179 Umbral Glaive (750),750,0,,False
Qiyana,UTILITY,enemy_armor,1200,3134,Umbral Glaive,3133 Caulfield's Warhammer (1050),1050,150,,False
Qiyana,UTILITY,enemy_magic,1200,3134,Umbral Glaive,3133 Caulfield's Warhammer (1050),1050,150,,False
Qiyana,UTILITY,isolated_completion,750,3134 | 3133,Umbral Glaive,3179 Umbral Glaive (750),,,,False
Quinn,TOP,empty,0,,Profane Hydra,,0,0,,False
Quinn,TOP,empty,300,,Profane Hydra,2022 Glowing Mote (250),250,50,,False
Quinn,TOP,empty,1200,,Profane Hydra,1037 Pickaxe (875) -> 2022 Glowing Mote (250),1125,75,,False
Quinn,TOP,empty,unknown,,Profane Hydra,,0,,,False
Quinn,TOP,components,0,3077 | 2020,Profane Hydra,,0,0,,False
Quinn,TOP,components,312,3077 | 2020,Profane Hydra,,0,312,,False
Quinn,TOP,components,313,3077 | 2020,Profane Hydra,6698 Profane Hydra (313),313,0,,False
Quinn,TOP,owned_first,1000,6698,The Collector,1018 Cloak of Agility (600) -> 1036 Long Sword (350),950,50,,False
Quinn,TOP,full_slots,313,3077 | 2020 | 900001 | 900002 | 900003 | 900004,Profane Hydra,6698 Profane Hydra (313),313,0,,False
Quinn,TOP,enemy_armor,1200,3077,Profane Hydra,1037 Pickaxe (875) -> 2022 Glowing Mote (250),1125,75,,False
Quinn,TOP,enemy_magic,1200,3077,Profane Hydra,1037 Pickaxe (875) -> 2022 Glowing Mote (250),1125,75,,False
Quinn,TOP,isolated_completion,313,3077 | 2020,Profane Hydra,6698 Profane Hydra (313),,,,False
Quinn,JUNGLE,empty,0,,Hubris,,0,0,,False
Quinn,JUNGLE,empty,300,,Hubris,2022 Glowing Mote (250),250,50,,False
Quinn,JUNGLE,empty,1200,,Hubris,1036 Long Sword (350) -> 1036 Long Sword (350) -> 1036 Long Sword (350),1050,150,,False
Quinn,JUNGLE,empty,unknown,,Hubris,,0,,,False
Quinn,JUNGLE,components,0,3134 | 3133,Hubris,,0,0,,False
Quinn,JUNGLE,components,749,3134 | 3133,Hubris,1036 Long Sword (350) -> 1036 Long Sword (350),700,49,,False
Quinn,JUNGLE,components,750,3134 | 3133,Hubris,6697 Hubris (750),750,0,,False
Quinn,JUNGLE,owned_first,1000,6697,The Collector,1018 Cloak of Agility (600) -> 1036 Long Sword (350),950,50,,False
Quinn,JUNGLE,full_slots,750,3134 | 3133 | 900001 | 900002 | 900003 | 900004,Hubris,6697 Hubris (750),750,0,,False
Quinn,JUNGLE,enemy_armor,1200,3134,Hubris,3133 Caulfield's Warhammer (1050),1050,150,,False
Quinn,JUNGLE,enemy_magic,1200,3134,Hubris,3133 Caulfield's Warhammer (1050),1050,150,,False
Quinn,JUNGLE,isolated_completion,750,3134 | 3133,Hubris,6697 Hubris (750),,,,False
Quinn,MIDDLE,empty,0,,Profane Hydra,,0,0,,False
Quinn,MIDDLE,empty,300,,Profane Hydra,2022 Glowing Mote (250),250,50,,False
Quinn,MIDDLE,empty,1200,,Profane Hydra,1037 Pickaxe (875) -> 2022 Glowing Mote (250),1125,75,,False
Quinn,MIDDLE,empty,unknown,,Profane Hydra,,0,,,False
Quinn,MIDDLE,components,0,3077 | 2020,Profane Hydra,,0,0,,False
Quinn,MIDDLE,components,312,3077 | 2020,Profane Hydra,,0,312,,False
Quinn,MIDDLE,components,313,3077 | 2020,Profane Hydra,6698 Profane Hydra (313),313,0,,False
Quinn,MIDDLE,owned_first,1000,6698,Stormrazor,1018 Cloak of Agility (600) -> 1042 Dagger (250),850,150,,False
Quinn,MIDDLE,full_slots,313,3077 | 2020 | 900001 | 900002 | 900003 | 900004,Profane Hydra,6698 Profane Hydra (313),313,0,,False
Quinn,MIDDLE,enemy_armor,1200,3077,Profane Hydra,1037 Pickaxe (875) -> 2022 Glowing Mote (250),1125,75,,False
Quinn,MIDDLE,enemy_magic,1200,3077,Profane Hydra,1037 Pickaxe (875) -> 2022 Glowing Mote (250),1125,75,,False
Quinn,MIDDLE,isolated_completion,313,3077 | 2020,Profane Hydra,6698 Profane Hydra (313),,,,False
Quinn,BOTTOM,empty,0,,Profane Hydra,,0,0,,False
Quinn,BOTTOM,empty,300,,Profane Hydra,2022 Glowing Mote (250),250,50,,False
Quinn,BOTTOM,empty,1200,,Profane Hydra,1037 Pickaxe (875) -> 2022 Glowing Mote (250),1125,75,,False
Quinn,BOTTOM,empty,unknown,,Profane Hydra,,0,,,False
Quinn,BOTTOM,components,0,3077 | 2020,Profane Hydra,,0,0,,False
Quinn,BOTTOM,components,312,3077 | 2020,Profane Hydra,,0,312,,False
Quinn,BOTTOM,components,313,3077 | 2020,Profane Hydra,6698 Profane Hydra (313),313,0,,False
Quinn,BOTTOM,owned_first,1000,6698,Essence Reaver,1018 Cloak of Agility (600) -> 1036 Long Sword (350),950,50,,False
Quinn,BOTTOM,full_slots,313,3077 | 2020 | 900001 | 900002 | 900003 | 900004,Profane Hydra,6698 Profane Hydra (313),313,0,,False
Quinn,BOTTOM,enemy_armor,1200,3077,Profane Hydra,1037 Pickaxe (875) -> 2022 Glowing Mote (250),1125,75,,False
Quinn,BOTTOM,enemy_magic,1200,3077,Profane Hydra,1037 Pickaxe (875) -> 2022 Glowing Mote (250),1125,75,,False
Quinn,BOTTOM,isolated_completion,313,3077 | 2020,Profane Hydra,6698 Profane Hydra (313),,,,False
Quinn,UTILITY,empty,0,,The Collector,,0,0,,False
Quinn,UTILITY,empty,300,,The Collector,,0,300,,False
Quinn,UTILITY,empty,1200,,The Collector,1018 Cloak of Agility (600) -> 1036 Long Sword (350),950,250,,False
Quinn,UTILITY,empty,unknown,,The Collector,,0,,,False
Quinn,UTILITY,components,0,1037 | 3134 | 1018,The Collector,,0,0,,False
Quinn,UTILITY,components,524,1037 | 3134 | 1018,The Collector,1036 Long Sword (350),350,174,,False
Quinn,UTILITY,components,525,1037 | 3134 | 1018,The Collector,6676 The Collector (525),525,0,,False
Quinn,UTILITY,owned_first,1000,6676,Essence Reaver,1018 Cloak of Agility (600) -> 1036 Long Sword (350),950,50,,False
Quinn,UTILITY,full_slots,525,1037 | 3134 | 1018 | 900001 | 900002 | 900003,The Collector,6676 The Collector (525),525,0,,False
Quinn,UTILITY,enemy_armor,1200,1037,The Collector,1018 Cloak of Agility (600) -> 1036 Long Sword (350),950,250,,False
Quinn,UTILITY,enemy_magic,1200,1037,The Collector,1018 Cloak of Agility (600) -> 1036 Long Sword (350),950,250,,False
Quinn,UTILITY,isolated_completion,525,1037 | 3134 | 1018,The Collector,6676 The Collector (525),,,,False
Rakan,TOP,empty,0,,Winter's Approach,,0,0,,False
Rakan,TOP,empty,300,,Winter's Approach,2022 Glowing Mote (250),250,50,,False
Rakan,TOP,empty,1200,,Winter's Approach,3067 Kindlegem (800) -> 1028 Ruby Crystal (400),1200,0,,False
Rakan,TOP,empty,unknown,,Winter's Approach,,0,,,False
Rakan,TOP,components,0,3070 | 1011 | 3067,Winter's Approach,,0,0,,False
Rakan,TOP,components,299,3070 | 1011 | 3067,Winter's Approach,2022 Glowing Mote (250),250,49,,False
Rakan,TOP,components,300,3070 | 1011 | 3067,Winter's Approach,3119 Winter's Approach (300),300,0,,False
Rakan,TOP,owned_first,1000,3119,Protoplasm Harness,3067 Kindlegem (800),800,200,,False
Rakan,TOP,full_slots,300,3070 | 1011 | 3067 | 900001 | 900002 | 900003,Winter's Approach,3119 Winter's Approach (300),300,0,,False
Rakan,TOP,enemy_armor,1200,3070,Redemption,3108 Fiendish Codex (850) -> 1004 Faerie Charm (200),1050,150,,False
Rakan,TOP,enemy_magic,1200,3070,Kaenic Rookern,1033 Null-Magic Mantle (400) -> 1033 Null-Magic Mantle (400) -> 1028 Ruby Crystal (400),1200,0,,False
Rakan,TOP,isolated_completion,300,3070 | 1011 | 3067,Winter's Approach,3119 Winter's Approach (300),,,,False
Rakan,JUNGLE,empty,0,,Winter's Approach,,0,0,,False
Rakan,JUNGLE,empty,300,,Winter's Approach,2022 Glowing Mote (250),250,50,,False
Rakan,JUNGLE,empty,1200,,Winter's Approach,3067 Kindlegem (800) -> 1028 Ruby Crystal (400),1200,0,,False
Rakan,JUNGLE,empty,unknown,,Winter's Approach,,0,,,False
Rakan,JUNGLE,components,0,3070 | 1011 | 3067,Winter's Approach,,0,0,,False
Rakan,JUNGLE,components,299,3070 | 1011 | 3067,Winter's Approach,2022 Glowing Mote (250),250,49,,False
Rakan,JUNGLE,components,300,3070 | 1011 | 3067,Winter's Approach,3119 Winter's Approach (300),300,0,,False
Rakan,JUNGLE,owned_first,1000,3119,Protoplasm Harness,3067 Kindlegem (800),800,200,,False
Rakan,JUNGLE,full_slots,300,3070 | 1011 | 3067 | 900001 | 900002 | 900003,Winter's Approach,3119 Winter's Approach (300),300,0,,False
Rakan,JUNGLE,enemy_armor,1200,3070,Redemption,3108 Fiendish Codex (850) -> 1004 Faerie Charm (200),1050,150,,False
Rakan,JUNGLE,enemy_magic,1200,3070,Kaenic Rookern,1033 Null-Magic Mantle (400) -> 1033 Null-Magic Mantle (400) -> 1028 Ruby Crystal (400),1200,0,,False
Rakan,JUNGLE,isolated_completion,300,3070 | 1011 | 3067,Winter's Approach,3119 Winter's Approach (300),,,,False
Rakan,MIDDLE,empty,0,,Luden's Echo,,0,0,,False
Rakan,MIDDLE,empty,300,,Luden's Echo,2022 Glowing Mote (250),250,50,,False
Rakan,MIDDLE,empty,1200,,Luden's Echo,3802 Lost Chapter (1200),1200,0,,False
Rakan,MIDDLE,empty,unknown,,Luden's Echo,,0,,,False
Rakan,MIDDLE,components,0,3802 | 3145,Luden's Echo,,0,0,,False
Rakan,MIDDLE,components,449,3802 | 3145,Luden's Echo,2022 Glowing Mote (250),250,199,,False
Rakan,MIDDLE,components,450,3802 | 3145,Luden's Echo,2022 Glowing Mote (250),250,200,,False
Rakan,MIDDLE,owned_first,1000,6655,Malignance,2022 Glowing Mote (250) -> 1052 Amplifying Tome (400) -> 2022 Glowing Mote (250),900,100,,False
Rakan,MIDDLE,full_slots,450,3802 | 3145 | 900001 | 900002 | 900003 | 900004,Luden's Echo,6655 Luden's Echo (450),450,0,,False
Rakan,MIDDLE,enemy_armor,1200,3802,Luden's Echo,2022 Glowing Mote (250) -> 1052 Amplifying Tome (400) -> 1052 Amplifying Tome (400),1050,150,,False
Rakan,MIDDLE,enemy_magic,1200,3802,Luden's Echo,1033 Null-Magic Mantle (400) -> 1052 Amplifying Tome (400) -> 1052 Amplifying Tome (400),1200,0,,False
Rakan,MIDDLE,isolated_completion,450,3802 | 3145,Luden's Echo,6655 Luden's Echo (450),,,,False
Rakan,BOTTOM,empty,0,,Winter's Approach,,0,0,,False
Rakan,BOTTOM,empty,300,,Winter's Approach,2022 Glowing Mote (250),250,50,,False
Rakan,BOTTOM,empty,1200,,Winter's Approach,3067 Kindlegem (800) -> 1028 Ruby Crystal (400),1200,0,,False
Rakan,BOTTOM,empty,unknown,,Winter's Approach,,0,,,False
Rakan,BOTTOM,components,0,3070 | 1011 | 3067,Winter's Approach,,0,0,,False
Rakan,BOTTOM,components,299,3070 | 1011 | 3067,Winter's Approach,2022 Glowing Mote (250),250,49,,False
Rakan,BOTTOM,components,300,3070 | 1011 | 3067,Winter's Approach,3119 Winter's Approach (300),300,0,,False
Rakan,BOTTOM,owned_first,1000,3119,Protoplasm Harness,3067 Kindlegem (800),800,200,,False
Rakan,BOTTOM,full_slots,300,3070 | 1011 | 3067 | 900001 | 900002 | 900003,Winter's Approach,3119 Winter's Approach (300),300,0,,False
Rakan,BOTTOM,enemy_armor,1200,3070,Redemption,3108 Fiendish Codex (850) -> 1004 Faerie Charm (200),1050,150,,False
Rakan,BOTTOM,enemy_magic,1200,3070,Kaenic Rookern,1033 Null-Magic Mantle (400) -> 1033 Null-Magic Mantle (400) -> 1028 Ruby Crystal (400),1200,0,,False
Rakan,BOTTOM,isolated_completion,300,3070 | 1011 | 3067,Winter's Approach,3119 Winter's Approach (300),,,,False
Rakan,UTILITY,empty,0,,Zeke's Convergence,,0,0,,False
Rakan,UTILITY,empty,300,,Zeke's Convergence,2022 Glowing Mote (250),250,50,,False
Rakan,UTILITY,empty,1200,,Zeke's Convergence,3067 Kindlegem (800) -> 2022 Glowing Mote (250),1050,150,,False
Rakan,UTILITY,empty,unknown,,Zeke's Convergence,,0,,,False
Rakan,UTILITY,components,0,3067 | 1029 | 1033,Zeke's Convergence,,0,0,,False
Rakan,UTILITY,components,699,3067 | 1029 | 1033,Zeke's Convergence,2022 Glowing Mote (250),250,449,,False
Rakan,UTILITY,components,700,3067 | 1029 | 1033,Zeke's Convergence,3050 Zeke's Convergence (700),700,0,,False
Rakan,UTILITY,owned_first,1000,3050,Locket of the Iron Solari,3067 Kindlegem (800),800,200,,False
Rakan,UTILITY,full_slots,700,3067 | 1029 | 1033 | 900001 | 900002 | 900003,Zeke's Convergence,3050 Zeke's Convergence (700),700,0,,False
Rakan,UTILITY,enemy_armor,1200,3067,Zeke's Convergence,1029 Cloth Armor (300) -> 1033 Null-Magic Mantle (400),700,500,,False
Rakan,UTILITY,enemy_magic,1200,3067,Zeke's Convergence,1033 Null-Magic Mantle (400) -> 1029 Cloth Armor (300),700,500,,False
Rakan,UTILITY,isolated_completion,700,3067 | 1029 | 1033,Zeke's Convergence,3050 Zeke's Convergence (700),,,,False
Rammus,TOP,empty,0,,Thornmail,,0,0,,False
Rammus,TOP,empty,300,,Thornmail,1029 Cloth Armor (300),300,0,,False
Rammus,TOP,empty,1200,,Thornmail,1028 Ruby Crystal (400) -> 1028 Ruby Crystal (400) -> 1029 Cloth Armor (300),1100,100,,False
Rammus,TOP,empty,unknown,,Thornmail,,0,,,False
Rammus,TOP,components,0,3076 | 1031 | 1028,Thornmail,,0,0,,False
Rammus,TOP,components,449,3076 | 1031 | 1028,Thornmail,1028 Ruby Crystal (400),400,49,,False
Rammus,TOP,components,450,3076 | 1031 | 1028,Thornmail,1028 Ruby Crystal (400),400,50,,False
Rammus,TOP,owned_first,1000,3075,Dead Man's Plate,1028 Ruby Crystal (400) -> 1028 Ruby Crystal (400),800,200,,False
Rammus,TOP,full_slots,450,3076 | 1031 | 1028 | 900001 | 900002 | 900003,Thornmail,3075 Thornmail (450),450,0,,False
Rammus,TOP,enemy_armor,1200,3076,Thornmail,1031 Chain Vest (800) -> 1028 Ruby Crystal (400),1200,0,,False
Rammus,TOP,enemy_magic,1200,3076,Thornmail,1033 Null-Magic Mantle (400) -> 1033 Null-Magic Mantle (400) -> 1028 Ruby Crystal (400),1200,0,,False
Rammus,TOP,isolated_completion,450,3076 | 1031 | 1028,Thornmail,3075 Thornmail (450),,,,False
Rammus,JUNGLE,empty,0,,Thornmail,,0,0,,False
Rammus,JUNGLE,empty,300,,Thornmail,1029 Cloth Armor (300),300,0,,False
Rammus,JUNGLE,empty,1200,,Thornmail,1028 Ruby Crystal (400) -> 1028 Ruby Crystal (400) -> 1029 Cloth Armor (300),1100,100,,False
Rammus,JUNGLE,empty,unknown,,Thornmail,,0,,,False
Rammus,JUNGLE,components,0,3076 | 1031 | 1028,Thornmail,,0,0,,False
Rammus,JUNGLE,components,449,3076 | 1031 | 1028,Thornmail,1028 Ruby Crystal (400),400,49,,False
Rammus,JUNGLE,components,450,3076 | 1031 | 1028,Thornmail,1028 Ruby Crystal (400),400,50,,False
Rammus,JUNGLE,owned_first,1000,3075,Sunfire Aegis,1028 Ruby Crystal (400) -> 1028 Ruby Crystal (400),800,200,,False
Rammus,JUNGLE,full_slots,450,3076 | 1031 | 1028 | 900001 | 900002 | 900003,Thornmail,3075 Thornmail (450),450,0,,False
Rammus,JUNGLE,enemy_armor,1200,3076,Thornmail,1031 Chain Vest (800) -> 1028 Ruby Crystal (400),1200,0,,False
Rammus,JUNGLE,enemy_magic,1200,3076,Thornmail,1033 Null-Magic Mantle (400) -> 1028 Ruby Crystal (400) -> 1028 Ruby Crystal (400),1200,0,,False
Rammus,JUNGLE,isolated_completion,450,3076 | 1031 | 1028,Thornmail,3075 Thornmail (450),,,,False
Rammus,MIDDLE,empty,0,,Hollow Radiance,,0,0,,False
Rammus,MIDDLE,empty,300,,Hollow Radiance,2022 Glowing Mote (250),250,50,,False
Rammus,MIDDLE,empty,1200,,Hollow Radiance,1028 Ruby Crystal (400) -> 1028 Ruby Crystal (400) -> 2022 Glowing Mote (250),1050,150,,False
Rammus,MIDDLE,empty,unknown,,Hollow Radiance,,0,,,False
Rammus,MIDDLE,components,0,6660 | 3211,Hollow Radiance,,0,0,,False
Rammus,MIDDLE,components,649,6660 | 3211,Hollow Radiance,1028 Ruby Crystal (400),400,249,,False
Rammus,MIDDLE,components,650,6660 | 3211,Hollow Radiance,6664 Hollow Radiance (650),650,0,,False
Rammus,MIDDLE,owned_first,1000,6664,Thornmail,1028 Ruby Crystal (400) -> 1028 Ruby Crystal (400),800,200,,False
Rammus,MIDDLE,full_slots,650,6660 | 3211 | 900001 | 900002 | 900003 | 900004,Hollow Radiance,6664 Hollow Radiance (650),650,0,,False
Rammus,MIDDLE,enemy_armor,1200,6660,Hollow Radiance,1028 Ruby Crystal (400) -> 1033 Null-Magic Mantle (400) -> 1006 Rejuvenation Bead (300),1100,100,,False
Rammus,MIDDLE,enemy_magic,1200,6660,Hollow Radiance,1033 Null-Magic Mantle (400) -> 1028 Ruby Crystal (400) -> 1033 Null-Magic Mantle (400),1200,0,,False
Rammus,MIDDLE,isolated_completion,650,6660 | 3211,Hollow Radiance,6664 Hollow Radiance (650),,,,False
Rammus,BOTTOM,empty,0,,Winter's Approach,,0,0,,False
Rammus,BOTTOM,empty,300,,Winter's Approach,2022 Glowing Mote (250),250,50,,False
Rammus,BOTTOM,empty,1200,,Winter's Approach,3067 Kindlegem (800) -> 1028 Ruby Crystal (400),1200,0,,False
Rammus,BOTTOM,empty,unknown,,Winter's Approach,,0,,,False
Rammus,BOTTOM,components,0,3070 | 1011 | 3067,Winter's Approach,,0,0,,False
Rammus,BOTTOM,components,299,3070 | 1011 | 3067,Winter's Approach,,0,299,,False
Rammus,BOTTOM,components,300,3070 | 1011 | 3067,Winter's Approach,3119 Winter's Approach (300),300,0,,False
Rammus,BOTTOM,owned_first,1000,3119,Protoplasm Harness,1011 Giant's Belt (900),900,100,,False
Rammus,BOTTOM,full_slots,300,3070 | 1011 | 3067 | 900001 | 900002 | 900003,Winter's Approach,3119 Winter's Approach (300),300,0,,False
Rammus,BOTTOM,enemy_armor,1200,3070,Zeke's Convergence,3067 Kindlegem (800) -> 1033 Null-Magic Mantle (400),1200,0,,False
Rammus,BOTTOM,enemy_magic,1200,3070,Kaenic Rookern,1033 Null-Magic Mantle (400) -> 1033 Null-Magic Mantle (400) -> 1028 Ruby Crystal (400),1200,0,,False
Rammus,BOTTOM,isolated_completion,300,3070 | 1011 | 3067,Winter's Approach,3119 Winter's Approach (300),,,,False
Rammus,UTILITY,empty,0,,Thornmail,,0,0,,False
Rammus,UTILITY,empty,300,,Thornmail,1029 Cloth Armor (300),300,0,,False
Rammus,UTILITY,empty,1200,,Thornmail,3067 Kindlegem (800) -> 1028 Ruby Crystal (400),1200,0,,False
Rammus,UTILITY,empty,unknown,,Thornmail,,0,,,False
Rammus,UTILITY,components,0,3076 | 1031 | 1028,Thornmail,,0,0,,False
Rammus,UTILITY,components,449,3076 | 1031 | 1028,Thornmail,1028 Ruby Crystal (400),400,49,,False
Rammus,UTILITY,components,450,3076 | 1031 | 1028,Thornmail,1028 Ruby Crystal (400),400,50,,False
Rammus,UTILITY,owned_first,1000,3075,Protoplasm Harness,1011 Giant's Belt (900),900,100,,False
Rammus,UTILITY,full_slots,450,3076 | 1031 | 1028 | 900001 | 900002 | 900003,Thornmail,3075 Thornmail (450),450,0,,False
Rammus,UTILITY,enemy_armor,1200,3076,Thornmail,1031 Chain Vest (800) -> 1028 Ruby Crystal (400),1200,0,,False
Rammus,UTILITY,enemy_magic,1200,3076,Thornmail,1033 Null-Magic Mantle (400) -> 1033 Null-Magic Mantle (400) -> 1028 Ruby Crystal (400),1200,0,,False
Rammus,UTILITY,isolated_completion,450,3076 | 1031 | 1028,Thornmail,3075 Thornmail (450),,,,False
RekSai,TOP,empty,0,,Titanic Hydra,,0,0,,False
RekSai,TOP,empty,300,,Titanic Hydra,,0,300,,False
RekSai,TOP,empty,1200,,Titanic Hydra,2021 Tunneler (1150),1150,50,,False
RekSai,TOP,empty,unknown,,Titanic Hydra,,0,,,False
RekSai,TOP,components,0,3077 | 2021 | 1011,Titanic Hydra,,0,0,,False
RekSai,TOP,components,49,3077 | 2021 | 1011,Titanic Hydra,,0,49,,False
RekSai,TOP,components,50,3077 | 2021 | 1011,Titanic Hydra,3748 Titanic Hydra (50),50,0,,False
RekSai,TOP,owned_first,1000,3748,Spear of Shojin,1028 Ruby Crystal (400) -> 1028 Ruby Crystal (400),800,200,,False
RekSai,TOP,full_slots,50,3077 | 2021 | 1011 | 900001 | 900002 | 900003,Titanic Hydra,3748 Titanic Hydra (50),50,0,,False
RekSai,TOP,enemy_armor,1200,3077,Titanic Hydra,2021 Tunneler (1150),1150,50,,False
RekSai,TOP,enemy_magic,1200,3077,Titanic Hydra,1028 Ruby Crystal (400) -> 1028 Ruby Crystal (400) -> 1033 Null-Magic Mantle (400),1200,0,,False
RekSai,TOP,isolated_completion,50,3077 | 2021 | 1011,Titanic Hydra,3748 Titanic Hydra (50),,,,False
RekSai,JUNGLE,empty,0,,Titanic Hydra,,0,0,,False
RekSai,JUNGLE,empty,300,,Stridebreaker,1042 Dagger (250),250,50,,False
RekSai,JUNGLE,empty,1200,,Titanic Hydra,2021 Tunneler (1150),1150,50,,False
RekSai,JUNGLE,empty,unknown,,Titanic Hydra,,0,,,False
RekSai,JUNGLE,components,0,3077 | 2021 | 1011,Titanic Hydra,,0,0,,False
RekSai,JUNGLE,components,49,3077 | 2021 | 1011,Titanic Hydra,,0,49,,False
RekSai,JUNGLE,components,50,3077 | 2021 | 1011,Titanic Hydra,3748 Titanic Hydra (50),50,0,,False
RekSai,JUNGLE,owned_first,1000,3748,Spear of Shojin,1028 Ruby Crystal (400) -> 1028 Ruby Crystal (400),800,200,,False
RekSai,JUNGLE,full_slots,50,3077 | 2021 | 1011 | 900001 | 900002 | 900003,Titanic Hydra,3748 Titanic Hydra (50),50,0,,False
RekSai,JUNGLE,enemy_armor,1200,3077,Titanic Hydra,2021 Tunneler (1150),1150,50,,False
RekSai,JUNGLE,enemy_magic,1200,3077,Titanic Hydra,1028 Ruby Crystal (400) -> 1028 Ruby Crystal (400) -> 1033 Null-Magic Mantle (400),1200,0,,False
RekSai,JUNGLE,isolated_completion,50,3077 | 2021 | 1011,Titanic Hydra,3748 Titanic Hydra (50),,,,False
RekSai,MIDDLE,empty,0,,Spear of Shojin,,0,0,,False
RekSai,MIDDLE,empty,300,,Spear of Shojin,,0,300,,False
RekSai,MIDDLE,empty,1200,,Spear of Shojin,2021 Tunneler (1150),1150,50,,False
RekSai,MIDDLE,empty,unknown,,Spear of Shojin,,0,,,False
RekSai,MIDDLE,components,0,1037 | 2021 | 1028,Spear of Shojin,,0,0,,False
RekSai,MIDDLE,components,674,1037 | 2021 | 1028,Spear of Shojin,,0,674,,False
RekSai,MIDDLE,components,675,1037 | 2021 | 1028,Spear of Shojin,3161 Spear of Shojin (675),675,0,,False
RekSai,MIDDLE,owned_first,1000,3161,Titanic Hydra,1011 Giant's Belt (900),900,100,,False
RekSai,MIDDLE,full_slots,675,1037 | 2021 | 1028 | 900001 | 900002 | 900003,Spear of Shojin,3161 Spear of Shojin (675),675,0,,False
RekSai,MIDDLE,enemy_armor,1200,1037,Eclipse,3133 Caulfield's Warhammer (1050),1050,150,,False
RekSai,MIDDLE,enemy_magic,1200,1037,Spear of Shojin,1028 Ruby Crystal (400) -> 1028 Ruby Crystal (400) -> 1033 Null-Magic Mantle (400),1200,0,,False
RekSai,MIDDLE,isolated_completion,675,1037 | 2021 | 1028,Spear of Shojin,3161 Spear of Shojin (675),,,,False
RekSai,BOTTOM,empty,0,,Black Cleaver,,0,0,,False
RekSai,BOTTOM,empty,300,,Black Cleaver,2022 Glowing Mote (250),250,50,,False
RekSai,BOTTOM,empty,1200,,Black Cleaver,3067 Kindlegem (800) -> 1028 Ruby Crystal (400),1200,0,,False
RekSai,BOTTOM,empty,unknown,,Black Cleaver,,0,,,False
RekSai,BOTTOM,components,0,3044 | 3067 | 1037,Black Cleaver,,0,0,,False
RekSai,BOTTOM,components,224,3044 | 3067 | 1037,Black Cleaver,,0,224,,False
RekSai,BOTTOM,components,225,3044 | 3067 | 1037,Black Cleaver,3071 Black Cleaver (225),225,0,,False
RekSai,BOTTOM,owned_first,1000,3071,Protoplasm Harness,1011 Giant's Belt (900),900,100,,False
RekSai,BOTTOM,full_slots,225,3044 | 3067 | 1037 | 900001 | 900002 | 900003,Black Cleaver,3071 Black Cleaver (225),225,0,,False
RekSai,BOTTOM,enemy_armor,1200,3044,Eclipse,3133 Caulfield's Warhammer (1050),1050,150,,False
RekSai,BOTTOM,enemy_magic,1200,3044,Kaenic Rookern,1033 Null-Magic Mantle (400) -> 1033 Null-Magic Mantle (400) -> 1028 Ruby Crystal (400),1200,0,,False
RekSai,BOTTOM,isolated_completion,225,3044 | 3067 | 1037,Black Cleaver,3071 Black Cleaver (225),,,,False
RekSai,UTILITY,empty,0,,Spear of Shojin,,0,0,,False
RekSai,UTILITY,empty,300,,Spear of Shojin,,0,300,,False
RekSai,UTILITY,empty,1200,,Spear of Shojin,2021 Tunneler (1150),1150,50,,False
RekSai,UTILITY,empty,unknown,,Spear of Shojin,,0,,,False
RekSai,UTILITY,components,0,1037 | 2021 | 1028,Spear of Shojin,,0,0,,False
RekSai,UTILITY,components,674,1037 | 2021 | 1028,Spear of Shojin,,0,674,,False
RekSai,UTILITY,components,675,1037 | 2021 | 1028,Spear of Shojin,3161 Spear of Shojin (675),675,0,,False
RekSai,UTILITY,owned_first,1000,3161,Abyssal Mask,3067 Kindlegem (800),800,200,,False
RekSai,UTILITY,full_slots,675,1037 | 2021 | 1028 | 900001 | 900002 | 900003,Spear of Shojin,3161 Spear of Shojin (675),675,0,,False
RekSai,UTILITY,enemy_armor,1200,1037,Spear of Shojin,2021 Tunneler (1150),1150,50,,False
RekSai,UTILITY,enemy_magic,1200,1037,Spear of Shojin,1028 Ruby Crystal (400) -> 1028 Ruby Crystal (400) -> 1033 Null-Magic Mantle (400),1200,0,,False
RekSai,UTILITY,isolated_completion,675,1037 | 2021 | 1028,Spear of Shojin,3161 Spear of Shojin (675),,,,False
Rell,TOP,empty,0,,Winter's Approach,,0,0,,False
Rell,TOP,empty,300,,Winter's Approach,2022 Glowing Mote (250),250,50,,False
Rell,TOP,empty,1200,,Winter's Approach,3067 Kindlegem (800) -> 1028 Ruby Crystal (400),1200,0,,False
Rell,TOP,empty,unknown,,Warmog's Armor,,0,,,False
Rell,TOP,components,0,1011 | 1011 | 3801,Warmog's Armor,,0,0,,False
Rell,TOP,components,499,1011 | 1011 | 3801,Heartsteel,1028 Ruby Crystal (400),400,99,,False
Rell,TOP,components,500,1011 | 1011 | 3801,Warmog's Armor,3083 Warmog's Armor (500),500,0,,False
Rell,TOP,owned_first,1000,3083,Winter's Approach,1011 Giant's Belt (900),900,100,,False
Rell,TOP,full_slots,500,1011 | 1011 | 3801 | 900001 | 900002 | 900003,Warmog's Armor,3083 Warmog's Armor (500),500,0,,False
Rell,TOP,enemy_armor,1200,1011,Winter's Approach,3067 Kindlegem (800) -> 3070 Tear of the Goddess (400),1200,0,,False
Rell,TOP,enemy_magic,1200,1011,Kaenic Rookern,1033 Null-Magic Mantle (400) -> 1033 Null-Magic Mantle (400) -> 1028 Ruby Crystal (400),1200,0,,False
Rell,TOP,isolated_completion,500,1011 | 1011 | 3801,Warmog's Armor,3083 Warmog's Armor (500),,,,False
Rell,JUNGLE,empty,0,,Winter's Approach,,0,0,,False
Rell,JUNGLE,empty,300,,Winter's Approach,2022 Glowing Mote (250),250,50,,False
Rell,JUNGLE,empty,1200,,Winter's Approach,3067 Kindlegem (800) -> 1028 Ruby Crystal (400),1200,0,,False
Rell,JUNGLE,empty,unknown,,Warmog's Armor,,0,,,False
Rell,JUNGLE,components,0,1011 | 1011 | 3801,Warmog's Armor,,0,0,,False
Rell,JUNGLE,components,499,1011 | 1011 | 3801,Heartsteel,1028 Ruby Crystal (400),400,99,,False
Rell,JUNGLE,components,500,1011 | 1011 | 3801,Warmog's Armor,3083 Warmog's Armor (500),500,0,,False
Rell,JUNGLE,owned_first,1000,3083,Winter's Approach,1011 Giant's Belt (900),900,100,,False
Rell,JUNGLE,full_slots,500,1011 | 1011 | 3801 | 900001 | 900002 | 900003,Warmog's Armor,3083 Warmog's Armor (500),500,0,,False
Rell,JUNGLE,enemy_armor,1200,1011,Winter's Approach,3067 Kindlegem (800) -> 3070 Tear of the Goddess (400),1200,0,,False
Rell,JUNGLE,enemy_magic,1200,1011,Kaenic Rookern,1033 Null-Magic Mantle (400) -> 1033 Null-Magic Mantle (400) -> 1028 Ruby Crystal (400),1200,0,,False
Rell,JUNGLE,isolated_completion,500,1011 | 1011 | 3801,Warmog's Armor,3083 Warmog's Armor (500),,,,False
Rell,MIDDLE,empty,0,,Winter's Approach,,0,0,,False
Rell,MIDDLE,empty,300,,Winter's Approach,2022 Glowing Mote (250),250,50,,False
Rell,MIDDLE,empty,1200,,Winter's Approach,3067 Kindlegem (800) -> 1028 Ruby Crystal (400),1200,0,,False
Rell,MIDDLE,empty,unknown,,Warmog's Armor,,0,,,False
Rell,MIDDLE,components,0,1011 | 1011 | 3801,Warmog's Armor,,0,0,,False
Rell,MIDDLE,components,499,1011 | 1011 | 3801,Heartsteel,1028 Ruby Crystal (400),400,99,,False
Rell,MIDDLE,components,500,1011 | 1011 | 3801,Warmog's Armor,3083 Warmog's Armor (500),500,0,,False
Rell,MIDDLE,owned_first,1000,3083,Winter's Approach,1011 Giant's Belt (900),900,100,,False
Rell,MIDDLE,full_slots,500,1011 | 1011 | 3801 | 900001 | 900002 | 900003,Warmog's Armor,3083 Warmog's Armor (500),500,0,,False
Rell,MIDDLE,enemy_armor,1200,1011,Winter's Approach,3067 Kindlegem (800) -> 3070 Tear of the Goddess (400),1200,0,,False
Rell,MIDDLE,enemy_magic,1200,1011,Kaenic Rookern,1033 Null-Magic Mantle (400) -> 1033 Null-Magic Mantle (400) -> 1028 Ruby Crystal (400),1200,0,,False
Rell,MIDDLE,isolated_completion,500,1011 | 1011 | 3801,Warmog's Armor,3083 Warmog's Armor (500),,,,False
Rell,BOTTOM,empty,0,,Winter's Approach,,0,0,,False
Rell,BOTTOM,empty,300,,Winter's Approach,2022 Glowing Mote (250),250,50,,False
Rell,BOTTOM,empty,1200,,Winter's Approach,3067 Kindlegem (800) -> 1028 Ruby Crystal (400),1200,0,,False
Rell,BOTTOM,empty,unknown,,Warmog's Armor,,0,,,False
Rell,BOTTOM,components,0,1011 | 1011 | 3801,Warmog's Armor,,0,0,,False
Rell,BOTTOM,components,499,1011 | 1011 | 3801,Heartsteel,1028 Ruby Crystal (400),400,99,,False
Rell,BOTTOM,components,500,1011 | 1011 | 3801,Warmog's Armor,3083 Warmog's Armor (500),500,0,,False
Rell,BOTTOM,owned_first,1000,3083,Winter's Approach,1011 Giant's Belt (900),900,100,,False
Rell,BOTTOM,full_slots,500,1011 | 1011 | 3801 | 900001 | 900002 | 900003,Warmog's Armor,3083 Warmog's Armor (500),500,0,,False
Rell,BOTTOM,enemy_armor,1200,1011,Winter's Approach,3067 Kindlegem (800) -> 3070 Tear of the Goddess (400),1200,0,,False
Rell,BOTTOM,enemy_magic,1200,1011,Kaenic Rookern,1033 Null-Magic Mantle (400) -> 1033 Null-Magic Mantle (400) -> 1028 Ruby Crystal (400),1200,0,,False
Rell,BOTTOM,isolated_completion,500,1011 | 1011 | 3801,Warmog's Armor,3083 Warmog's Armor (500),,,,False
Rell,UTILITY,empty,0,,Zeke's Convergence,,0,0,,False
Rell,UTILITY,empty,300,,Zeke's Convergence,2022 Glowing Mote (250),250,50,,False
Rell,UTILITY,empty,1200,,Zeke's Convergence,3067 Kindlegem (800),800,400,,False
Rell,UTILITY,empty,unknown,,Zeke's Convergence,,0,,,False
Rell,UTILITY,components,0,3067 | 1029 | 1033,Zeke's Convergence,,0,0,,False
Rell,UTILITY,components,699,3067 | 1029 | 1033,Zeke's Convergence,,0,699,,False
Rell,UTILITY,components,700,3067 | 1029 | 1033,Zeke's Convergence,3050 Zeke's Convergence (700),700,0,,False
Rell,UTILITY,owned_first,1000,3050,Locket of the Iron Solari,3067 Kindlegem (800),800,200,,False
Rell,UTILITY,full_slots,700,3067 | 1029 | 1033 | 900001 | 900002 | 900003,Zeke's Convergence,3050 Zeke's Convergence (700),700,0,,False
Rell,UTILITY,enemy_armor,1200,3067,Locket of the Iron Solari,1029 Cloth Armor (300) -> 1033 Null-Magic Mantle (400),700,500,,False
Rell,UTILITY,enemy_magic,1200,3067,Locket of the Iron Solari,1033 Null-Magic Mantle (400) -> 1033 Null-Magic Mantle (400) -> 1028 Ruby Crystal (400),1200,0,,False
Rell,UTILITY,isolated_completion,700,3067 | 1029 | 1033,Zeke's Convergence,3050 Zeke's Convergence (700),,,,False
Renata,TOP,empty,0,,Malignance,,0,0,,False
Renata,TOP,empty,300,,Malignance,1027 Sapphire Crystal (300),300,0,,False
Renata,TOP,empty,1200,,Malignance,3802 Lost Chapter (1200),1200,0,,False
Renata,TOP,empty,unknown,,Malignance,,0,,,False
Renata,TOP,components,0,3802 | 1026,Malignance,,0,0,,False
Renata,TOP,components,649,3802 | 1026,Malignance,,0,649,,False
Renata,TOP,components,650,3802 | 1026,Malignance,3118 Malignance (650),650,0,,False
Renata,TOP,owned_first,1000,3118,Lich Bane,1026 Blasting Wand (850),850,150,,False
Renata,TOP,full_slots,650,3802 | 1026 | 900001 | 900002 | 900003 | 900004,Malignance,3118 Malignance (650),650,0,,False
Renata,TOP,enemy_armor,1200,3802,Redemption,3108 Fiendish Codex (850) -> 1004 Faerie Charm (200),1050,150,,False
Renata,TOP,enemy_magic,1200,3802,Malignance,1026 Blasting Wand (850),850,350,,False
Renata,TOP,isolated_completion,650,3802 | 1026,Malignance,3118 Malignance (650),,,,False
Renata,JUNGLE,empty,0,,Malignance,,0,0,,False
Renata,JUNGLE,empty,300,,Malignance,1027 Sapphire Crystal (300),300,0,,False
Renata,JUNGLE,empty,1200,,Malignance,3802 Lost Chapter (1200),1200,0,,False
Renata,JUNGLE,empty,unknown,,Malignance,,0,,,False
Renata,JUNGLE,components,0,3802 | 1026,Malignance,,0,0,,False
Renata,JUNGLE,components,649,3802 | 1026,Malignance,,0,649,,False
Renata,JUNGLE,components,650,3802 | 1026,Malignance,3118 Malignance (650),650,0,,False
Renata,JUNGLE,owned_first,1000,3118,Lich Bane,1026 Blasting Wand (850),850,150,,False
Renata,JUNGLE,full_slots,650,3802 | 1026 | 900001 | 900002 | 900003 | 900004,Malignance,3118 Malignance (650),650,0,,False
Renata,JUNGLE,enemy_armor,1200,3802,Redemption,3108 Fiendish Codex (850) -> 1004 Faerie Charm (200),1050,150,,False
Renata,JUNGLE,enemy_magic,1200,3802,Malignance,1026 Blasting Wand (850),850,350,,False
Renata,JUNGLE,isolated_completion,650,3802 | 1026,Malignance,3118 Malignance (650),,,,False
Renata,MIDDLE,empty,0,,Malignance,,0,0,,False
Renata,MIDDLE,empty,300,,Malignance,1027 Sapphire Crystal (300),300,0,,False
Renata,MIDDLE,empty,1200,,Malignance,3802 Lost Chapter (1200),1200,0,,False
Renata,MIDDLE,empty,unknown,,Malignance,,0,,,False
Renata,MIDDLE,components,0,3802 | 1026,Malignance,,0,0,,False
Renata,MIDDLE,components,649,3802 | 1026,Malignance,,0,649,,False
Renata,MIDDLE,components,650,3802 | 1026,Malignance,3118 Malignance (650),650,0,,False
Renata,MIDDLE,owned_first,1000,3118,Lich Bane,1026 Blasting Wand (850),850,150,,False
Renata,MIDDLE,full_slots,650,3802 | 1026 | 900001 | 900002 | 900003 | 900004,Malignance,3118 Malignance (650),650,0,,False
Renata,MIDDLE,enemy_armor,1200,3802,Redemption,3108 Fiendish Codex (850) -> 1004 Faerie Charm (200),1050,150,,False
Renata,MIDDLE,enemy_magic,1200,3802,Malignance,1026 Blasting Wand (850),850,350,,False
Renata,MIDDLE,isolated_completion,650,3802 | 1026,Malignance,3118 Malignance (650),,,,False
Renata,BOTTOM,empty,0,,Malignance,,0,0,,False
Renata,BOTTOM,empty,300,,Malignance,1027 Sapphire Crystal (300),300,0,,False
Renata,BOTTOM,empty,1200,,Malignance,3802 Lost Chapter (1200),1200,0,,False
Renata,BOTTOM,empty,unknown,,Malignance,,0,,,False
Renata,BOTTOM,components,0,3802 | 1026,Malignance,,0,0,,False
Renata,BOTTOM,components,649,3802 | 1026,Malignance,,0,649,,False
Renata,BOTTOM,components,650,3802 | 1026,Malignance,3118 Malignance (650),650,0,,False
Renata,BOTTOM,owned_first,1000,3118,Lich Bane,1026 Blasting Wand (850),850,150,,False
Renata,BOTTOM,full_slots,650,3802 | 1026 | 900001 | 900002 | 900003 | 900004,Malignance,3118 Malignance (650),650,0,,False
Renata,BOTTOM,enemy_armor,1200,3802,Redemption,3108 Fiendish Codex (850) -> 1004 Faerie Charm (200),1050,150,,False
Renata,BOTTOM,enemy_magic,1200,3802,Malignance,1026 Blasting Wand (850),850,350,,False
Renata,BOTTOM,isolated_completion,650,3802 | 1026,Malignance,3118 Malignance (650),,,,False
Renata,UTILITY,empty,0,,Locket of the Iron Solari,,0,0,,False
Renata,UTILITY,empty,300,,Locket of the Iron Solari,2022 Glowing Mote (250),250,50,,False
Renata,UTILITY,empty,1200,,Locket of the Iron Solari,3067 Kindlegem (800) -> 2022 Glowing Mote (250),1050,150,,False
Renata,UTILITY,empty,unknown,,Locket of the Iron Solari,,0,,,False
Renata,UTILITY,components,0,3067 | 1029 | 1033,Locket of the Iron Solari,,0,0,,False
Renata,UTILITY,components,699,3067 | 1029 | 1033,Locket of the Iron Solari,2022 Glowing Mote (250) -> 1052 Amplifying Tome (400),650,49,,False
Renata,UTILITY,components,700,3067 | 1029 | 1033,Locket of the Iron Solari,2022 Glowing Mote (250) -> 1052 Amplifying Tome (400),650,50,,False
Renata,UTILITY,owned_first,1000,3190,Knight's Vow,3067 Kindlegem (800) -> 1004 Faerie Charm (200),1000,0,,False
Renata,UTILITY,full_slots,700,3067 | 1029 | 1033 | 900001 | 900002 | 900003,Locket of the Iron Solari,3190 Locket of the Iron Solari (700),700,0,,False
Renata,UTILITY,enemy_armor,1200,3067,Locket of the Iron Solari,3158 Ionian Boots of Lucidity (900) -> 2022 Glowing Mote (250),1150,50,,False
Renata,UTILITY,enemy_magic,1200,3067,Locket of the Iron Solari,3158 Ionian Boots of Lucidity (900) -> 1004 Faerie Charm (200),1100,100,,False
Renata,UTILITY,isolated_completion,700,3067 | 1029 | 1033,Locket of the Iron Solari,3190 Locket of the Iron Solari (700),,,,False
Renekton,TOP,empty,0,,Eclipse,,0,0,,False
Renekton,TOP,empty,300,,Eclipse,2022 Glowing Mote (250),250,50,,False
Renekton,TOP,empty,1200,,Eclipse,3133 Caulfield's Warhammer (1050),1050,150,,False
Renekton,TOP,empty,unknown,,Eclipse,,0,,,False
Renekton,TOP,components,0,3133 | 1037 | 1036,Eclipse,,0,0,,False
Renekton,TOP,components,624,3133 | 1037 | 1036,Eclipse,,0,624,,False
Renekton,TOP,components,625,3133 | 1037 | 1036,Eclipse,6692 Eclipse (625),625,0,,False
Renekton,TOP,owned_first,1000,6692,Black Cleaver,3067 Kindlegem (800),800,200,,False
Renekton,TOP,full_slots,625,3133 | 1037 | 1036 | 900001 | 900002 | 900003,Eclipse,6692 Eclipse (625),625,0,,False
Renekton,TOP,enemy_armor,1200,3133,Eclipse,1037 Pickaxe (875),875,325,,False
Renekton,TOP,enemy_magic,1200,3133,Eclipse,1037 Pickaxe (875),875,325,,False
Renekton,TOP,isolated_completion,625,3133 | 1037 | 1036,Eclipse,6692 Eclipse (625),,,,False
Renekton,JUNGLE,empty,0,,Black Cleaver,,0,0,,False
Renekton,JUNGLE,empty,300,,Black Cleaver,2022 Glowing Mote (250),250,50,,False
Renekton,JUNGLE,empty,1200,,Black Cleaver,3067 Kindlegem (800) -> 1028 Ruby Crystal (400),1200,0,,False
Renekton,JUNGLE,empty,unknown,,Black Cleaver,,0,,,False
Renekton,JUNGLE,components,0,3044 | 3067 | 1037,Black Cleaver,,0,0,,False
Renekton,JUNGLE,components,224,3044 | 3067 | 1037,Black Cleaver,,0,224,,False
Renekton,JUNGLE,components,225,3044 | 3067 | 1037,Black Cleaver,3071 Black Cleaver (225),225,0,,False
Renekton,JUNGLE,owned_first,1000,3071,Axiom Arc,1036 Long Sword (350) -> 1036 Long Sword (350) -> 2022 Glowing Mote (250),950,50,,False
Renekton,JUNGLE,full_slots,225,3044 | 3067 | 1037 | 900001 | 900002 | 900003,Black Cleaver,3071 Black Cleaver (225),225,0,,False
Renekton,JUNGLE,enemy_armor,1200,3044,Eclipse,3133 Caulfield's Warhammer (1050),1050,150,,False
Renekton,JUNGLE,enemy_magic,1200,3044,Kaenic Rookern,1033 Null-Magic Mantle (400) -> 1033 Null-Magic Mantle (400) -> 1028 Ruby Crystal (400),1200,0,,False
Renekton,JUNGLE,isolated_completion,225,3044 | 3067 | 1037,Black Cleaver,3071 Black Cleaver (225),,,,False
Renekton,MIDDLE,empty,0,,Stridebreaker,,0,0,,False
Renekton,MIDDLE,empty,300,,Stridebreaker,1042 Dagger (250),250,50,,False
Renekton,MIDDLE,empty,1200,,Stridebreaker,1028 Ruby Crystal (400) -> 1036 Long Sword (350) -> 1036 Long Sword (350),1100,100,,False
Renekton,MIDDLE,empty,unknown,,Stridebreaker,,0,,,False
Renekton,MIDDLE,components,0,3077 | 3044 | 1042,Stridebreaker,,0,0,,False
Renekton,MIDDLE,components,749,3077 | 3044 | 1042,Stridebreaker,1028 Ruby Crystal (400),400,349,,False
Renekton,MIDDLE,components,750,3077 | 3044 | 1042,Stridebreaker,6631 Stridebreaker (750),750,0,,False
Renekton,MIDDLE,owned_first,1000,6631,Death's Dance,1036 Long Sword (350) -> 1036 Long Sword (350) -> 2022 Glowing Mote (250),950,50,,False
Renekton,MIDDLE,full_slots,750,3077 | 3044 | 1042 | 900001 | 900002 | 900003,Stridebreaker,6631 Stridebreaker (750),750,0,,False
Renekton,MIDDLE,enemy_armor,1200,3077,Stridebreaker,3044 Phage (1100),1100,100,,False
Renekton,MIDDLE,enemy_magic,1200,3077,Stridebreaker,3044 Phage (1100),1100,100,,False
Renekton,MIDDLE,isolated_completion,750,3077 | 3044 | 1042,Stridebreaker,6631 Stridebreaker (750),,,,False
Renekton,BOTTOM,empty,0,,Eclipse,,0,0,,False
Renekton,BOTTOM,empty,300,,Eclipse,2022 Glowing Mote (250),250,50,,False
Renekton,BOTTOM,empty,1200,,Eclipse,3133 Caulfield's Warhammer (1050),1050,150,,False
Renekton,BOTTOM,empty,unknown,,Eclipse,,0,,,False
Renekton,BOTTOM,components,0,3133 | 1037 | 1036,Eclipse,,0,0,,False
Renekton,BOTTOM,components,624,3133 | 1037 | 1036,Eclipse,,0,624,,False
Renekton,BOTTOM,components,625,3133 | 1037 | 1036,Eclipse,6692 Eclipse (625),625,0,,False
Renekton,BOTTOM,owned_first,1000,6692,Black Cleaver,3067 Kindlegem (800),800,200,,False
Renekton,BOTTOM,full_slots,625,3133 | 1037 | 1036 | 900001 | 900002 | 900003,Eclipse,6692 Eclipse (625),625,0,,False
Renekton,BOTTOM,enemy_armor,1200,3133,Eclipse,1037 Pickaxe (875),875,325,,False
Renekton,BOTTOM,enemy_magic,1200,3133,Eclipse,1037 Pickaxe (875),875,325,,False
Renekton,BOTTOM,isolated_completion,625,3133 | 1037 | 1036,Eclipse,6692 Eclipse (625),,,,False
Renekton,UTILITY,empty,0,,Sundered Sky,,0,0,,False
Renekton,UTILITY,empty,300,,Sundered Sky,2022 Glowing Mote (250),250,50,,False
Renekton,UTILITY,empty,1200,,Black Cleaver,3067 Kindlegem (800) -> 1028 Ruby Crystal (400),1200,0,,False
Renekton,UTILITY,empty,unknown,,Sundered Sky,,0,,,False
Renekton,UTILITY,components,0,2021 | 3133,Sundered Sky,,0,0,,False
Renekton,UTILITY,components,899,2021 | 3133,Sundered Sky,1028 Ruby Crystal (400) -> 1028 Ruby Crystal (400),800,99,,False
Renekton,UTILITY,components,900,2021 | 3133,Sundered Sky,6610 Sundered Sky (900),900,0,,False
Renekton,UTILITY,owned_first,1000,6610,Black Cleaver,3067 Kindlegem (800),800,200,,False
Renekton,UTILITY,full_slots,900,2021 | 3133 | 900001 | 900002 | 900003 | 900004,Sundered Sky,6610 Sundered Sky (900),900,0,,False
Renekton,UTILITY,enemy_armor,1200,2021,Redemption,3108 Fiendish Codex (850),850,350,,False
Renekton,UTILITY,enemy_magic,1200,2021,Kaenic Rookern,1033 Null-Magic Mantle (400) -> 1033 Null-Magic Mantle (400) -> 1028 Ruby Crystal (400),1200,0,,False
Renekton,UTILITY,isolated_completion,900,2021 | 3133,Sundered Sky,6610 Sundered Sky (900),,,,False
Rengar,TOP,empty,0,,Ravenous Hydra,,0,0,,False
Rengar,TOP,empty,300,,Ravenous Hydra,2022 Glowing Mote (250),250,50,,False
Rengar,TOP,empty,1200,,Ravenous Hydra,1036 Long Sword (350) -> 1036 Long Sword (350) -> 1036 Long Sword (350),1050,150,,False
Rengar,TOP,empty,unknown,,Ravenous Hydra,,0,,,False
Rengar,TOP,components,0,3077 | 1053 | 3133,Ravenous Hydra,,0,0,,False
Rengar,TOP,components,149,3077 | 1053 | 3133,Ravenous Hydra,,0,149,,False
Rengar,TOP,components,150,3077 | 1053 | 3133,Ravenous Hydra,3074 Ravenous Hydra (150),150,0,,False
Rengar,TOP,owned_first,1000,3074,Voltaic Cyclosword,1037 Pickaxe (875),875,125,,False
Rengar,TOP,full_slots,150,3077 | 1053 | 3133 | 900001 | 900002 | 900003,Ravenous Hydra,3074 Ravenous Hydra (150),150,0,,False
Rengar,TOP,enemy_armor,1200,3077,Ravenous Hydra,1036 Long Sword (350) -> 1036 Long Sword (350) -> 1036 Long Sword (350),1050,150,,False
Rengar,TOP,enemy_magic,1200,3077,Ravenous Hydra,1036 Long Sword (350) -> 1036 Long Sword (350) -> 1036 Long Sword (350),1050,150,,False
Rengar,TOP,isolated_completion,150,3077 | 1053 | 3133,Ravenous Hydra,3074 Ravenous Hydra (150),,,,False
Rengar,JUNGLE,empty,0,,Umbral Glaive,,0,0,,False
Rengar,JUNGLE,empty,300,,Umbral Glaive,2022 Glowing Mote (250),250,50,,False
Rengar,JUNGLE,empty,1200,,Umbral Glaive,1036 Long Sword (350) -> 1036 Long Sword (350) -> 1036 Long Sword (350),1050,150,,False
Rengar,JUNGLE,empty,unknown,,Umbral Glaive,,0,,,False
Rengar,JUNGLE,components,0,3134 | 3133,Umbral Glaive,,0,0,,False
Rengar,JUNGLE,components,749,3134 | 3133,Umbral Glaive,,0,749,,False
Rengar,JUNGLE,components,750,3134 | 3133,Umbral Glaive,3179 Umbral Glaive (750),750,0,,False
Rengar,JUNGLE,owned_first,1000,3179,Profane Hydra,1037 Pickaxe (875),875,125,,False
Rengar,JUNGLE,full_slots,750,3134 | 3133 | 900001 | 900002 | 900003 | 900004,Umbral Glaive,3179 Umbral Glaive (750),750,0,,False
Rengar,JUNGLE,enemy_armor,1200,3134,Umbral Glaive,3133 Caulfield's Warhammer (1050),1050,150,,False
Rengar,JUNGLE,enemy_magic,1200,3134,Umbral Glaive,3133 Caulfield's Warhammer (1050),1050,150,,False
Rengar,JUNGLE,isolated_completion,750,3134 | 3133,Umbral Glaive,3179 Umbral Glaive (750),,,,False
Rengar,MIDDLE,empty,0,,Essence Reaver,,0,0,,False
Rengar,MIDDLE,empty,300,,Essence Reaver,2022 Glowing Mote (250),250,50,,False
Rengar,MIDDLE,empty,1200,,Essence Reaver,3133 Caulfield's Warhammer (1050),1050,150,,False
Rengar,MIDDLE,empty,unknown,,Essence Reaver,,0,,,False
Rengar,MIDDLE,components,0,3057 | 3133 | 1018,Essence Reaver,,0,0,,False
Rengar,MIDDLE,components,499,3057 | 3133 | 1018,Essence Reaver,,0,499,,False
Rengar,MIDDLE,components,500,3057 | 3133 | 1018,Essence Reaver,3508 Essence Reaver (500),500,0,,False
Rengar,MIDDLE,owned_first,1000,3508,Axiom Arc,1037 Pickaxe (875),875,125,,False
Rengar,MIDDLE,full_slots,500,3057 | 3133 | 1018 | 900001 | 900002 | 900003,Essence Reaver,3508 Essence Reaver (500),500,0,,False
Rengar,MIDDLE,enemy_armor,1200,3057,Eclipse,1036 Long Sword (350) -> 1036 Long Sword (350) -> 1036 Long Sword (350),1050,150,,False
Rengar,MIDDLE,enemy_magic,1200,3057,Essence Reaver,3133 Caulfield's Warhammer (1050),1050,150,,False
Rengar,MIDDLE,isolated_completion,500,3057 | 3133 | 1018,Essence Reaver,3508 Essence Reaver (500),,,,False
Rengar,BOTTOM,empty,0,,Essence Reaver,,0,0,,False
Rengar,BOTTOM,empty,300,,Essence Reaver,2022 Glowing Mote (250),250,50,,False
Rengar,BOTTOM,empty,1200,,Essence Reaver,3133 Caulfield's Warhammer (1050),1050,150,,False
Rengar,BOTTOM,empty,unknown,,Essence Reaver,,0,,,False
Rengar,BOTTOM,components,0,3057 | 3133 | 1018,Essence Reaver,,0,0,,False
Rengar,BOTTOM,components,499,3057 | 3133 | 1018,Essence Reaver,,0,499,,False
Rengar,BOTTOM,components,500,3057 | 3133 | 1018,Essence Reaver,3508 Essence Reaver (500),500,0,,False
Rengar,BOTTOM,owned_first,1000,3508,Axiom Arc,1037 Pickaxe (875),875,125,,False
Rengar,BOTTOM,full_slots,500,3057 | 3133 | 1018 | 900001 | 900002 | 900003,Essence Reaver,3508 Essence Reaver (500),500,0,,False
Rengar,BOTTOM,enemy_armor,1200,3057,Eclipse,1036 Long Sword (350) -> 1036 Long Sword (350) -> 1036 Long Sword (350),1050,150,,False
Rengar,BOTTOM,enemy_magic,1200,3057,Essence Reaver,3133 Caulfield's Warhammer (1050),1050,150,,False
Rengar,BOTTOM,isolated_completion,500,3057 | 3133 | 1018,Essence Reaver,3508 Essence Reaver (500),,,,False
Rengar,UTILITY,empty,0,,Umbral Glaive,,0,0,,False
Rengar,UTILITY,empty,300,,Umbral Glaive,2022 Glowing Mote (250),250,50,,False
Rengar,UTILITY,empty,1200,,Umbral Glaive,1036 Long Sword (350) -> 1036 Long Sword (350) -> 1036 Long Sword (350),1050,150,,False
Rengar,UTILITY,empty,unknown,,Umbral Glaive,,0,,,False
Rengar,UTILITY,components,0,3134 | 3133,Umbral Glaive,,0,0,,False
Rengar,UTILITY,components,749,3134 | 3133,Umbral Glaive,,0,749,,False
Rengar,UTILITY,components,750,3134 | 3133,Umbral Glaive,3179 Umbral Glaive (750),750,0,,False
Rengar,UTILITY,owned_first,1000,3179,Profane Hydra,1037 Pickaxe (875),875,125,,False
Rengar,UTILITY,full_slots,750,3134 | 3133 | 900001 | 900002 | 900003 | 900004,Umbral Glaive,3179 Umbral Glaive (750),750,0,,False
Rengar,UTILITY,enemy_armor,1200,3134,Umbral Glaive,3133 Caulfield's Warhammer (1050),1050,150,,False
Rengar,UTILITY,enemy_magic,1200,3134,Umbral Glaive,3133 Caulfield's Warhammer (1050),1050,150,,False
Rengar,UTILITY,isolated_completion,750,3134 | 3133,Umbral Glaive,3179 Umbral Glaive (750),,,,False
Riven,TOP,empty,0,,Death's Dance,,0,0,,False
Riven,TOP,empty,300,,Eclipse,2022 Glowing Mote (250),250,50,,False
Riven,TOP,empty,1200,,Eclipse,1036 Long Sword (350) -> 1036 Long Sword (350) -> 1036 Long Sword (350),1050,150,,False
Riven,TOP,empty,unknown,,Axiom Arc,,0,,,False
Riven,TOP,components,0,2020 | 3133,Axiom Arc,,0,0,,False
Riven,TOP,components,362,2020 | 3133,Axiom Arc,,0,362,,False
Riven,TOP,components,363,2020 | 3133,Axiom Arc,6696 Axiom Arc (363),363,0,,False
Riven,TOP,owned_first,1000,6696,Endless Hunger,1037 Pickaxe (875),875,125,,False
Riven,TOP,full_slots,363,2020 | 3133 | 900001 | 900002 | 900003 | 900004,Axiom Arc,6696 Axiom Arc (363),363,0,,False
Riven,TOP,enemy_armor,1200,2020,Eclipse,1036 Long Sword (350) -> 1036 Long Sword (350) -> 1036 Long Sword (350),1050,150,,False
Riven,TOP,enemy_magic,1200,2020,Axiom Arc,3133 Caulfield's Warhammer (1050),1050,150,,False
Riven,TOP,isolated_completion,363,2020 | 3133,Axiom Arc,6696 Axiom Arc (363),,,,False
Riven,JUNGLE,empty,0,,Umbral Glaive,,0,0,,False
Riven,JUNGLE,empty,300,,Umbral Glaive,2022 Glowing Mote (250),250,50,,False
Riven,JUNGLE,empty,1200,,Umbral Glaive,1036 Long Sword (350) -> 1036 Long Sword (350) -> 1036 Long Sword (350),1050,150,,False
Riven,JUNGLE,empty,unknown,,Umbral Glaive,,0,,,False
Riven,JUNGLE,components,0,3134 | 3133,Umbral Glaive,,0,0,,False
Riven,JUNGLE,components,749,3134 | 3133,Umbral Glaive,,0,749,,False
Riven,JUNGLE,components,750,3134 | 3133,Umbral Glaive,3179 Umbral Glaive (750),750,0,,False
Riven,JUNGLE,owned_first,1000,3179,Endless Hunger,1037 Pickaxe (875),875,125,,False
Riven,JUNGLE,full_slots,750,3134 | 3133 | 900001 | 900002 | 900003 | 900004,Umbral Glaive,3179 Umbral Glaive (750),750,0,,False
Riven,JUNGLE,enemy_armor,1200,3134,Umbral Glaive,3133 Caulfield's Warhammer (1050),1050,150,,False
Riven,JUNGLE,enemy_magic,1200,3134,Umbral Glaive,3133 Caulfield's Warhammer (1050),1050,150,,False
Riven,JUNGLE,isolated_completion,750,3134 | 3133,Umbral Glaive,3179 Umbral Glaive (750),,,,False
Riven,MIDDLE,empty,0,,Maw of Malmortius,,0,0,,False
Riven,MIDDLE,empty,300,,Maw of Malmortius,2022 Glowing Mote (250),250,50,,False
Riven,MIDDLE,empty,1200,,Umbral Glaive,1036 Long Sword (350) -> 1036 Long Sword (350) -> 1036 Long Sword (350),1050,150,,False
Riven,MIDDLE,empty,unknown,,Umbral Glaive,,0,,,False
Riven,MIDDLE,components,0,3134 | 3133,Umbral Glaive,,0,0,,False
Riven,MIDDLE,components,749,3134 | 3133,Umbral Glaive,,0,749,,False
Riven,MIDDLE,components,750,3134 | 3133,Umbral Glaive,3179 Umbral Glaive (750),750,0,,False
Riven,MIDDLE,owned_first,1000,3179,Endless Hunger,1037 Pickaxe (875),875,125,,False
Riven,MIDDLE,full_slots,750,3134 | 3133 | 900001 | 900002 | 900003 | 900004,Umbral Glaive,3179 Umbral Glaive (750),750,0,,False
Riven,MIDDLE,enemy_armor,1200,3134,Umbral Glaive,3133 Caulfield's Warhammer (1050),1050,150,,False
Riven,MIDDLE,enemy_magic,1200,3134,Umbral Glaive,3133 Caulfield's Warhammer (1050),1050,150,,False
Riven,MIDDLE,isolated_completion,750,3134 | 3133,Umbral Glaive,3179 Umbral Glaive (750),,,,False
Riven,BOTTOM,empty,0,,Axiom Arc,,0,0,,False
Riven,BOTTOM,empty,300,,Axiom Arc,2022 Glowing Mote (250),250,50,,False
Riven,BOTTOM,empty,1200,,Axiom Arc,1037 Pickaxe (875) -> 2022 Glowing Mote (250),1125,75,,False
Riven,BOTTOM,empty,unknown,,Axiom Arc,,0,,,False
Riven,BOTTOM,components,0,2020 | 3133,Axiom Arc,,0,0,,False
Riven,BOTTOM,components,362,2020 | 3133,Axiom Arc,,0,362,,False
Riven,BOTTOM,components,363,2020 | 3133,Axiom Arc,6696 Axiom Arc (363),363,0,,False
Riven,BOTTOM,owned_first,1000,6696,Endless Hunger,1037 Pickaxe (875),875,125,,False
Riven,BOTTOM,full_slots,363,2020 | 3133 | 900001 | 900002 | 900003 | 900004,Axiom Arc,6696 Axiom Arc (363),363,0,,False
Riven,BOTTOM,enemy_armor,1200,2020,Axiom Arc,3133 Caulfield's Warhammer (1050),1050,150,,False
Riven,BOTTOM,enemy_magic,1200,2020,Axiom Arc,3133 Caulfield's Warhammer (1050),1050,150,,False
Riven,BOTTOM,isolated_completion,363,2020 | 3133,Axiom Arc,6696 Axiom Arc (363),,,,False
Riven,UTILITY,empty,0,,Umbral Glaive,,0,0,,False
Riven,UTILITY,empty,300,,Umbral Glaive,2022 Glowing Mote (250),250,50,,False
Riven,UTILITY,empty,1200,,Umbral Glaive,1036 Long Sword (350) -> 1036 Long Sword (350) -> 1036 Long Sword (350),1050,150,,False
Riven,UTILITY,empty,unknown,,Umbral Glaive,,0,,,False
Riven,UTILITY,components,0,3134 | 3133,Umbral Glaive,,0,0,,False
Riven,UTILITY,components,749,3134 | 3133,Umbral Glaive,,0,749,,False
Riven,UTILITY,components,750,3134 | 3133,Umbral Glaive,3179 Umbral Glaive (750),750,0,,False
Riven,UTILITY,owned_first,1000,3179,Death's Dance,1037 Pickaxe (875),875,125,,False
Riven,UTILITY,full_slots,750,3134 | 3133 | 900001 | 900002 | 900003 | 900004,Umbral Glaive,3179 Umbral Glaive (750),750,0,,False
Riven,UTILITY,enemy_armor,1200,3134,Umbral Glaive,3133 Caulfield's Warhammer (1050),1050,150,,False
Riven,UTILITY,enemy_magic,1200,3134,Umbral Glaive,3133 Caulfield's Warhammer (1050),1050,150,,False
Riven,UTILITY,isolated_completion,750,3134 | 3133,Umbral Glaive,3179 Umbral Glaive (750),,,,False
Rumble,TOP,empty,0,,Liandry's Torment,,0,0,,False
Rumble,TOP,empty,300,,Liandry's Torment,,0,300,,False
Rumble,TOP,empty,1200,,Liandry's Torment,1052 Amplifying Tome (400) -> 1052 Amplifying Tome (400) -> 1028 Ruby Crystal (400),1200,0,,False
Rumble,TOP,empty,unknown,,Liandry's Torment,,0,,,False
Rumble,TOP,components,0,3147 | 2508,Liandry's Torment,,0,0,,False
Rumble,TOP,components,799,3147 | 2508,Liandry's Torment,1052 Amplifying Tome (400),400,399,,False
Rumble,TOP,components,800,3147 | 2508,Liandry's Torment,6653 Liandry's Torment (800),800,0,,False
Rumble,TOP,owned_first,1000,6653,Bloodletter's Curse,3108 Fiendish Codex (850),850,150,,False
Rumble,TOP,full_slots,800,3147 | 2508 | 900001 | 900002 | 900003 | 900004,Liandry's Torment,6653 Liandry's Torment (800),800,0,,False
Rumble,TOP,enemy_armor,1200,3147,Liandry's Torment,2508 Fated Ashes (900),900,300,,False
Rumble,TOP,enemy_magic,1200,3147,Liandry's Torment,2508 Fated Ashes (900),900,300,,False
Rumble,TOP,isolated_completion,800,3147 | 2508,Liandry's Torment,6653 Liandry's Torment (800),,,,False
Rumble,JUNGLE,empty,0,,Liandry's Torment,,0,0,,False
Rumble,JUNGLE,empty,300,,Liandry's Torment,,0,300,,False
Rumble,JUNGLE,empty,1200,,Liandry's Torment,1052 Amplifying Tome (400) -> 1052 Amplifying Tome (400) -> 1028 Ruby Crystal (400),1200,0,,False
Rumble,JUNGLE,empty,unknown,,Liandry's Torment,,0,,,False
Rumble,JUNGLE,components,0,3147 | 2508,Liandry's Torment,,0,0,,False
Rumble,JUNGLE,components,799,3147 | 2508,Liandry's Torment,1052 Amplifying Tome (400),400,399,,False
Rumble,JUNGLE,components,800,3147 | 2508,Liandry's Torment,6653 Liandry's Torment (800),800,0,,False
Rumble,JUNGLE,owned_first,1000,6653,Bloodletter's Curse,3108 Fiendish Codex (850),850,150,,False
Rumble,JUNGLE,full_slots,800,3147 | 2508 | 900001 | 900002 | 900003 | 900004,Liandry's Torment,6653 Liandry's Torment (800),800,0,,False
Rumble,JUNGLE,enemy_armor,1200,3147,Liandry's Torment,2508 Fated Ashes (900),900,300,,False
Rumble,JUNGLE,enemy_magic,1200,3147,Liandry's Torment,2508 Fated Ashes (900),900,300,,False
Rumble,JUNGLE,isolated_completion,800,3147 | 2508,Liandry's Torment,6653 Liandry's Torment (800),,,,False
Rumble,MIDDLE,empty,0,,Hextech Rocketbelt,,0,0,,False
Rumble,MIDDLE,empty,300,,Hextech Rocketbelt,2022 Glowing Mote (250),250,50,,False
Rumble,MIDDLE,empty,1200,,Hextech Rocketbelt,3067 Kindlegem (800) -> 1052 Amplifying Tome (400),1200,0,,False
Rumble,MIDDLE,empty,unknown,,Hextech Rocketbelt,,0,,,False
Rumble,MIDDLE,components,0,3145 | 3067 | 1028,Hextech Rocketbelt,,0,0,,False
Rumble,MIDDLE,components,349,3145 | 3067 | 1028,Hextech Rocketbelt,,0,349,,False
Rumble,MIDDLE,components,350,3145 | 3067 | 1028,Hextech Rocketbelt,3152 Hextech Rocketbelt (350),350,0,,False
Rumble,MIDDLE,owned_first,1000,3152,Liandry's Torment,1052 Amplifying Tome (400) -> 1052 Amplifying Tome (400),800,200,,False
Rumble,MIDDLE,full_slots,350,3145 | 3067 | 1028 | 900001 | 900002 | 900003,Hextech Rocketbelt,3152 Hextech Rocketbelt (350),350,0,,False
Rumble,MIDDLE,enemy_armor,1200,3145,Hextech Rocketbelt,3067 Kindlegem (800) -> 1028 Ruby Crystal (400),1200,0,,False
Rumble,MIDDLE,enemy_magic,1200,3145,Hextech Rocketbelt,3067 Kindlegem (800) -> 1028 Ruby Crystal (400),1200,0,,False
Rumble,MIDDLE,isolated_completion,350,3145 | 3067 | 1028,Hextech Rocketbelt,3152 Hextech Rocketbelt (350),,,,False
Rumble,BOTTOM,empty,0,,Malignance,,0,0,,False
Rumble,BOTTOM,empty,300,,Malignance,2022 Glowing Mote (250),250,50,,False
Rumble,BOTTOM,empty,1200,,Malignance,3802 Lost Chapter (1200),1200,0,,False
Rumble,BOTTOM,empty,unknown,,Malignance,,0,,,False
Rumble,BOTTOM,components,0,3802 | 1026,Malignance,,0,0,,False
Rumble,BOTTOM,components,649,3802 | 1026,Malignance,,0,649,,False
Rumble,BOTTOM,components,650,3802 | 1026,Malignance,3118 Malignance (650),650,0,,False
Rumble,BOTTOM,owned_first,1000,3118,Hextech Rocketbelt,3067 Kindlegem (800),800,200,,False
Rumble,BOTTOM,full_slots,650,3802 | 1026 | 900001 | 900002 | 900003 | 900004,Malignance,3118 Malignance (650),650,0,,False
Rumble,BOTTOM,enemy_armor,1200,3802,Malignance,1026 Blasting Wand (850),850,350,,False
Rumble,BOTTOM,enemy_magic,1200,3802,Malignance,1026 Blasting Wand (850),850,350,,False
Rumble,BOTTOM,isolated_completion,650,3802 | 1026,Malignance,3118 Malignance (650),,,,False
Rumble,UTILITY,empty,0,,Malignance,,0,0,,False
Rumble,UTILITY,empty,300,,Malignance,2022 Glowing Mote (250),250,50,,False
Rumble,UTILITY,empty,1200,,Malignance,3802 Lost Chapter (1200),1200,0,,False
Rumble,UTILITY,empty,unknown,,Malignance,,0,,,False
Rumble,UTILITY,components,0,3802 | 1026,Malignance,,0,0,,False
Rumble,UTILITY,components,649,3802 | 1026,Malignance,,0,649,,False
Rumble,UTILITY,components,650,3802 | 1026,Malignance,3118 Malignance (650),650,0,,False
Rumble,UTILITY,owned_first,1000,3118,Hextech Rocketbelt,3067 Kindlegem (800),800,200,,False
Rumble,UTILITY,full_slots,650,3802 | 1026 | 900001 | 900002 | 900003 | 900004,Malignance,3118 Malignance (650),650,0,,False
Rumble,UTILITY,enemy_armor,1200,3802,Malignance,1026 Blasting Wand (850),850,350,,False
Rumble,UTILITY,enemy_magic,1200,3802,Malignance,1026 Blasting Wand (850),850,350,,False
Rumble,UTILITY,isolated_completion,650,3802 | 1026,Malignance,3118 Malignance (650),,,,False
Ryze,TOP,empty,0,,Rod of Ages,,0,0,,False
Ryze,TOP,empty,300,,Rod of Ages,1027 Sapphire Crystal (300),300,0,,False
Ryze,TOP,empty,1200,,Rod of Ages,1026 Blasting Wand (850) -> 1027 Sapphire Crystal (300),1150,50,,False
Ryze,TOP,empty,unknown,,Rod of Ages,,0,,,False
Ryze,TOP,components,0,1026 | 3803,Rod of Ages,,0,0,,False
Ryze,TOP,components,449,1026 | 3803,Rod of Ages,1052 Amplifying Tome (400),400,49,,False
Ryze,TOP,components,450,1026 | 3803,Rod of Ages,6657 Rod of Ages (450),450,0,,False
Ryze,TOP,owned_first,1000,6657,Archangel's Staff,3108 Fiendish Codex (850),850,150,,False
Ryze,TOP,full_slots,450,1026 | 3803 | 900001 | 900002 | 900003 | 900004,Rod of Ages,6657 Rod of Ages (450),450,0,,False
Ryze,TOP,enemy_armor,1200,1026,Rod of Ages,1027 Sapphire Crystal (300) -> 1028 Ruby Crystal (400) -> 1028 Ruby Crystal (400),1100,100,,False
Ryze,TOP,enemy_magic,1200,1026,Rod of Ages,1027 Sapphire Crystal (300) -> 1028 Ruby Crystal (400) -> 1028 Ruby Crystal (400),1100,100,,False
Ryze,TOP,isolated_completion,450,1026 | 3803,Rod of Ages,6657 Rod of Ages (450),,,,False
Ryze,JUNGLE,empty,0,,Malignance,,0,0,,False
Ryze,JUNGLE,empty,300,,Malignance,1027 Sapphire Crystal (300),300,0,,False
Ryze,JUNGLE,empty,1200,,Malignance,3802 Lost Chapter (1200),1200,0,,False
Ryze,JUNGLE,empty,unknown,,Lich Bane,,0,,,False
Ryze,JUNGLE,components,0,3057 | 3113 | 1026,Lich Bane,,0,0,,False
Ryze,JUNGLE,components,249,3057 | 3113 | 1026,Lich Bane,,0,249,,False
Ryze,JUNGLE,components,250,3057 | 3113 | 1026,Lich Bane,3100 Lich Bane (250),250,0,,False
Ryze,JUNGLE,owned_first,1000,3100,Malignance,1026 Blasting Wand (850),850,150,,False
Ryze,JUNGLE,full_slots,250,3057 | 3113 | 1026 | 900001 | 900002 | 900003,Lich Bane,3100 Lich Bane (250),250,0,,False
Ryze,JUNGLE,enemy_armor,1200,3057,Lich Bane,1026 Blasting Wand (850),850,350,,False
Ryze,JUNGLE,enemy_magic,1200,3057,Lich Bane,1026 Blasting Wand (850),850,350,,False
Ryze,JUNGLE,isolated_completion,250,3057 | 3113 | 1026,Lich Bane,3100 Lich Bane (250),,,,False
Ryze,MIDDLE,empty,0,,Rod of Ages,,0,0,,False
Ryze,MIDDLE,empty,300,,Rod of Ages,1027 Sapphire Crystal (300),300,0,,False
Ryze,MIDDLE,empty,1200,,Rod of Ages,1026 Blasting Wand (850) -> 1027 Sapphire Crystal (300),1150,50,,False
Ryze,MIDDLE,empty,unknown,,Rod of Ages,,0,,,False
Ryze,MIDDLE,components,0,1026 | 3803,Rod of Ages,,0,0,,False
Ryze,MIDDLE,components,449,1026 | 3803,Rod of Ages,1052 Amplifying Tome (400),400,49,,False
Ryze,MIDDLE,components,450,1026 | 3803,Rod of Ages,6657 Rod of Ages (450),450,0,,False
Ryze,MIDDLE,owned_first,1000,6657,Archangel's Staff,3108 Fiendish Codex (850),850,150,,False
Ryze,MIDDLE,full_slots,450,1026 | 3803 | 900001 | 900002 | 900003 | 900004,Rod of Ages,6657 Rod of Ages (450),450,0,,False
Ryze,MIDDLE,enemy_armor,1200,1026,Rod of Ages,1027 Sapphire Crystal (300) -> 1028 Ruby Crystal (400) -> 1028 Ruby Crystal (400),1100,100,,False
Ryze,MIDDLE,enemy_magic,1200,1026,Rod of Ages,1027 Sapphire Crystal (300) -> 1028 Ruby Crystal (400) -> 1028 Ruby Crystal (400),1100,100,,False
Ryze,MIDDLE,isolated_completion,450,1026 | 3803,Rod of Ages,6657 Rod of Ages (450),,,,False
Ryze,BOTTOM,empty,0,,Rod of Ages,,0,0,,False
Ryze,BOTTOM,empty,300,,Rod of Ages,1027 Sapphire Crystal (300),300,0,,False
Ryze,BOTTOM,empty,1200,,Rod of Ages,1026 Blasting Wand (850) -> 1027 Sapphire Crystal (300),1150,50,,False
Ryze,BOTTOM,empty,unknown,,Rod of Ages,,0,,,False
Ryze,BOTTOM,components,0,1026 | 3803,Rod of Ages,,0,0,,False
Ryze,BOTTOM,components,449,1026 | 3803,Rod of Ages,1052 Amplifying Tome (400),400,49,,False
Ryze,BOTTOM,components,450,1026 | 3803,Rod of Ages,6657 Rod of Ages (450),450,0,,False
Ryze,BOTTOM,owned_first,1000,6657,Archangel's Staff,3108 Fiendish Codex (850),850,150,,False
Ryze,BOTTOM,full_slots,450,1026 | 3803 | 900001 | 900002 | 900003 | 900004,Rod of Ages,6657 Rod of Ages (450),450,0,,False
Ryze,BOTTOM,enemy_armor,1200,1026,Rod of Ages,1027 Sapphire Crystal (300) -> 1028 Ruby Crystal (400) -> 1028 Ruby Crystal (400),1100,100,,False
Ryze,BOTTOM,enemy_magic,1200,1026,Rod of Ages,1027 Sapphire Crystal (300) -> 1028 Ruby Crystal (400) -> 1028 Ruby Crystal (400),1100,100,,False
Ryze,BOTTOM,isolated_completion,450,1026 | 3803,Rod of Ages,6657 Rod of Ages (450),,,,False
Ryze,UTILITY,empty,0,,Malignance,,0,0,,False
Ryze,UTILITY,empty,300,,Malignance,1027 Sapphire Crystal (300),300,0,,False
Ryze,UTILITY,empty,1200,,Malignance,3802 Lost Chapter (1200),1200,0,,False
Ryze,UTILITY,empty,unknown,,Lich Bane,,0,,,False
Ryze,UTILITY,components,0,3057 | 3113 | 1026,Lich Bane,,0,0,,False
Ryze,UTILITY,components,249,3057 | 3113 | 1026,Lich Bane,,0,249,,False
Ryze,UTILITY,components,250,3057 | 3113 | 1026,Lich Bane,3100 Lich Bane (250),250,0,,False
Ryze,UTILITY,owned_first,1000,3100,Malignance,1026 Blasting Wand (850),850,150,,False
Ryze,UTILITY,full_slots,250,3057 | 3113 | 1026 | 900001 | 900002 | 900003,Lich Bane,3100 Lich Bane (250),250,0,,False
Ryze,UTILITY,enemy_armor,1200,3057,Imperial Mandate,1052 Amplifying Tome (400) -> 1052 Amplifying Tome (400) -> 1052 Amplifying Tome (400),1200,0,,False
Ryze,UTILITY,enemy_magic,1200,3057,Lich Bane,1026 Blasting Wand (850),850,350,,False
Ryze,UTILITY,isolated_completion,250,3057 | 3113 | 1026,Lich Bane,3100 Lich Bane (250),,,,False
Samira,TOP,empty,0,,Essence Reaver,,0,0,,False
Samira,TOP,empty,300,,Essence Reaver,2022 Glowing Mote (250),250,50,,False
Samira,TOP,empty,1200,,Essence Reaver,1018 Cloak of Agility (600) -> 1036 Long Sword (350) -> 2022 Glowing Mote (250),1200,0,,False
Samira,TOP,empty,unknown,,Essence Reaver,,0,,,False
Samira,TOP,components,0,3057 | 3133 | 1018,Essence Reaver,,0,0,,False
Samira,TOP,components,499,3057 | 3133 | 1018,Essence Reaver,,0,499,,False
Samira,TOP,components,500,3057 | 3133 | 1018,Essence Reaver,3508 Essence Reaver (500),500,0,,False
Samira,TOP,owned_first,1000,3508,Infinity Edge,1037 Pickaxe (875),875,125,,False
Samira,TOP,full_slots,500,3057 | 3133 | 1018 | 900001 | 900002 | 900003,Essence Reaver,3508 Essence Reaver (500),500,0,,False
Samira,TOP,enemy_armor,1200,3057,Essence Reaver,1018 Cloak of Agility (600) -> 1036 Long Sword (350) -> 2022 Glowing Mote (250),1200,0,,False
Samira,TOP,enemy_magic,1200,3057,Essence Reaver,1018 Cloak of Agility (600) -> 1036 Long Sword (350) -> 2022 Glowing Mote (250),1200,0,,False
Samira,TOP,isolated_completion,500,3057 | 3133 | 1018,Essence Reaver,3508 Essence Reaver (500),,,,False
Samira,JUNGLE,empty,0,,Essence Reaver,,0,0,,False
Samira,JUNGLE,empty,300,,Essence Reaver,2022 Glowing Mote (250),250,50,,False
Samira,JUNGLE,empty,1200,,Essence Reaver,1018 Cloak of Agility (600) -> 1036 Long Sword (350) -> 2022 Glowing Mote (250),1200,0,,False
Samira,JUNGLE,empty,unknown,,Essence Reaver,,0,,,False
Samira,JUNGLE,components,0,3057 | 3133 | 1018,Essence Reaver,,0,0,,False
Samira,JUNGLE,components,499,3057 | 3133 | 1018,Essence Reaver,,0,499,,False
Samira,JUNGLE,components,500,3057 | 3133 | 1018,Essence Reaver,3508 Essence Reaver (500),500,0,,False
Samira,JUNGLE,owned_first,1000,3508,Infinity Edge,1037 Pickaxe (875),875,125,,False
Samira,JUNGLE,full_slots,500,3057 | 3133 | 1018 | 900001 | 900002 | 900003,Essence Reaver,3508 Essence Reaver (500),500,0,,False
Samira,JUNGLE,enemy_armor,1200,3057,Essence Reaver,1018 Cloak of Agility (600) -> 1036 Long Sword (350) -> 2022 Glowing Mote (250),1200,0,,False
Samira,JUNGLE,enemy_magic,1200,3057,Essence Reaver,1018 Cloak of Agility (600) -> 1036 Long Sword (350) -> 2022 Glowing Mote (250),1200,0,,False
Samira,JUNGLE,isolated_completion,500,3057 | 3133 | 1018,Essence Reaver,3508 Essence Reaver (500),,,,False
Samira,MIDDLE,empty,0,,Essence Reaver,,0,0,,False
Samira,MIDDLE,empty,300,,Essence Reaver,2022 Glowing Mote (250),250,50,,False
Samira,MIDDLE,empty,1200,,Essence Reaver,1018 Cloak of Agility (600) -> 1036 Long Sword (350) -> 2022 Glowing Mote (250),1200,0,,False
Samira,MIDDLE,empty,unknown,,Essence Reaver,,0,,,False
Samira,MIDDLE,components,0,3057 | 3133 | 1018,Essence Reaver,,0,0,,False
Samira,MIDDLE,components,499,3057 | 3133 | 1018,Essence Reaver,,0,499,,False
Samira,MIDDLE,components,500,3057 | 3133 | 1018,Essence Reaver,3508 Essence Reaver (500),500,0,,False
Samira,MIDDLE,owned_first,1000,3508,Infinity Edge,1037 Pickaxe (875),875,125,,False
Samira,MIDDLE,full_slots,500,3057 | 3133 | 1018 | 900001 | 900002 | 900003,Essence Reaver,3508 Essence Reaver (500),500,0,,False
Samira,MIDDLE,enemy_armor,1200,3057,Essence Reaver,1018 Cloak of Agility (600) -> 1036 Long Sword (350) -> 2022 Glowing Mote (250),1200,0,,False
Samira,MIDDLE,enemy_magic,1200,3057,Essence Reaver,1018 Cloak of Agility (600) -> 1036 Long Sword (350) -> 2022 Glowing Mote (250),1200,0,,False
Samira,MIDDLE,isolated_completion,500,3057 | 3133 | 1018,Essence Reaver,3508 Essence Reaver (500),,,,False
Samira,BOTTOM,empty,0,,The Collector,,0,0,,False
Samira,BOTTOM,empty,300,,The Collector,,0,300,,False
Samira,BOTTOM,empty,1200,,The Collector,1018 Cloak of Agility (600) -> 1036 Long Sword (350),950,250,,False
Samira,BOTTOM,empty,unknown,,The Collector,,0,,,False
Samira,BOTTOM,components,0,1037 | 3134 | 1018,The Collector,,0,0,,False
Samira,BOTTOM,components,524,1037 | 3134 | 1018,The Collector,1036 Long Sword (350),350,174,,False
Samira,BOTTOM,components,525,1037 | 3134 | 1018,The Collector,6676 The Collector (525),525,0,,False
Samira,BOTTOM,owned_first,1000,6676,Infinity Edge,1037 Pickaxe (875),875,125,,False
Samira,BOTTOM,full_slots,525,1037 | 3134 | 1018 | 900001 | 900002 | 900003,The Collector,6676 The Collector (525),525,0,,False
Samira,BOTTOM,enemy_armor,1200,1037,The Collector,1018 Cloak of Agility (600) -> 1036 Long Sword (350),950,250,,False
Samira,BOTTOM,enemy_magic,1200,1037,The Collector,1018 Cloak of Agility (600) -> 1036 Long Sword (350),950,250,,False
Samira,BOTTOM,isolated_completion,525,1037 | 3134 | 1018,The Collector,6676 The Collector (525),,,,False
Samira,UTILITY,empty,0,,Essence Reaver,,0,0,,False
Samira,UTILITY,empty,300,,Phantom Dancer,1042 Dagger (250),250,50,,False
Samira,UTILITY,empty,1200,,Essence Reaver,1018 Cloak of Agility (600) -> 1036 Long Sword (350) -> 2022 Glowing Mote (250),1200,0,,False
Samira,UTILITY,empty,unknown,,Essence Reaver,,0,,,False
Samira,UTILITY,components,0,3057 | 3133 | 1018,Essence Reaver,,0,0,,False
Samira,UTILITY,components,499,3057 | 3133 | 1018,Essence Reaver,,0,499,,False
Samira,UTILITY,components,500,3057 | 3133 | 1018,Essence Reaver,3508 Essence Reaver (500),500,0,,False
Samira,UTILITY,owned_first,1000,3508,Infinity Edge,1037 Pickaxe (875),875,125,,False
Samira,UTILITY,full_slots,500,3057 | 3133 | 1018 | 900001 | 900002 | 900003,Essence Reaver,3508 Essence Reaver (500),500,0,,False
Samira,UTILITY,enemy_armor,1200,3057,Essence Reaver,1018 Cloak of Agility (600) -> 1036 Long Sword (350) -> 2022 Glowing Mote (250),1200,0,,False
Samira,UTILITY,enemy_magic,1200,3057,Essence Reaver,1018 Cloak of Agility (600) -> 1036 Long Sword (350) -> 2022 Glowing Mote (250),1200,0,,False
Samira,UTILITY,isolated_completion,500,3057 | 3133 | 1018,Essence Reaver,3508 Essence Reaver (500),,,,False
Sejuani,TOP,empty,0,,Dusk and Dawn,,0,0,,False
Sejuani,TOP,empty,300,,Dusk and Dawn,2022 Glowing Mote (250),250,50,,False
Sejuani,TOP,empty,1200,,Dusk and Dawn,3067 Kindlegem (800) -> 2022 Glowing Mote (250),1050,150,,False
Sejuani,TOP,empty,unknown,,Dusk and Dawn,,0,,,False
Sejuani,TOP,components,0,3057 | 1026 | 3067 | 1042,Dusk and Dawn,,0,0,,False
Sejuani,TOP,components,299,3057 | 1026 | 3067 | 1042,Dusk and Dawn,,0,299,,False
Sejuani,TOP,components,300,3057 | 1026 | 3067 | 1042,Dusk and Dawn,2510 Dusk and Dawn (300),300,0,,False
Sejuani,TOP,owned_first,1000,2510,Heartsteel,1011 Giant's Belt (900),900,100,,False
Sejuani,TOP,full_slots,300,3057 | 1026 | 3067 | 1042 | 900001 | 900002,Dusk and Dawn,2510 Dusk and Dawn (300),300,0,,False
Sejuani,TOP,enemy_armor,1200,3057,Dusk and Dawn,3067 Kindlegem (800) -> 1042 Dagger (250),1050,150,,False
Sejuani,TOP,enemy_magic,1200,3057,Dusk and Dawn,3067 Kindlegem (800) -> 1033 Null-Magic Mantle (400),1200,0,,False
Sejuani,TOP,isolated_completion,300,3057 | 1026 | 3067 | 1042,Dusk and Dawn,2510 Dusk and Dawn (300),,,,False
Sejuani,JUNGLE,empty,0,,Zeke's Convergence,,0,0,,False
Sejuani,JUNGLE,empty,300,,Zeke's Convergence,2022 Glowing Mote (250),250,50,,False
Sejuani,JUNGLE,empty,1200,,Zeke's Convergence,3067 Kindlegem (800) -> 1028 Ruby Crystal (400),1200,0,,False
Sejuani,JUNGLE,empty,unknown,,Heartsteel,,0,,,False
Sejuani,JUNGLE,components,0,1011 | 3801 | 1011,Heartsteel,,0,0,,False
Sejuani,JUNGLE,components,399,1011 | 3801 | 1011,Heartsteel,,0,399,,False
Sejuani,JUNGLE,components,400,1011 | 3801 | 1011,Heartsteel,3084 Heartsteel (400),400,0,,False
Sejuani,JUNGLE,owned_first,1000,3084,Unending Despair,3067 Kindlegem (800),800,200,,False
Sejuani,JUNGLE,full_slots,400,1011 | 3801 | 1011 | 900001 | 900002 | 900003,Heartsteel,3084 Heartsteel (400),400,0,,False
Sejuani,JUNGLE,enemy_armor,1200,1011,Zeke's Convergence,3067 Kindlegem (800) -> 1029 Cloth Armor (300),1100,100,,False
Sejuani,JUNGLE,enemy_magic,1200,1011,Zeke's Convergence,3067 Kindlegem (800) -> 1033 Null-Magic Mantle (400),1200,0,,False
Sejuani,JUNGLE,isolated_completion,400,1011 | 3801 | 1011,Heartsteel,3084 Heartsteel (400),,,,False
Sejuani,MIDDLE,empty,0,,Dusk and Dawn,,0,0,,False
Sejuani,MIDDLE,empty,300,,Dusk and Dawn,2022 Glowing Mote (250),250,50,,False
Sejuani,MIDDLE,empty,1200,,Dusk and Dawn,3067 Kindlegem (800) -> 2022 Glowing Mote (250),1050,150,,False
Sejuani,MIDDLE,empty,unknown,,Dusk and Dawn,,0,,,False
Sejuani,MIDDLE,components,0,3057 | 1026 | 3067 | 1042,Dusk and Dawn,,0,0,,False
Sejuani,MIDDLE,components,299,3057 | 1026 | 3067 | 1042,Dusk and Dawn,,0,299,,False
Sejuani,MIDDLE,components,300,3057 | 1026 | 3067 | 1042,Dusk and Dawn,2510 Dusk and Dawn (300),300,0,,False
Sejuani,MIDDLE,owned_first,1000,2510,Abyssal Mask,3067 Kindlegem (800),800,200,,False
Sejuani,MIDDLE,full_slots,300,3057 | 1026 | 3067 | 1042 | 900001 | 900002,Dusk and Dawn,2510 Dusk and Dawn (300),300,0,,False
Sejuani,MIDDLE,enemy_armor,1200,3057,Dusk and Dawn,3067 Kindlegem (800) -> 1042 Dagger (250),1050,150,,False
Sejuani,MIDDLE,enemy_magic,1200,3057,Dusk and Dawn,3067 Kindlegem (800) -> 1033 Null-Magic Mantle (400),1200,0,,False
Sejuani,MIDDLE,isolated_completion,300,3057 | 1026 | 3067 | 1042,Dusk and Dawn,2510 Dusk and Dawn (300),,,,False
Sejuani,BOTTOM,empty,0,,Winter's Approach,,0,0,,False
Sejuani,BOTTOM,empty,300,,Winter's Approach,2022 Glowing Mote (250),250,50,,False
Sejuani,BOTTOM,empty,1200,,Winter's Approach,3067 Kindlegem (800) -> 1028 Ruby Crystal (400),1200,0,,False
Sejuani,BOTTOM,empty,unknown,,Malignance,,0,,,False
Sejuani,BOTTOM,components,0,3802 | 1026,Malignance,,0,0,,False
Sejuani,BOTTOM,components,649,3802 | 1026,Malignance,,0,649,,False
Sejuani,BOTTOM,components,650,3802 | 1026,Malignance,3118 Malignance (650),650,0,,False
Sejuani,BOTTOM,owned_first,1000,3118,Hextech Rocketbelt,3067 Kindlegem (800),800,200,,False
Sejuani,BOTTOM,full_slots,650,3802 | 1026 | 900001 | 900002 | 900003 | 900004,Malignance,3118 Malignance (650),650,0,,False
Sejuani,BOTTOM,enemy_armor,1200,3802,Malignance,1026 Blasting Wand (850),850,350,,False
Sejuani,BOTTOM,enemy_magic,1200,3802,Kaenic Rookern,1033 Null-Magic Mantle (400) -> 1033 Null-Magic Mantle (400) -> 1028 Ruby Crystal (400),1200,0,,False
Sejuani,BOTTOM,isolated_completion,650,3802 | 1026,Malignance,3118 Malignance (650),,,,False
Sejuani,UTILITY,empty,0,,Protoplasm Harness,,0,0,,False
Sejuani,UTILITY,empty,300,,Protoplasm Harness,2022 Glowing Mote (250),250,50,,False
Sejuani,UTILITY,empty,1200,,Protoplasm Harness,3067 Kindlegem (800) -> 1028 Ruby Crystal (400),1200,0,,False
Sejuani,UTILITY,empty,unknown,,Protoplasm Harness,,0,,,False
Sejuani,UTILITY,components,0,3067 | 1011,Protoplasm Harness,,0,0,,False
Sejuani,UTILITY,components,899,3067 | 1011,Protoplasm Harness,,0,899,,False
Sejuani,UTILITY,components,900,3067 | 1011,Protoplasm Harness,2525 Protoplasm Harness (900),900,0,,False
Sejuani,UTILITY,owned_first,1000,2525,Locket of the Iron Solari,3067 Kindlegem (800),800,200,,False
Sejuani,UTILITY,full_slots,900,3067 | 1011 | 900001 | 900002 | 900003 | 900004,Protoplasm Harness,2525 Protoplasm Harness (900),900,0,,False
Sejuani,UTILITY,enemy_armor,1200,3067,Protoplasm Harness,1011 Giant's Belt (900),900,300,,False
Sejuani,UTILITY,enemy_magic,1200,3067,Protoplasm Harness,1011 Giant's Belt (900),900,300,,False
Sejuani,UTILITY,isolated_completion,900,3067 | 1011,Protoplasm Harness,2525 Protoplasm Harness (900),,,,False
Senna,TOP,empty,0,,Essence Reaver,,0,0,,False
Senna,TOP,empty,300,,Essence Reaver,2022 Glowing Mote (250),250,50,,False
Senna,TOP,empty,1200,,Essence Reaver,3133 Caulfield's Warhammer (1050),1050,150,,False
Senna,TOP,empty,unknown,,Essence Reaver,,0,,,False
Senna,TOP,components,0,3057 | 3133 | 1018,Essence Reaver,,0,0,,False
Senna,TOP,components,499,3057 | 3133 | 1018,Essence Reaver,,0,499,,False
Senna,TOP,components,500,3057 | 3133 | 1018,Essence Reaver,3508 Essence Reaver (500),500,0,,False
Senna,TOP,owned_first,1000,3508,Dawncore,3114 Forbidden Idol (600) -> 1004 Faerie Charm (200),800,200,,False
Senna,TOP,full_slots,500,3057 | 3133 | 1018 | 900001 | 900002 | 900003,Essence Reaver,3508 Essence Reaver (500),500,0,,False
Senna,TOP,enemy_armor,1200,3057,Essence Reaver,3133 Caulfield's Warhammer (1050),1050,150,,False
Senna,TOP,enemy_magic,1200,3057,Essence Reaver,3133 Caulfield's Warhammer (1050),1050,150,,False
Senna,TOP,isolated_completion,500,3057 | 3133 | 1018,Essence Reaver,3508 Essence Reaver (500),,,,False
Senna,JUNGLE,empty,0,,Essence Reaver,,0,0,,False
Senna,JUNGLE,empty,300,,Essence Reaver,2022 Glowing Mote (250),250,50,,False
Senna,JUNGLE,empty,1200,,Essence Reaver,3133 Caulfield's Warhammer (1050),1050,150,,False
Senna,JUNGLE,empty,unknown,,Essence Reaver,,0,,,False
Senna,JUNGLE,components,0,3057 | 3133 | 1018,Essence Reaver,,0,0,,False
Senna,JUNGLE,components,499,3057 | 3133 | 1018,Essence Reaver,,0,499,,False
Senna,JUNGLE,components,500,3057 | 3133 | 1018,Essence Reaver,3508 Essence Reaver (500),500,0,,False
Senna,JUNGLE,owned_first,1000,3508,Dawncore,3114 Forbidden Idol (600) -> 1004 Faerie Charm (200),800,200,,False
Senna,JUNGLE,full_slots,500,3057 | 3133 | 1018 | 900001 | 900002 | 900003,Essence Reaver,3508 Essence Reaver (500),500,0,,False
Senna,JUNGLE,enemy_armor,1200,3057,Essence Reaver,3133 Caulfield's Warhammer (1050),1050,150,,False
Senna,JUNGLE,enemy_magic,1200,3057,Essence Reaver,3133 Caulfield's Warhammer (1050),1050,150,,False
Senna,JUNGLE,isolated_completion,500,3057 | 3133 | 1018,Essence Reaver,3508 Essence Reaver (500),,,,False
Senna,MIDDLE,empty,0,,Essence Reaver,,0,0,,False
Senna,MIDDLE,empty,300,,Essence Reaver,2022 Glowing Mote (250),250,50,,False
Senna,MIDDLE,empty,1200,,Essence Reaver,3133 Caulfield's Warhammer (1050),1050,150,,False
Senna,MIDDLE,empty,unknown,,Essence Reaver,,0,,,False
Senna,MIDDLE,components,0,3057 | 3133 | 1018,Essence Reaver,,0,0,,False
Senna,MIDDLE,components,499,3057 | 3133 | 1018,Essence Reaver,,0,499,,False
Senna,MIDDLE,components,500,3057 | 3133 | 1018,Essence Reaver,3508 Essence Reaver (500),500,0,,False
Senna,MIDDLE,owned_first,1000,3508,Dawncore,3114 Forbidden Idol (600) -> 1004 Faerie Charm (200),800,200,,False
Senna,MIDDLE,full_slots,500,3057 | 3133 | 1018 | 900001 | 900002 | 900003,Essence Reaver,3508 Essence Reaver (500),500,0,,False
Senna,MIDDLE,enemy_armor,1200,3057,Essence Reaver,3133 Caulfield's Warhammer (1050),1050,150,,False
Senna,MIDDLE,enemy_magic,1200,3057,Essence Reaver,3133 Caulfield's Warhammer (1050),1050,150,,False
Senna,MIDDLE,isolated_completion,500,3057 | 3133 | 1018,Essence Reaver,3508 Essence Reaver (500),,,,False
Senna,BOTTOM,empty,0,,Statikk Shiv,,0,0,,False
Senna,BOTTOM,empty,300,,Statikk Shiv,1042 Dagger (250),250,50,,False
Senna,BOTTOM,empty,1200,,Statikk Shiv,1037 Pickaxe (875) -> 1042 Dagger (250),1125,75,,False
Senna,BOTTOM,empty,unknown,,Statikk Shiv,,0,,,False
Senna,BOTTOM,components,0,3144 | 3113 | 1037,Statikk Shiv,,0,0,,False
Senna,BOTTOM,components,624,3144 | 3113 | 1037,Statikk Shiv,,0,624,,False
Senna,BOTTOM,components,625,3144 | 3113 | 1037,Statikk Shiv,3087 Statikk Shiv (625),625,0,,False
Senna,BOTTOM,owned_first,1000,3087,Black Cleaver,1037 Pickaxe (875),875,125,,False
Senna,BOTTOM,full_slots,625,3144 | 3113 | 1037 | 900001 | 900002 | 900003,Statikk Shiv,3087 Statikk Shiv (625),625,0,,False
Senna,BOTTOM,enemy_armor,1200,3144,Statikk Shiv,1037 Pickaxe (875),875,325,,False
Senna,BOTTOM,enemy_magic,1200,3144,Statikk Shiv,1037 Pickaxe (875),875,325,,False
Senna,BOTTOM,isolated_completion,625,3144 | 3113 | 1037,Statikk Shiv,3087 Statikk Shiv (625),,,,False
Senna,UTILITY,empty,0,,Black Cleaver,,0,0,,False
Senna,UTILITY,empty,300,,Black Cleaver,2022 Glowing Mote (250),250,50,,False
Senna,UTILITY,empty,1200,,Black Cleaver,1037 Pickaxe (875) -> 2022 Glowing Mote (250),1125,75,,False
Senna,UTILITY,empty,unknown,,Black Cleaver,,0,,,False
Senna,UTILITY,components,0,3044 | 3067 | 1037,Black Cleaver,,0,0,,False
Senna,UTILITY,components,224,3044 | 3067 | 1037,Black Cleaver,,0,224,,False
Senna,UTILITY,components,225,3044 | 3067 | 1037,Black Cleaver,3071 Black Cleaver (225),225,0,,False
Senna,UTILITY,owned_first,1000,3071,Statikk Shiv,1037 Pickaxe (875),875,125,,False
Senna,UTILITY,full_slots,225,3044 | 3067 | 1037 | 900001 | 900002 | 900003,Black Cleaver,3071 Black Cleaver (225),225,0,,False
Senna,UTILITY,enemy_armor,1200,3044,Black Cleaver,1037 Pickaxe (875) -> 2022 Glowing Mote (250),1125,75,,False
Senna,UTILITY,enemy_magic,1200,3044,Black Cleaver,1037 Pickaxe (875) -> 2022 Glowing Mote (250),1125,75,,False
Senna,UTILITY,isolated_completion,225,3044 | 3067 | 1037,Black Cleaver,3071 Black Cleaver (225),,,,False
Seraphine,TOP,empty,0,,Imperial Mandate,,0,0,,False
Seraphine,TOP,empty,300,,Imperial Mandate,2022 Glowing Mote (250),250,50,,False
Seraphine,TOP,empty,1200,,Imperial Mandate,1052 Amplifying Tome (400) -> 1052 Amplifying Tome (400) -> 1052 Amplifying Tome (400),1200,0,,False
Seraphine,TOP,empty,unknown,,Imperial Mandate,,0,,,False
Seraphine,TOP,components,0,1052 | 4642 | 1052,Imperial Mandate,,0,0,,False
Seraphine,TOP,components,699,1052 | 4642 | 1052,Imperial Mandate,2022 Glowing Mote (250) -> 1027 Sapphire Crystal (300),550,149,,False
Seraphine,TOP,components,700,1052 | 4642 | 1052,Imperial Mandate,2022 Glowing Mote (250) -> 1027 Sapphire Crystal (300),550,150,,False
Seraphine,TOP,owned_first,1000,4005,Malignance,1026 Blasting Wand (850),850,150,,False
Seraphine,TOP,full_slots,700,1052 | 4642 | 1052 | 900001 | 900002 | 900003,Imperial Mandate,4005 Imperial Mandate (700),700,0,,False
Seraphine,TOP,enemy_armor,1200,1052,Imperial Mandate,1052 Amplifying Tome (400) -> 1052 Amplifying Tome (400) -> 2022 Glowing Mote (250),1050,150,,False
Seraphine,TOP,enemy_magic,1200,1052,Imperial Mandate,4642 Bandleglass Mirror (500) -> 1052 Amplifying Tome (400) -> 2022 Glowing Mote (250),1150,50,,False
Seraphine,TOP,isolated_completion,700,1052 | 4642 | 1052,Imperial Mandate,4005 Imperial Mandate (700),,,,False
Seraphine,JUNGLE,empty,0,,Malignance,,0,0,,False
Seraphine,JUNGLE,empty,300,,Malignance,1027 Sapphire Crystal (300),300,0,,False
Seraphine,JUNGLE,empty,1200,,Malignance,3802 Lost Chapter (1200),1200,0,,False
Seraphine,JUNGLE,empty,unknown,,Malignance,,0,,,False
Seraphine,JUNGLE,components,0,3802 | 1026,Malignance,,0,0,,False
Seraphine,JUNGLE,components,649,3802 | 1026,Malignance,,0,649,,False
Seraphine,JUNGLE,components,650,3802 | 1026,Malignance,3118 Malignance (650),650,0,,False
Seraphine,JUNGLE,owned_first,1000,3118,Lich Bane,1026 Blasting Wand (850),850,150,,False
Seraphine,JUNGLE,full_slots,650,3802 | 1026 | 900001 | 900002 | 900003 | 900004,Malignance,3118 Malignance (650),650,0,,False
Seraphine,JUNGLE,enemy_armor,1200,3802,Malignance,1026 Blasting Wand (850),850,350,,False
Seraphine,JUNGLE,enemy_magic,1200,3802,Malignance,1026 Blasting Wand (850),850,350,,False
Seraphine,JUNGLE,isolated_completion,650,3802 | 1026,Malignance,3118 Malignance (650),,,,False
Seraphine,MIDDLE,empty,0,,Blackfire Torch,,0,0,,False
Seraphine,MIDDLE,empty,300,,Blackfire Torch,1027 Sapphire Crystal (300),300,0,,False
Seraphine,MIDDLE,empty,1200,,Blackfire Torch,3802 Lost Chapter (1200),1200,0,,False
Seraphine,MIDDLE,empty,unknown,,Blackfire Torch,,0,,,False
Seraphine,MIDDLE,components,0,3802 | 2508,Blackfire Torch,,0,0,,False
Seraphine,MIDDLE,components,699,3802 | 2508,Blackfire Torch,,0,699,,False
Seraphine,MIDDLE,components,700,3802 | 2508,Blackfire Torch,2503 Blackfire Torch (700),700,0,,False
Seraphine,MIDDLE,owned_first,1000,2503,Rylai's Crystal Scepter,1026 Blasting Wand (850),850,150,,False
Seraphine,MIDDLE,full_slots,700,3802 | 2508 | 900001 | 900002 | 900003 | 900004,Blackfire Torch,2503 Blackfire Torch (700),700,0,,False
Seraphine,MIDDLE,enemy_armor,1200,3802,Blackfire Torch,2508 Fated Ashes (900),900,300,,False
Seraphine,MIDDLE,enemy_magic,1200,3802,Blackfire Torch,2508 Fated Ashes (900),900,300,,False
Seraphine,MIDDLE,isolated_completion,700,3802 | 2508,Blackfire Torch,2503 Blackfire Torch (700),,,,False
Seraphine,BOTTOM,empty,0,,Blackfire Torch,,0,0,,False
Seraphine,BOTTOM,empty,300,,Blackfire Torch,1027 Sapphire Crystal (300),300,0,,False
Seraphine,BOTTOM,empty,1200,,Blackfire Torch,3802 Lost Chapter (1200),1200,0,,False
Seraphine,BOTTOM,empty,unknown,,Blackfire Torch,,0,,,False
Seraphine,BOTTOM,components,0,3802 | 2508,Blackfire Torch,,0,0,,False
Seraphine,BOTTOM,components,699,3802 | 2508,Blackfire Torch,,0,699,,False
Seraphine,BOTTOM,components,700,3802 | 2508,Blackfire Torch,2503 Blackfire Torch (700),700,0,,False
Seraphine,BOTTOM,owned_first,1000,2503,Rylai's Crystal Scepter,1026 Blasting Wand (850),850,150,,False
Seraphine,BOTTOM,full_slots,700,3802 | 2508 | 900001 | 900002 | 900003 | 900004,Blackfire Torch,2503 Blackfire Torch (700),700,0,,False
Seraphine,BOTTOM,enemy_armor,1200,3802,Blackfire Torch,2508 Fated Ashes (900),900,300,,False
Seraphine,BOTTOM,enemy_magic,1200,3802,Blackfire Torch,2508 Fated Ashes (900),900,300,,False
Seraphine,BOTTOM,isolated_completion,700,3802 | 2508,Blackfire Torch,2503 Blackfire Torch (700),,,,False
Seraphine,UTILITY,empty,0,,Echoes of Helia,,0,0,,False
Seraphine,UTILITY,empty,300,,Echoes of Helia,2022 Glowing Mote (250),250,50,,False
Seraphine,UTILITY,empty,1200,,Echoes of Helia,4642 Bandleglass Mirror (900) -> 2022 Glowing Mote (250),1150,50,,False
Seraphine,UTILITY,empty,unknown,,Echoes of Helia,,0,,,False
Seraphine,UTILITY,components,0,3067 | 4642,Echoes of Helia,,0,0,,False
Seraphine,UTILITY,components,499,3067 | 4642,Echoes of Helia,1052 Amplifying Tome (400),400,99,,False
Seraphine,UTILITY,components,500,3067 | 4642,Echoes of Helia,6620 Echoes of Helia (500),500,0,,False
Seraphine,UTILITY,owned_first,1000,6620,Whispering Circlet,1052 Amplifying Tome (400) -> 1052 Amplifying Tome (400) -> 1004 Faerie Charm (200),1000,0,,False
Seraphine,UTILITY,full_slots,500,3067 | 4642 | 900001 | 900002 | 900003 | 900004,Echoes of Helia,6620 Echoes of Helia (500),500,0,,False
Seraphine,UTILITY,enemy_armor,1200,3067,Echoes of Helia,4642 Bandleglass Mirror (900),900,300,,False
Seraphine,UTILITY,enemy_magic,1200,3067,Echoes of Helia,4642 Bandleglass Mirror (900),900,300,,False
Seraphine,UTILITY,isolated_completion,500,3067 | 4642,Echoes of Helia,6620 Echoes of Helia (500),,,,False
Sett,TOP,empty,0,,Stridebreaker,,0,0,,False
Sett,TOP,empty,300,,Stridebreaker,1042 Dagger (250),250,50,,False
Sett,TOP,empty,1200,,Stridebreaker,1028 Ruby Crystal (400) -> 1036 Long Sword (350) -> 1036 Long Sword (350),1100,100,,False
Sett,TOP,empty,unknown,,Stridebreaker,,0,,,False
Sett,TOP,components,0,3077 | 3044 | 1042,Stridebreaker,,0,0,,False
Sett,TOP,components,749,3077 | 3044 | 1042,Stridebreaker,1028 Ruby Crystal (400),400,349,,False
Sett,TOP,components,750,3077 | 3044 | 1042,Stridebreaker,6631 Stridebreaker (750),750,0,,False
Sett,TOP,owned_first,1000,6631,Black Cleaver,3067 Kindlegem (800),800,200,,False
Sett,TOP,full_slots,750,3077 | 3044 | 1042 | 900001 | 900002 | 900003,Stridebreaker,6631 Stridebreaker (750),750,0,,False
Sett,TOP,enemy_armor,1200,3077,Stridebreaker,3044 Phage (1100),1100,100,,False
Sett,TOP,enemy_magic,1200,3077,Stridebreaker,1028 Ruby Crystal (400) -> 1036 Long Sword (350) -> 1033 Null-Magic Mantle (400),1150,50,,False
Sett,TOP,isolated_completion,750,3077 | 3044 | 1042,Stridebreaker,6631 Stridebreaker (750),,,,False
Sett,JUNGLE,empty,0,,Stridebreaker,,0,0,,False
Sett,JUNGLE,empty,300,,Stridebreaker,1042 Dagger (250),250,50,,False
Sett,JUNGLE,empty,1200,,Stridebreaker,1028 Ruby Crystal (400) -> 1036 Long Sword (350) -> 1036 Long Sword (350),1100,100,,False
Sett,JUNGLE,empty,unknown,,Stridebreaker,,0,,,False
Sett,JUNGLE,components,0,3077 | 3044 | 1042,Stridebreaker,,0,0,,False
Sett,JUNGLE,components,749,3077 | 3044 | 1042,Stridebreaker,1028 Ruby Crystal (400),400,349,,False
Sett,JUNGLE,components,750,3077 | 3044 | 1042,Stridebreaker,6631 Stridebreaker (750),750,0,,False
Sett,JUNGLE,owned_first,1000,6631,Overlord's Bloodmail,1028 Ruby Crystal (400) -> 1028 Ruby Crystal (400),800,200,,False
Sett,JUNGLE,full_slots,750,3077 | 3044 | 1042 | 900001 | 900002 | 900003,Stridebreaker,6631 Stridebreaker (750),750,0,,False
Sett,JUNGLE,enemy_armor,1200,3077,Stridebreaker,3044 Phage (1100),1100,100,,False
Sett,JUNGLE,enemy_magic,1200,3077,Stridebreaker,1028 Ruby Crystal (400) -> 1036 Long Sword (350) -> 1033 Null-Magic Mantle (400),1150,50,,False
Sett,JUNGLE,isolated_completion,750,3077 | 3044 | 1042,Stridebreaker,6631 Stridebreaker (750),,,,False
Sett,MIDDLE,empty,0,,Stridebreaker,,0,0,,False
Sett,MIDDLE,empty,300,,Stridebreaker,1042 Dagger (250),250,50,,False
Sett,MIDDLE,empty,1200,,Stridebreaker,1028 Ruby Crystal (400) -> 1036 Long Sword (350) -> 1036 Long Sword (350),1100,100,,False
Sett,MIDDLE,empty,unknown,,Stridebreaker,,0,,,False
Sett,MIDDLE,components,0,3077 | 3044 | 1042,Stridebreaker,,0,0,,False
Sett,MIDDLE,components,749,3077 | 3044 | 1042,Stridebreaker,1028 Ruby Crystal (400),400,349,,False
Sett,MIDDLE,components,750,3077 | 3044 | 1042,Stridebreaker,6631 Stridebreaker (750),750,0,,False
Sett,MIDDLE,owned_first,1000,6631,Black Cleaver,3067 Kindlegem (800),800,200,,False
Sett,MIDDLE,full_slots,750,3077 | 3044 | 1042 | 900001 | 900002 | 900003,Stridebreaker,6631 Stridebreaker (750),750,0,,False
Sett,MIDDLE,enemy_armor,1200,3077,Stridebreaker,3044 Phage (1100),1100,100,,False
Sett,MIDDLE,enemy_magic,1200,3077,Stridebreaker,1028 Ruby Crystal (400) -> 1036 Long Sword (350) -> 1033 Null-Magic Mantle (400),1150,50,,False
Sett,MIDDLE,isolated_completion,750,3077 | 3044 | 1042,Stridebreaker,6631 Stridebreaker (750),,,,False
Sett,BOTTOM,empty,0,,Stridebreaker,,0,0,,False
Sett,BOTTOM,empty,300,,Stridebreaker,1042 Dagger (250),250,50,,False
Sett,BOTTOM,empty,1200,,Stridebreaker,1028 Ruby Crystal (400) -> 1036 Long Sword (350) -> 1036 Long Sword (350),1100,100,,False
Sett,BOTTOM,empty,unknown,,Stridebreaker,,0,,,False
Sett,BOTTOM,components,0,3077 | 3044 | 1042,Stridebreaker,,0,0,,False
Sett,BOTTOM,components,749,3077 | 3044 | 1042,Stridebreaker,1028 Ruby Crystal (400),400,349,,False
Sett,BOTTOM,components,750,3077 | 3044 | 1042,Stridebreaker,6631 Stridebreaker (750),750,0,,False
Sett,BOTTOM,owned_first,1000,6631,Black Cleaver,3067 Kindlegem (800),800,200,,False
Sett,BOTTOM,full_slots,750,3077 | 3044 | 1042 | 900001 | 900002 | 900003,Stridebreaker,6631 Stridebreaker (750),750,0,,False
Sett,BOTTOM,enemy_armor,1200,3077,Stridebreaker,3044 Phage (1100),1100,100,,False
Sett,BOTTOM,enemy_magic,1200,3077,Stridebreaker,1028 Ruby Crystal (400) -> 1036 Long Sword (350) -> 1033 Null-Magic Mantle (400),1150,50,,False
Sett,BOTTOM,isolated_completion,750,3077 | 3044 | 1042,Stridebreaker,6631 Stridebreaker (750),,,,False
Sett,UTILITY,empty,0,,Dead Man's Plate,,0,0,,False
Sett,UTILITY,empty,300,,Stridebreaker,1042 Dagger (250),250,50,,False
Sett,UTILITY,empty,1200,,Dead Man's Plate,3066 Winged Moonplate (800) -> 1028 Ruby Crystal (400),1200,0,,False
Sett,UTILITY,empty,unknown,,Stridebreaker,,0,,,False
Sett,UTILITY,components,0,3077 | 3044 | 1042,Stridebreaker,,0,0,,False
Sett,UTILITY,components,749,3077 | 3044 | 1042,Stridebreaker,1028 Ruby Crystal (400),400,349,,False
Sett,UTILITY,components,750,3077 | 3044 | 1042,Stridebreaker,6631 Stridebreaker (750),750,0,,False
Sett,UTILITY,owned_first,1000,6631,Overlord's Bloodmail,1028 Ruby Crystal (400) -> 1028 Ruby Crystal (400),800,200,,False
Sett,UTILITY,full_slots,750,3077 | 3044 | 1042 | 900001 | 900002 | 900003,Stridebreaker,6631 Stridebreaker (750),750,0,,False
Sett,UTILITY,enemy_armor,1200,3077,Dead Man's Plate,1031 Chain Vest (800) -> 1028 Ruby Crystal (400),1200,0,,False
Sett,UTILITY,enemy_magic,1200,3077,Stridebreaker,1028 Ruby Crystal (400) -> 1036 Long Sword (350) -> 1033 Null-Magic Mantle (400),1150,50,,False
Sett,UTILITY,isolated_completion,750,3077 | 3044 | 1042,Stridebreaker,6631 Stridebreaker (750),,,,False
Shaco,TOP,empty,0,,Blackfire Torch,,0,0,,False
Shaco,TOP,empty,300,,Blackfire Torch,1027 Sapphire Crystal (300),300,0,,False
Shaco,TOP,empty,1200,,Blackfire Torch,3802 Lost Chapter (1200),1200,0,,False
Shaco,TOP,empty,unknown,,Blackfire Torch,,0,,,False
Shaco,TOP,components,0,3802 | 2508,Blackfire Torch,,0,0,,False
Shaco,TOP,components,699,3802 | 2508,Blackfire Torch,1052 Amplifying Tome (400),400,299,,False
Shaco,TOP,components,700,3802 | 2508,Blackfire Torch,2503 Blackfire Torch (700),700,0,,False
Shaco,TOP,owned_first,1000,2503,Imperial Mandate,1052 Amplifying Tome (400) -> 1052 Amplifying Tome (400),800,200,,False
Shaco,TOP,full_slots,700,3802 | 2508 | 900001 | 900002 | 900003 | 900004,Blackfire Torch,2503 Blackfire Torch (700),700,0,,False
Shaco,TOP,enemy_armor,1200,3802,Blackfire Torch,2508 Fated Ashes (900),900,300,,False
Shaco,TOP,enemy_magic,1200,3802,Blackfire Torch,2508 Fated Ashes (900),900,300,,False
Shaco,TOP,isolated_completion,700,3802 | 2508,Blackfire Torch,2503 Blackfire Torch (700),,,,False
Shaco,JUNGLE,empty,0,,Umbral Glaive,,0,0,,False
Shaco,JUNGLE,empty,300,,Blackfire Torch,1027 Sapphire Crystal (300),300,0,,False
Shaco,JUNGLE,empty,1200,,Blackfire Torch,3802 Lost Chapter (1200),1200,0,,False
Shaco,JUNGLE,empty,unknown,,Blackfire Torch,,0,,,False
Shaco,JUNGLE,components,0,3802 | 2508,Blackfire Torch,,0,0,,False
Shaco,JUNGLE,components,699,3802 | 2508,Blackfire Torch,1052 Amplifying Tome (400),400,299,,False
Shaco,JUNGLE,components,700,3802 | 2508,Blackfire Torch,2503 Blackfire Torch (700),700,0,,False
Shaco,JUNGLE,owned_first,1000,2503,Imperial Mandate,1052 Amplifying Tome (400) -> 1052 Amplifying Tome (400),800,200,,False
Shaco,JUNGLE,full_slots,700,3802 | 2508 | 900001 | 900002 | 900003 | 900004,Blackfire Torch,2503 Blackfire Torch (700),700,0,,False
Shaco,JUNGLE,enemy_armor,1200,3802,Blackfire Torch,2508 Fated Ashes (900),900,300,,False
Shaco,JUNGLE,enemy_magic,1200,3802,Blackfire Torch,2508 Fated Ashes (900),900,300,,False
Shaco,JUNGLE,isolated_completion,700,3802 | 2508,Blackfire Torch,2503 Blackfire Torch (700),,,,False
Shaco,MIDDLE,empty,0,,Blackfire Torch,,0,0,,False
Shaco,MIDDLE,empty,300,,Blackfire Torch,1027 Sapphire Crystal (300),300,0,,False
Shaco,MIDDLE,empty,1200,,Blackfire Torch,3802 Lost Chapter (1200),1200,0,,False
Shaco,MIDDLE,empty,unknown,,Blackfire Torch,,0,,,False
Shaco,MIDDLE,components,0,3802 | 2508,Blackfire Torch,,0,0,,False
Shaco,MIDDLE,components,699,3802 | 2508,Blackfire Torch,1052 Amplifying Tome (400),400,299,,False
Shaco,MIDDLE,components,700,3802 | 2508,Blackfire Torch,2503 Blackfire Torch (700),700,0,,False
Shaco,MIDDLE,owned_first,1000,2503,Imperial Mandate,1052 Amplifying Tome (400) -> 1052 Amplifying Tome (400),800,200,,False
Shaco,MIDDLE,full_slots,700,3802 | 2508 | 900001 | 900002 | 900003 | 900004,Blackfire Torch,2503 Blackfire Torch (700),700,0,,False
Shaco,MIDDLE,enemy_armor,1200,3802,Blackfire Torch,2508 Fated Ashes (900),900,300,,False
Shaco,MIDDLE,enemy_magic,1200,3802,Blackfire Torch,2508 Fated Ashes (900),900,300,,False
Shaco,MIDDLE,isolated_completion,700,3802 | 2508,Blackfire Torch,2503 Blackfire Torch (700),,,,False
Shaco,BOTTOM,empty,0,,Malignance,,0,0,,False
Shaco,BOTTOM,empty,300,,Malignance,1027 Sapphire Crystal (300),300,0,,False
Shaco,BOTTOM,empty,1200,,Malignance,3802 Lost Chapter (1200),1200,0,,False
Shaco,BOTTOM,empty,unknown,,Malignance,,0,,,False
Shaco,BOTTOM,components,0,3802 | 1026,Malignance,,0,0,,False
Shaco,BOTTOM,components,649,3802 | 1026,Malignance,,0,649,,False
Shaco,BOTTOM,components,650,3802 | 1026,Malignance,3118 Malignance (650),650,0,,False
Shaco,BOTTOM,owned_first,1000,3118,Hextech Gunblade,1052 Amplifying Tome (400) -> 1052 Amplifying Tome (400),800,200,,False
Shaco,BOTTOM,full_slots,650,3802 | 1026 | 900001 | 900002 | 900003 | 900004,Malignance,3118 Malignance (650),650,0,,False
Shaco,BOTTOM,enemy_armor,1200,3802,Malignance,1026 Blasting Wand (850),850,350,,False
Shaco,BOTTOM,enemy_magic,1200,3802,Malignance,1026 Blasting Wand (850),850,350,,False
Shaco,BOTTOM,isolated_completion,650,3802 | 1026,Malignance,3118 Malignance (650),,,,False
Shaco,UTILITY,empty,0,,Umbral Glaive,,0,0,,False
Shaco,UTILITY,empty,300,,Umbral Glaive,2022 Glowing Mote (250),250,50,,False
Shaco,UTILITY,empty,1200,,Umbral Glaive,3133 Caulfield's Warhammer (1050),1050,150,,False
Shaco,UTILITY,empty,unknown,,Umbral Glaive,,0,,,False
Shaco,UTILITY,components,0,3134 | 3133,Umbral Glaive,,0,0,,False
Shaco,UTILITY,components,749,3134 | 3133,Umbral Glaive,,0,749,,False
Shaco,UTILITY,components,750,3134 | 3133,Umbral Glaive,3179 Umbral Glaive (750),750,0,,False
Shaco,UTILITY,owned_first,1000,3179,Bastionbreaker,1036 Long Sword (350) -> 1036 Long Sword (350) -> 2022 Glowing Mote (250),950,50,,False
Shaco,UTILITY,full_slots,750,3134 | 3133 | 900001 | 900002 | 900003 | 900004,Umbral Glaive,3179 Umbral Glaive (750),750,0,,False
Shaco,UTILITY,enemy_armor,1200,3134,Umbral Glaive,3133 Caulfield's Warhammer (1050),1050,150,,False
Shaco,UTILITY,enemy_magic,1200,3134,Umbral Glaive,3133 Caulfield's Warhammer (1050),1050,150,,False
Shaco,UTILITY,isolated_completion,750,3134 | 3133,Umbral Glaive,3179 Umbral Glaive (750),,,,False
Shen,TOP,empty,0,,Titanic Hydra,,0,0,,False
Shen,TOP,empty,300,,Titanic Hydra,,0,300,,False
Shen,TOP,empty,1200,,Titanic Hydra,1011 Giant's Belt (900),900,300,,False
Shen,TOP,empty,unknown,,Titanic Hydra,,0,,,False
Shen,TOP,components,0,3077 | 2021 | 1011,Titanic Hydra,,0,0,,False
Shen,TOP,components,49,3077 | 2021 | 1011,Titanic Hydra,,0,49,,False
Shen,TOP,components,50,3077 | 2021 | 1011,Titanic Hydra,3748 Titanic Hydra (50),50,0,,False
Shen,TOP,owned_first,1000,3748,Dusk and Dawn,3067 Kindlegem (800),800,200,,False
Shen,TOP,full_slots,50,3077 | 2021 | 1011 | 900001 | 900002 | 900003,Titanic Hydra,3748 Titanic Hydra (50),50,0,,False
Shen,TOP,enemy_armor,1200,3077,Titanic Hydra,1011 Giant's Belt (900),900,300,,False
Shen,TOP,enemy_magic,1200,3077,Titanic Hydra,1028 Ruby Crystal (400) -> 1028 Ruby Crystal (400) -> 1033 Null-Magic Mantle (400),1200,0,,False
Shen,TOP,isolated_completion,50,3077 | 2021 | 1011,Titanic Hydra,3748 Titanic Hydra (50),,,,False
Shen,JUNGLE,empty,0,,Sunfire Aegis,,0,0,,False
Shen,JUNGLE,empty,300,,Sunfire Aegis,2022 Glowing Mote (250),250,50,,False
Shen,JUNGLE,empty,1200,,Heartsteel,1028 Ruby Crystal (400) -> 1028 Ruby Crystal (400) -> 1028 Ruby Crystal (400),1200,0,,False
Shen,JUNGLE,empty,unknown,,Heartsteel,,0,,,False
Shen,JUNGLE,components,0,1011 | 3801 | 1011,Heartsteel,,0,0,,False
Shen,JUNGLE,components,399,1011 | 3801 | 1011,Heartsteel,,0,399,,False
Shen,JUNGLE,components,400,1011 | 3801 | 1011,Heartsteel,1028 Ruby Crystal (400),400,0,,False
Shen,JUNGLE,owned_first,1000,3084,"Jak'Sho, The Protean",1011 Giant's Belt (900),900,100,,False
Shen,JUNGLE,full_slots,400,1011 | 3801 | 1011 | 900001 | 900002 | 900003,Heartsteel,3084 Heartsteel (400),400,0,,False
Shen,JUNGLE,enemy_armor,1200,1011,Zeke's Convergence,3067 Kindlegem (800) -> 1029 Cloth Armor (300),1100,100,,False
Shen,JUNGLE,enemy_magic,1200,1011,Zeke's Convergence,3067 Kindlegem (800) -> 1033 Null-Magic Mantle (400),1200,0,,False
Shen,JUNGLE,isolated_completion,400,1011 | 3801 | 1011,Heartsteel,3084 Heartsteel (400),,,,False
Shen,MIDDLE,empty,0,,Titanic Hydra,,0,0,,False
Shen,MIDDLE,empty,300,,Hollow Radiance,2022 Glowing Mote (250),250,50,,False
Shen,MIDDLE,empty,1200,,Titanic Hydra,1011 Giant's Belt (900),900,300,,False
Shen,MIDDLE,empty,unknown,,Titanic Hydra,,0,,,False
Shen,MIDDLE,components,0,3077 | 2021 | 1011,Titanic Hydra,,0,0,,False
Shen,MIDDLE,components,49,3077 | 2021 | 1011,Titanic Hydra,,0,49,,False
Shen,MIDDLE,components,50,3077 | 2021 | 1011,Titanic Hydra,3748 Titanic Hydra (50),50,0,,False
Shen,MIDDLE,owned_first,1000,3748,Protoplasm Harness,1011 Giant's Belt (900),900,100,,False
Shen,MIDDLE,full_slots,50,3077 | 2021 | 1011 | 900001 | 900002 | 900003,Titanic Hydra,3748 Titanic Hydra (50),50,0,,False
Shen,MIDDLE,enemy_armor,1200,3077,Titanic Hydra,1011 Giant's Belt (900),900,300,,False
Shen,MIDDLE,enemy_magic,1200,3077,Hollow Radiance,1033 Null-Magic Mantle (400) -> 1028 Ruby Crystal (400) -> 1028 Ruby Crystal (400),1200,0,,False
Shen,MIDDLE,isolated_completion,50,3077 | 2021 | 1011,Titanic Hydra,3748 Titanic Hydra (50),,,,False
Shen,BOTTOM,empty,0,,Titanic Hydra,,0,0,,False
Shen,BOTTOM,empty,300,,Titanic Hydra,,0,300,,False
Shen,BOTTOM,empty,1200,,Titanic Hydra,1011 Giant's Belt (900),900,300,,False
Shen,BOTTOM,empty,unknown,,Titanic Hydra,,0,,,False
Shen,BOTTOM,components,0,3077 | 2021 | 1011,Titanic Hydra,,0,0,,False
Shen,BOTTOM,components,49,3077 | 2021 | 1011,Titanic Hydra,,0,49,,False
Shen,BOTTOM,components,50,3077 | 2021 | 1011,Titanic Hydra,3748 Titanic Hydra (50),50,0,,False
Shen,BOTTOM,owned_first,1000,3748,Dusk and Dawn,3067 Kindlegem (800),800,200,,False
Shen,BOTTOM,full_slots,50,3077 | 2021 | 1011 | 900001 | 900002 | 900003,Titanic Hydra,3748 Titanic Hydra (50),50,0,,False
Shen,BOTTOM,enemy_armor,1200,3077,Titanic Hydra,1011 Giant's Belt (900),900,300,,False
Shen,BOTTOM,enemy_magic,1200,3077,Titanic Hydra,1028 Ruby Crystal (400) -> 1028 Ruby Crystal (400) -> 1033 Null-Magic Mantle (400),1200,0,,False
Shen,BOTTOM,isolated_completion,50,3077 | 2021 | 1011,Titanic Hydra,3748 Titanic Hydra (50),,,,False
Shen,UTILITY,empty,0,,Locket of the Iron Solari,,0,0,,False
Shen,UTILITY,empty,300,,Locket of the Iron Solari,2022 Glowing Mote (250),250,50,,False
Shen,UTILITY,empty,1200,,Locket of the Iron Solari,3067 Kindlegem (800) -> 1028 Ruby Crystal (400),1200,0,,False
Shen,UTILITY,empty,unknown,,Locket of the Iron Solari,,0,,,False
Shen,UTILITY,components,0,3067 | 1029 | 1033,Locket of the Iron Solari,,0,0,,False
Shen,UTILITY,components,699,3067 | 1029 | 1033,Locket of the Iron Solari,1028 Ruby Crystal (400),400,299,,False
Shen,UTILITY,components,700,3067 | 1029 | 1033,Locket of the Iron Solari,1028 Ruby Crystal (400),400,300,,False
Shen,UTILITY,owned_first,1000,3190,Protoplasm Harness,1011 Giant's Belt (900),900,100,,False
Shen,UTILITY,full_slots,700,3067 | 1029 | 1033 | 900001 | 900002 | 900003,Locket of the Iron Solari,3190 Locket of the Iron Solari (700),700,0,,False
Shen,UTILITY,enemy_armor,1200,3067,Locket of the Iron Solari,1029 Cloth Armor (300) -> 1033 Null-Magic Mantle (400) -> 1028 Ruby Crystal (400),1100,100,,False
Shen,UTILITY,enemy_magic,1200,3067,Locket of the Iron Solari,1033 Null-Magic Mantle (400) -> 1033 Null-Magic Mantle (400) -> 1028 Ruby Crystal (400),1200,0,,False
Shen,UTILITY,isolated_completion,700,3067 | 1029 | 1033,Locket of the Iron Solari,3190 Locket of the Iron Solari (700),,,,False
Shyvana,TOP,empty,0,,Dusk and Dawn,,0,0,,False
Shyvana,TOP,empty,300,,Dusk and Dawn,2022 Glowing Mote (250),250,50,,False
Shyvana,TOP,empty,1200,,Dusk and Dawn,3067 Kindlegem (800) -> 2022 Glowing Mote (250),1050,150,,False
Shyvana,TOP,empty,unknown,,Dusk and Dawn,,0,,,False
Shyvana,TOP,components,0,3057 | 1026 | 3067 | 1042,Dusk and Dawn,,0,0,,False
Shyvana,TOP,components,299,3057 | 1026 | 3067 | 1042,Dusk and Dawn,,0,299,,False
Shyvana,TOP,components,300,3057 | 1026 | 3067 | 1042,Dusk and Dawn,2510 Dusk and Dawn (300),300,0,,False
Shyvana,TOP,owned_first,1000,2510,Sterak's Gage,1037 Pickaxe (875),875,125,,False
Shyvana,TOP,full_slots,300,3057 | 1026 | 3067 | 1042 | 900001 | 900002,Dusk and Dawn,2510 Dusk and Dawn (300),300,0,,False
Shyvana,TOP,enemy_armor,1200,3057,Dusk and Dawn,1026 Blasting Wand (850) -> 2022 Glowing Mote (250),1100,100,,False
Shyvana,TOP,enemy_magic,1200,3057,Dusk and Dawn,3067 Kindlegem (800) -> 1033 Null-Magic Mantle (400),1200,0,,False
Shyvana,TOP,isolated_completion,300,3057 | 1026 | 3067 | 1042,Dusk and Dawn,2510 Dusk and Dawn (300),,,,False
Shyvana,JUNGLE,empty,0,,Trinity Force,,0,0,,False
Shyvana,JUNGLE,empty,300,,Trinity Force,2022 Glowing Mote (250),250,50,,False
Shyvana,JUNGLE,empty,1200,,Trinity Force,1028 Ruby Crystal (400) -> 1036 Long Sword (350) -> 1036 Long Sword (350),1100,100,,False
Shyvana,JUNGLE,empty,unknown,,Trinity Force,,0,,,False
Shyvana,JUNGLE,components,0,3057 | 3044 | 3051,Trinity Force,,0,0,,False
Shyvana,JUNGLE,components,132,3057 | 3044 | 3051,Trinity Force,,0,132,,False
Shyvana,JUNGLE,components,133,3057 | 3044 | 3051,Trinity Force,3078 Trinity Force (133),133,0,,False
Shyvana,JUNGLE,owned_first,1000,3078,Spear of Shojin,1037 Pickaxe (875),875,125,,False
Shyvana,JUNGLE,full_slots,133,3057 | 3044 | 3051 | 900001 | 900002 | 900003,Trinity Force,3078 Trinity Force (133),133,0,,False
Shyvana,JUNGLE,enemy_armor,1200,3057,Trinity Force,1028 Ruby Crystal (400) -> 1036 Long Sword (350) -> 1036 Long Sword (350),1100,100,,False
Shyvana,JUNGLE,enemy_magic,1200,3057,Trinity Force,1028 Ruby Crystal (400) -> 1036 Long Sword (350) -> 1036 Long Sword (350),1100,100,,False
Shyvana,JUNGLE,isolated_completion,133,3057 | 3044 | 3051,Trinity Force,3078 Trinity Force (133),,,,False
Shyvana,MIDDLE,empty,0,,Hextech Gunblade,,0,0,,False
Shyvana,MIDDLE,empty,300,,Hextech Gunblade,,0,300,,False
Shyvana,MIDDLE,empty,1200,,Hextech Gunblade,1052 Amplifying Tome (400) -> 1052 Amplifying Tome (400) -> 1052 Amplifying Tome (400),1200,0,,False
Shyvana,MIDDLE,empty,unknown,,Hextech Gunblade,,0,,,False
Shyvana,MIDDLE,components,0,1053 | 3145 | 1052,Hextech Gunblade,,0,0,,False
Shyvana,MIDDLE,components,599,1053 | 3145 | 1052,Hextech Gunblade,,0,599,,False
Shyvana,MIDDLE,components,600,1053 | 3145 | 1052,Hextech Gunblade,3146 Hextech Gunblade (600),600,0,,False
Shyvana,MIDDLE,owned_first,1000,3146,Statikk Shiv,1037 Pickaxe (875),875,125,,False
Shyvana,MIDDLE,full_slots,600,1053 | 3145 | 1052 | 900001 | 900002 | 900003,Hextech Gunblade,3146 Hextech Gunblade (600),600,0,,False
Shyvana,MIDDLE,enemy_armor,1200,1053,Hextech Gunblade,1052 Amplifying Tome (400) -> 1052 Amplifying Tome (400) -> 1052 Amplifying Tome (400),1200,0,,False
Shyvana,MIDDLE,enemy_magic,1200,1053,Spirit Visage,3067 Kindlegem (800) -> 1033 Null-Magic Mantle (400),1200,0,,False
Shyvana,MIDDLE,isolated_completion,600,1053 | 3145 | 1052,Hextech Gunblade,3146 Hextech Gunblade (600),,,,False
Shyvana,BOTTOM,empty,0,,Malignance,,0,0,,False
Shyvana,BOTTOM,empty,300,,Malignance,2022 Glowing Mote (250),250,50,,False
Shyvana,BOTTOM,empty,1200,,Malignance,3802 Lost Chapter (1200),1200,0,,False
Shyvana,BOTTOM,empty,unknown,,Malignance,,0,,,False
Shyvana,BOTTOM,components,0,3802 | 1026,Malignance,,0,0,,False
Shyvana,BOTTOM,components,649,3802 | 1026,Malignance,,0,649,,False
Shyvana,BOTTOM,components,650,3802 | 1026,Malignance,3118 Malignance (650),650,0,,False
Shyvana,BOTTOM,owned_first,1000,3118,Blackfire Torch,2508 Fated Ashes (900),900,100,,False
Shyvana,BOTTOM,full_slots,650,3802 | 1026 | 900001 | 900002 | 900003 | 900004,Malignance,3118 Malignance (650),650,0,,False
Shyvana,BOTTOM,enemy_armor,1200,3802,Malignance,1026 Blasting Wand (850),850,350,,False
Shyvana,BOTTOM,enemy_magic,1200,3802,Malignance,1026 Blasting Wand (850),850,350,,False
Shyvana,BOTTOM,isolated_completion,650,3802 | 1026,Malignance,3118 Malignance (650),,,,False
Shyvana,UTILITY,empty,0,,Horizon Focus,,0,0,,False
Shyvana,UTILITY,empty,300,,Horizon Focus,2022 Glowing Mote (250),250,50,,False
Shyvana,UTILITY,empty,1200,,Horizon Focus,3108 Fiendish Codex (850) -> 2022 Glowing Mote (250),1100,100,,False
Shyvana,UTILITY,empty,unknown,,Horizon Focus,,0,,,False
Shyvana,UTILITY,components,0,3108 | 3108 | 1052,Horizon Focus,,0,0,,False
Shyvana,UTILITY,components,599,3108 | 3108 | 1052,Horizon Focus,,0,599,,False
Shyvana,UTILITY,components,600,3108 | 3108 | 1052,Horizon Focus,4628 Horizon Focus (600),600,0,,False
Shyvana,UTILITY,owned_first,1000,4628,Bandlepipes,3067 Kindlegem (800),800,200,,False
Shyvana,UTILITY,full_slots,600,3108 | 3108 | 1052 | 900001 | 900002 | 900003,Horizon Focus,4628 Horizon Focus (600),600,0,,False
Shyvana,UTILITY,enemy_armor,1200,3108,Horizon Focus,1052 Amplifying Tome (400) -> 1052 Amplifying Tome (400) -> 2022 Glowing Mote (250),1050,150,,False
Shyvana,UTILITY,enemy_magic,1200,3108,Horizon Focus,1052 Amplifying Tome (400) -> 1052 Amplifying Tome (400) -> 2022 Glowing Mote (250),1050,150,,False
Shyvana,UTILITY,isolated_completion,600,3108 | 3108 | 1052,Horizon Focus,4628 Horizon Focus (600),,,,False
Singed,TOP,empty,0,,Liandry's Torment,,0,0,,False
Singed,TOP,empty,300,,Liandry's Torment,,0,300,,False
Singed,TOP,empty,1200,,Liandry's Torment,1028 Ruby Crystal (400) -> 1052 Amplifying Tome (400) -> 1052 Amplifying Tome (400),1200,0,,False
Singed,TOP,empty,unknown,,Liandry's Torment,,0,,,False
Singed,TOP,components,0,3147 | 2508,Liandry's Torment,,0,0,,False
Singed,TOP,components,799,3147 | 2508,Liandry's Torment,1028 Ruby Crystal (400),400,399,,False
Singed,TOP,components,800,3147 | 2508,Liandry's Torment,6653 Liandry's Torment (800),800,0,,False
Singed,TOP,owned_first,1000,6653,Rylai's Crystal Scepter,1011 Giant's Belt (900),900,100,,False
Singed,TOP,full_slots,800,3147 | 2508 | 900001 | 900002 | 900003 | 900004,Liandry's Torment,6653 Liandry's Torment (800),800,0,,False
Singed,TOP,enemy_armor,1200,3147,Liandry's Torment,2508 Fated Ashes (900),900,300,,False
Singed,TOP,enemy_magic,1200,3147,Liandry's Torment,1033 Null-Magic Mantle (400) -> 1052 Amplifying Tome (400) -> 1028 Ruby Crystal (400),1200,0,,False
Singed,TOP,isolated_completion,800,3147 | 2508,Liandry's Torment,6653 Liandry's Torment (800),,,,False
Singed,JUNGLE,empty,0,,Liandry's Torment,,0,0,,False
Singed,JUNGLE,empty,300,,Liandry's Torment,,0,300,,False
Singed,JUNGLE,empty,1200,,Liandry's Torment,1028 Ruby Crystal (400) -> 1052 Amplifying Tome (400) -> 1052 Amplifying Tome (400),1200,0,,False
Singed,JUNGLE,empty,unknown,,Liandry's Torment,,0,,,False
Singed,JUNGLE,components,0,3147 | 2508,Liandry's Torment,,0,0,,False
Singed,JUNGLE,components,799,3147 | 2508,Liandry's Torment,1028 Ruby Crystal (400),400,399,,False
Singed,JUNGLE,components,800,3147 | 2508,Liandry's Torment,6653 Liandry's Torment (800),800,0,,False
Singed,JUNGLE,owned_first,1000,6653,Rylai's Crystal Scepter,1011 Giant's Belt (900),900,100,,False
Singed,JUNGLE,full_slots,800,3147 | 2508 | 900001 | 900002 | 900003 | 900004,Liandry's Torment,6653 Liandry's Torment (800),800,0,,False
Singed,JUNGLE,enemy_armor,1200,3147,Liandry's Torment,2508 Fated Ashes (900),900,300,,False
Singed,JUNGLE,enemy_magic,1200,3147,Liandry's Torment,1033 Null-Magic Mantle (400) -> 1033 Null-Magic Mantle (400) -> 1052 Amplifying Tome (400),1200,0,,False
Singed,JUNGLE,isolated_completion,800,3147 | 2508,Liandry's Torment,6653 Liandry's Torment (800),,,,False
Singed,MIDDLE,empty,0,,Rylai's Crystal Scepter,,0,0,,False
Singed,MIDDLE,empty,300,,Rylai's Crystal Scepter,,0,300,,False
Singed,MIDDLE,empty,1200,,Rylai's Crystal Scepter,1011 Giant's Belt (900),900,300,,False
Singed,MIDDLE,empty,unknown,,Liandry's Torment,,0,,,False
Singed,MIDDLE,components,0,3147 | 2508,Liandry's Torment,,0,0,,False
Singed,MIDDLE,components,799,3147 | 2508,Liandry's Torment,1028 Ruby Crystal (400),400,399,,False
Singed,MIDDLE,components,800,3147 | 2508,Liandry's Torment,6653 Liandry's Torment (800),800,0,,False
Singed,MIDDLE,owned_first,1000,6653,Rylai's Crystal Scepter,1011 Giant's Belt (900),900,100,,False
Singed,MIDDLE,full_slots,800,3147 | 2508 | 900001 | 900002 | 900003 | 900004,Liandry's Torment,6653 Liandry's Torment (800),800,0,,False
Singed,MIDDLE,enemy_armor,1200,3147,Liandry's Torment,2508 Fated Ashes (900),900,300,,False
Singed,MIDDLE,enemy_magic,1200,3147,Liandry's Torment,1033 Null-Magic Mantle (400) -> 1052 Amplifying Tome (400) -> 1028 Ruby Crystal (400),1200,0,,False
Singed,MIDDLE,isolated_completion,800,3147 | 2508,Liandry's Torment,6653 Liandry's Torment (800),,,,False
Singed,BOTTOM,empty,0,,Liandry's Torment,,0,0,,False
Singed,BOTTOM,empty,300,,Liandry's Torment,,0,300,,False
Singed,BOTTOM,empty,1200,,Liandry's Torment,1028 Ruby Crystal (400) -> 1052 Amplifying Tome (400) -> 1052 Amplifying Tome (400),1200,0,,False
Singed,BOTTOM,empty,unknown,,Liandry's Torment,,0,,,False
Singed,BOTTOM,components,0,3147 | 2508,Liandry's Torment,,0,0,,False
Singed,BOTTOM,components,799,3147 | 2508,Liandry's Torment,,0,799,,False
Singed,BOTTOM,components,800,3147 | 2508,Liandry's Torment,6653 Liandry's Torment (800),800,0,,False
Singed,BOTTOM,owned_first,1000,6653,Riftmaker,3108 Fiendish Codex (850),850,150,,False
Singed,BOTTOM,full_slots,800,3147 | 2508 | 900001 | 900002 | 900003 | 900004,Liandry's Torment,6653 Liandry's Torment (800),800,0,,False
Singed,BOTTOM,enemy_armor,1200,3147,Liandry's Torment,2508 Fated Ashes (900),900,300,,False
Singed,BOTTOM,enemy_magic,1200,3147,Liandry's Torment,1033 Null-Magic Mantle (400) -> 1052 Amplifying Tome (400),800,400,,False
Singed,BOTTOM,isolated_completion,800,3147 | 2508,Liandry's Torment,6653 Liandry's Torment (800),,,,False
Singed,UTILITY,empty,0,,Rylai's Crystal Scepter,,0,0,,False
Singed,UTILITY,empty,300,,Rylai's Crystal Scepter,,0,300,,False
Singed,UTILITY,empty,1200,,Rylai's Crystal Scepter,1011 Giant's Belt (900),900,300,,False
Singed,UTILITY,empty,unknown,,Rylai's Crystal Scepter,,0,,,False
Singed,UTILITY,components,0,1026 | 1011 | 1052,Rylai's Crystal Scepter,,0,0,,False
Singed,UTILITY,components,449,1026 | 1011 | 1052,Rylai's Crystal Scepter,1028 Ruby Crystal (400),400,49,,False
Singed,UTILITY,components,450,1026 | 1011 | 1052,Rylai's Crystal Scepter,3116 Rylai's Crystal Scepter (450),450,0,,False
Singed,UTILITY,owned_first,1000,3116,Protoplasm Harness,1011 Giant's Belt (900),900,100,,False
Singed,UTILITY,full_slots,450,1026 | 1011 | 1052 | 900001 | 900002 | 900003,Rylai's Crystal Scepter,3116 Rylai's Crystal Scepter (450),450,0,,False
Singed,UTILITY,enemy_armor,1200,1026,Rylai's Crystal Scepter,1011 Giant's Belt (900) -> 1029 Cloth Armor (300),1200,0,,False
Singed,UTILITY,enemy_magic,1200,1026,Rylai's Crystal Scepter,1028 Ruby Crystal (400) -> 1033 Null-Magic Mantle (400) -> 1033 Null-Magic Mantle (400),1200,0,,False
Singed,UTILITY,isolated_completion,450,1026 | 1011 | 1052,Rylai's Crystal Scepter,3116 Rylai's Crystal Scepter (450),,,,False
Sion,TOP,empty,0,,Sunfire Aegis,,0,0,,False
Sion,TOP,empty,300,,Sunfire Aegis,2022 Glowing Mote (250),250,50,,False
Sion,TOP,empty,1200,,Sunfire Aegis,1028 Ruby Crystal (400) -> 1028 Ruby Crystal (400) -> 2022 Glowing Mote (250),1050,150,,False
Sion,TOP,empty,unknown,,Unending Despair,,0,,,False
Sion,TOP,components,0,1031 | 3067 | 1028,Unending Despair,,0,0,,False
Sion,TOP,components,799,1031 | 3067 | 1028,Sunfire Aegis,1028 Ruby Crystal (400) -> 2022 Glowing Mote (250),650,149,,False
Sion,TOP,components,800,1031 | 3067 | 1028,Unending Despair,2502 Unending Despair (800),800,0,,False
Sion,TOP,owned_first,1000,2502,Spirit Visage,1028 Ruby Crystal (400) -> 1028 Ruby Crystal (400),800,200,,False
Sion,TOP,full_slots,800,1031 | 3067 | 1028 | 900001 | 900002 | 900003,Unending Despair,2502 Unending Despair (800),800,0,,False
Sion,TOP,enemy_armor,1200,1031,Unending Despair,3067 Kindlegem (800) -> 1028 Ruby Crystal (400),1200,0,,False
Sion,TOP,enemy_magic,1200,1031,Hollow Radiance,1033 Null-Magic Mantle (400) -> 1028 Ruby Crystal (400) -> 1028 Ruby Crystal (400),1200,0,,False
Sion,TOP,isolated_completion,800,1031 | 3067 | 1028,Unending Despair,2502 Unending Despair (800),,,,False
Sion,JUNGLE,empty,0,,Axiom Arc,,0,0,,False
Sion,JUNGLE,empty,300,,Axiom Arc,2022 Glowing Mote (250),250,50,,False
Sion,JUNGLE,empty,1200,,Axiom Arc,3133 Caulfield's Warhammer (1050),1050,150,,False
Sion,JUNGLE,empty,unknown,,Axiom Arc,,0,,,False
Sion,JUNGLE,components,0,2020 | 3133,Axiom Arc,,0,0,,False
Sion,JUNGLE,components,362,2020 | 3133,Axiom Arc,,0,362,,False
Sion,JUNGLE,components,363,2020 | 3133,Axiom Arc,6696 Axiom Arc (363),363,0,,False
Sion,JUNGLE,owned_first,1000,6696,Youmuu's Ghostblade,3134 Serrated Dirk (1000),1000,0,,False
Sion,JUNGLE,full_slots,363,2020 | 3133 | 900001 | 900002 | 900003 | 900004,Axiom Arc,6696 Axiom Arc (363),363,0,,False
Sion,JUNGLE,enemy_armor,1200,2020,Axiom Arc,3133 Caulfield's Warhammer (1050),1050,150,,False
Sion,JUNGLE,enemy_magic,1200,2020,Axiom Arc,1033 Null-Magic Mantle (400) -> 1036 Long Sword (350) -> 1036 Long Sword (350),1100,100,,False
Sion,JUNGLE,isolated_completion,363,2020 | 3133,Axiom Arc,6696 Axiom Arc (363),,,,False
Sion,MIDDLE,empty,0,,Hollow Radiance,,0,0,,False
Sion,MIDDLE,empty,300,,Hollow Radiance,2022 Glowing Mote (250),250,50,,False
Sion,MIDDLE,empty,1200,,Hollow Radiance,1028 Ruby Crystal (400) -> 1028 Ruby Crystal (400) -> 2022 Glowing Mote (250),1050,150,,False
Sion,MIDDLE,empty,unknown,,Hollow Radiance,,0,,,False
Sion,MIDDLE,components,0,6660 | 3211,Hollow Radiance,,0,0,,False
Sion,MIDDLE,components,649,6660 | 3211,Hollow Radiance,1028 Ruby Crystal (400),400,249,,False
Sion,MIDDLE,components,650,6660 | 3211,Hollow Radiance,6664 Hollow Radiance (650),650,0,,False
Sion,MIDDLE,owned_first,1000,6664,Titanic Hydra,1011 Giant's Belt (900),900,100,,False
Sion,MIDDLE,full_slots,650,6660 | 3211 | 900001 | 900002 | 900003 | 900004,Hollow Radiance,6664 Hollow Radiance (650),650,0,,False
Sion,MIDDLE,enemy_armor,1200,6660,Hollow Radiance,1028 Ruby Crystal (400) -> 1033 Null-Magic Mantle (400) -> 1028 Ruby Crystal (400),1200,0,,False
Sion,MIDDLE,enemy_magic,1200,6660,Hollow Radiance,1033 Null-Magic Mantle (400) -> 1028 Ruby Crystal (400) -> 1006 Rejuvenation Bead (300),1100,100,,False
Sion,MIDDLE,isolated_completion,650,6660 | 3211,Hollow Radiance,6664 Hollow Radiance (650),,,,False
Sion,BOTTOM,empty,0,,Winter's Approach,,0,0,,False
Sion,BOTTOM,empty,300,,Winter's Approach,2022 Glowing Mote (250),250,50,,False
Sion,BOTTOM,empty,1200,,Winter's Approach,3067 Kindlegem (800) -> 1028 Ruby Crystal (400),1200,0,,False
Sion,BOTTOM,empty,unknown,,Warmog's Armor,,0,,,False
Sion,BOTTOM,components,0,1011 | 1011 | 3801,Warmog's Armor,,0,0,,False
Sion,BOTTOM,components,499,1011 | 1011 | 3801,Heartsteel,1028 Ruby Crystal (400),400,99,,False
Sion,BOTTOM,components,500,1011 | 1011 | 3801,Warmog's Armor,3083 Warmog's Armor (500),500,0,,False
Sion,BOTTOM,owned_first,1000,3083,Winter's Approach,1011 Giant's Belt (900),900,100,,False
Sion,BOTTOM,full_slots,500,1011 | 1011 | 3801 | 900001 | 900002 | 900003,Warmog's Armor,3083 Warmog's Armor (500),500,0,,False
Sion,BOTTOM,enemy_armor,1200,1011,Winter's Approach,3067 Kindlegem (800) -> 3070 Tear of the Goddess (400),1200,0,,False
Sion,BOTTOM,enemy_magic,1200,1011,Kaenic Rookern,1033 Null-Magic Mantle (400) -> 1033 Null-Magic Mantle (400) -> 1028 Ruby Crystal (400),1200,0,,False
Sion,BOTTOM,isolated_completion,500,1011 | 1011 | 3801,Warmog's Armor,3083 Warmog's Armor (500),,,,False
Sion,UTILITY,empty,0,,Frozen Heart,,0,0,,False
Sion,UTILITY,empty,300,,Frozen Heart,2022 Glowing Mote (250),250,50,,False
Sion,UTILITY,empty,1200,,Frozen Heart,1028 Ruby Crystal (400) -> 1028 Ruby Crystal (400) -> 1028 Ruby Crystal (400),1200,0,,False
Sion,UTILITY,empty,unknown,,Frozen Heart,,0,,,False
Sion,UTILITY,components,0,3082 | 3024,Frozen Heart,,0,0,,False
Sion,UTILITY,components,599,3082 | 3024,Frozen Heart,1028 Ruby Crystal (400),400,199,,False
Sion,UTILITY,components,600,3082 | 3024,Frozen Heart,3110 Frozen Heart (600),600,0,,False
Sion,UTILITY,owned_first,1000,3110,Zeke's Convergence,3067 Kindlegem (800),800,200,,False
Sion,UTILITY,full_slots,600,3082 | 3024 | 900001 | 900002 | 900003 | 900004,Frozen Heart,3110 Frozen Heart (600),600,0,,False
Sion,UTILITY,enemy_armor,1200,3082,Frozen Heart,3024 Glacial Buckler (900) -> 1029 Cloth Armor (300),1200,0,,False
Sion,UTILITY,enemy_magic,1200,3082,Frozen Heart,1033 Null-Magic Mantle (400) -> 1033 Null-Magic Mantle (400) -> 1028 Ruby Crystal (400),1200,0,,False
Sion,UTILITY,isolated_completion,600,3082 | 3024,Frozen Heart,3110 Frozen Heart (600),,,,False
Sivir,TOP,empty,0,,Essence Reaver,,0,0,,False
Sivir,TOP,empty,300,,Essence Reaver,2022 Glowing Mote (250),250,50,,False
Sivir,TOP,empty,1200,,Essence Reaver,1018 Cloak of Agility (600) -> 1036 Long Sword (350) -> 2022 Glowing Mote (250),1200,0,,False
Sivir,TOP,empty,unknown,,Essence Reaver,,0,,,False
Sivir,TOP,components,0,3057 | 3133 | 1018,Essence Reaver,,0,0,,False
Sivir,TOP,components,499,3057 | 3133 | 1018,Essence Reaver,,0,499,,False
Sivir,TOP,components,500,3057 | 3133 | 1018,Essence Reaver,3508 Essence Reaver (500),500,0,,False
Sivir,TOP,owned_first,1000,3508,Infinity Edge,1037 Pickaxe (875),875,125,,False
Sivir,TOP,full_slots,500,3057 | 3133 | 1018 | 900001 | 900002 | 900003,Essence Reaver,3508 Essence Reaver (500),500,0,,False
Sivir,TOP,enemy_armor,1200,3057,Essence Reaver,1018 Cloak of Agility (600) -> 1036 Long Sword (350) -> 2022 Glowing Mote (250),1200,0,,False
Sivir,TOP,enemy_magic,1200,3057,Essence Reaver,1018 Cloak of Agility (600) -> 1036 Long Sword (350) -> 2022 Glowing Mote (250),1200,0,,False
Sivir,TOP,isolated_completion,500,3057 | 3133 | 1018,Essence Reaver,3508 Essence Reaver (500),,,,False
Sivir,JUNGLE,empty,0,,Essence Reaver,,0,0,,False
Sivir,JUNGLE,empty,300,,Essence Reaver,2022 Glowing Mote (250),250,50,,False
Sivir,JUNGLE,empty,1200,,Essence Reaver,1018 Cloak of Agility (600) -> 1036 Long Sword (350) -> 2022 Glowing Mote (250),1200,0,,False
Sivir,JUNGLE,empty,unknown,,Essence Reaver,,0,,,False
Sivir,JUNGLE,components,0,3057 | 3133 | 1018,Essence Reaver,,0,0,,False
Sivir,JUNGLE,components,499,3057 | 3133 | 1018,Essence Reaver,,0,499,,False
Sivir,JUNGLE,components,500,3057 | 3133 | 1018,Essence Reaver,3508 Essence Reaver (500),500,0,,False
Sivir,JUNGLE,owned_first,1000,3508,Infinity Edge,1037 Pickaxe (875),875,125,,False
Sivir,JUNGLE,full_slots,500,3057 | 3133 | 1018 | 900001 | 900002 | 900003,Essence Reaver,3508 Essence Reaver (500),500,0,,False
Sivir,JUNGLE,enemy_armor,1200,3057,Essence Reaver,1018 Cloak of Agility (600) -> 1036 Long Sword (350) -> 2022 Glowing Mote (250),1200,0,,False
Sivir,JUNGLE,enemy_magic,1200,3057,Essence Reaver,1018 Cloak of Agility (600) -> 1036 Long Sword (350) -> 2022 Glowing Mote (250),1200,0,,False
Sivir,JUNGLE,isolated_completion,500,3057 | 3133 | 1018,Essence Reaver,3508 Essence Reaver (500),,,,False
Sivir,MIDDLE,empty,0,,Essence Reaver,,0,0,,False
Sivir,MIDDLE,empty,300,,Essence Reaver,2022 Glowing Mote (250),250,50,,False
Sivir,MIDDLE,empty,1200,,Essence Reaver,1018 Cloak of Agility (600) -> 1036 Long Sword (350) -> 2022 Glowing Mote (250),1200,0,,False
Sivir,MIDDLE,empty,unknown,,Essence Reaver,,0,,,False
Sivir,MIDDLE,components,0,3057 | 3133 | 1018,Essence Reaver,,0,0,,False
Sivir,MIDDLE,components,499,3057 | 3133 | 1018,Essence Reaver,,0,499,,False
Sivir,MIDDLE,components,500,3057 | 3133 | 1018,Essence Reaver,3508 Essence Reaver (500),500,0,,False
Sivir,MIDDLE,owned_first,1000,3508,Navori Flickerblade,1018 Cloak of Agility (600) -> 1042 Dagger (250),850,150,,False
Sivir,MIDDLE,full_slots,500,3057 | 3133 | 1018 | 900001 | 900002 | 900003,Essence Reaver,3508 Essence Reaver (500),500,0,,False
Sivir,MIDDLE,enemy_armor,1200,3057,Essence Reaver,1018 Cloak of Agility (600) -> 1036 Long Sword (350) -> 2022 Glowing Mote (250),1200,0,,False
Sivir,MIDDLE,enemy_magic,1200,3057,Essence Reaver,1018 Cloak of Agility (600) -> 1036 Long Sword (350) -> 2022 Glowing Mote (250),1200,0,,False
Sivir,MIDDLE,isolated_completion,500,3057 | 3133 | 1018,Essence Reaver,3508 Essence Reaver (500),,,,False
Sivir,BOTTOM,empty,0,,Yun Tal Wildarrows,,0,0,,False
Sivir,BOTTOM,empty,300,,Yun Tal Wildarrows,1042 Dagger (250),250,50,,False
Sivir,BOTTOM,empty,1200,,Yun Tal Wildarrows,3144 Scout's Slingshot (600) -> 1036 Long Sword (350),950,250,,False
Sivir,BOTTOM,empty,unknown,,Yun Tal Wildarrows,,0,,,False
Sivir,BOTTOM,components,0,1038 | 3144 | 1036,Yun Tal Wildarrows,,0,0,,False
Sivir,BOTTOM,components,749,1038 | 3144 | 1036,Yun Tal Wildarrows,,0,749,,False
Sivir,BOTTOM,components,750,1038 | 3144 | 1036,Yun Tal Wildarrows,3032 Yun Tal Wildarrows (750),750,0,,False
Sivir,BOTTOM,owned_first,1000,3032,Navori Flickerblade,1018 Cloak of Agility (600) -> 1042 Dagger (250),850,150,,False
Sivir,BOTTOM,full_slots,750,1038 | 3144 | 1036 | 900001 | 900002 | 900003,Yun Tal Wildarrows,3032 Yun Tal Wildarrows (750),750,0,,False
Sivir,BOTTOM,enemy_armor,1200,1038,Yun Tal Wildarrows,3144 Scout's Slingshot (600) -> 1036 Long Sword (350),950,250,,False
Sivir,BOTTOM,enemy_magic,1200,1038,Yun Tal Wildarrows,3144 Scout's Slingshot (600) -> 1036 Long Sword (350),950,250,,False
Sivir,BOTTOM,isolated_completion,750,1038 | 3144 | 1036,Yun Tal Wildarrows,3032 Yun Tal Wildarrows (750),,,,False
Sivir,UTILITY,empty,0,,Essence Reaver,,0,0,,False
Sivir,UTILITY,empty,300,,Essence Reaver,2022 Glowing Mote (250),250,50,,False
Sivir,UTILITY,empty,1200,,Essence Reaver,1018 Cloak of Agility (600) -> 1036 Long Sword (350) -> 2022 Glowing Mote (250),1200,0,,False
Sivir,UTILITY,empty,unknown,,Essence Reaver,,0,,,False
Sivir,UTILITY,components,0,3057 | 3133 | 1018,Essence Reaver,,0,0,,False
Sivir,UTILITY,components,499,3057 | 3133 | 1018,Essence Reaver,,0,499,,False
Sivir,UTILITY,components,500,3057 | 3133 | 1018,Essence Reaver,3508 Essence Reaver (500),500,0,,False
Sivir,UTILITY,owned_first,1000,3508,Infinity Edge,1037 Pickaxe (875),875,125,,False
Sivir,UTILITY,full_slots,500,3057 | 3133 | 1018 | 900001 | 900002 | 900003,Essence Reaver,3508 Essence Reaver (500),500,0,,False
Sivir,UTILITY,enemy_armor,1200,3057,Essence Reaver,1018 Cloak of Agility (600) -> 1036 Long Sword (350) -> 2022 Glowing Mote (250),1200,0,,False
Sivir,UTILITY,enemy_magic,1200,3057,Essence Reaver,1018 Cloak of Agility (600) -> 1036 Long Sword (350) -> 2022 Glowing Mote (250),1200,0,,False
Sivir,UTILITY,isolated_completion,500,3057 | 3133 | 1018,Essence Reaver,3508 Essence Reaver (500),,,,False
Skarner,TOP,empty,0,,Heartsteel,,0,0,,False
Skarner,TOP,empty,300,,Heartsteel,1006 Rejuvenation Bead (300),300,0,,False
Skarner,TOP,empty,1200,,Heartsteel,1028 Ruby Crystal (400) -> 1028 Ruby Crystal (400) -> 1028 Ruby Crystal (400),1200,0,,False
Skarner,TOP,empty,unknown,,Heartsteel,,0,,,False
Skarner,TOP,components,0,1011 | 3801 | 1011,Heartsteel,,0,0,,False
Skarner,TOP,components,399,1011 | 3801 | 1011,Heartsteel,,0,399,,False
Skarner,TOP,components,400,1011 | 3801 | 1011,Heartsteel,1028 Ruby Crystal (400),400,0,,False
Skarner,TOP,owned_first,1000,3084,Winter's Approach,1011 Giant's Belt (900),900,100,,False
Skarner,TOP,full_slots,400,1011 | 3801 | 1011 | 900001 | 900002 | 900003,Heartsteel,3084 Heartsteel (400),400,0,,False
Skarner,TOP,enemy_armor,1200,1011,Heartsteel,1011 Giant's Belt (900) -> 1006 Rejuvenation Bead (300),1200,0,,False
Skarner,TOP,enemy_magic,1200,1011,Kaenic Rookern,1033 Null-Magic Mantle (400) -> 1033 Null-Magic Mantle (400) -> 1028 Ruby Crystal (400),1200,0,,False
Skarner,TOP,isolated_completion,400,1011 | 3801 | 1011,Heartsteel,3084 Heartsteel (400),,,,False
Skarner,JUNGLE,empty,0,,Heartsteel,,0,0,,False
Skarner,JUNGLE,empty,300,,Heartsteel,1006 Rejuvenation Bead (300),300,0,,False
Skarner,JUNGLE,empty,1200,,Heartsteel,1028 Ruby Crystal (400) -> 1028 Ruby Crystal (400) -> 1028 Ruby Crystal (400),1200,0,,False
Skarner,JUNGLE,empty,unknown,,Heartsteel,,0,,,False
Skarner,JUNGLE,components,0,1011 | 3801 | 1011,Heartsteel,,0,0,,False
Skarner,JUNGLE,components,399,1011 | 3801 | 1011,Heartsteel,,0,399,,False
Skarner,JUNGLE,components,400,1011 | 3801 | 1011,Heartsteel,1028 Ruby Crystal (400),400,0,,False
Skarner,JUNGLE,owned_first,1000,3084,Unending Despair,1028 Ruby Crystal (400) -> 1028 Ruby Crystal (400),800,200,,False
Skarner,JUNGLE,full_slots,400,1011 | 3801 | 1011 | 900001 | 900002 | 900003,Heartsteel,3084 Heartsteel (400),400,0,,False
Skarner,JUNGLE,enemy_armor,1200,1011,Heartsteel,1011 Giant's Belt (900) -> 1006 Rejuvenation Bead (300),1200,0,,False
Skarner,JUNGLE,enemy_magic,1200,1011,Heartsteel,1011 Giant's Belt (900) -> 1006 Rejuvenation Bead (300),1200,0,,False
Skarner,JUNGLE,isolated_completion,400,1011 | 3801 | 1011,Heartsteel,3084 Heartsteel (400),,,,False
Skarner,MIDDLE,empty,0,,Hollow Radiance,,0,0,,False
Skarner,MIDDLE,empty,300,,Hollow Radiance,2022 Glowing Mote (250),250,50,,False
Skarner,MIDDLE,empty,1200,,Hollow Radiance,1028 Ruby Crystal (400) -> 1028 Ruby Crystal (400) -> 1028 Ruby Crystal (400),1200,0,,False
Skarner,MIDDLE,empty,unknown,,Hollow Radiance,,0,,,False
Skarner,MIDDLE,components,0,6660 | 3211,Hollow Radiance,,0,0,,False
Skarner,MIDDLE,components,649,6660 | 3211,Hollow Radiance,1028 Ruby Crystal (400),400,249,,False
Skarner,MIDDLE,components,650,6660 | 3211,Hollow Radiance,6664 Hollow Radiance (650),650,0,,False
Skarner,MIDDLE,owned_first,1000,6664,Knight's Vow,3067 Kindlegem (800),800,200,,False
Skarner,MIDDLE,full_slots,650,6660 | 3211 | 900001 | 900002 | 900003 | 900004,Hollow Radiance,6664 Hollow Radiance (650),650,0,,False
Skarner,MIDDLE,enemy_armor,1200,6660,Hollow Radiance,1028 Ruby Crystal (400) -> 1033 Null-Magic Mantle (400) -> 1028 Ruby Crystal (400),1200,0,,False
Skarner,MIDDLE,enemy_magic,1200,6660,Hollow Radiance,1033 Null-Magic Mantle (400) -> 1028 Ruby Crystal (400) -> 1033 Null-Magic Mantle (400),1200,0,,False
Skarner,MIDDLE,isolated_completion,650,6660 | 3211,Hollow Radiance,6664 Hollow Radiance (650),,,,False
Skarner,BOTTOM,empty,0,,Warmog's Armor,,0,0,,False
Skarner,BOTTOM,empty,300,,Winter's Approach,2022 Glowing Mote (250),250,50,,False
Skarner,BOTTOM,empty,1200,,Warmog's Armor,1028 Ruby Crystal (400) -> 1028 Ruby Crystal (400) -> 1028 Ruby Crystal (400),1200,0,,False
Skarner,BOTTOM,empty,unknown,,Warmog's Armor,,0,,,False
Skarner,BOTTOM,components,0,1011 | 1011 | 3801,Warmog's Armor,,0,0,,False
Skarner,BOTTOM,components,499,1011 | 1011 | 3801,Heartsteel,1028 Ruby Crystal (400),400,99,,False
Skarner,BOTTOM,components,500,1011 | 1011 | 3801,Warmog's Armor,3083 Warmog's Armor (500),500,0,,False
Skarner,BOTTOM,owned_first,1000,3083,Winter's Approach,1011 Giant's Belt (900),900,100,,False
Skarner,BOTTOM,full_slots,500,1011 | 1011 | 3801 | 900001 | 900002 | 900003,Warmog's Armor,3083 Warmog's Armor (500),500,0,,False
Skarner,BOTTOM,enemy_armor,1200,1011,Winter's Approach,3067 Kindlegem (800) -> 3070 Tear of the Goddess (400),1200,0,,False
Skarner,BOTTOM,enemy_magic,1200,1011,Kaenic Rookern,1033 Null-Magic Mantle (400) -> 1033 Null-Magic Mantle (400) -> 1028 Ruby Crystal (400),1200,0,,False
Skarner,BOTTOM,isolated_completion,500,1011 | 1011 | 3801,Warmog's Armor,3083 Warmog's Armor (500),,,,False
Skarner,UTILITY,empty,0,,Titanic Hydra,,0,0,,False
Skarner,UTILITY,empty,300,,Titanic Hydra,,0,300,,False
Skarner,UTILITY,empty,1200,,Titanic Hydra,1028 Ruby Crystal (400) -> 1028 Ruby Crystal (400) -> 1028 Ruby Crystal (400),1200,0,,False
Skarner,UTILITY,empty,unknown,,Titanic Hydra,,0,,,False
Skarner,UTILITY,components,0,3077 | 2021 | 1011,Titanic Hydra,,0,0,,False
Skarner,UTILITY,components,49,3077 | 2021 | 1011,Titanic Hydra,,0,49,,False
Skarner,UTILITY,components,50,3077 | 2021 | 1011,Titanic Hydra,3748 Titanic Hydra (50),50,0,,False
Skarner,UTILITY,owned_first,1000,3748,Locket of the Iron Solari,3067 Kindlegem (800),800,200,,False
Skarner,UTILITY,full_slots,50,3077 | 2021 | 1011 | 900001 | 900002 | 900003,Titanic Hydra,3748 Titanic Hydra (50),50,0,,False
Skarner,UTILITY,enemy_armor,1200,3077,Titanic Hydra,1011 Giant's Belt (900),900,300,,False
Skarner,UTILITY,enemy_magic,1200,3077,Titanic Hydra,1028 Ruby Crystal (400) -> 1028 Ruby Crystal (400) -> 1033 Null-Magic Mantle (400),1200,0,,False
Skarner,UTILITY,isolated_completion,50,3077 | 2021 | 1011,Titanic Hydra,3748 Titanic Hydra (50),,,,False
Smolder,TOP,empty,0,,Essence Reaver,,0,0,,False
Smolder,TOP,empty,300,,Essence Reaver,2022 Glowing Mote (250),250,50,,False
Smolder,TOP,empty,1200,,Essence Reaver,1018 Cloak of Agility (600) -> 1036 Long Sword (350) -> 2022 Glowing Mote (250),1200,0,,False
Smolder,TOP,empty,unknown,,Essence Reaver,,0,,,False
Smolder,TOP,components,0,3057 | 3133 | 1018,Essence Reaver,,0,0,,False
Smolder,TOP,components,499,3057 | 3133 | 1018,Essence Reaver,,0,499,,False
Smolder,TOP,components,500,3057 | 3133 | 1018,Essence Reaver,3508 Essence Reaver (500),500,0,,False
Smolder,TOP,owned_first,1000,3508,Spear of Shojin,1037 Pickaxe (875),875,125,,False
Smolder,TOP,full_slots,500,3057 | 3133 | 1018 | 900001 | 900002 | 900003,Essence Reaver,3508 Essence Reaver (500),500,0,,False
Smolder,TOP,enemy_armor,1200,3057,Essence Reaver,1018 Cloak of Agility (600) -> 1036 Long Sword (350) -> 2022 Glowing Mote (250),1200,0,,False
Smolder,TOP,enemy_magic,1200,3057,Essence Reaver,1018 Cloak of Agility (600) -> 1036 Long Sword (350) -> 2022 Glowing Mote (250),1200,0,,False
Smolder,TOP,isolated_completion,500,3057 | 3133 | 1018,Essence Reaver,3508 Essence Reaver (500),,,,False
Smolder,JUNGLE,empty,0,,Essence Reaver,,0,0,,False
Smolder,JUNGLE,empty,300,,Essence Reaver,2022 Glowing Mote (250),250,50,,False
Smolder,JUNGLE,empty,1200,,Essence Reaver,1018 Cloak of Agility (600) -> 1036 Long Sword (350) -> 2022 Glowing Mote (250),1200,0,,False
Smolder,JUNGLE,empty,unknown,,Essence Reaver,,0,,,False
Smolder,JUNGLE,components,0,3057 | 3133 | 1018,Essence Reaver,,0,0,,False
Smolder,JUNGLE,components,499,3057 | 3133 | 1018,Essence Reaver,,0,499,,False
Smolder,JUNGLE,components,500,3057 | 3133 | 1018,Essence Reaver,3508 Essence Reaver (500),500,0,,False
Smolder,JUNGLE,owned_first,1000,3508,Infinity Edge,1037 Pickaxe (875),875,125,,False
Smolder,JUNGLE,full_slots,500,3057 | 3133 | 1018 | 900001 | 900002 | 900003,Essence Reaver,3508 Essence Reaver (500),500,0,,False
Smolder,JUNGLE,enemy_armor,1200,3057,Essence Reaver,1018 Cloak of Agility (600) -> 1036 Long Sword (350) -> 2022 Glowing Mote (250),1200,0,,False
Smolder,JUNGLE,enemy_magic,1200,3057,Essence Reaver,1018 Cloak of Agility (600) -> 1036 Long Sword (350) -> 2022 Glowing Mote (250),1200,0,,False
Smolder,JUNGLE,isolated_completion,500,3057 | 3133 | 1018,Essence Reaver,3508 Essence Reaver (500),,,,False
Smolder,MIDDLE,empty,0,,Essence Reaver,,0,0,,False
Smolder,MIDDLE,empty,300,,Essence Reaver,2022 Glowing Mote (250),250,50,,False
Smolder,MIDDLE,empty,1200,,Essence Reaver,1018 Cloak of Agility (600) -> 1036 Long Sword (350) -> 2022 Glowing Mote (250),1200,0,,False
Smolder,MIDDLE,empty,unknown,,Essence Reaver,,0,,,False
Smolder,MIDDLE,components,0,3057 | 3133 | 1018,Essence Reaver,,0,0,,False
Smolder,MIDDLE,components,499,3057 | 3133 | 1018,Essence Reaver,,0,499,,False
Smolder,MIDDLE,components,500,3057 | 3133 | 1018,Essence Reaver,3508 Essence Reaver (500),500,0,,False
Smolder,MIDDLE,owned_first,1000,3508,Rapid Firecannon,1018 Cloak of Agility (600) -> 1036 Long Sword (350),950,50,,False
Smolder,MIDDLE,full_slots,500,3057 | 3133 | 1018 | 900001 | 900002 | 900003,Essence Reaver,3508 Essence Reaver (500),500,0,,False
Smolder,MIDDLE,enemy_armor,1200,3057,Essence Reaver,1018 Cloak of Agility (600) -> 1036 Long Sword (350) -> 2022 Glowing Mote (250),1200,0,,False
Smolder,MIDDLE,enemy_magic,1200,3057,Essence Reaver,1018 Cloak of Agility (600) -> 1036 Long Sword (350) -> 2022 Glowing Mote (250),1200,0,,False
Smolder,MIDDLE,isolated_completion,500,3057 | 3133 | 1018,Essence Reaver,3508 Essence Reaver (500),,,,False
Smolder,BOTTOM,empty,0,,Essence Reaver,,0,0,,False
Smolder,BOTTOM,empty,300,,Essence Reaver,2022 Glowing Mote (250),250,50,,False
Smolder,BOTTOM,empty,1200,,Essence Reaver,1018 Cloak of Agility (600) -> 1036 Long Sword (350) -> 2022 Glowing Mote (250),1200,0,,False
Smolder,BOTTOM,empty,unknown,,Essence Reaver,,0,,,False
Smolder,BOTTOM,components,0,3057 | 3133 | 1018,Essence Reaver,,0,0,,False
Smolder,BOTTOM,components,499,3057 | 3133 | 1018,Essence Reaver,,0,499,,False
Smolder,BOTTOM,components,500,3057 | 3133 | 1018,Essence Reaver,3508 Essence Reaver (500),500,0,,False
Smolder,BOTTOM,owned_first,1000,3508,Spear of Shojin,1037 Pickaxe (875),875,125,,False
Smolder,BOTTOM,full_slots,500,3057 | 3133 | 1018 | 900001 | 900002 | 900003,Essence Reaver,3508 Essence Reaver (500),500,0,,False
Smolder,BOTTOM,enemy_armor,1200,3057,Essence Reaver,1018 Cloak of Agility (600) -> 1036 Long Sword (350) -> 2022 Glowing Mote (250),1200,0,,False
Smolder,BOTTOM,enemy_magic,1200,3057,Essence Reaver,1018 Cloak of Agility (600) -> 1036 Long Sword (350) -> 2022 Glowing Mote (250),1200,0,,False
Smolder,BOTTOM,isolated_completion,500,3057 | 3133 | 1018,Essence Reaver,3508 Essence Reaver (500),,,,False
Smolder,UTILITY,empty,0,,Essence Reaver,,0,0,,False
Smolder,UTILITY,empty,300,,Essence Reaver,2022 Glowing Mote (250),250,50,,False
Smolder,UTILITY,empty,1200,,Essence Reaver,1018 Cloak of Agility (600) -> 1036 Long Sword (350) -> 2022 Glowing Mote (250),1200,0,,False
Smolder,UTILITY,empty,unknown,,Essence Reaver,,0,,,False
Smolder,UTILITY,components,0,3057 | 3133 | 1018,Essence Reaver,,0,0,,False
Smolder,UTILITY,components,499,3057 | 3133 | 1018,Essence Reaver,,0,499,,False
Smolder,UTILITY,components,500,3057 | 3133 | 1018,Essence Reaver,3508 Essence Reaver (500),500,0,,False
Smolder,UTILITY,owned_first,1000,3508,Axiom Arc,1037 Pickaxe (875),875,125,,False
Smolder,UTILITY,full_slots,500,3057 | 3133 | 1018 | 900001 | 900002 | 900003,Essence Reaver,3508 Essence Reaver (500),500,0,,False
Smolder,UTILITY,enemy_armor,1200,3057,Essence Reaver,1018 Cloak of Agility (600) -> 1036 Long Sword (350) -> 2022 Glowing Mote (250),1200,0,,False
Smolder,UTILITY,enemy_magic,1200,3057,Essence Reaver,1018 Cloak of Agility (600) -> 1036 Long Sword (350) -> 2022 Glowing Mote (250),1200,0,,False
Smolder,UTILITY,isolated_completion,500,3057 | 3133 | 1018,Essence Reaver,3508 Essence Reaver (500),,,,False
Sona,TOP,empty,0,,Archangel's Staff,,0,0,,False
Sona,TOP,empty,300,,Archangel's Staff,1027 Sapphire Crystal (300),300,0,,False
Sona,TOP,empty,1200,,Archangel's Staff,3802 Lost Chapter (1200),1200,0,,False
Sona,TOP,empty,unknown,,Archangel's Staff,,0,,,False
Sona,TOP,components,0,3070 | 3802 | 3108,Archangel's Staff,,0,0,,False
Sona,TOP,components,449,3070 | 3802 | 3108,Archangel's Staff,2022 Glowing Mote (250),250,199,,False
Sona,TOP,components,450,3070 | 3802 | 3108,Archangel's Staff,3003 Archangel's Staff (450),450,0,,False
Sona,TOP,owned_first,1000,3003,Echoes of Helia,4642 Bandleglass Mirror (900),900,100,,False
Sona,TOP,full_slots,450,3070 | 3802 | 3108 | 900001 | 900002 | 900003,Archangel's Staff,3003 Archangel's Staff (450),450,0,,False
Sona,TOP,enemy_armor,1200,3070,Archangel's Staff,3802 Lost Chapter (1200),1200,0,,False
Sona,TOP,enemy_magic,1200,3070,Archangel's Staff,3802 Lost Chapter (1200),1200,0,,False
Sona,TOP,isolated_completion,450,3070 | 3802 | 3108,Archangel's Staff,3003 Archangel's Staff (450),,,,False
Sona,JUNGLE,empty,0,,Malignance,,0,0,,False
Sona,JUNGLE,empty,300,,Malignance,1027 Sapphire Crystal (300),300,0,,False
Sona,JUNGLE,empty,1200,,Malignance,3802 Lost Chapter (1200),1200,0,,False
Sona,JUNGLE,empty,unknown,,Malignance,,0,,,False
Sona,JUNGLE,components,0,3802 | 1026,Malignance,,0,0,,False
Sona,JUNGLE,components,649,3802 | 1026,Malignance,,0,649,,False
Sona,JUNGLE,components,650,3802 | 1026,Malignance,3118 Malignance (650),650,0,,False
Sona,JUNGLE,owned_first,1000,3118,Lich Bane,1026 Blasting Wand (850),850,150,,False
Sona,JUNGLE,full_slots,650,3802 | 1026 | 900001 | 900002 | 900003 | 900004,Malignance,3118 Malignance (650),650,0,,False
Sona,JUNGLE,enemy_armor,1200,3802,Malignance,1026 Blasting Wand (850),850,350,,False
Sona,JUNGLE,enemy_magic,1200,3802,Malignance,1026 Blasting Wand (850),850,350,,False
Sona,JUNGLE,isolated_completion,650,3802 | 1026,Malignance,3118 Malignance (650),,,,False
Sona,MIDDLE,empty,0,,Malignance,,0,0,,False
Sona,MIDDLE,empty,300,,Malignance,1027 Sapphire Crystal (300),300,0,,False
Sona,MIDDLE,empty,1200,,Malignance,3802 Lost Chapter (1200),1200,0,,False
Sona,MIDDLE,empty,unknown,,Malignance,,0,,,False
Sona,MIDDLE,components,0,3802 | 1026,Malignance,,0,0,,False
Sona,MIDDLE,components,649,3802 | 1026,Malignance,,0,649,,False
Sona,MIDDLE,components,650,3802 | 1026,Malignance,3118 Malignance (650),650,0,,False
Sona,MIDDLE,owned_first,1000,3118,Lich Bane,1026 Blasting Wand (850),850,150,,False
Sona,MIDDLE,full_slots,650,3802 | 1026 | 900001 | 900002 | 900003 | 900004,Malignance,3118 Malignance (650),650,0,,False
Sona,MIDDLE,enemy_armor,1200,3802,Malignance,1026 Blasting Wand (850),850,350,,False
Sona,MIDDLE,enemy_magic,1200,3802,Malignance,1026 Blasting Wand (850),850,350,,False
Sona,MIDDLE,isolated_completion,650,3802 | 1026,Malignance,3118 Malignance (650),,,,False
Sona,BOTTOM,empty,0,,Malignance,,0,0,,False
Sona,BOTTOM,empty,300,,Malignance,1027 Sapphire Crystal (300),300,0,,False
Sona,BOTTOM,empty,1200,,Malignance,3802 Lost Chapter (1200),1200,0,,False
Sona,BOTTOM,empty,unknown,,Malignance,,0,,,False
Sona,BOTTOM,components,0,3802 | 1026,Malignance,,0,0,,False
Sona,BOTTOM,components,649,3802 | 1026,Malignance,,0,649,,False
Sona,BOTTOM,components,650,3802 | 1026,Malignance,3118 Malignance (650),650,0,,False
Sona,BOTTOM,owned_first,1000,3118,Lich Bane,1026 Blasting Wand (850),850,150,,False
Sona,BOTTOM,full_slots,650,3802 | 1026 | 900001 | 900002 | 900003 | 900004,Malignance,3118 Malignance (650),650,0,,False
Sona,BOTTOM,enemy_armor,1200,3802,Malignance,1026 Blasting Wand (850),850,350,,False
Sona,BOTTOM,enemy_magic,1200,3802,Malignance,1026 Blasting Wand (850),850,350,,False
Sona,BOTTOM,isolated_completion,650,3802 | 1026,Malignance,3118 Malignance (650),,,,False
Sona,UTILITY,empty,0,,Echoes of Helia,,0,0,,False
Sona,UTILITY,empty,300,,Echoes of Helia,2022 Glowing Mote (250),250,50,,False
Sona,UTILITY,empty,1200,,Echoes of Helia,4642 Bandleglass Mirror (900) -> 2022 Glowing Mote (250),1150,50,,False
Sona,UTILITY,empty,unknown,,Echoes of Helia,,0,,,False
Sona,UTILITY,components,0,3067 | 4642,Echoes of Helia,,0,0,,False
Sona,UTILITY,components,499,3067 | 4642,Echoes of Helia,2022 Glowing Mote (250),250,249,,False
Sona,UTILITY,components,500,3067 | 4642,Echoes of Helia,6620 Echoes of Helia (500),500,0,,False
Sona,UTILITY,owned_first,1000,6620,Archangel's Staff,3108 Fiendish Codex (850),850,150,,False
Sona,UTILITY,full_slots,500,3067 | 4642 | 900001 | 900002 | 900003 | 900004,Echoes of Helia,6620 Echoes of Helia (500),500,0,,False
Sona,UTILITY,enemy_armor,1200,3067,Echoes of Helia,4642 Bandleglass Mirror (900) -> 2022 Glowing Mote (250),1150,50,,False
Sona,UTILITY,enemy_magic,1200,3067,Echoes of Helia,4642 Bandleglass Mirror (900) -> 2022 Glowing Mote (250),1150,50,,False
Sona,UTILITY,isolated_completion,500,3067 | 4642,Echoes of Helia,6620 Echoes of Helia (500),,,,False
Soraka,TOP,empty,0,,Shurelya's Battlesong,,0,0,,False
Soraka,TOP,empty,300,,Shurelya's Battlesong,2022 Glowing Mote (250),250,50,,False
Soraka,TOP,empty,1200,,Shurelya's Battlesong,4642 Bandleglass Mirror (900) -> 2022 Glowing Mote (250),1150,50,,False
Soraka,TOP,empty,unknown,,Shurelya's Battlesong,,0,,,False
Soraka,TOP,components,0,3113 | 4642,Shurelya's Battlesong,,0,0,,False
Soraka,TOP,components,399,3113 | 4642,Shurelya's Battlesong,2022 Glowing Mote (250),250,149,,False
Soraka,TOP,components,400,3113 | 4642,Shurelya's Battlesong,2065 Shurelya's Battlesong (400),400,0,,False
Soraka,TOP,owned_first,1000,2065,Ardent Censer,3114 Forbidden Idol (600) -> 2022 Glowing Mote (250),850,150,,False
Soraka,TOP,full_slots,400,3113 | 4642 | 900001 | 900002 | 900003 | 900004,Shurelya's Battlesong,2065 Shurelya's Battlesong (400),400,0,,False
Soraka,TOP,enemy_armor,1200,3113,Shurelya's Battlesong,4642 Bandleglass Mirror (900) -> 2022 Glowing Mote (250),1150,50,,False
Soraka,TOP,enemy_magic,1200,3113,Shurelya's Battlesong,4642 Bandleglass Mirror (900) -> 2022 Glowing Mote (250),1150,50,,False
Soraka,TOP,isolated_completion,400,3113 | 4642,Shurelya's Battlesong,2065 Shurelya's Battlesong (400),,,,False
Soraka,JUNGLE,empty,0,,Winter's Approach,,0,0,,False
Soraka,JUNGLE,empty,300,,Winter's Approach,2022 Glowing Mote (250),250,50,,False
Soraka,JUNGLE,empty,1200,,Winter's Approach,3067 Kindlegem (800) -> 1028 Ruby Crystal (400),1200,0,,False
Soraka,JUNGLE,empty,unknown,,Dusk and Dawn,,0,,,False
Soraka,JUNGLE,components,0,3057 | 1026 | 3067 | 1042,Dusk and Dawn,,0,0,,False
Soraka,JUNGLE,components,299,3057 | 1026 | 3067 | 1042,Dusk and Dawn,2022 Glowing Mote (250),250,49,,False
Soraka,JUNGLE,components,300,3057 | 1026 | 3067 | 1042,Dusk and Dawn,2510 Dusk and Dawn (300),300,0,,False
Soraka,JUNGLE,owned_first,1000,2510,Winter's Approach,3067 Kindlegem (800),800,200,,False
Soraka,JUNGLE,full_slots,300,3057 | 1026 | 3067 | 1042 | 900001 | 900002,Dusk and Dawn,2510 Dusk and Dawn (300),300,0,,False
Soraka,JUNGLE,enemy_armor,1200,3057,Redemption,3114 Forbidden Idol (600) -> 2022 Glowing Mote (250),850,350,,False
Soraka,JUNGLE,enemy_magic,1200,3057,Mikael's Blessing,3067 Kindlegem (800) -> 1004 Faerie Charm (200),1000,200,,False
Soraka,JUNGLE,isolated_completion,300,3057 | 1026 | 3067 | 1042,Dusk and Dawn,2510 Dusk and Dawn (300),,,,False
Soraka,MIDDLE,empty,0,,Winter's Approach,,0,0,,False
Soraka,MIDDLE,empty,300,,Winter's Approach,2022 Glowing Mote (250),250,50,,False
Soraka,MIDDLE,empty,1200,,Winter's Approach,3067 Kindlegem (800) -> 1028 Ruby Crystal (400),1200,0,,False
Soraka,MIDDLE,empty,unknown,,Dusk and Dawn,,0,,,False
Soraka,MIDDLE,components,0,3057 | 1026 | 3067 | 1042,Dusk and Dawn,,0,0,,False
Soraka,MIDDLE,components,299,3057 | 1026 | 3067 | 1042,Dusk and Dawn,2022 Glowing Mote (250),250,49,,False
Soraka,MIDDLE,components,300,3057 | 1026 | 3067 | 1042,Dusk and Dawn,2510 Dusk and Dawn (300),300,0,,False
Soraka,MIDDLE,owned_first,1000,2510,Winter's Approach,3067 Kindlegem (800),800,200,,False
Soraka,MIDDLE,full_slots,300,3057 | 1026 | 3067 | 1042 | 900001 | 900002,Dusk and Dawn,2510 Dusk and Dawn (300),300,0,,False
Soraka,MIDDLE,enemy_armor,1200,3057,Redemption,3114 Forbidden Idol (600) -> 2022 Glowing Mote (250),850,350,,False
Soraka,MIDDLE,enemy_magic,1200,3057,Mikael's Blessing,3067 Kindlegem (800) -> 1004 Faerie Charm (200),1000,200,,False
Soraka,MIDDLE,isolated_completion,300,3057 | 1026 | 3067 | 1042,Dusk and Dawn,2510 Dusk and Dawn (300),,,,False
Soraka,BOTTOM,empty,0,,Winter's Approach,,0,0,,False
Soraka,BOTTOM,empty,300,,Winter's Approach,2022 Glowing Mote (250),250,50,,False
Soraka,BOTTOM,empty,1200,,Winter's Approach,3067 Kindlegem (800) -> 1028 Ruby Crystal (400),1200,0,,False
Soraka,BOTTOM,empty,unknown,,Dusk and Dawn,,0,,,False
Soraka,BOTTOM,components,0,3057 | 1026 | 3067 | 1042,Dusk and Dawn,,0,0,,False
Soraka,BOTTOM,components,299,3057 | 1026 | 3067 | 1042,Dusk and Dawn,2022 Glowing Mote (250),250,49,,False
Soraka,BOTTOM,components,300,3057 | 1026 | 3067 | 1042,Dusk and Dawn,2510 Dusk and Dawn (300),300,0,,False
Soraka,BOTTOM,owned_first,1000,2510,Winter's Approach,3067 Kindlegem (800),800,200,,False
Soraka,BOTTOM,full_slots,300,3057 | 1026 | 3067 | 1042 | 900001 | 900002,Dusk and Dawn,2510 Dusk and Dawn (300),300,0,,False
Soraka,BOTTOM,enemy_armor,1200,3057,Redemption,3114 Forbidden Idol (600) -> 2022 Glowing Mote (250),850,350,,False
Soraka,BOTTOM,enemy_magic,1200,3057,Mikael's Blessing,3067 Kindlegem (800) -> 1004 Faerie Charm (200),1000,200,,False
Soraka,BOTTOM,isolated_completion,300,3057 | 1026 | 3067 | 1042,Dusk and Dawn,2510 Dusk and Dawn (300),,,,False
Soraka,UTILITY,empty,0,,Moonstone Renewer,,0,0,,False
Soraka,UTILITY,empty,300,,Moonstone Renewer,2022 Glowing Mote (250),250,50,,False
Soraka,UTILITY,empty,1200,,Moonstone Renewer,3067 Kindlegem (800) -> 2022 Glowing Mote (250),1050,150,,False
Soraka,UTILITY,empty,unknown,,Moonstone Renewer,,0,,,False
Soraka,UTILITY,components,0,3067 | 4642,Moonstone Renewer,,0,0,,False
Soraka,UTILITY,components,499,3067 | 4642,Moonstone Renewer,2022 Glowing Mote (250),250,249,,False
Soraka,UTILITY,components,500,3067 | 4642,Moonstone Renewer,6617 Moonstone Renewer (500),500,0,,False
Soraka,UTILITY,owned_first,1000,6617,Redemption,3114 Forbidden Idol (600) -> 2022 Glowing Mote (250),850,150,,False
Soraka,UTILITY,full_slots,500,3067 | 4642 | 900001 | 900002 | 900003 | 900004,Moonstone Renewer,6617 Moonstone Renewer (500),500,0,,False
Soraka,UTILITY,enemy_armor,1200,3067,Moonstone Renewer,4642 Bandleglass Mirror (900) -> 2022 Glowing Mote (250),1150,50,,False
Soraka,UTILITY,enemy_magic,1200,3067,Moonstone Renewer,4642 Bandleglass Mirror (900) -> 2022 Glowing Mote (250),1150,50,,False
Soraka,UTILITY,isolated_completion,500,3067 | 4642,Moonstone Renewer,6617 Moonstone Renewer (500),,,,False
Swain,TOP,empty,0,,Rylai's Crystal Scepter,,0,0,,False
Swain,TOP,empty,300,,Rylai's Crystal Scepter,,0,300,,False
Swain,TOP,empty,1200,,Rylai's Crystal Scepter,1011 Giant's Belt (900),900,300,,False
Swain,TOP,empty,unknown,,Rylai's Crystal Scepter,,0,,,False
Swain,TOP,components,0,1026 | 1011 | 1052,Rylai's Crystal Scepter,,0,0,,False
Swain,TOP,components,449,1026 | 1011 | 1052,Rylai's Crystal Scepter,1028 Ruby Crystal (400),400,49,,False
Swain,TOP,components,450,1026 | 1011 | 1052,Rylai's Crystal Scepter,3116 Rylai's Crystal Scepter (450),450,0,,False
Swain,TOP,owned_first,1000,3116,Liandry's Torment,1028 Ruby Crystal (400) -> 1052 Amplifying Tome (400),800,200,,False
Swain,TOP,full_slots,450,1026 | 1011 | 1052 | 900001 | 900002 | 900003,Rylai's Crystal Scepter,3116 Rylai's Crystal Scepter (450),450,0,,False
Swain,TOP,enemy_armor,1200,1026,Rylai's Crystal Scepter,1011 Giant's Belt (900),900,300,,False
Swain,TOP,enemy_magic,1200,1026,Rylai's Crystal Scepter,1011 Giant's Belt (900),900,300,,False
Swain,TOP,isolated_completion,450,1026 | 1011 | 1052,Rylai's Crystal Scepter,3116 Rylai's Crystal Scepter (450),,,,False
Swain,JUNGLE,empty,0,,Blackfire Torch,,0,0,,False
Swain,JUNGLE,empty,300,,Blackfire Torch,2022 Glowing Mote (250),250,50,,False
Swain,JUNGLE,empty,1200,,Blackfire Torch,3802 Lost Chapter (1200),1200,0,,False
Swain,JUNGLE,empty,unknown,,Blackfire Torch,,0,,,False
Swain,JUNGLE,components,0,3802 | 2508,Blackfire Torch,,0,0,,False
Swain,JUNGLE,components,699,3802 | 2508,Blackfire Torch,2022 Glowing Mote (250) -> 2022 Glowing Mote (250),500,199,,False
Swain,JUNGLE,components,700,3802 | 2508,Blackfire Torch,2503 Blackfire Torch (700),700,0,,False
Swain,JUNGLE,owned_first,1000,2503,Hextech Rocketbelt,3067 Kindlegem (800),800,200,,False
Swain,JUNGLE,full_slots,700,3802 | 2508 | 900001 | 900002 | 900003 | 900004,Blackfire Torch,2503 Blackfire Torch (700),700,0,,False
Swain,JUNGLE,enemy_armor,1200,3802,Blackfire Torch,2508 Fated Ashes (900) -> 2022 Glowing Mote (250),1150,50,,False
Swain,JUNGLE,enemy_magic,1200,3802,Blackfire Torch,1052 Amplifying Tome (400) -> 1033 Null-Magic Mantle (400) -> 2022 Glowing Mote (250),1050,150,,False
Swain,JUNGLE,isolated_completion,700,3802 | 2508,Blackfire Torch,2503 Blackfire Torch (700),,,,False
Swain,MIDDLE,empty,0,,Rylai's Crystal Scepter,,0,0,,False
Swain,MIDDLE,empty,300,,Rylai's Crystal Scepter,,0,300,,False
Swain,MIDDLE,empty,1200,,Rylai's Crystal Scepter,1011 Giant's Belt (900),900,300,,False
Swain,MIDDLE,empty,unknown,,Rylai's Crystal Scepter,,0,,,False
Swain,MIDDLE,components,0,1026 | 1011 | 1052,Rylai's Crystal Scepter,,0,0,,False
Swain,MIDDLE,components,449,1026 | 1011 | 1052,Rylai's Crystal Scepter,1028 Ruby Crystal (400),400,49,,False
Swain,MIDDLE,components,450,1026 | 1011 | 1052,Rylai's Crystal Scepter,3116 Rylai's Crystal Scepter (450),450,0,,False
Swain,MIDDLE,owned_first,1000,3116,Winter's Approach,3067 Kindlegem (800),800,200,,False
Swain,MIDDLE,full_slots,450,1026 | 1011 | 1052 | 900001 | 900002 | 900003,Rylai's Crystal Scepter,3116 Rylai's Crystal Scepter (450),450,0,,False
Swain,MIDDLE,enemy_armor,1200,1026,Rylai's Crystal Scepter,1011 Giant's Belt (900),900,300,,False
Swain,MIDDLE,enemy_magic,1200,1026,Rylai's Crystal Scepter,1011 Giant's Belt (900),900,300,,False
Swain,MIDDLE,isolated_completion,450,1026 | 1011 | 1052,Rylai's Crystal Scepter,3116 Rylai's Crystal Scepter (450),,,,False
Swain,BOTTOM,empty,0,,Rylai's Crystal Scepter,,0,0,,False
Swain,BOTTOM,empty,300,,Blackfire Torch,2022 Glowing Mote (250),250,50,,False
Swain,BOTTOM,empty,1200,,Rylai's Crystal Scepter,1011 Giant's Belt (900),900,300,,False
Swain,BOTTOM,empty,unknown,,Rylai's Crystal Scepter,,0,,,False
Swain,BOTTOM,components,0,1026 | 1011 | 1052,Rylai's Crystal Scepter,,0,0,,False
Swain,BOTTOM,components,449,1026 | 1011 | 1052,Rylai's Crystal Scepter,1028 Ruby Crystal (400),400,49,,False
Swain,BOTTOM,components,450,1026 | 1011 | 1052,Rylai's Crystal Scepter,3116 Rylai's Crystal Scepter (450),450,0,,False
Swain,BOTTOM,owned_first,1000,3116,Liandry's Torment,1028 Ruby Crystal (400) -> 1052 Amplifying Tome (400),800,200,,False
Swain,BOTTOM,full_slots,450,1026 | 1011 | 1052 | 900001 | 900002 | 900003,Rylai's Crystal Scepter,3116 Rylai's Crystal Scepter (450),450,0,,False
Swain,BOTTOM,enemy_armor,1200,1026,Rylai's Crystal Scepter,1011 Giant's Belt (900),900,300,,False
Swain,BOTTOM,enemy_magic,1200,1026,Rylai's Crystal Scepter,1011 Giant's Belt (900),900,300,,False
Swain,BOTTOM,isolated_completion,450,1026 | 1011 | 1052,Rylai's Crystal Scepter,3116 Rylai's Crystal Scepter (450),,,,False
Swain,UTILITY,empty,0,,Rylai's Crystal Scepter,,0,0,,False
Swain,UTILITY,empty,300,,Rylai's Crystal Scepter,,0,300,,False
Swain,UTILITY,empty,1200,,Rylai's Crystal Scepter,1011 Giant's Belt (900),900,300,,False
Swain,UTILITY,empty,unknown,,Rylai's Crystal Scepter,,0,,,False
Swain,UTILITY,components,0,1026 | 1011 | 1052,Rylai's Crystal Scepter,,0,0,,False
Swain,UTILITY,components,449,1026 | 1011 | 1052,Rylai's Crystal Scepter,,0,449,,False
Swain,UTILITY,components,450,1026 | 1011 | 1052,Rylai's Crystal Scepter,3116 Rylai's Crystal Scepter (450),450,0,,False
Swain,UTILITY,owned_first,1000,3116,Frozen Heart,3024 Glacial Buckler (900),900,100,,False
Swain,UTILITY,full_slots,450,1026 | 1011 | 1052 | 900001 | 900002 | 900003,Rylai's Crystal Scepter,3116 Rylai's Crystal Scepter (450),450,0,,False
Swain,UTILITY,enemy_armor,1200,1026,Rylai's Crystal Scepter,1011 Giant's Belt (900),900,300,,False
Swain,UTILITY,enemy_magic,1200,1026,Rylai's Crystal Scepter,1011 Giant's Belt (900),900,300,,False
Swain,UTILITY,isolated_completion,450,1026 | 1011 | 1052,Rylai's Crystal Scepter,3116 Rylai's Crystal Scepter (450),,,,False
Sylas,TOP,empty,0,,Hextech Rocketbelt,,0,0,,False
Sylas,TOP,empty,300,,Hextech Rocketbelt,2022 Glowing Mote (250),250,50,,False
Sylas,TOP,empty,1200,,Hextech Rocketbelt,3067 Kindlegem (800) -> 1028 Ruby Crystal (400),1200,0,,False
Sylas,TOP,empty,unknown,,Hextech Rocketbelt,,0,,,False
Sylas,TOP,components,0,3145 | 3067 | 1028,Hextech Rocketbelt,,0,0,,False
Sylas,TOP,components,349,3145 | 3067 | 1028,Hextech Rocketbelt,,0,349,,False
Sylas,TOP,components,350,3145 | 3067 | 1028,Hextech Rocketbelt,3152 Hextech Rocketbelt (350),350,0,,False
Sylas,TOP,owned_first,1000,3152,Riftmaker,1028 Ruby Crystal (400) -> 1052 Amplifying Tome (400),800,200,,False
Sylas,TOP,full_slots,350,3145 | 3067 | 1028 | 900001 | 900002 | 900003,Hextech Rocketbelt,3152 Hextech Rocketbelt (350),350,0,,False
Sylas,TOP,enemy_armor,1200,3145,Hextech Rocketbelt,3067 Kindlegem (800) -> 1028 Ruby Crystal (400),1200,0,,False
Sylas,TOP,enemy_magic,1200,3145,Hextech Rocketbelt,3067 Kindlegem (800) -> 1028 Ruby Crystal (400),1200,0,,False
Sylas,TOP,isolated_completion,350,3145 | 3067 | 1028,Hextech Rocketbelt,3152 Hextech Rocketbelt (350),,,,False
Sylas,JUNGLE,empty,0,,Hextech Rocketbelt,,0,0,,False
Sylas,JUNGLE,empty,300,,Hextech Rocketbelt,2022 Glowing Mote (250),250,50,,False
Sylas,JUNGLE,empty,1200,,Hextech Rocketbelt,3067 Kindlegem (800) -> 1028 Ruby Crystal (400),1200,0,,False
Sylas,JUNGLE,empty,unknown,,Hextech Rocketbelt,,0,,,False
Sylas,JUNGLE,components,0,3145 | 3067 | 1028,Hextech Rocketbelt,,0,0,,False
Sylas,JUNGLE,components,349,3145 | 3067 | 1028,Hextech Rocketbelt,,0,349,,False
Sylas,JUNGLE,components,350,3145 | 3067 | 1028,Hextech Rocketbelt,3152 Hextech Rocketbelt (350),350,0,,False
Sylas,JUNGLE,owned_first,1000,3152,Riftmaker,1028 Ruby Crystal (400) -> 1052 Amplifying Tome (400),800,200,,False
Sylas,JUNGLE,full_slots,350,3145 | 3067 | 1028 | 900001 | 900002 | 900003,Hextech Rocketbelt,3152 Hextech Rocketbelt (350),350,0,,False
Sylas,JUNGLE,enemy_armor,1200,3145,Hextech Rocketbelt,3067 Kindlegem (800) -> 1028 Ruby Crystal (400),1200,0,,False
Sylas,JUNGLE,enemy_magic,1200,3145,Hextech Rocketbelt,3067 Kindlegem (800) -> 1028 Ruby Crystal (400),1200,0,,False
Sylas,JUNGLE,isolated_completion,350,3145 | 3067 | 1028,Hextech Rocketbelt,3152 Hextech Rocketbelt (350),,,,False
Sylas,MIDDLE,empty,0,,Hextech Rocketbelt,,0,0,,False
Sylas,MIDDLE,empty,300,,Hextech Rocketbelt,2022 Glowing Mote (250),250,50,,False
Sylas,MIDDLE,empty,1200,,Hextech Rocketbelt,3067 Kindlegem (800) -> 1028 Ruby Crystal (400),1200,0,,False
Sylas,MIDDLE,empty,unknown,,Hextech Rocketbelt,,0,,,False
Sylas,MIDDLE,components,0,3145 | 3067 | 1028,Hextech Rocketbelt,,0,0,,False
Sylas,MIDDLE,components,349,3145 | 3067 | 1028,Hextech Rocketbelt,,0,349,,False
Sylas,MIDDLE,components,350,3145 | 3067 | 1028,Hextech Rocketbelt,3152 Hextech Rocketbelt (350),350,0,,False
Sylas,MIDDLE,owned_first,1000,3152,Riftmaker,1028 Ruby Crystal (400) -> 1052 Amplifying Tome (400),800,200,,False
Sylas,MIDDLE,full_slots,350,3145 | 3067 | 1028 | 900001 | 900002 | 900003,Hextech Rocketbelt,3152 Hextech Rocketbelt (350),350,0,,False
Sylas,MIDDLE,enemy_armor,1200,3145,Hextech Rocketbelt,3067 Kindlegem (800) -> 1028 Ruby Crystal (400),1200,0,,False
Sylas,MIDDLE,enemy_magic,1200,3145,Hextech Rocketbelt,3067 Kindlegem (800) -> 1028 Ruby Crystal (400),1200,0,,False
Sylas,MIDDLE,isolated_completion,350,3145 | 3067 | 1028,Hextech Rocketbelt,3152 Hextech Rocketbelt (350),,,,False
Sylas,BOTTOM,empty,0,,Hextech Rocketbelt,,0,0,,False
Sylas,BOTTOM,empty,300,,Hextech Rocketbelt,2022 Glowing Mote (250),250,50,,False
Sylas,BOTTOM,empty,1200,,Hextech Rocketbelt,3067 Kindlegem (800) -> 1028 Ruby Crystal (400),1200,0,,False
Sylas,BOTTOM,empty,unknown,,Hextech Rocketbelt,,0,,,False
Sylas,BOTTOM,components,0,3145 | 3067 | 1028,Hextech Rocketbelt,,0,0,,False
Sylas,BOTTOM,components,349,3145 | 3067 | 1028,Hextech Rocketbelt,,0,349,,False
Sylas,BOTTOM,components,350,3145 | 3067 | 1028,Hextech Rocketbelt,3152 Hextech Rocketbelt (350),350,0,,False
Sylas,BOTTOM,owned_first,1000,3152,Riftmaker,1028 Ruby Crystal (400) -> 1052 Amplifying Tome (400),800,200,,False
Sylas,BOTTOM,full_slots,350,3145 | 3067 | 1028 | 900001 | 900002 | 900003,Hextech Rocketbelt,3152 Hextech Rocketbelt (350),350,0,,False
Sylas,BOTTOM,enemy_armor,1200,3145,Hextech Rocketbelt,3067 Kindlegem (800) -> 1028 Ruby Crystal (400),1200,0,,False
Sylas,BOTTOM,enemy_magic,1200,3145,Hextech Rocketbelt,3067 Kindlegem (800) -> 1028 Ruby Crystal (400),1200,0,,False
Sylas,BOTTOM,isolated_completion,350,3145 | 3067 | 1028,Hextech Rocketbelt,3152 Hextech Rocketbelt (350),,,,False
Sylas,UTILITY,empty,0,,Hextech Rocketbelt,,0,0,,False
Sylas,UTILITY,empty,300,,Hextech Rocketbelt,2022 Glowing Mote (250),250,50,,False
Sylas,UTILITY,empty,1200,,Hextech Rocketbelt,3067 Kindlegem (800) -> 1028 Ruby Crystal (400),1200,0,,False
Sylas,UTILITY,empty,unknown,,Hextech Rocketbelt,,0,,,False
Sylas,UTILITY,components,0,3145 | 3067 | 1028,Hextech Rocketbelt,,0,0,,False
Sylas,UTILITY,components,349,3145 | 3067 | 1028,Hextech Rocketbelt,,0,349,,False
Sylas,UTILITY,components,350,3145 | 3067 | 1028,Hextech Rocketbelt,3152 Hextech Rocketbelt (350),350,0,,False
Sylas,UTILITY,owned_first,1000,3152,Riftmaker,1028 Ruby Crystal (400) -> 1052 Amplifying Tome (400),800,200,,False
Sylas,UTILITY,full_slots,350,3145 | 3067 | 1028 | 900001 | 900002 | 900003,Hextech Rocketbelt,3152 Hextech Rocketbelt (350),350,0,,False
Sylas,UTILITY,enemy_armor,1200,3145,Hextech Rocketbelt,3067 Kindlegem (800) -> 1028 Ruby Crystal (400),1200,0,,False
Sylas,UTILITY,enemy_magic,1200,3145,Hextech Rocketbelt,3067 Kindlegem (800) -> 1028 Ruby Crystal (400),1200,0,,False
Sylas,UTILITY,isolated_completion,350,3145 | 3067 | 1028,Hextech Rocketbelt,3152 Hextech Rocketbelt (350),,,,False
Syndra,TOP,empty,0,,Blackfire Torch,,0,0,,False
Syndra,TOP,empty,300,,Blackfire Torch,2022 Glowing Mote (250),250,50,,False
Syndra,TOP,empty,1200,,Blackfire Torch,3802 Lost Chapter (1200),1200,0,,False
Syndra,TOP,empty,unknown,,Blackfire Torch,,0,,,False
Syndra,TOP,components,0,3802 | 2508,Blackfire Torch,,0,0,,False
Syndra,TOP,components,699,3802 | 2508,Blackfire Torch,1052 Amplifying Tome (400),400,299,,False
Syndra,TOP,components,700,3802 | 2508,Blackfire Torch,2503 Blackfire Torch (700),700,0,,False
Syndra,TOP,owned_first,1000,2503,Cosmic Drive,3108 Fiendish Codex (850),850,150,,False
Syndra,TOP,full_slots,700,3802 | 2508 | 900001 | 900002 | 900003 | 900004,Blackfire Torch,2503 Blackfire Torch (700),700,0,,False
Syndra,TOP,enemy_armor,1200,3802,Blackfire Torch,2508 Fated Ashes (900),900,300,,False
Syndra,TOP,enemy_magic,1200,3802,Blackfire Torch,2508 Fated Ashes (900),900,300,,False
Syndra,TOP,isolated_completion,700,3802 | 2508,Blackfire Torch,2503 Blackfire Torch (700),,,,False
Syndra,JUNGLE,empty,0,,Malignance,,0,0,,False
Syndra,JUNGLE,empty,300,,Malignance,2022 Glowing Mote (250),250,50,,False
Syndra,JUNGLE,empty,1200,,Malignance,3802 Lost Chapter (1200),1200,0,,False
Syndra,JUNGLE,empty,unknown,,Malignance,,0,,,False
Syndra,JUNGLE,components,0,3802 | 1026,Malignance,,0,0,,False
Syndra,JUNGLE,components,649,3802 | 1026,Malignance,,0,649,,False
Syndra,JUNGLE,components,650,3802 | 1026,Malignance,3118 Malignance (650),650,0,,False
Syndra,JUNGLE,owned_first,1000,3118,Lich Bane,1026 Blasting Wand (850),850,150,,False
Syndra,JUNGLE,full_slots,650,3802 | 1026 | 900001 | 900002 | 900003 | 900004,Malignance,3118 Malignance (650),650,0,,False
Syndra,JUNGLE,enemy_armor,1200,3802,Malignance,1026 Blasting Wand (850),850,350,,False
Syndra,JUNGLE,enemy_magic,1200,3802,Malignance,1026 Blasting Wand (850),850,350,,False
Syndra,JUNGLE,isolated_completion,650,3802 | 1026,Malignance,3118 Malignance (650),,,,False
Syndra,MIDDLE,empty,0,,Blackfire Torch,,0,0,,False
Syndra,MIDDLE,empty,300,,Blackfire Torch,2022 Glowing Mote (250),250,50,,False
Syndra,MIDDLE,empty,1200,,Blackfire Torch,3802 Lost Chapter (1200),1200,0,,False
Syndra,MIDDLE,empty,unknown,,Blackfire Torch,,0,,,False
Syndra,MIDDLE,components,0,3802 | 2508,Blackfire Torch,,0,0,,False
Syndra,MIDDLE,components,699,3802 | 2508,Blackfire Torch,1052 Amplifying Tome (400),400,299,,False
Syndra,MIDDLE,components,700,3802 | 2508,Blackfire Torch,2503 Blackfire Torch (700),700,0,,False
Syndra,MIDDLE,owned_first,1000,2503,Hextech Rocketbelt,1052 Amplifying Tome (400) -> 1052 Amplifying Tome (400),800,200,,False
Syndra,MIDDLE,full_slots,700,3802 | 2508 | 900001 | 900002 | 900003 | 900004,Blackfire Torch,2503 Blackfire Torch (700),700,0,,False
Syndra,MIDDLE,enemy_armor,1200,3802,Blackfire Torch,2508 Fated Ashes (900),900,300,,False
Syndra,MIDDLE,enemy_magic,1200,3802,Blackfire Torch,2508 Fated Ashes (900),900,300,,False
Syndra,MIDDLE,isolated_completion,700,3802 | 2508,Blackfire Torch,2503 Blackfire Torch (700),,,,False
Syndra,BOTTOM,empty,0,,Blackfire Torch,,0,0,,False
Syndra,BOTTOM,empty,300,,Blackfire Torch,2022 Glowing Mote (250),250,50,,False
Syndra,BOTTOM,empty,1200,,Blackfire Torch,3802 Lost Chapter (1200),1200,0,,False
Syndra,BOTTOM,empty,unknown,,Blackfire Torch,,0,,,False
Syndra,BOTTOM,components,0,3802 | 2508,Blackfire Torch,,0,0,,False
Syndra,BOTTOM,components,699,3802 | 2508,Blackfire Torch,1052 Amplifying Tome (400),400,299,,False
Syndra,BOTTOM,components,700,3802 | 2508,Blackfire Torch,2503 Blackfire Torch (700),700,0,,False
Syndra,BOTTOM,owned_first,1000,2503,Cosmic Drive,3108 Fiendish Codex (850),850,150,,False
Syndra,BOTTOM,full_slots,700,3802 | 2508 | 900001 | 900002 | 900003 | 900004,Blackfire Torch,2503 Blackfire Torch (700),700,0,,False
Syndra,BOTTOM,enemy_armor,1200,3802,Blackfire Torch,2508 Fated Ashes (900),900,300,,False
Syndra,BOTTOM,enemy_magic,1200,3802,Blackfire Torch,2508 Fated Ashes (900),900,300,,False
Syndra,BOTTOM,isolated_completion,700,3802 | 2508,Blackfire Torch,2503 Blackfire Torch (700),,,,False
Syndra,UTILITY,empty,0,,Imperial Mandate,,0,0,,False
Syndra,UTILITY,empty,300,,Imperial Mandate,2022 Glowing Mote (250),250,50,,False
Syndra,UTILITY,empty,1200,,Imperial Mandate,1052 Amplifying Tome (400) -> 1052 Amplifying Tome (400) -> 1052 Amplifying Tome (400),1200,0,,False
Syndra,UTILITY,empty,unknown,,Imperial Mandate,,0,,,False
Syndra,UTILITY,components,0,1052 | 4642 | 1052,Imperial Mandate,,0,0,,False
Syndra,UTILITY,components,699,1052 | 4642 | 1052,Imperial Mandate,,0,699,,False
Syndra,UTILITY,components,700,1052 | 4642 | 1052,Imperial Mandate,4005 Imperial Mandate (700),700,0,,False
Syndra,UTILITY,owned_first,1000,4005,Malignance,1026 Blasting Wand (850),850,150,,False
Syndra,UTILITY,full_slots,700,1052 | 4642 | 1052 | 900001 | 900002 | 900003,Imperial Mandate,4005 Imperial Mandate (700),700,0,,False
Syndra,UTILITY,enemy_armor,1200,1052,Imperial Mandate,1052 Amplifying Tome (400) -> 1052 Amplifying Tome (400) -> 2022 Glowing Mote (250),1050,150,,False
Syndra,UTILITY,enemy_magic,1200,1052,Imperial Mandate,1052 Amplifying Tome (400) -> 1052 Amplifying Tome (400) -> 2022 Glowing Mote (250),1050,150,,False
Syndra,UTILITY,isolated_completion,700,1052 | 4642 | 1052,Imperial Mandate,4005 Imperial Mandate (700),,,,False
TahmKench,TOP,empty,0,,Heartsteel,,0,0,,False
TahmKench,TOP,empty,300,,Heartsteel,1006 Rejuvenation Bead (300),300,0,,False
TahmKench,TOP,empty,1200,,Heartsteel,1028 Ruby Crystal (400) -> 1028 Ruby Crystal (400) -> 1028 Ruby Crystal (400),1200,0,,False
TahmKench,TOP,empty,unknown,,Heartsteel,,0,,,False
TahmKench,TOP,components,0,1011 | 3801 | 1011,Heartsteel,,0,0,,False
TahmKench,TOP,components,399,1011 | 3801 | 1011,Heartsteel,,0,399,,False
TahmKench,TOP,components,400,1011 | 3801 | 1011,Heartsteel,1028 Ruby Crystal (400),400,0,,False
TahmKench,TOP,owned_first,1000,3084,Dusk and Dawn,3067 Kindlegem (800),800,200,,False
TahmKench,TOP,full_slots,400,1011 | 3801 | 1011 | 900001 | 900002 | 900003,Heartsteel,3084 Heartsteel (400),400,0,,False
TahmKench,TOP,enemy_armor,1200,1011,Heartsteel,1011 Giant's Belt (900) -> 1006 Rejuvenation Bead (300),1200,0,,False
TahmKench,TOP,enemy_magic,1200,1011,Heartsteel,1011 Giant's Belt (900) -> 1006 Rejuvenation Bead (300),1200,0,,False
TahmKench,TOP,isolated_completion,400,1011 | 3801 | 1011,Heartsteel,3084 Heartsteel (400),,,,False
TahmKench,JUNGLE,empty,0,,Winter's Approach,,0,0,,False
TahmKench,JUNGLE,empty,300,,Winter's Approach,2022 Glowing Mote (250),250,50,,False
TahmKench,JUNGLE,empty,1200,,Winter's Approach,3067 Kindlegem (800) -> 1028 Ruby Crystal (400),1200,0,,False
TahmKench,JUNGLE,empty,unknown,,Warmog's Armor,,0,,,False
TahmKench,JUNGLE,components,0,1011 | 1011 | 3801,Warmog's Armor,,0,0,,False
TahmKench,JUNGLE,components,499,1011 | 1011 | 3801,Heartsteel,1028 Ruby Crystal (400),400,99,,False
TahmKench,JUNGLE,components,500,1011 | 1011 | 3801,Warmog's Armor,3083 Warmog's Armor (500),500,0,,False
TahmKench,JUNGLE,owned_first,1000,3083,Winter's Approach,1011 Giant's Belt (900),900,100,,False
TahmKench,JUNGLE,full_slots,500,1011 | 1011 | 3801 | 900001 | 900002 | 900003,Warmog's Armor,3083 Warmog's Armor (500),500,0,,False
TahmKench,JUNGLE,enemy_armor,1200,1011,Winter's Approach,3067 Kindlegem (800) -> 3070 Tear of the Goddess (400),1200,0,,False
TahmKench,JUNGLE,enemy_magic,1200,1011,Kaenic Rookern,1033 Null-Magic Mantle (400) -> 1033 Null-Magic Mantle (400) -> 1028 Ruby Crystal (400),1200,0,,False
TahmKench,JUNGLE,isolated_completion,500,1011 | 1011 | 3801,Warmog's Armor,3083 Warmog's Armor (500),,,,False
TahmKench,MIDDLE,empty,0,,Heartsteel,,0,0,,False
TahmKench,MIDDLE,empty,300,,Heartsteel,1006 Rejuvenation Bead (300),300,0,,False
TahmKench,MIDDLE,empty,1200,,Heartsteel,1028 Ruby Crystal (400) -> 1028 Ruby Crystal (400) -> 1028 Ruby Crystal (400),1200,0,,False
TahmKench,MIDDLE,empty,unknown,,Heartsteel,,0,,,False
TahmKench,MIDDLE,components,0,1011 | 3801 | 1011,Heartsteel,,0,0,,False
TahmKench,MIDDLE,components,399,1011 | 3801 | 1011,Heartsteel,,0,399,,False
TahmKench,MIDDLE,components,400,1011 | 3801 | 1011,Heartsteel,1028 Ruby Crystal (400),400,0,,False
TahmKench,MIDDLE,owned_first,1000,3084,Dead Man's Plate,1028 Ruby Crystal (400) -> 1028 Ruby Crystal (400),800,200,,False
TahmKench,MIDDLE,full_slots,400,1011 | 3801 | 1011 | 900001 | 900002 | 900003,Heartsteel,3084 Heartsteel (400),400,0,,False
TahmKench,MIDDLE,enemy_armor,1200,1011,Heartsteel,1011 Giant's Belt (900) -> 1006 Rejuvenation Bead (300),1200,0,,False
TahmKench,MIDDLE,enemy_magic,1200,1011,Heartsteel,1011 Giant's Belt (900) -> 1006 Rejuvenation Bead (300),1200,0,,False
TahmKench,MIDDLE,isolated_completion,400,1011 | 3801 | 1011,Heartsteel,3084 Heartsteel (400),,,,False
TahmKench,BOTTOM,empty,0,,Heartsteel,,0,0,,False
TahmKench,BOTTOM,empty,300,,Heartsteel,1006 Rejuvenation Bead (300),300,0,,False
TahmKench,BOTTOM,empty,1200,,Heartsteel,1028 Ruby Crystal (400) -> 1028 Ruby Crystal (400) -> 1028 Ruby Crystal (400),1200,0,,False
TahmKench,BOTTOM,empty,unknown,,Heartsteel,,0,,,False
TahmKench,BOTTOM,components,0,1011 | 3801 | 1011,Heartsteel,,0,0,,False
TahmKench,BOTTOM,components,399,1011 | 3801 | 1011,Heartsteel,,0,399,,False
TahmKench,BOTTOM,components,400,1011 | 3801 | 1011,Heartsteel,1028 Ruby Crystal (400),400,0,,False
TahmKench,BOTTOM,owned_first,1000,3084,Dusk and Dawn,3067 Kindlegem (800),800,200,,False
TahmKench,BOTTOM,full_slots,400,1011 | 3801 | 1011 | 900001 | 900002 | 900003,Heartsteel,3084 Heartsteel (400),400,0,,False
TahmKench,BOTTOM,enemy_armor,1200,1011,Heartsteel,1011 Giant's Belt (900) -> 1006 Rejuvenation Bead (300),1200,0,,False
TahmKench,BOTTOM,enemy_magic,1200,1011,Heartsteel,1011 Giant's Belt (900) -> 1006 Rejuvenation Bead (300),1200,0,,False
TahmKench,BOTTOM,isolated_completion,400,1011 | 3801 | 1011,Heartsteel,3084 Heartsteel (400),,,,False
TahmKench,UTILITY,empty,0,,Heartsteel,,0,0,,False
TahmKench,UTILITY,empty,300,,Heartsteel,1006 Rejuvenation Bead (300),300,0,,False
TahmKench,UTILITY,empty,1200,,Heartsteel,1028 Ruby Crystal (400) -> 1028 Ruby Crystal (400) -> 1028 Ruby Crystal (400),1200,0,,False
TahmKench,UTILITY,empty,unknown,,Heartsteel,,0,,,False
TahmKench,UTILITY,components,0,1011 | 3801 | 1011,Heartsteel,,0,0,,False
TahmKench,UTILITY,components,399,1011 | 3801 | 1011,Heartsteel,,0,399,,False
TahmKench,UTILITY,components,400,1011 | 3801 | 1011,Heartsteel,1028 Ruby Crystal (400),400,0,,False
TahmKench,UTILITY,owned_first,1000,3084,Spirit Visage,1028 Ruby Crystal (400) -> 1028 Ruby Crystal (400),800,200,,False
TahmKench,UTILITY,full_slots,400,1011 | 3801 | 1011 | 900001 | 900002 | 900003,Heartsteel,3084 Heartsteel (400),400,0,,False
TahmKench,UTILITY,enemy_armor,1200,1011,Heartsteel,1011 Giant's Belt (900) -> 1006 Rejuvenation Bead (300),1200,0,,False
TahmKench,UTILITY,enemy_magic,1200,1011,Heartsteel,1011 Giant's Belt (900) -> 1006 Rejuvenation Bead (300),1200,0,,False
TahmKench,UTILITY,isolated_completion,400,1011 | 3801 | 1011,Heartsteel,3084 Heartsteel (400),,,,False
Taliyah,TOP,empty,0,,Blackfire Torch,,0,0,,False
Taliyah,TOP,empty,300,,Blackfire Torch,2022 Glowing Mote (250),250,50,,False
Taliyah,TOP,empty,1200,,Blackfire Torch,3802 Lost Chapter (1200),1200,0,,False
Taliyah,TOP,empty,unknown,,Blackfire Torch,,0,,,False
Taliyah,TOP,components,0,3802 | 2508,Blackfire Torch,,0,0,,False
Taliyah,TOP,components,699,3802 | 2508,Blackfire Torch,,0,699,,False
Taliyah,TOP,components,700,3802 | 2508,Blackfire Torch,2503 Blackfire Torch (700),700,0,,False
Taliyah,TOP,owned_first,1000,2503,Shadowflame,1052 Amplifying Tome (400) -> 1052 Amplifying Tome (400),800,200,,False
Taliyah,TOP,full_slots,700,3802 | 2508 | 900001 | 900002 | 900003 | 900004,Blackfire Torch,2503 Blackfire Torch (700),700,0,,False
Taliyah,TOP,enemy_armor,1200,3802,Blackfire Torch,2508 Fated Ashes (900),900,300,,False
Taliyah,TOP,enemy_magic,1200,3802,Blackfire Torch,2508 Fated Ashes (900),900,300,,False
Taliyah,TOP,isolated_completion,700,3802 | 2508,Blackfire Torch,2503 Blackfire Torch (700),,,,False
Taliyah,JUNGLE,empty,0,,Blackfire Torch,,0,0,,False
Taliyah,JUNGLE,empty,300,,Blackfire Torch,2022 Glowing Mote (250),250,50,,False
Taliyah,JUNGLE,empty,1200,,Blackfire Torch,3802 Lost Chapter (1200),1200,0,,False
Taliyah,JUNGLE,empty,unknown,,Blackfire Torch,,0,,,False
Taliyah,JUNGLE,components,0,3802 | 2508,Blackfire Torch,,0,0,,False
Taliyah,JUNGLE,components,699,3802 | 2508,Blackfire Torch,,0,699,,False
Taliyah,JUNGLE,components,700,3802 | 2508,Blackfire Torch,2503 Blackfire Torch (700),700,0,,False
Taliyah,JUNGLE,owned_first,1000,2503,Shadowflame,1052 Amplifying Tome (400) -> 1052 Amplifying Tome (400),800,200,,False
Taliyah,JUNGLE,full_slots,700,3802 | 2508 | 900001 | 900002 | 900003 | 900004,Blackfire Torch,2503 Blackfire Torch (700),700,0,,False
Taliyah,JUNGLE,enemy_armor,1200,3802,Blackfire Torch,2508 Fated Ashes (900),900,300,,False
Taliyah,JUNGLE,enemy_magic,1200,3802,Blackfire Torch,2508 Fated Ashes (900),900,300,,False
Taliyah,JUNGLE,isolated_completion,700,3802 | 2508,Blackfire Torch,2503 Blackfire Torch (700),,,,False
Taliyah,MIDDLE,empty,0,,Blackfire Torch,,0,0,,False
Taliyah,MIDDLE,empty,300,,Blackfire Torch,2022 Glowing Mote (250),250,50,,False
Taliyah,MIDDLE,empty,1200,,Blackfire Torch,3802 Lost Chapter (1200),1200,0,,False
Taliyah,MIDDLE,empty,unknown,,Blackfire Torch,,0,,,False
Taliyah,MIDDLE,components,0,3802 | 2508,Blackfire Torch,,0,0,,False
Taliyah,MIDDLE,components,699,3802 | 2508,Blackfire Torch,,0,699,,False
Taliyah,MIDDLE,components,700,3802 | 2508,Blackfire Torch,2503 Blackfire Torch (700),700,0,,False
Taliyah,MIDDLE,owned_first,1000,2503,Rylai's Crystal Scepter,1026 Blasting Wand (850),850,150,,False
Taliyah,MIDDLE,full_slots,700,3802 | 2508 | 900001 | 900002 | 900003 | 900004,Blackfire Torch,2503 Blackfire Torch (700),700,0,,False
Taliyah,MIDDLE,enemy_armor,1200,3802,Blackfire Torch,2508 Fated Ashes (900),900,300,,False
Taliyah,MIDDLE,enemy_magic,1200,3802,Blackfire Torch,2508 Fated Ashes (900),900,300,,False
Taliyah,MIDDLE,isolated_completion,700,3802 | 2508,Blackfire Torch,2503 Blackfire Torch (700),,,,False
Taliyah,BOTTOM,empty,0,,Blackfire Torch,,0,0,,False
Taliyah,BOTTOM,empty,300,,Blackfire Torch,2022 Glowing Mote (250),250,50,,False
Taliyah,BOTTOM,empty,1200,,Blackfire Torch,3802 Lost Chapter (1200),1200,0,,False
Taliyah,BOTTOM,empty,unknown,,Blackfire Torch,,0,,,False
Taliyah,BOTTOM,components,0,3802 | 2508,Blackfire Torch,,0,0,,False
Taliyah,BOTTOM,components,699,3802 | 2508,Blackfire Torch,,0,699,,False
Taliyah,BOTTOM,components,700,3802 | 2508,Blackfire Torch,2503 Blackfire Torch (700),700,0,,False
Taliyah,BOTTOM,owned_first,1000,2503,Rylai's Crystal Scepter,1026 Blasting Wand (850),850,150,,False
Taliyah,BOTTOM,full_slots,700,3802 | 2508 | 900001 | 900002 | 900003 | 900004,Blackfire Torch,2503 Blackfire Torch (700),700,0,,False
Taliyah,BOTTOM,enemy_armor,1200,3802,Blackfire Torch,2508 Fated Ashes (900),900,300,,False
Taliyah,BOTTOM,enemy_magic,1200,3802,Blackfire Torch,2508 Fated Ashes (900),900,300,,False
Taliyah,BOTTOM,isolated_completion,700,3802 | 2508,Blackfire Torch,2503 Blackfire Torch (700),,,,False
Taliyah,UTILITY,empty,0,,Imperial Mandate,,0,0,,False
Taliyah,UTILITY,empty,300,,Imperial Mandate,2022 Glowing Mote (250),250,50,,False
Taliyah,UTILITY,empty,1200,,Imperial Mandate,1052 Amplifying Tome (400) -> 1052 Amplifying Tome (400) -> 1052 Amplifying Tome (400),1200,0,,False
Taliyah,UTILITY,empty,unknown,,Imperial Mandate,,0,,,False
Taliyah,UTILITY,components,0,1052 | 4642 | 1052,Imperial Mandate,,0,0,,False
Taliyah,UTILITY,components,699,1052 | 4642 | 1052,Imperial Mandate,,0,699,,False
Taliyah,UTILITY,components,700,1052 | 4642 | 1052,Imperial Mandate,4005 Imperial Mandate (700),700,0,,False
Taliyah,UTILITY,owned_first,1000,4005,Rylai's Crystal Scepter,1026 Blasting Wand (850),850,150,,False
Taliyah,UTILITY,full_slots,700,1052 | 4642 | 1052 | 900001 | 900002 | 900003,Imperial Mandate,4005 Imperial Mandate (700),700,0,,False
Taliyah,UTILITY,enemy_armor,1200,1052,Imperial Mandate,1052 Amplifying Tome (400) -> 1052 Amplifying Tome (400) -> 2022 Glowing Mote (250),1050,150,,False
Taliyah,UTILITY,enemy_magic,1200,1052,Imperial Mandate,1052 Amplifying Tome (400) -> 1052 Amplifying Tome (400) -> 2022 Glowing Mote (250),1050,150,,False
Taliyah,UTILITY,isolated_completion,700,1052 | 4642 | 1052,Imperial Mandate,4005 Imperial Mandate (700),,,,False
Talon,TOP,empty,0,,Eclipse,,0,0,,False
Talon,TOP,empty,300,,Eclipse,2022 Glowing Mote (250),250,50,,False
Talon,TOP,empty,1200,,Eclipse,1036 Long Sword (350) -> 1036 Long Sword (350) -> 1036 Long Sword (350),1050,150,,False
Talon,TOP,empty,unknown,,Eclipse,,0,,,False
Talon,TOP,components,0,3133 | 1037 | 1036,Eclipse,,0,0,,False
Talon,TOP,components,624,3133 | 1037 | 1036,Eclipse,,0,624,,False
Talon,TOP,components,625,3133 | 1037 | 1036,Eclipse,6692 Eclipse (625),625,0,,False
Talon,TOP,owned_first,1000,6692,Black Cleaver,1037 Pickaxe (875),875,125,,False
Talon,TOP,full_slots,625,3133 | 1037 | 1036 | 900001 | 900002 | 900003,Eclipse,6692 Eclipse (625),625,0,,False
Talon,TOP,enemy_armor,1200,3133,Eclipse,1037 Pickaxe (875),875,325,,False
Talon,TOP,enemy_magic,1200,3133,Eclipse,1037 Pickaxe (875),875,325,,False
Talon,TOP,isolated_completion,625,3133 | 1037 | 1036,Eclipse,6692 Eclipse (625),,,,False
Talon,JUNGLE,empty,0,,Umbral Glaive,,0,0,,False
Talon,JUNGLE,empty,300,,Umbral Glaive,2022 Glowing Mote (250),250,50,,False
Talon,JUNGLE,empty,1200,,Umbral Glaive,1036 Long Sword (350) -> 1036 Long Sword (350) -> 1036 Long Sword (350),1050,150,,False
Talon,JUNGLE,empty,unknown,,Umbral Glaive,,0,,,False
Talon,JUNGLE,components,0,3134 | 3133,Umbral Glaive,,0,0,,False
Talon,JUNGLE,components,749,3134 | 3133,Umbral Glaive,,0,749,,False
Talon,JUNGLE,components,750,3134 | 3133,Umbral Glaive,3179 Umbral Glaive (750),750,0,,False
Talon,JUNGLE,owned_first,1000,3179,Bastionbreaker,3134 Serrated Dirk (1000),1000,0,,False
Talon,JUNGLE,full_slots,750,3134 | 3133 | 900001 | 900002 | 900003 | 900004,Umbral Glaive,3179 Umbral Glaive (750),750,0,,False
Talon,JUNGLE,enemy_armor,1200,3134,Umbral Glaive,3133 Caulfield's Warhammer (1050),1050,150,,False
Talon,JUNGLE,enemy_magic,1200,3134,Umbral Glaive,3133 Caulfield's Warhammer (1050),1050,150,,False
Talon,JUNGLE,isolated_completion,750,3134 | 3133,Umbral Glaive,3179 Umbral Glaive (750),,,,False
Talon,MIDDLE,empty,0,,Youmuu's Ghostblade,,0,0,,False
Talon,MIDDLE,empty,300,,Umbral Glaive,2022 Glowing Mote (250),250,50,,False
Talon,MIDDLE,empty,1200,,Youmuu's Ghostblade,1036 Long Sword (350) -> 1036 Long Sword (350) -> 1036 Long Sword (350),1050,150,,False
Talon,MIDDLE,empty,unknown,,Umbral Glaive,,0,,,False
Talon,MIDDLE,components,0,3134 | 3133,Umbral Glaive,,0,0,,False
Talon,MIDDLE,components,749,3134 | 3133,Umbral Glaive,,0,749,,False
Talon,MIDDLE,components,750,3134 | 3133,Umbral Glaive,3179 Umbral Glaive (750),750,0,,False
Talon,MIDDLE,owned_first,1000,3179,Bastionbreaker,3134 Serrated Dirk (1000),1000,0,,False
Talon,MIDDLE,full_slots,750,3134 | 3133 | 900001 | 900002 | 900003 | 900004,Umbral Glaive,3179 Umbral Glaive (750),750,0,,False
Talon,MIDDLE,enemy_armor,1200,3134,Umbral Glaive,3133 Caulfield's Warhammer (1050),1050,150,,False
Talon,MIDDLE,enemy_magic,1200,3134,Umbral Glaive,3133 Caulfield's Warhammer (1050),1050,150,,False
Talon,MIDDLE,isolated_completion,750,3134 | 3133,Umbral Glaive,3179 Umbral Glaive (750),,,,False
Talon,BOTTOM,empty,0,,Hubris,,0,0,,False
Talon,BOTTOM,empty,300,,Hubris,2022 Glowing Mote (250),250,50,,False
Talon,BOTTOM,empty,1200,,Hubris,1036 Long Sword (350) -> 1036 Long Sword (350) -> 1036 Long Sword (350),1050,150,,False
Talon,BOTTOM,empty,unknown,,Hubris,,0,,,False
Talon,BOTTOM,components,0,3134 | 3133,Hubris,,0,0,,False
Talon,BOTTOM,components,749,3134 | 3133,Hubris,,0,749,,False
Talon,BOTTOM,components,750,3134 | 3133,Hubris,6697 Hubris (750),750,0,,False
Talon,BOTTOM,owned_first,1000,6697,Axiom Arc,1037 Pickaxe (875),875,125,,False
Talon,BOTTOM,full_slots,750,3134 | 3133 | 900001 | 900002 | 900003 | 900004,Hubris,6697 Hubris (750),750,0,,False
Talon,BOTTOM,enemy_armor,1200,3134,Hubris,3133 Caulfield's Warhammer (1050),1050,150,,False
Talon,BOTTOM,enemy_magic,1200,3134,Hubris,3133 Caulfield's Warhammer (1050),1050,150,,False
Talon,BOTTOM,isolated_completion,750,3134 | 3133,Hubris,6697 Hubris (750),,,,False
Talon,UTILITY,empty,0,,Axiom Arc,,0,0,,False
Talon,UTILITY,empty,300,,Axiom Arc,2022 Glowing Mote (250),250,50,,False
Talon,UTILITY,empty,1200,,Axiom Arc,1037 Pickaxe (875) -> 2022 Glowing Mote (250),1125,75,,False
Talon,UTILITY,empty,unknown,,Axiom Arc,,0,,,False
Talon,UTILITY,components,0,2020 | 3133,Axiom Arc,,0,0,,False
Talon,UTILITY,components,362,2020 | 3133,Axiom Arc,,0,362,,False
Talon,UTILITY,components,363,2020 | 3133,Axiom Arc,6696 Axiom Arc (363),363,0,,False
Talon,UTILITY,owned_first,1000,6696,Umbral Glaive,3134 Serrated Dirk (1000),1000,0,,False
Talon,UTILITY,full_slots,363,2020 | 3133 | 900001 | 900002 | 900003 | 900004,Axiom Arc,6696 Axiom Arc (363),363,0,,False
Talon,UTILITY,enemy_armor,1200,2020,Axiom Arc,3133 Caulfield's Warhammer (1050),1050,150,,False
Talon,UTILITY,enemy_magic,1200,2020,Axiom Arc,3133 Caulfield's Warhammer (1050),1050,150,,False
Talon,UTILITY,isolated_completion,363,2020 | 3133,Axiom Arc,6696 Axiom Arc (363),,,,False
Taric,TOP,empty,0,,Iceborn Gauntlet,,0,0,,False
Taric,TOP,empty,300,,Iceborn Gauntlet,2022 Glowing Mote (250),250,50,,False
Taric,TOP,empty,1200,,Iceborn Gauntlet,1028 Ruby Crystal (400) -> 1031 Chain Vest (800),1200,0,,False
Taric,TOP,empty,unknown,,Iceborn Gauntlet,,0,,,False
Taric,TOP,components,0,3057 | 1028 | 1031,Iceborn Gauntlet,,0,0,,False
Taric,TOP,components,799,3057 | 1028 | 1031,Iceborn Gauntlet,1028 Ruby Crystal (400) -> 2022 Glowing Mote (250),650,149,,False
Taric,TOP,components,800,3057 | 1028 | 1031,Iceborn Gauntlet,6662 Iceborn Gauntlet (800),800,0,,False
Taric,TOP,owned_first,1000,6662,Knight's Vow,3067 Kindlegem (800),800,200,,False
Taric,TOP,full_slots,800,3057 | 1028 | 1031 | 900001 | 900002 | 900003,Iceborn Gauntlet,6662 Iceborn Gauntlet (800),800,0,,False
Taric,TOP,enemy_armor,1200,3057,Iceborn Gauntlet,1031 Chain Vest (800) -> 1028 Ruby Crystal (400),1200,0,,False
Taric,TOP,enemy_magic,1200,3057,Iceborn Gauntlet,1033 Null-Magic Mantle (400) -> 1033 Null-Magic Mantle (400) -> 1028 Ruby Crystal (400),1200,0,,False
Taric,TOP,isolated_completion,800,3057 | 1028 | 1031,Iceborn Gauntlet,6662 Iceborn Gauntlet (800),,,,False
Taric,JUNGLE,empty,0,,Rod of Ages,,0,0,,False
Taric,JUNGLE,empty,300,,Rod of Ages,1027 Sapphire Crystal (300),300,0,,False
Taric,JUNGLE,empty,1200,,Rod of Ages,1028 Ruby Crystal (400) -> 1028 Ruby Crystal (400) -> 1027 Sapphire Crystal (300),1100,100,,False
Taric,JUNGLE,empty,unknown,,Rod of Ages,,0,,,False
Taric,JUNGLE,components,0,1026 | 3803,Rod of Ages,,0,0,,False
Taric,JUNGLE,components,449,1026 | 3803,Rod of Ages,1028 Ruby Crystal (400),400,49,,False
Taric,JUNGLE,components,450,1026 | 3803,Rod of Ages,6657 Rod of Ages (450),450,0,,False
Taric,JUNGLE,owned_first,1000,6657,Dead Man's Plate,1028 Ruby Crystal (400) -> 1028 Ruby Crystal (400),800,200,,False
Taric,JUNGLE,full_slots,450,1026 | 3803 | 900001 | 900002 | 900003 | 900004,Rod of Ages,6657 Rod of Ages (450),450,0,,False
Taric,JUNGLE,enemy_armor,1200,1026,Rod of Ages,1028 Ruby Crystal (400) -> 1028 Ruby Crystal (400) -> 1027 Sapphire Crystal (300),1100,100,,False
Taric,JUNGLE,enemy_magic,1200,1026,Rod of Ages,1028 Ruby Crystal (400) -> 1028 Ruby Crystal (400) -> 1033 Null-Magic Mantle (400),1200,0,,False
Taric,JUNGLE,isolated_completion,450,1026 | 3803,Rod of Ages,6657 Rod of Ages (450),,,,False
Taric,MIDDLE,empty,0,,Hollow Radiance,,0,0,,False
Taric,MIDDLE,empty,300,,Hollow Radiance,2022 Glowing Mote (250),250,50,,False
Taric,MIDDLE,empty,1200,,Hollow Radiance,1028 Ruby Crystal (400) -> 1028 Ruby Crystal (400) -> 2022 Glowing Mote (250),1050,150,,False
Taric,MIDDLE,empty,unknown,,Hollow Radiance,,0,,,False
Taric,MIDDLE,components,0,6660 | 3211,Hollow Radiance,,0,0,,False
Taric,MIDDLE,components,649,6660 | 3211,Hollow Radiance,1028 Ruby Crystal (400),400,249,,False
Taric,MIDDLE,components,650,6660 | 3211,Hollow Radiance,6664 Hollow Radiance (650),650,0,,False
Taric,MIDDLE,owned_first,1000,6664,Spirit Visage,3067 Kindlegem (800),800,200,,False
Taric,MIDDLE,full_slots,650,6660 | 3211 | 900001 | 900002 | 900003 | 900004,Hollow Radiance,6664 Hollow Radiance (650),650,0,,False
Taric,MIDDLE,enemy_armor,1200,6660,Hollow Radiance,1033 Null-Magic Mantle (400) -> 1028 Ruby Crystal (400) -> 1006 Rejuvenation Bead (300),1100,100,,False
Taric,MIDDLE,enemy_magic,1200,6660,Hollow Radiance,1033 Null-Magic Mantle (400) -> 1028 Ruby Crystal (400) -> 1006 Rejuvenation Bead (300),1100,100,,False
Taric,MIDDLE,isolated_completion,650,6660 | 3211,Hollow Radiance,6664 Hollow Radiance (650),,,,False
Taric,BOTTOM,empty,0,,Iceborn Gauntlet,,0,0,,False
Taric,BOTTOM,empty,300,,Iceborn Gauntlet,2022 Glowing Mote (250),250,50,,False
Taric,BOTTOM,empty,1200,,Iceborn Gauntlet,1028 Ruby Crystal (400) -> 1031 Chain Vest (800),1200,0,,False
Taric,BOTTOM,empty,unknown,,Iceborn Gauntlet,,0,,,False
Taric,BOTTOM,components,0,3057 | 1028 | 1031,Iceborn Gauntlet,,0,0,,False
Taric,BOTTOM,components,799,3057 | 1028 | 1031,Iceborn Gauntlet,1028 Ruby Crystal (400) -> 2022 Glowing Mote (250),650,149,,False
Taric,BOTTOM,components,800,3057 | 1028 | 1031,Iceborn Gauntlet,6662 Iceborn Gauntlet (800),800,0,,False
Taric,BOTTOM,owned_first,1000,6662,Winter's Approach,3067 Kindlegem (800),800,200,,False
Taric,BOTTOM,full_slots,800,3057 | 1028 | 1031 | 900001 | 900002 | 900003,Iceborn Gauntlet,6662 Iceborn Gauntlet (800),800,0,,False
Taric,BOTTOM,enemy_armor,1200,3057,Iceborn Gauntlet,1031 Chain Vest (800) -> 1028 Ruby Crystal (400),1200,0,,False
Taric,BOTTOM,enemy_magic,1200,3057,Iceborn Gauntlet,1033 Null-Magic Mantle (400) -> 1028 Ruby Crystal (400) -> 1029 Cloth Armor (300),1100,100,,False
Taric,BOTTOM,isolated_completion,800,3057 | 1028 | 1031,Iceborn Gauntlet,6662 Iceborn Gauntlet (800),,,,False
Taric,UTILITY,empty,0,,Locket of the Iron Solari,,0,0,,False
Taric,UTILITY,empty,300,,Locket of the Iron Solari,2022 Glowing Mote (250),250,50,,False
Taric,UTILITY,empty,1200,,Locket of the Iron Solari,3067 Kindlegem (800) -> 1033 Null-Magic Mantle (400),1200,0,,False
Taric,UTILITY,empty,unknown,,Locket of the Iron Solari,,0,,,False
Taric,UTILITY,components,0,3067 | 1029 | 1033,Locket of the Iron Solari,,0,0,,False
Taric,UTILITY,components,699,3067 | 1029 | 1033,Locket of the Iron Solari,2022 Glowing Mote (250),250,449,,False
Taric,UTILITY,components,700,3067 | 1029 | 1033,Locket of the Iron Solari,3190 Locket of the Iron Solari (700),700,0,,False
Taric,UTILITY,owned_first,1000,3190,Knight's Vow,3067 Kindlegem (800),800,200,,False
Taric,UTILITY,full_slots,700,3067 | 1029 | 1033 | 900001 | 900002 | 900003,Locket of the Iron Solari,3190 Locket of the Iron Solari (700),700,0,,False
Taric,UTILITY,enemy_armor,1200,3067,Locket of the Iron Solari,1033 Null-Magic Mantle (400) -> 1029 Cloth Armor (300),700,500,,False
Taric,UTILITY,enemy_magic,1200,3067,Locket of the Iron Solari,1033 Null-Magic Mantle (400) -> 1033 Null-Magic Mantle (400) -> 1029 Cloth Armor (300),1100,100,,False
Taric,UTILITY,isolated_completion,700,3067 | 1029 | 1033,Locket of the Iron Solari,3190 Locket of the Iron Solari (700),,,,False
Teemo,TOP,empty,0,,Statikk Shiv,,0,0,,False
Teemo,TOP,empty,300,,Statikk Shiv,1042 Dagger (250),250,50,,False
Teemo,TOP,empty,1200,,Statikk Shiv,1037 Pickaxe (875) -> 1042 Dagger (250),1125,75,,False
Teemo,TOP,empty,unknown,,Statikk Shiv,,0,,,False
Teemo,TOP,components,0,3144 | 3113 | 1037,Statikk Shiv,,0,0,,False
Teemo,TOP,components,624,3144 | 3113 | 1037,Statikk Shiv,,0,624,,False
Teemo,TOP,components,625,3144 | 3113 | 1037,Statikk Shiv,3087 Statikk Shiv (625),625,0,,False
Teemo,TOP,owned_first,1000,3087,Liandry's Torment,1052 Amplifying Tome (400) -> 1052 Amplifying Tome (400),800,200,,False
Teemo,TOP,full_slots,625,3144 | 3113 | 1037 | 900001 | 900002 | 900003,Statikk Shiv,3087 Statikk Shiv (625),625,0,,False
Teemo,TOP,enemy_armor,1200,3144,Statikk Shiv,1037 Pickaxe (875),875,325,,False
Teemo,TOP,enemy_magic,1200,3144,Statikk Shiv,1037 Pickaxe (875),875,325,,False
Teemo,TOP,isolated_completion,625,3144 | 3113 | 1037,Statikk Shiv,3087 Statikk Shiv (625),,,,False
Teemo,JUNGLE,empty,0,,Statikk Shiv,,0,0,,False
Teemo,JUNGLE,empty,300,,Statikk Shiv,1042 Dagger (250),250,50,,False
Teemo,JUNGLE,empty,1200,,Statikk Shiv,1037 Pickaxe (875) -> 1042 Dagger (250),1125,75,,False
Teemo,JUNGLE,empty,unknown,,Statikk Shiv,,0,,,False
Teemo,JUNGLE,components,0,3144 | 3113 | 1037,Statikk Shiv,,0,0,,False
Teemo,JUNGLE,components,624,3144 | 3113 | 1037,Statikk Shiv,,0,624,,False
Teemo,JUNGLE,components,625,3144 | 3113 | 1037,Statikk Shiv,3087 Statikk Shiv (625),625,0,,False
Teemo,JUNGLE,owned_first,1000,3087,Dusk and Dawn,1026 Blasting Wand (850),850,150,,False
Teemo,JUNGLE,full_slots,625,3144 | 3113 | 1037 | 900001 | 900002 | 900003,Statikk Shiv,3087 Statikk Shiv (625),625,0,,False
Teemo,JUNGLE,enemy_armor,1200,3144,Statikk Shiv,1037 Pickaxe (875),875,325,,False
Teemo,JUNGLE,enemy_magic,1200,3144,Statikk Shiv,1037 Pickaxe (875),875,325,,False
Teemo,JUNGLE,isolated_completion,625,3144 | 3113 | 1037,Statikk Shiv,3087 Statikk Shiv (625),,,,False
Teemo,MIDDLE,empty,0,,Statikk Shiv,,0,0,,False
Teemo,MIDDLE,empty,300,,Statikk Shiv,1042 Dagger (250),250,50,,False
Teemo,MIDDLE,empty,1200,,Statikk Shiv,1037 Pickaxe (875) -> 1042 Dagger (250),1125,75,,False
Teemo,MIDDLE,empty,unknown,,Statikk Shiv,,0,,,False
Teemo,MIDDLE,components,0,3144 | 3113 | 1037,Statikk Shiv,,0,0,,False
Teemo,MIDDLE,components,624,3144 | 3113 | 1037,Statikk Shiv,,0,624,,False
Teemo,MIDDLE,components,625,3144 | 3113 | 1037,Statikk Shiv,3087 Statikk Shiv (625),625,0,,False
Teemo,MIDDLE,owned_first,1000,3087,Riftmaker,3108 Fiendish Codex (850),850,150,,False
Teemo,MIDDLE,full_slots,625,3144 | 3113 | 1037 | 900001 | 900002 | 900003,Statikk Shiv,3087 Statikk Shiv (625),625,0,,False
Teemo,MIDDLE,enemy_armor,1200,3144,Statikk Shiv,1037 Pickaxe (875),875,325,,False
Teemo,MIDDLE,enemy_magic,1200,3144,Statikk Shiv,1037 Pickaxe (875),875,325,,False
Teemo,MIDDLE,isolated_completion,625,3144 | 3113 | 1037,Statikk Shiv,3087 Statikk Shiv (625),,,,False
Teemo,BOTTOM,empty,0,,Essence Reaver,,0,0,,False
Teemo,BOTTOM,empty,300,,Essence Reaver,2022 Glowing Mote (250),250,50,,False
Teemo,BOTTOM,empty,1200,,Essence Reaver,1018 Cloak of Agility (600) -> 1036 Long Sword (350) -> 2022 Glowing Mote (250),1200,0,,False
Teemo,BOTTOM,empty,unknown,,Essence Reaver,,0,,,False
Teemo,BOTTOM,components,0,3057 | 3133 | 1018,Essence Reaver,,0,0,,False
Teemo,BOTTOM,components,499,3057 | 3133 | 1018,Essence Reaver,,0,499,,False
Teemo,BOTTOM,components,500,3057 | 3133 | 1018,Essence Reaver,3508 Essence Reaver (500),500,0,,False
Teemo,BOTTOM,owned_first,1000,3508,Hextech Gunblade,1052 Amplifying Tome (400) -> 1052 Amplifying Tome (400),800,200,,False
Teemo,BOTTOM,full_slots,500,3057 | 3133 | 1018 | 900001 | 900002 | 900003,Essence Reaver,3508 Essence Reaver (500),500,0,,False
Teemo,BOTTOM,enemy_armor,1200,3057,Essence Reaver,1018 Cloak of Agility (600) -> 1036 Long Sword (350) -> 2022 Glowing Mote (250),1200,0,,False
Teemo,BOTTOM,enemy_magic,1200,3057,Essence Reaver,1018 Cloak of Agility (600) -> 1036 Long Sword (350) -> 2022 Glowing Mote (250),1200,0,,False
Teemo,BOTTOM,isolated_completion,500,3057 | 3133 | 1018,Essence Reaver,3508 Essence Reaver (500),,,,False
Teemo,UTILITY,empty,0,,Liandry's Torment,,0,0,,False
Teemo,UTILITY,empty,300,,Liandry's Torment,1042 Dagger (250),250,50,,False
Teemo,UTILITY,empty,1200,,Liandry's Torment,1052 Amplifying Tome (400) -> 1052 Amplifying Tome (400) -> 1052 Amplifying Tome (400),1200,0,,False
Teemo,UTILITY,empty,unknown,,Liandry's Torment,,0,,,False
Teemo,UTILITY,components,0,3147 | 2508,Liandry's Torment,,0,0,,False
Teemo,UTILITY,components,799,3147 | 2508,Liandry's Torment,1052 Amplifying Tome (400) -> 1042 Dagger (250),650,149,,False
Teemo,UTILITY,components,800,3147 | 2508,Liandry's Torment,1052 Amplifying Tome (400) -> 1052 Amplifying Tome (400),800,0,,False
Teemo,UTILITY,owned_first,1000,6653,Malignance,1026 Blasting Wand (850),850,150,,False
Teemo,UTILITY,full_slots,800,3147 | 2508 | 900001 | 900002 | 900003 | 900004,Liandry's Torment,6653 Liandry's Torment (800),800,0,,False
Teemo,UTILITY,enemy_armor,1200,3147,Liandry's Torment,2508 Fated Ashes (900),900,300,,False
Teemo,UTILITY,enemy_magic,1200,3147,Liandry's Torment,1052 Amplifying Tome (400) -> 1052 Amplifying Tome (400) -> 1042 Dagger (250),1050,150,,False
Teemo,UTILITY,isolated_completion,800,3147 | 2508,Liandry's Torment,6653 Liandry's Torment (800),,,,False
Thresh,TOP,empty,0,,Winter's Approach,,0,0,,False
Thresh,TOP,empty,300,,Rod of Ages,1027 Sapphire Crystal (300),300,0,,False
Thresh,TOP,empty,1200,,Winter's Approach,3067 Kindlegem (800) -> 1028 Ruby Crystal (400),1200,0,,False
Thresh,TOP,empty,unknown,,Winter's Approach,,0,,,False
Thresh,TOP,components,0,3070 | 1011 | 3067,Winter's Approach,,0,0,,False
Thresh,TOP,components,299,3070 | 1011 | 3067,Winter's Approach,,0,299,,False
Thresh,TOP,components,300,3070 | 1011 | 3067,Winter's Approach,3119 Winter's Approach (300),300,0,,False
Thresh,TOP,owned_first,1000,3119,Protoplasm Harness,3067 Kindlegem (800),800,200,,False
Thresh,TOP,full_slots,300,3070 | 1011 | 3067 | 900001 | 900002 | 900003,Winter's Approach,3119 Winter's Approach (300),300,0,,False
Thresh,TOP,enemy_armor,1200,3070,Redemption,3108 Fiendish Codex (850) -> 1004 Faerie Charm (200),1050,150,,False
Thresh,TOP,enemy_magic,1200,3070,Kaenic Rookern,1033 Null-Magic Mantle (400) -> 1033 Null-Magic Mantle (400) -> 1028 Ruby Crystal (400),1200,0,,False
Thresh,TOP,isolated_completion,300,3070 | 1011 | 3067,Winter's Approach,3119 Winter's Approach (300),,,,False
Thresh,JUNGLE,empty,0,,Winter's Approach,,0,0,,False
Thresh,JUNGLE,empty,300,,Rod of Ages,1027 Sapphire Crystal (300),300,0,,False
Thresh,JUNGLE,empty,1200,,Winter's Approach,3067 Kindlegem (800) -> 1028 Ruby Crystal (400),1200,0,,False
Thresh,JUNGLE,empty,unknown,,Winter's Approach,,0,,,False
Thresh,JUNGLE,components,0,3070 | 1011 | 3067,Winter's Approach,,0,0,,False
Thresh,JUNGLE,components,299,3070 | 1011 | 3067,Winter's Approach,,0,299,,False
Thresh,JUNGLE,components,300,3070 | 1011 | 3067,Winter's Approach,3119 Winter's Approach (300),300,0,,False
Thresh,JUNGLE,owned_first,1000,3119,Protoplasm Harness,3067 Kindlegem (800),800,200,,False
Thresh,JUNGLE,full_slots,300,3070 | 1011 | 3067 | 900001 | 900002 | 900003,Winter's Approach,3119 Winter's Approach (300),300,0,,False
Thresh,JUNGLE,enemy_armor,1200,3070,Redemption,3108 Fiendish Codex (850) -> 1004 Faerie Charm (200),1050,150,,False
Thresh,JUNGLE,enemy_magic,1200,3070,Kaenic Rookern,1033 Null-Magic Mantle (400) -> 1033 Null-Magic Mantle (400) -> 1028 Ruby Crystal (400),1200,0,,False
Thresh,JUNGLE,isolated_completion,300,3070 | 1011 | 3067,Winter's Approach,3119 Winter's Approach (300),,,,False
Thresh,MIDDLE,empty,0,,Winter's Approach,,0,0,,False
Thresh,MIDDLE,empty,300,,Rod of Ages,1027 Sapphire Crystal (300),300,0,,False
Thresh,MIDDLE,empty,1200,,Winter's Approach,3067 Kindlegem (800) -> 1028 Ruby Crystal (400),1200,0,,False
Thresh,MIDDLE,empty,unknown,,Winter's Approach,,0,,,False
Thresh,MIDDLE,components,0,3070 | 1011 | 3067,Winter's Approach,,0,0,,False
Thresh,MIDDLE,components,299,3070 | 1011 | 3067,Winter's Approach,,0,299,,False
Thresh,MIDDLE,components,300,3070 | 1011 | 3067,Winter's Approach,3119 Winter's Approach (300),300,0,,False
Thresh,MIDDLE,owned_first,1000,3119,Protoplasm Harness,3067 Kindlegem (800),800,200,,False
Thresh,MIDDLE,full_slots,300,3070 | 1011 | 3067 | 900001 | 900002 | 900003,Winter's Approach,3119 Winter's Approach (300),300,0,,False
Thresh,MIDDLE,enemy_armor,1200,3070,Redemption,3108 Fiendish Codex (850) -> 1004 Faerie Charm (200),1050,150,,False
Thresh,MIDDLE,enemy_magic,1200,3070,Kaenic Rookern,1033 Null-Magic Mantle (400) -> 1033 Null-Magic Mantle (400) -> 1028 Ruby Crystal (400),1200,0,,False
Thresh,MIDDLE,isolated_completion,300,3070 | 1011 | 3067,Winter's Approach,3119 Winter's Approach (300),,,,False
Thresh,BOTTOM,empty,0,,Winter's Approach,,0,0,,False
Thresh,BOTTOM,empty,300,,Rod of Ages,1027 Sapphire Crystal (300),300,0,,False
Thresh,BOTTOM,empty,1200,,Winter's Approach,3067 Kindlegem (800) -> 1028 Ruby Crystal (400),1200,0,,False
Thresh,BOTTOM,empty,unknown,,Winter's Approach,,0,,,False
Thresh,BOTTOM,components,0,3070 | 1011 | 3067,Winter's Approach,,0,0,,False
Thresh,BOTTOM,components,299,3070 | 1011 | 3067,Winter's Approach,,0,299,,False
Thresh,BOTTOM,components,300,3070 | 1011 | 3067,Winter's Approach,3119 Winter's Approach (300),300,0,,False
Thresh,BOTTOM,owned_first,1000,3119,Protoplasm Harness,3067 Kindlegem (800),800,200,,False
Thresh,BOTTOM,full_slots,300,3070 | 1011 | 3067 | 900001 | 900002 | 900003,Winter's Approach,3119 Winter's Approach (300),300,0,,False
Thresh,BOTTOM,enemy_armor,1200,3070,Redemption,3108 Fiendish Codex (850) -> 1004 Faerie Charm (200),1050,150,,False
Thresh,BOTTOM,enemy_magic,1200,3070,Kaenic Rookern,1033 Null-Magic Mantle (400) -> 1033 Null-Magic Mantle (400) -> 1028 Ruby Crystal (400),1200,0,,False
Thresh,BOTTOM,isolated_completion,300,3070 | 1011 | 3067,Winter's Approach,3119 Winter's Approach (300),,,,False
Thresh,UTILITY,empty,0,,Locket of the Iron Solari,,0,0,,False
Thresh,UTILITY,empty,300,,Locket of the Iron Solari,2022 Glowing Mote (250),250,50,,False
Thresh,UTILITY,empty,1200,,Locket of the Iron Solari,3067 Kindlegem (800) -> 2022 Glowing Mote (250),1050,150,,False
Thresh,UTILITY,empty,unknown,,Locket of the Iron Solari,,0,,,False
Thresh,UTILITY,components,0,3067 | 1029 | 1033,Locket of the Iron Solari,,0,0,,False
Thresh,UTILITY,components,699,3067 | 1029 | 1033,Locket of the Iron Solari,2022 Glowing Mote (250),250,449,,False
Thresh,UTILITY,components,700,3067 | 1029 | 1033,Locket of the Iron Solari,2022 Glowing Mote (250),250,450,,False
Thresh,UTILITY,owned_first,1000,3190,Knight's Vow,3067 Kindlegem (800),800,200,,False
Thresh,UTILITY,full_slots,700,3067 | 1029 | 1033 | 900001 | 900002 | 900003,Locket of the Iron Solari,3190 Locket of the Iron Solari (700),700,0,,False
Thresh,UTILITY,enemy_armor,1200,3067,Locket of the Iron Solari,1029 Cloth Armor (300) -> 1033 Null-Magic Mantle (400) -> 2022 Glowing Mote (250),950,250,,False
Thresh,UTILITY,enemy_magic,1200,3067,Locket of the Iron Solari,1033 Null-Magic Mantle (400) -> 1033 Null-Magic Mantle (400) -> 1029 Cloth Armor (300),1100,100,,False
Thresh,UTILITY,isolated_completion,700,3067 | 1029 | 1033,Locket of the Iron Solari,3190 Locket of the Iron Solari (700),,,,False
Tristana,TOP,empty,0,,Yun Tal Wildarrows,,0,0,,False
Tristana,TOP,empty,300,,Yun Tal Wildarrows,1042 Dagger (250),250,50,,False
Tristana,TOP,empty,1200,,Yun Tal Wildarrows,3144 Scout's Slingshot (600) -> 1036 Long Sword (350),950,250,,False
Tristana,TOP,empty,unknown,,Yun Tal Wildarrows,,0,,,False
Tristana,TOP,components,0,1038 | 3144 | 1036,Yun Tal Wildarrows,,0,0,,False
Tristana,TOP,components,749,1038 | 3144 | 1036,Yun Tal Wildarrows,,0,749,,False
Tristana,TOP,components,750,1038 | 3144 | 1036,Yun Tal Wildarrows,3032 Yun Tal Wildarrows (750),750,0,,False
Tristana,TOP,owned_first,1000,3032,Infinity Edge,1037 Pickaxe (875),875,125,,False
Tristana,TOP,full_slots,750,1038 | 3144 | 1036 | 900001 | 900002 | 900003,Yun Tal Wildarrows,3032 Yun Tal Wildarrows (750),750,0,,False
Tristana,TOP,enemy_armor,1200,1038,Yun Tal Wildarrows,3144 Scout's Slingshot (600) -> 1036 Long Sword (350),950,250,,False
Tristana,TOP,enemy_magic,1200,1038,Yun Tal Wildarrows,3144 Scout's Slingshot (600) -> 1036 Long Sword (350),950,250,,False
Tristana,TOP,isolated_completion,750,1038 | 3144 | 1036,Yun Tal Wildarrows,3032 Yun Tal Wildarrows (750),,,,False
Tristana,JUNGLE,empty,0,,Essence Reaver,,0,0,,False
Tristana,JUNGLE,empty,300,,Essence Reaver,2022 Glowing Mote (250),250,50,,False
Tristana,JUNGLE,empty,1200,,Essence Reaver,1018 Cloak of Agility (600) -> 1036 Long Sword (350) -> 2022 Glowing Mote (250),1200,0,,False
Tristana,JUNGLE,empty,unknown,,Essence Reaver,,0,,,False
Tristana,JUNGLE,components,0,3057 | 3133 | 1018,Essence Reaver,,0,0,,False
Tristana,JUNGLE,components,499,3057 | 3133 | 1018,Essence Reaver,,0,499,,False
Tristana,JUNGLE,components,500,3057 | 3133 | 1018,Essence Reaver,3508 Essence Reaver (500),500,0,,False
Tristana,JUNGLE,owned_first,1000,3508,Infinity Edge,1037 Pickaxe (875),875,125,,False
Tristana,JUNGLE,full_slots,500,3057 | 3133 | 1018 | 900001 | 900002 | 900003,Essence Reaver,3508 Essence Reaver (500),500,0,,False
Tristana,JUNGLE,enemy_armor,1200,3057,Essence Reaver,1018 Cloak of Agility (600) -> 1036 Long Sword (350) -> 2022 Glowing Mote (250),1200,0,,False
Tristana,JUNGLE,enemy_magic,1200,3057,Essence Reaver,1018 Cloak of Agility (600) -> 1036 Long Sword (350) -> 2022 Glowing Mote (250),1200,0,,False
Tristana,JUNGLE,isolated_completion,500,3057 | 3133 | 1018,Essence Reaver,3508 Essence Reaver (500),,,,False
Tristana,MIDDLE,empty,0,,Yun Tal Wildarrows,,0,0,,False
Tristana,MIDDLE,empty,300,,Yun Tal Wildarrows,1042 Dagger (250),250,50,,False
Tristana,MIDDLE,empty,1200,,Yun Tal Wildarrows,3144 Scout's Slingshot (600) -> 1036 Long Sword (350),950,250,,False
Tristana,MIDDLE,empty,unknown,,Yun Tal Wildarrows,,0,,,False
Tristana,MIDDLE,components,0,1038 | 3144 | 1036,Yun Tal Wildarrows,,0,0,,False
Tristana,MIDDLE,components,749,1038 | 3144 | 1036,Yun Tal Wildarrows,,0,749,,False
Tristana,MIDDLE,components,750,1038 | 3144 | 1036,Yun Tal Wildarrows,3032 Yun Tal Wildarrows (750),750,0,,False
Tristana,MIDDLE,owned_first,1000,3032,Infinity Edge,1037 Pickaxe (875),875,125,,False
Tristana,MIDDLE,full_slots,750,1038 | 3144 | 1036 | 900001 | 900002 | 900003,Yun Tal Wildarrows,3032 Yun Tal Wildarrows (750),750,0,,False
Tristana,MIDDLE,enemy_armor,1200,1038,Yun Tal Wildarrows,3144 Scout's Slingshot (600) -> 1036 Long Sword (350),950,250,,False
Tristana,MIDDLE,enemy_magic,1200,1038,Yun Tal Wildarrows,3144 Scout's Slingshot (600) -> 1036 Long Sword (350),950,250,,False
Tristana,MIDDLE,isolated_completion,750,1038 | 3144 | 1036,Yun Tal Wildarrows,3032 Yun Tal Wildarrows (750),,,,False
Tristana,BOTTOM,empty,0,,Yun Tal Wildarrows,,0,0,,False
Tristana,BOTTOM,empty,300,,Yun Tal Wildarrows,1042 Dagger (250),250,50,,False
Tristana,BOTTOM,empty,1200,,Yun Tal Wildarrows,3144 Scout's Slingshot (600) -> 1036 Long Sword (350),950,250,,False
Tristana,BOTTOM,empty,unknown,,Yun Tal Wildarrows,,0,,,False
Tristana,BOTTOM,components,0,1038 | 3144 | 1036,Yun Tal Wildarrows,,0,0,,False
Tristana,BOTTOM,components,749,1038 | 3144 | 1036,Yun Tal Wildarrows,,0,749,,False
Tristana,BOTTOM,components,750,1038 | 3144 | 1036,Yun Tal Wildarrows,3032 Yun Tal Wildarrows (750),750,0,,False
Tristana,BOTTOM,owned_first,1000,3032,Infinity Edge,1037 Pickaxe (875),875,125,,False
Tristana,BOTTOM,full_slots,750,1038 | 3144 | 1036 | 900001 | 900002 | 900003,Yun Tal Wildarrows,3032 Yun Tal Wildarrows (750),750,0,,False
Tristana,BOTTOM,enemy_armor,1200,1038,Yun Tal Wildarrows,3144 Scout's Slingshot (600) -> 1036 Long Sword (350),950,250,,False
Tristana,BOTTOM,enemy_magic,1200,1038,Yun Tal Wildarrows,3144 Scout's Slingshot (600) -> 1036 Long Sword (350),950,250,,False
Tristana,BOTTOM,isolated_completion,750,1038 | 3144 | 1036,Yun Tal Wildarrows,3032 Yun Tal Wildarrows (750),,,,False
Tristana,UTILITY,empty,0,,The Collector,,0,0,,False
Tristana,UTILITY,empty,300,,The Collector,,0,300,,False
Tristana,UTILITY,empty,1200,,The Collector,1018 Cloak of Agility (600) -> 1036 Long Sword (350),950,250,,False
Tristana,UTILITY,empty,unknown,,The Collector,,0,,,False
Tristana,UTILITY,components,0,1037 | 3134 | 1018,The Collector,,0,0,,False
Tristana,UTILITY,components,524,1037 | 3134 | 1018,The Collector,,0,524,,False
Tristana,UTILITY,components,525,1037 | 3134 | 1018,The Collector,6676 The Collector (525),525,0,,False
Tristana,UTILITY,owned_first,1000,6676,Infinity Edge,1037 Pickaxe (875),875,125,,False
Tristana,UTILITY,full_slots,525,1037 | 3134 | 1018 | 900001 | 900002 | 900003,The Collector,6676 The Collector (525),525,0,,False
Tristana,UTILITY,enemy_armor,1200,1037,The Collector,1018 Cloak of Agility (600) -> 1036 Long Sword (350),950,250,,False
Tristana,UTILITY,enemy_magic,1200,1037,The Collector,1018 Cloak of Agility (600) -> 1036 Long Sword (350),950,250,,False
Tristana,UTILITY,isolated_completion,525,1037 | 3134 | 1018,The Collector,6676 The Collector (525),,,,False
Trundle,TOP,empty,0,,Ravenous Hydra,,0,0,,False
Trundle,TOP,empty,300,,Ravenous Hydra,2022 Glowing Mote (250),250,50,,False
Trundle,TOP,empty,1200,,Ravenous Hydra,3133 Caulfield's Warhammer (1050),1050,150,,False
Trundle,TOP,empty,unknown,,Ravenous Hydra,,0,,,False
Trundle,TOP,components,0,3077 | 1053 | 3133,Ravenous Hydra,,0,0,,False
Trundle,TOP,components,149,3077 | 1053 | 3133,Ravenous Hydra,,0,149,,False
Trundle,TOP,components,150,3077 | 1053 | 3133,Ravenous Hydra,3074 Ravenous Hydra (150),150,0,,False
Trundle,TOP,owned_first,1000,3074,Blade of The Ruined King,1028 Ruby Crystal (400) -> 1036 Long Sword (350) -> 1042 Dagger (250),1000,0,,False
Trundle,TOP,full_slots,150,3077 | 1053 | 3133 | 900001 | 900002 | 900003,Ravenous Hydra,3074 Ravenous Hydra (150),150,0,,False
Trundle,TOP,enemy_armor,1200,3077,Ravenous Hydra,1036 Long Sword (350) -> 1029 Cloth Armor (300) -> 1029 Cloth Armor (300) -> 2022 Glowing Mote (250),1200,0,,False
Trundle,TOP,enemy_magic,1200,3077,Ravenous Hydra,1033 Null-Magic Mantle (400) -> 1036 Long Sword (350) -> 1036 Long Sword (350),1100,100,,False
Trundle,TOP,isolated_completion,150,3077 | 1053 | 3133,Ravenous Hydra,3074 Ravenous Hydra (150),,,,False
Trundle,JUNGLE,empty,0,,Trinity Force,,0,0,,False
Trundle,JUNGLE,empty,300,,Trinity Force,1042 Dagger (250),250,50,,False
Trundle,JUNGLE,empty,1200,,Trinity Force,3044 Phage (1100),1100,100,,False
Trundle,JUNGLE,empty,unknown,,Trinity Force,,0,,,False
Trundle,JUNGLE,components,0,3057 | 3044 | 3051,Trinity Force,,0,0,,False
Trundle,JUNGLE,components,132,3057 | 3044 | 3051,Trinity Force,,0,132,,False
Trundle,JUNGLE,components,133,3057 | 3044 | 3051,Trinity Force,3078 Trinity Force (133),133,0,,False
Trundle,JUNGLE,owned_first,1000,3078,Dead Man's Plate,1028 Ruby Crystal (400) -> 1028 Ruby Crystal (400),800,200,,False
Trundle,JUNGLE,full_slots,133,3057 | 3044 | 3051 | 900001 | 900002 | 900003,Trinity Force,3078 Trinity Force (133),133,0,,False
Trundle,JUNGLE,enemy_armor,1200,3057,Trinity Force,3044 Phage (1100),1100,100,,False
Trundle,JUNGLE,enemy_magic,1200,3057,Trinity Force,1028 Ruby Crystal (400) -> 1033 Null-Magic Mantle (400) -> 1036 Long Sword (350),1150,50,,False
Trundle,JUNGLE,isolated_completion,133,3057 | 3044 | 3051,Trinity Force,3078 Trinity Force (133),,,,False
Trundle,MIDDLE,empty,0,,Ravenous Hydra,,0,0,,False
Trundle,MIDDLE,empty,300,,Ravenous Hydra,2022 Glowing Mote (250),250,50,,False
Trundle,MIDDLE,empty,1200,,Ravenous Hydra,3133 Caulfield's Warhammer (1050),1050,150,,False
Trundle,MIDDLE,empty,unknown,,Ravenous Hydra,,0,,,False
Trundle,MIDDLE,components,0,3077 | 1053 | 3133,Ravenous Hydra,,0,0,,False
Trundle,MIDDLE,components,149,3077 | 1053 | 3133,Ravenous Hydra,,0,149,,False
Trundle,MIDDLE,components,150,3077 | 1053 | 3133,Ravenous Hydra,3074 Ravenous Hydra (150),150,0,,False
Trundle,MIDDLE,owned_first,1000,3074,Trinity Force,1028 Ruby Crystal (400) -> 1036 Long Sword (350) -> 1042 Dagger (250),1000,0,,False
Trundle,MIDDLE,full_slots,150,3077 | 1053 | 3133 | 900001 | 900002 | 900003,Ravenous Hydra,3074 Ravenous Hydra (150),150,0,,False
Trundle,MIDDLE,enemy_armor,1200,3077,Ravenous Hydra,3133 Caulfield's Warhammer (1050),1050,150,,False
Trundle,MIDDLE,enemy_magic,1200,3077,Ravenous Hydra,1033 Null-Magic Mantle (400) -> 1036 Long Sword (350) -> 1036 Long Sword (350),1100,100,,False
Trundle,MIDDLE,isolated_completion,150,3077 | 1053 | 3133,Ravenous Hydra,3074 Ravenous Hydra (150),,,,False
Trundle,BOTTOM,empty,0,,Trinity Force,,0,0,,False
Trundle,BOTTOM,empty,300,,Trinity Force,1042 Dagger (250),250,50,,False
Trundle,BOTTOM,empty,1200,,Trinity Force,3044 Phage (1100),1100,100,,False
Trundle,BOTTOM,empty,unknown,,Trinity Force,,0,,,False
Trundle,BOTTOM,components,0,3057 | 3044 | 3051,Trinity Force,,0,0,,False
Trundle,BOTTOM,components,132,3057 | 3044 | 3051,Trinity Force,,0,132,,False
Trundle,BOTTOM,components,133,3057 | 3044 | 3051,Trinity Force,3078 Trinity Force (133),133,0,,False
Trundle,BOTTOM,owned_first,1000,3078,Blade of The Ruined King,1028 Ruby Crystal (400) -> 1036 Long Sword (350) -> 1042 Dagger (250),1000,0,,False
Trundle,BOTTOM,full_slots,133,3057 | 3044 | 3051 | 900001 | 900002 | 900003,Trinity Force,3078 Trinity Force (133),133,0,,False
Trundle,BOTTOM,enemy_armor,1200,3057,Trinity Force,3044 Phage (1100),1100,100,,False
Trundle,BOTTOM,enemy_magic,1200,3057,Trinity Force,1028 Ruby Crystal (400) -> 1033 Null-Magic Mantle (400) -> 1036 Long Sword (350),1150,50,,False
Trundle,BOTTOM,isolated_completion,133,3057 | 3044 | 3051,Trinity Force,3078 Trinity Force (133),,,,False
Trundle,UTILITY,empty,0,,Zeke's Convergence,,0,0,,False
Trundle,UTILITY,empty,300,,Zeke's Convergence,2022 Glowing Mote (250),250,50,,False
Trundle,UTILITY,empty,1200,,Zeke's Convergence,3067 Kindlegem (800) -> 1028 Ruby Crystal (400),1200,0,,False
Trundle,UTILITY,empty,unknown,,Trinity Force,,0,,,False
Trundle,UTILITY,components,0,3057 | 3044 | 3051,Trinity Force,,0,0,,False
Trundle,UTILITY,components,132,3057 | 3044 | 3051,Trinity Force,,0,132,,False
Trundle,UTILITY,components,133,3057 | 3044 | 3051,Trinity Force,3078 Trinity Force (133),133,0,,False
Trundle,UTILITY,owned_first,1000,3078,Blade of The Ruined King,1028 Ruby Crystal (400) -> 1036 Long Sword (350) -> 1042 Dagger (250),1000,0,,False
Trundle,UTILITY,full_slots,133,3057 | 3044 | 3051 | 900001 | 900002 | 900003,Trinity Force,3078 Trinity Force (133),133,0,,False
Trundle,UTILITY,enemy_armor,1200,3057,Zeke's Convergence,3067 Kindlegem (800) -> 1029 Cloth Armor (300),1100,100,,False
Trundle,UTILITY,enemy_magic,1200,3057,Zeke's Convergence,1033 Null-Magic Mantle (400) -> 1028 Ruby Crystal (400) -> 1033 Null-Magic Mantle (400),1200,0,,False
Trundle,UTILITY,isolated_completion,133,3057 | 3044 | 3051,Trinity Force,3078 Trinity Force (133),,,,False
Tryndamere,TOP,empty,0,,Ravenous Hydra,,0,0,,False
Tryndamere,TOP,empty,300,,Ravenous Hydra,2022 Glowing Mote (250),250,50,,False
Tryndamere,TOP,empty,1200,,Ravenous Hydra,1036 Long Sword (350) -> 1036 Long Sword (350) -> 1036 Long Sword (350),1050,150,,False
Tryndamere,TOP,empty,unknown,,Ravenous Hydra,,0,,,False
Tryndamere,TOP,components,0,3077 | 1053 | 3133,Ravenous Hydra,,0,0,,False
Tryndamere,TOP,components,149,3077 | 1053 | 3133,Ravenous Hydra,,0,149,,False
Tryndamere,TOP,components,150,3077 | 1053 | 3133,Ravenous Hydra,3074 Ravenous Hydra (150),150,0,,False
Tryndamere,TOP,owned_first,1000,3074,Navori Flickerblade,1042 Dagger (250) -> 1042 Dagger (250) -> 1042 Dagger (250),750,250,,False
Tryndamere,TOP,full_slots,150,3077 | 1053 | 3133 | 900001 | 900002 | 900003,Ravenous Hydra,3074 Ravenous Hydra (150),150,0,,False
Tryndamere,TOP,enemy_armor,1200,3077,Ravenous Hydra,1036 Long Sword (350) -> 1036 Long Sword (350) -> 1036 Long Sword (350),1050,150,,False
Tryndamere,TOP,enemy_magic,1200,3077,Ravenous Hydra,1036 Long Sword (350) -> 1036 Long Sword (350) -> 1036 Long Sword (350),1050,150,,False
Tryndamere,TOP,isolated_completion,150,3077 | 1053 | 3133,Ravenous Hydra,3074 Ravenous Hydra (150),,,,False
Tryndamere,JUNGLE,empty,0,,Ravenous Hydra,,0,0,,False
Tryndamere,JUNGLE,empty,300,,Ravenous Hydra,2022 Glowing Mote (250),250,50,,False
Tryndamere,JUNGLE,empty,1200,,Ravenous Hydra,1036 Long Sword (350) -> 1036 Long Sword (350) -> 1036 Long Sword (350),1050,150,,False
Tryndamere,JUNGLE,empty,unknown,,Ravenous Hydra,,0,,,False
Tryndamere,JUNGLE,components,0,3077 | 1053 | 3133,Ravenous Hydra,,0,0,,False
Tryndamere,JUNGLE,components,149,3077 | 1053 | 3133,Ravenous Hydra,,0,149,,False
Tryndamere,JUNGLE,components,150,3077 | 1053 | 3133,Ravenous Hydra,3074 Ravenous Hydra (150),150,0,,False
Tryndamere,JUNGLE,owned_first,1000,3074,Navori Flickerblade,1042 Dagger (250) -> 1042 Dagger (250) -> 1042 Dagger (250),750,250,,False
Tryndamere,JUNGLE,full_slots,150,3077 | 1053 | 3133 | 900001 | 900002 | 900003,Ravenous Hydra,3074 Ravenous Hydra (150),150,0,,False
Tryndamere,JUNGLE,enemy_armor,1200,3077,Ravenous Hydra,1036 Long Sword (350) -> 1036 Long Sword (350) -> 1036 Long Sword (350),1050,150,,False
Tryndamere,JUNGLE,enemy_magic,1200,3077,Ravenous Hydra,1036 Long Sword (350) -> 1036 Long Sword (350) -> 1036 Long Sword (350),1050,150,,False
Tryndamere,JUNGLE,isolated_completion,150,3077 | 1053 | 3133,Ravenous Hydra,3074 Ravenous Hydra (150),,,,False
Tryndamere,MIDDLE,empty,0,,Ravenous Hydra,,0,0,,False
Tryndamere,MIDDLE,empty,300,,Ravenous Hydra,2022 Glowing Mote (250),250,50,,False
Tryndamere,MIDDLE,empty,1200,,Ravenous Hydra,1036 Long Sword (350) -> 1036 Long Sword (350) -> 1036 Long Sword (350),1050,150,,False
Tryndamere,MIDDLE,empty,unknown,,Ravenous Hydra,,0,,,False
Tryndamere,MIDDLE,components,0,3077 | 1053 | 3133,Ravenous Hydra,,0,0,,False
Tryndamere,MIDDLE,components,149,3077 | 1053 | 3133,Ravenous Hydra,,0,149,,False
Tryndamere,MIDDLE,components,150,3077 | 1053 | 3133,Ravenous Hydra,3074 Ravenous Hydra (150),150,0,,False
Tryndamere,MIDDLE,owned_first,1000,3074,Yun Tal Wildarrows,3144 Scout's Slingshot (600) -> 1036 Long Sword (350),950,50,,False
Tryndamere,MIDDLE,full_slots,150,3077 | 1053 | 3133 | 900001 | 900002 | 900003,Ravenous Hydra,3074 Ravenous Hydra (150),150,0,,False
Tryndamere,MIDDLE,enemy_armor,1200,3077,Ravenous Hydra,1036 Long Sword (350) -> 1036 Long Sword (350) -> 1036 Long Sword (350),1050,150,,False
Tryndamere,MIDDLE,enemy_magic,1200,3077,Ravenous Hydra,1036 Long Sword (350) -> 1036 Long Sword (350) -> 1036 Long Sword (350),1050,150,,False
Tryndamere,MIDDLE,isolated_completion,150,3077 | 1053 | 3133,Ravenous Hydra,3074 Ravenous Hydra (150),,,,False
Tryndamere,BOTTOM,empty,0,,Ravenous Hydra,,0,0,,False
Tryndamere,BOTTOM,empty,300,,Ravenous Hydra,2022 Glowing Mote (250),250,50,,False
Tryndamere,BOTTOM,empty,1200,,Ravenous Hydra,1036 Long Sword (350) -> 1036 Long Sword (350) -> 1036 Long Sword (350),1050,150,,False
Tryndamere,BOTTOM,empty,unknown,,Ravenous Hydra,,0,,,False
Tryndamere,BOTTOM,components,0,3077 | 1053 | 3133,Ravenous Hydra,,0,0,,False
Tryndamere,BOTTOM,components,149,3077 | 1053 | 3133,Ravenous Hydra,,0,149,,False
Tryndamere,BOTTOM,components,150,3077 | 1053 | 3133,Ravenous Hydra,3074 Ravenous Hydra (150),150,0,,False
Tryndamere,BOTTOM,owned_first,1000,3074,Navori Flickerblade,1042 Dagger (250) -> 1042 Dagger (250) -> 1042 Dagger (250),750,250,,False
Tryndamere,BOTTOM,full_slots,150,3077 | 1053 | 3133 | 900001 | 900002 | 900003,Ravenous Hydra,3074 Ravenous Hydra (150),150,0,,False
Tryndamere,BOTTOM,enemy_armor,1200,3077,Ravenous Hydra,1036 Long Sword (350) -> 1036 Long Sword (350) -> 1036 Long Sword (350),1050,150,,False
Tryndamere,BOTTOM,enemy_magic,1200,3077,Ravenous Hydra,1036 Long Sword (350) -> 1036 Long Sword (350) -> 1036 Long Sword (350),1050,150,,False
Tryndamere,BOTTOM,isolated_completion,150,3077 | 1053 | 3133,Ravenous Hydra,3074 Ravenous Hydra (150),,,,False
Tryndamere,UTILITY,empty,0,,Umbral Glaive,,0,0,,False
Tryndamere,UTILITY,empty,300,,Umbral Glaive,2022 Glowing Mote (250),250,50,,False
Tryndamere,UTILITY,empty,1200,,Umbral Glaive,1036 Long Sword (350) -> 1036 Long Sword (350) -> 1036 Long Sword (350),1050,150,,False
Tryndamere,UTILITY,empty,unknown,,Umbral Glaive,,0,,,False
Tryndamere,UTILITY,components,0,3134 | 3133,Umbral Glaive,,0,0,,False
Tryndamere,UTILITY,components,749,3134 | 3133,Umbral Glaive,,0,749,,False
Tryndamere,UTILITY,components,750,3134 | 3133,Umbral Glaive,3179 Umbral Glaive (750),750,0,,False
Tryndamere,UTILITY,owned_first,1000,3179,Phantom Dancer,1042 Dagger (250) -> 1042 Dagger (250) -> 1042 Dagger (250),750,250,,False
Tryndamere,UTILITY,full_slots,750,3134 | 3133 | 900001 | 900002 | 900003 | 900004,Umbral Glaive,3179 Umbral Glaive (750),750,0,,False
Tryndamere,UTILITY,enemy_armor,1200,3134,Umbral Glaive,3133 Caulfield's Warhammer (1050),1050,150,,False
Tryndamere,UTILITY,enemy_magic,1200,3134,Umbral Glaive,3133 Caulfield's Warhammer (1050),1050,150,,False
Tryndamere,UTILITY,isolated_completion,750,3134 | 3133,Umbral Glaive,3179 Umbral Glaive (750),,,,False
TwistedFate,TOP,empty,0,,Kraken Slayer,,0,0,,False
TwistedFate,TOP,empty,300,,Kraken Slayer,1042 Dagger (250),250,50,,False
TwistedFate,TOP,empty,1200,,Kraken Slayer,1036 Long Sword (350) -> 1036 Long Sword (350) -> 1036 Long Sword (350),1050,150,,False
TwistedFate,TOP,empty,unknown,,Kraken Slayer,,0,,,False
TwistedFate,TOP,components,0,6690 | 3051 | 1043,Kraken Slayer,,0,0,,False
TwistedFate,TOP,components,324,6690 | 3051 | 1043,Kraken Slayer,,0,324,,False
TwistedFate,TOP,components,325,6690 | 3051 | 1043,Kraken Slayer,6672 Kraken Slayer (325),325,0,,False
TwistedFate,TOP,owned_first,1000,6672,Rapid Firecannon,1018 Cloak of Agility (600) -> 1036 Long Sword (350),950,50,,False
TwistedFate,TOP,full_slots,325,6690 | 3051 | 1043 | 900001 | 900002 | 900003,Kraken Slayer,6672 Kraken Slayer (325),325,0,,False
TwistedFate,TOP,enemy_armor,1200,6690,Kraken Slayer,3051 Hearthbound Axe (1200),1200,0,,False
TwistedFate,TOP,enemy_magic,1200,6690,Kraken Slayer,3051 Hearthbound Axe (1200),1200,0,,False
TwistedFate,TOP,isolated_completion,325,6690 | 3051 | 1043,Kraken Slayer,6672 Kraken Slayer (325),,,,False
TwistedFate,JUNGLE,empty,0,,Essence Reaver,,0,0,,False
TwistedFate,JUNGLE,empty,300,,Essence Reaver,2022 Glowing Mote (250),250,50,,False
TwistedFate,JUNGLE,empty,1200,,Essence Reaver,3133 Caulfield's Warhammer (1050),1050,150,,False
TwistedFate,JUNGLE,empty,unknown,,Essence Reaver,,0,,,False
TwistedFate,JUNGLE,components,0,3057 | 3133 | 1018,Essence Reaver,,0,0,,False
TwistedFate,JUNGLE,components,499,3057 | 3133 | 1018,Essence Reaver,,0,499,,False
TwistedFate,JUNGLE,components,500,3057 | 3133 | 1018,Essence Reaver,3508 Essence Reaver (500),500,0,,False
TwistedFate,JUNGLE,owned_first,1000,3508,Hextech Gunblade,1052 Amplifying Tome (400) -> 1052 Amplifying Tome (400),800,200,,False
TwistedFate,JUNGLE,full_slots,500,3057 | 3133 | 1018 | 900001 | 900002 | 900003,Essence Reaver,3508 Essence Reaver (500),500,0,,False
TwistedFate,JUNGLE,enemy_armor,1200,3057,Essence Reaver,3133 Caulfield's Warhammer (1050),1050,150,,False
TwistedFate,JUNGLE,enemy_magic,1200,3057,Essence Reaver,3133 Caulfield's Warhammer (1050),1050,150,,False
TwistedFate,JUNGLE,isolated_completion,500,3057 | 3133 | 1018,Essence Reaver,3508 Essence Reaver (500),,,,False
TwistedFate,MIDDLE,empty,0,,Rod of Ages,,0,0,,False
TwistedFate,MIDDLE,empty,300,,Rod of Ages,1027 Sapphire Crystal (300),300,0,,False
TwistedFate,MIDDLE,empty,1200,,Rod of Ages,1026 Blasting Wand (850) -> 1027 Sapphire Crystal (300),1150,50,,False
TwistedFate,MIDDLE,empty,unknown,,Rod of Ages,,0,,,False
TwistedFate,MIDDLE,components,0,1026 | 3803,Rod of Ages,,0,0,,False
TwistedFate,MIDDLE,components,449,1026 | 3803,Rod of Ages,1052 Amplifying Tome (400),400,49,,False
TwistedFate,MIDDLE,components,450,1026 | 3803,Rod of Ages,1052 Amplifying Tome (400),400,50,,False
TwistedFate,MIDDLE,owned_first,1000,6657,Lich Bane,1026 Blasting Wand (850),850,150,,False
TwistedFate,MIDDLE,full_slots,450,1026 | 3803 | 900001 | 900002 | 900003 | 900004,Rod of Ages,6657 Rod of Ages (450),450,0,,False
TwistedFate,MIDDLE,enemy_armor,1200,1026,Rod of Ages,1027 Sapphire Crystal (300) -> 1028 Ruby Crystal (400) -> 1028 Ruby Crystal (400),1100,100,,False
TwistedFate,MIDDLE,enemy_magic,1200,1026,Rod of Ages,1027 Sapphire Crystal (300) -> 1028 Ruby Crystal (400) -> 1028 Ruby Crystal (400),1100,100,,False
TwistedFate,MIDDLE,isolated_completion,450,1026 | 3803,Rod of Ages,6657 Rod of Ages (450),,,,False
TwistedFate,BOTTOM,empty,0,,Hextech Rocketbelt,,0,0,,False
TwistedFate,BOTTOM,empty,300,,Hextech Rocketbelt,2022 Glowing Mote (250),250,50,,False
TwistedFate,BOTTOM,empty,1200,,Hextech Rocketbelt,1052 Amplifying Tome (400) -> 1052 Amplifying Tome (400) -> 2022 Glowing Mote (250),1050,150,,False
TwistedFate,BOTTOM,empty,unknown,,Hextech Rocketbelt,,0,,,False
TwistedFate,BOTTOM,components,0,3145 | 3067 | 1028,Hextech Rocketbelt,,0,0,,False
TwistedFate,BOTTOM,components,349,3145 | 3067 | 1028,Hextech Rocketbelt,,0,349,,False
TwistedFate,BOTTOM,components,350,3145 | 3067 | 1028,Hextech Rocketbelt,3152 Hextech Rocketbelt (350),350,0,,False
TwistedFate,BOTTOM,owned_first,1000,3152,Lich Bane,1026 Blasting Wand (850),850,150,,False
TwistedFate,BOTTOM,full_slots,350,3145 | 3067 | 1028 | 900001 | 900002 | 900003,Hextech Rocketbelt,3152 Hextech Rocketbelt (350),350,0,,False
TwistedFate,BOTTOM,enemy_armor,1200,3145,Hextech Rocketbelt,3067 Kindlegem (800) -> 1052 Amplifying Tome (400),1200,0,,False
TwistedFate,BOTTOM,enemy_magic,1200,3145,Hextech Rocketbelt,3067 Kindlegem (800) -> 1052 Amplifying Tome (400),1200,0,,False
TwistedFate,BOTTOM,isolated_completion,350,3145 | 3067 | 1028,Hextech Rocketbelt,3152 Hextech Rocketbelt (350),,,,False
TwistedFate,UTILITY,empty,0,,Essence Reaver,,0,0,,False
TwistedFate,UTILITY,empty,300,,Essence Reaver,2022 Glowing Mote (250),250,50,,False
TwistedFate,UTILITY,empty,1200,,Essence Reaver,3133 Caulfield's Warhammer (1050),1050,150,,False
TwistedFate,UTILITY,empty,unknown,,Essence Reaver,,0,,,False
TwistedFate,UTILITY,components,0,3057 | 3133 | 1018,Essence Reaver,,0,0,,False
TwistedFate,UTILITY,components,499,3057 | 3133 | 1018,Essence Reaver,,0,499,,False
TwistedFate,UTILITY,components,500,3057 | 3133 | 1018,Essence Reaver,3508 Essence Reaver (500),500,0,,False
TwistedFate,UTILITY,owned_first,1000,3508,Hextech Gunblade,1052 Amplifying Tome (400) -> 1052 Amplifying Tome (400),800,200,,False
TwistedFate,UTILITY,full_slots,500,3057 | 3133 | 1018 | 900001 | 900002 | 900003,Essence Reaver,3508 Essence Reaver (500),500,0,,False
TwistedFate,UTILITY,enemy_armor,1200,3057,Essence Reaver,3133 Caulfield's Warhammer (1050),1050,150,,False
TwistedFate,UTILITY,enemy_magic,1200,3057,Essence Reaver,3133 Caulfield's Warhammer (1050),1050,150,,False
TwistedFate,UTILITY,isolated_completion,500,3057 | 3133 | 1018,Essence Reaver,3508 Essence Reaver (500),,,,False
Twitch,TOP,empty,0,,Yun Tal Wildarrows,,0,0,,False
Twitch,TOP,empty,300,,Yun Tal Wildarrows,1042 Dagger (250),250,50,,False
Twitch,TOP,empty,1200,,Yun Tal Wildarrows,3144 Scout's Slingshot (600) -> 1036 Long Sword (350),950,250,,False
Twitch,TOP,empty,unknown,,Yun Tal Wildarrows,,0,,,False
Twitch,TOP,components,0,1038 | 3144 | 1036,Yun Tal Wildarrows,,0,0,,False
Twitch,TOP,components,749,1038 | 3144 | 1036,Yun Tal Wildarrows,,0,749,,False
Twitch,TOP,components,750,1038 | 3144 | 1036,Yun Tal Wildarrows,3032 Yun Tal Wildarrows (750),750,0,,False
Twitch,TOP,owned_first,1000,3032,Infinity Edge,1037 Pickaxe (875),875,125,,False
Twitch,TOP,full_slots,750,1038 | 3144 | 1036 | 900001 | 900002 | 900003,Yun Tal Wildarrows,3032 Yun Tal Wildarrows (750),750,0,,False
Twitch,TOP,enemy_armor,1200,1038,Yun Tal Wildarrows,3144 Scout's Slingshot (600) -> 1036 Long Sword (350),950,250,,False
Twitch,TOP,enemy_magic,1200,1038,Yun Tal Wildarrows,3144 Scout's Slingshot (600) -> 1036 Long Sword (350),950,250,,False
Twitch,TOP,isolated_completion,750,1038 | 3144 | 1036,Yun Tal Wildarrows,3032 Yun Tal Wildarrows (750),,,,False
Twitch,JUNGLE,empty,0,,The Collector,,0,0,,False
Twitch,JUNGLE,empty,300,,The Collector,,0,300,,False
Twitch,JUNGLE,empty,1200,,The Collector,1018 Cloak of Agility (600) -> 1036 Long Sword (350),950,250,,False
Twitch,JUNGLE,empty,unknown,,The Collector,,0,,,False
Twitch,JUNGLE,components,0,1037 | 3134 | 1018,The Collector,,0,0,,False
Twitch,JUNGLE,components,524,1037 | 3134 | 1018,The Collector,,0,524,,False
Twitch,JUNGLE,components,525,1037 | 3134 | 1018,The Collector,6676 The Collector (525),525,0,,False
Twitch,JUNGLE,owned_first,1000,6676,Fiendhunter Bolts,1018 Cloak of Agility (600) -> 1042 Dagger (250),850,150,,False
Twitch,JUNGLE,full_slots,525,1037 | 3134 | 1018 | 900001 | 900002 | 900003,The Collector,6676 The Collector (525),525,0,,False
Twitch,JUNGLE,enemy_armor,1200,1037,The Collector,1018 Cloak of Agility (600) -> 1036 Long Sword (350),950,250,,False
Twitch,JUNGLE,enemy_magic,1200,1037,The Collector,1018 Cloak of Agility (600) -> 1036 Long Sword (350),950,250,,False
Twitch,JUNGLE,isolated_completion,525,1037 | 3134 | 1018,The Collector,6676 The Collector (525),,,,False
Twitch,MIDDLE,empty,0,,Nashor's Tooth,,0,0,,False
Twitch,MIDDLE,empty,300,,Nashor's Tooth,1042 Dagger (250),250,50,,False
Twitch,MIDDLE,empty,1200,,Nashor's Tooth,3108 Fiendish Codex (850) -> 1042 Dagger (250),1100,100,,False
Twitch,MIDDLE,empty,unknown,,Nashor's Tooth,,0,,,False
Twitch,MIDDLE,components,0,1043 | 1026 | 3108,Nashor's Tooth,,0,0,,False
Twitch,MIDDLE,components,499,1043 | 1026 | 3108,Nashor's Tooth,1042 Dagger (250),250,249,,False
Twitch,MIDDLE,components,500,1043 | 1026 | 3108,Nashor's Tooth,3115 Nashor's Tooth (500),500,0,,False
Twitch,MIDDLE,owned_first,1000,3115,Rabadon's Deathcap,1036 Long Sword (350) -> 1036 Long Sword (350) -> 1042 Dagger (250),950,50,,False
Twitch,MIDDLE,full_slots,500,1043 | 1026 | 3108 | 900001 | 900002 | 900003,Nashor's Tooth,3115 Nashor's Tooth (500),500,0,,False
Twitch,MIDDLE,enemy_armor,1200,1043,Nashor's Tooth,3108 Fiendish Codex (850) -> 1042 Dagger (250),1100,100,,False
Twitch,MIDDLE,enemy_magic,1200,1043,Nashor's Tooth,3108 Fiendish Codex (850) -> 1042 Dagger (250),1100,100,,False
Twitch,MIDDLE,isolated_completion,500,1043 | 1026 | 3108,Nashor's Tooth,3115 Nashor's Tooth (500),,,,False
Twitch,BOTTOM,empty,0,,The Collector,,0,0,,False
Twitch,BOTTOM,empty,300,,Yun Tal Wildarrows,1042 Dagger (250),250,50,,False
Twitch,BOTTOM,empty,1200,,The Collector,1018 Cloak of Agility (600) -> 1036 Long Sword (350),950,250,,False
Twitch,BOTTOM,empty,unknown,,The Collector,,0,,,False
Twitch,BOTTOM,components,0,1037 | 3134 | 1018,The Collector,,0,0,,False
Twitch,BOTTOM,components,524,1037 | 3134 | 1018,The Collector,,0,524,,False
Twitch,BOTTOM,components,525,1037 | 3134 | 1018,The Collector,6676 The Collector (525),525,0,,False
Twitch,BOTTOM,owned_first,1000,6676,Fiendhunter Bolts,1018 Cloak of Agility (600) -> 1042 Dagger (250),850,150,,False
Twitch,BOTTOM,full_slots,525,1037 | 3134 | 1018 | 900001 | 900002 | 900003,The Collector,6676 The Collector (525),525,0,,False
Twitch,BOTTOM,enemy_armor,1200,1037,The Collector,1018 Cloak of Agility (600) -> 1036 Long Sword (350),950,250,,False
Twitch,BOTTOM,enemy_magic,1200,1037,The Collector,1018 Cloak of Agility (600) -> 1036 Long Sword (350),950,250,,False
Twitch,BOTTOM,isolated_completion,525,1037 | 3134 | 1018,The Collector,6676 The Collector (525),,,,False
Twitch,UTILITY,empty,0,,The Collector,,0,0,,False
Twitch,UTILITY,empty,300,,The Collector,,0,300,,False
Twitch,UTILITY,empty,1200,,The Collector,1018 Cloak of Agility (600) -> 1036 Long Sword (350),950,250,,False
Twitch,UTILITY,empty,unknown,,The Collector,,0,,,False
Twitch,UTILITY,components,0,1037 | 3134 | 1018,The Collector,,0,0,,False
Twitch,UTILITY,components,524,1037 | 3134 | 1018,The Collector,1036 Long Sword (350),350,174,,False
Twitch,UTILITY,components,525,1037 | 3134 | 1018,The Collector,6676 The Collector (525),525,0,,False
Twitch,UTILITY,owned_first,1000,6676,Infinity Edge,1037 Pickaxe (875),875,125,,False
Twitch,UTILITY,full_slots,525,1037 | 3134 | 1018 | 900001 | 900002 | 900003,The Collector,6676 The Collector (525),525,0,,False
Twitch,UTILITY,enemy_armor,1200,1037,The Collector,1018 Cloak of Agility (600) -> 1036 Long Sword (350),950,250,,False
Twitch,UTILITY,enemy_magic,1200,1037,The Collector,1018 Cloak of Agility (600) -> 1036 Long Sword (350),950,250,,False
Twitch,UTILITY,isolated_completion,525,1037 | 3134 | 1018,The Collector,6676 The Collector (525),,,,False
Udyr,TOP,empty,0,,Riftmaker,,0,0,,False
Udyr,TOP,empty,300,,Riftmaker,2022 Glowing Mote (250),250,50,,False
Udyr,TOP,empty,1200,,Riftmaker,1028 Ruby Crystal (400) -> 1028 Ruby Crystal (400) -> 1052 Amplifying Tome (400),1200,0,,False
Udyr,TOP,empty,unknown,,Riftmaker,,0,,,False
Udyr,TOP,components,0,3147 | 3108,Riftmaker,,0,0,,False
Udyr,TOP,components,949,3147 | 3108,Riftmaker,1028 Ruby Crystal (400) -> 1028 Ruby Crystal (400),800,149,,False
Udyr,TOP,components,950,3147 | 3108,Riftmaker,4633 Riftmaker (950),950,0,,False
Udyr,TOP,owned_first,1000,4633,Winter's Approach,1011 Giant's Belt (900),900,100,,False
Udyr,TOP,full_slots,950,3147 | 3108 | 900001 | 900002 | 900003 | 900004,Riftmaker,4633 Riftmaker (950),950,0,,False
Udyr,TOP,enemy_armor,1200,3147,Frozen Heart,3024 Glacial Buckler (900) -> 1029 Cloth Armor (300),1200,0,,False
Udyr,TOP,enemy_magic,1200,3147,Riftmaker,1033 Null-Magic Mantle (400) -> 1028 Ruby Crystal (400) -> 1028 Ruby Crystal (400),1200,0,,False
Udyr,TOP,isolated_completion,950,3147 | 3108,Riftmaker,4633 Riftmaker (950),,,,False
Udyr,JUNGLE,empty,0,,Spear of Shojin,,0,0,,False
Udyr,JUNGLE,empty,300,,Spear of Shojin,,0,300,,False
Udyr,JUNGLE,empty,1200,,Spear of Shojin,1028 Ruby Crystal (400) -> 1028 Ruby Crystal (400) -> 1036 Long Sword (350),1150,50,,False
Udyr,JUNGLE,empty,unknown,,Spear of Shojin,,0,,,False
Udyr,JUNGLE,components,0,1037 | 2021 | 1028,Spear of Shojin,,0,0,,False
Udyr,JUNGLE,components,674,1037 | 2021 | 1028,Spear of Shojin,,0,674,,False
Udyr,JUNGLE,components,675,1037 | 2021 | 1028,Spear of Shojin,3161 Spear of Shojin (675),675,0,,False
Udyr,JUNGLE,owned_first,1000,3161,Death's Dance,1011 Giant's Belt (900),900,100,,False
Udyr,JUNGLE,full_slots,675,1037 | 2021 | 1028 | 900001 | 900002 | 900003,Spear of Shojin,3161 Spear of Shojin (675),675,0,,False
Udyr,JUNGLE,enemy_armor,1200,1037,Spear of Shojin,1028 Ruby Crystal (400) -> 1028 Ruby Crystal (400) -> 1036 Long Sword (350),1150,50,,False
Udyr,JUNGLE,enemy_magic,1200,1037,Spear of Shojin,1028 Ruby Crystal (400) -> 1028 Ruby Crystal (400) -> 1033 Null-Magic Mantle (400),1200,0,,False
Udyr,JUNGLE,isolated_completion,675,1037 | 2021 | 1028,Spear of Shojin,3161 Spear of Shojin (675),,,,False
Udyr,MIDDLE,empty,0,,Riftmaker,,0,0,,False
Udyr,MIDDLE,empty,300,,Riftmaker,2022 Glowing Mote (250),250,50,,False
Udyr,MIDDLE,empty,1200,,Riftmaker,1028 Ruby Crystal (400) -> 1028 Ruby Crystal (400) -> 1052 Amplifying Tome (400),1200,0,,False
Udyr,MIDDLE,empty,unknown,,Riftmaker,,0,,,False
Udyr,MIDDLE,components,0,3147 | 3108,Riftmaker,,0,0,,False
Udyr,MIDDLE,components,949,3147 | 3108,Riftmaker,1028 Ruby Crystal (400) -> 1028 Ruby Crystal (400),800,149,,False
Udyr,MIDDLE,components,950,3147 | 3108,Riftmaker,4633 Riftmaker (950),950,0,,False
Udyr,MIDDLE,owned_first,1000,4633,Liandry's Torment,1028 Ruby Crystal (400) -> 1028 Ruby Crystal (400),800,200,,False
Udyr,MIDDLE,full_slots,950,3147 | 3108 | 900001 | 900002 | 900003 | 900004,Riftmaker,4633 Riftmaker (950),950,0,,False
Udyr,MIDDLE,enemy_armor,1200,3147,Riftmaker,1028 Ruby Crystal (400) -> 1028 Ruby Crystal (400) -> 1028 Ruby Crystal (400),1200,0,,False
Udyr,MIDDLE,enemy_magic,1200,3147,Riftmaker,1033 Null-Magic Mantle (400) -> 1028 Ruby Crystal (400) -> 1028 Ruby Crystal (400),1200,0,,False
Udyr,MIDDLE,isolated_completion,950,3147 | 3108,Riftmaker,4633 Riftmaker (950),,,,False
Udyr,BOTTOM,empty,0,,Hextech Rocketbelt,,0,0,,False
Udyr,BOTTOM,empty,300,,Hextech Rocketbelt,2022 Glowing Mote (250),250,50,,False
Udyr,BOTTOM,empty,1200,,Hextech Rocketbelt,3067 Kindlegem (800) -> 1028 Ruby Crystal (400),1200,0,,False
Udyr,BOTTOM,empty,unknown,,Hextech Rocketbelt,,0,,,False
Udyr,BOTTOM,components,0,3145 | 3067 | 1028,Hextech Rocketbelt,,0,0,,False
Udyr,BOTTOM,components,349,3145 | 3067 | 1028,Hextech Rocketbelt,,0,349,,False
Udyr,BOTTOM,components,350,3145 | 3067 | 1028,Hextech Rocketbelt,3152 Hextech Rocketbelt (350),350,0,,False
Udyr,BOTTOM,owned_first,1000,3152,Liandry's Torment,1028 Ruby Crystal (400) -> 1028 Ruby Crystal (400),800,200,,False
Udyr,BOTTOM,full_slots,350,3145 | 3067 | 1028 | 900001 | 900002 | 900003,Hextech Rocketbelt,3152 Hextech Rocketbelt (350),350,0,,False
Udyr,BOTTOM,enemy_armor,1200,3145,Hextech Rocketbelt,3067 Kindlegem (800) -> 1028 Ruby Crystal (400),1200,0,,False
Udyr,BOTTOM,enemy_magic,1200,3145,Hextech Rocketbelt,3067 Kindlegem (800) -> 1028 Ruby Crystal (400),1200,0,,False
Udyr,BOTTOM,isolated_completion,350,3145 | 3067 | 1028,Hextech Rocketbelt,3152 Hextech Rocketbelt (350),,,,False
Udyr,UTILITY,empty,0,,Bandlepipes,,0,0,,False
Udyr,UTILITY,empty,300,,Bandlepipes,2022 Glowing Mote (250),250,50,,False
Udyr,UTILITY,empty,1200,,Bandlepipes,3067 Kindlegem (800) -> 1028 Ruby Crystal (400),1200,0,,False
Udyr,UTILITY,empty,unknown,,Bandlepipes,,0,,,False
Udyr,UTILITY,components,0,3067 | 1029 | 1033,Bandlepipes,,0,0,,False
Udyr,UTILITY,components,799,3067 | 1029 | 1033,Bandlepipes,1028 Ruby Crystal (400) -> 1042 Dagger (250),650,149,,False
Udyr,UTILITY,components,800,3067 | 1029 | 1033,Bandlepipes,1028 Ruby Crystal (400) -> 1028 Ruby Crystal (400),800,0,,False
Udyr,UTILITY,owned_first,1000,2524,Locket of the Iron Solari,3067 Kindlegem (800),800,200,,False
Udyr,UTILITY,full_slots,800,3067 | 1029 | 1033 | 900001 | 900002 | 900003,Bandlepipes,2524 Bandlepipes (800),800,0,,False
Udyr,UTILITY,enemy_armor,1200,3067,Bandlepipes,1029 Cloth Armor (300) -> 1033 Null-Magic Mantle (400),700,500,,False
Udyr,UTILITY,enemy_magic,1200,3067,Bandlepipes,1033 Null-Magic Mantle (400) -> 1033 Null-Magic Mantle (400) -> 1028 Ruby Crystal (400),1200,0,,False
Udyr,UTILITY,isolated_completion,800,3067 | 1029 | 1033,Bandlepipes,2524 Bandlepipes (800),,,,False
Urgot,TOP,empty,0,,Black Cleaver,,0,0,,False
Urgot,TOP,empty,300,,Black Cleaver,2022 Glowing Mote (250),250,50,,False
Urgot,TOP,empty,1200,,Black Cleaver,3067 Kindlegem (800) -> 1028 Ruby Crystal (400),1200,0,,False
Urgot,TOP,empty,unknown,,Black Cleaver,,0,,,False
Urgot,TOP,components,0,3044 | 3067 | 1037,Black Cleaver,,0,0,,False
Urgot,TOP,components,224,3044 | 3067 | 1037,Black Cleaver,,0,224,,False
Urgot,TOP,components,225,3044 | 3067 | 1037,Black Cleaver,3071 Black Cleaver (225),225,0,,False
Urgot,TOP,owned_first,1000,3071,Sterak's Gage,1028 Ruby Crystal (400) -> 1028 Ruby Crystal (400),800,200,,False
Urgot,TOP,full_slots,225,3044 | 3067 | 1037 | 900001 | 900002 | 900003,Black Cleaver,3071 Black Cleaver (225),225,0,,False
Urgot,TOP,enemy_armor,1200,3044,Black Cleaver,3067 Kindlegem (800) -> 1028 Ruby Crystal (400),1200,0,,False
Urgot,TOP,enemy_magic,1200,3044,Black Cleaver,3067 Kindlegem (800) -> 1033 Null-Magic Mantle (400),1200,0,,False
Urgot,TOP,isolated_completion,225,3044 | 3067 | 1037,Black Cleaver,3071 Black Cleaver (225),,,,False
Urgot,JUNGLE,empty,0,,Youmuu's Ghostblade,,0,0,,False
Urgot,JUNGLE,empty,300,,Black Cleaver,2022 Glowing Mote (250),250,50,,False
Urgot,JUNGLE,empty,1200,,Black Cleaver,3067 Kindlegem (800) -> 1028 Ruby Crystal (400),1200,0,,False
Urgot,JUNGLE,empty,unknown,,Black Cleaver,,0,,,False
Urgot,JUNGLE,components,0,3044 | 3067 | 1037,Black Cleaver,,0,0,,False
Urgot,JUNGLE,components,224,3044 | 3067 | 1037,Black Cleaver,,0,224,,False
Urgot,JUNGLE,components,225,3044 | 3067 | 1037,Black Cleaver,3071 Black Cleaver (225),225,0,,False
Urgot,JUNGLE,owned_first,1000,3071,Sterak's Gage,1028 Ruby Crystal (400) -> 1028 Ruby Crystal (400),800,200,,False
Urgot,JUNGLE,full_slots,225,3044 | 3067 | 1037 | 900001 | 900002 | 900003,Black Cleaver,3071 Black Cleaver (225),225,0,,False
Urgot,JUNGLE,enemy_armor,1200,3044,Black Cleaver,3067 Kindlegem (800) -> 1028 Ruby Crystal (400),1200,0,,False
Urgot,JUNGLE,enemy_magic,1200,3044,Black Cleaver,3067 Kindlegem (800) -> 1033 Null-Magic Mantle (400),1200,0,,False
Urgot,JUNGLE,isolated_completion,225,3044 | 3067 | 1037,Black Cleaver,3071 Black Cleaver (225),,,,False
Urgot,MIDDLE,empty,0,,Black Cleaver,,0,0,,False
Urgot,MIDDLE,empty,300,,Black Cleaver,2022 Glowing Mote (250),250,50,,False
Urgot,MIDDLE,empty,1200,,Black Cleaver,3067 Kindlegem (800) -> 1028 Ruby Crystal (400),1200,0,,False
Urgot,MIDDLE,empty,unknown,,Black Cleaver,,0,,,False
Urgot,MIDDLE,components,0,3044 | 3067 | 1037,Black Cleaver,,0,0,,False
Urgot,MIDDLE,components,224,3044 | 3067 | 1037,Black Cleaver,,0,224,,False
Urgot,MIDDLE,components,225,3044 | 3067 | 1037,Black Cleaver,3071 Black Cleaver (225),225,0,,False
Urgot,MIDDLE,owned_first,1000,3071,Sterak's Gage,1028 Ruby Crystal (400) -> 1028 Ruby Crystal (400),800,200,,False
Urgot,MIDDLE,full_slots,225,3044 | 3067 | 1037 | 900001 | 900002 | 900003,Black Cleaver,3071 Black Cleaver (225),225,0,,False
Urgot,MIDDLE,enemy_armor,1200,3044,Black Cleaver,3067 Kindlegem (800) -> 1028 Ruby Crystal (400),1200,0,,False
Urgot,MIDDLE,enemy_magic,1200,3044,Black Cleaver,3067 Kindlegem (800) -> 1033 Null-Magic Mantle (400),1200,0,,False
Urgot,MIDDLE,isolated_completion,225,3044 | 3067 | 1037,Black Cleaver,3071 Black Cleaver (225),,,,False
Urgot,BOTTOM,empty,0,,Winter's Approach,,0,0,,False
Urgot,BOTTOM,empty,300,,Winter's Approach,2022 Glowing Mote (250),250,50,,False
Urgot,BOTTOM,empty,1200,,Winter's Approach,3067 Kindlegem (800) -> 1028 Ruby Crystal (400),1200,0,,False
Urgot,BOTTOM,empty,unknown,,Essence Reaver,,0,,,False
Urgot,BOTTOM,components,0,3057 | 3133 | 1018,Essence Reaver,,0,0,,False
Urgot,BOTTOM,components,499,3057 | 3133 | 1018,Essence Reaver,,0,499,,False
Urgot,BOTTOM,components,500,3057 | 3133 | 1018,Essence Reaver,3508 Essence Reaver (500),500,0,,False
Urgot,BOTTOM,owned_first,1000,3508,Winter's Approach,1011 Giant's Belt (900),900,100,,False
Urgot,BOTTOM,full_slots,500,3057 | 3133 | 1018 | 900001 | 900002 | 900003,Essence Reaver,3508 Essence Reaver (500),500,0,,False
Urgot,BOTTOM,enemy_armor,1200,3057,Essence Reaver,3133 Caulfield's Warhammer (1050),1050,150,,False
Urgot,BOTTOM,enemy_magic,1200,3057,Kaenic Rookern,1033 Null-Magic Mantle (400) -> 1033 Null-Magic Mantle (400) -> 1028 Ruby Crystal (400),1200,0,,False
Urgot,BOTTOM,isolated_completion,500,3057 | 3133 | 1018,Essence Reaver,3508 Essence Reaver (500),,,,False
Urgot,UTILITY,empty,0,,Black Cleaver,,0,0,,False
Urgot,UTILITY,empty,300,,Black Cleaver,2022 Glowing Mote (250),250,50,,False
Urgot,UTILITY,empty,1200,,Black Cleaver,3067 Kindlegem (800) -> 1028 Ruby Crystal (400),1200,0,,False
Urgot,UTILITY,empty,unknown,,Black Cleaver,,0,,,False
Urgot,UTILITY,components,0,3044 | 3067 | 1037,Black Cleaver,,0,0,,False
Urgot,UTILITY,components,224,3044 | 3067 | 1037,Black Cleaver,,0,224,,False
Urgot,UTILITY,components,225,3044 | 3067 | 1037,Black Cleaver,3071 Black Cleaver (225),225,0,,False
Urgot,UTILITY,owned_first,1000,3071,Knight's Vow,3067 Kindlegem (800),800,200,,False
Urgot,UTILITY,full_slots,225,3044 | 3067 | 1037 | 900001 | 900002 | 900003,Black Cleaver,3071 Black Cleaver (225),225,0,,False
Urgot,UTILITY,enemy_armor,1200,3044,Black Cleaver,3067 Kindlegem (800),800,400,,False
Urgot,UTILITY,enemy_magic,1200,3044,Black Cleaver,3067 Kindlegem (800) -> 1033 Null-Magic Mantle (400),1200,0,,False
Urgot,UTILITY,isolated_completion,225,3044 | 3067 | 1037,Black Cleaver,3071 Black Cleaver (225),,,,False
Varus,TOP,empty,0,,Experimental Hexplate,,0,0,,False
Varus,TOP,empty,300,,Experimental Hexplate,1042 Dagger (250),250,50,,False
Varus,TOP,empty,1200,,Experimental Hexplate,1036 Long Sword (350) -> 1036 Long Sword (350) -> 1042 Dagger (250) -> 1042 Dagger (250),1200,0,,False
Varus,TOP,empty,unknown,,Experimental Hexplate,,0,,,False
Varus,TOP,components,0,2021 | 1042 | 3044,Experimental Hexplate,,0,0,,False
Varus,TOP,components,499,2021 | 1042 | 3044,Experimental Hexplate,1042 Dagger (250),250,249,,False
Varus,TOP,components,500,2021 | 1042 | 3044,Experimental Hexplate,3073 Experimental Hexplate (500),500,0,,False
Varus,TOP,owned_first,1000,3073,Dusk and Dawn,1042 Dagger (250) -> 2022 Glowing Mote (250) -> 2022 Glowing Mote (250) -> 1042 Dagger (250),1000,0,,False
Varus,TOP,full_slots,500,2021 | 1042 | 3044 | 900001 | 900002 | 900003,Experimental Hexplate,3073 Experimental Hexplate (500),500,0,,False
Varus,TOP,enemy_armor,1200,2021,Experimental Hexplate,1036 Long Sword (350) -> 1042 Dagger (250) -> 1036 Long Sword (350) -> 1042 Dagger (250),1200,0,,False
Varus,TOP,enemy_magic,1200,2021,Experimental Hexplate,1036 Long Sword (350) -> 1042 Dagger (250) -> 1028 Ruby Crystal (400),1000,200,,False
Varus,TOP,isolated_completion,500,2021 | 1042 | 3044,Experimental Hexplate,3073 Experimental Hexplate (500),,,,False
Varus,JUNGLE,empty,0,,Essence Reaver,,0,0,,False
Varus,JUNGLE,empty,300,,Essence Reaver,2022 Glowing Mote (250),250,50,,False
Varus,JUNGLE,empty,1200,,Essence Reaver,1018 Cloak of Agility (600) -> 1036 Long Sword (350) -> 2022 Glowing Mote (250),1200,0,,False
Varus,JUNGLE,empty,unknown,,Essence Reaver,,0,,,False
Varus,JUNGLE,components,0,3057 | 3133 | 1018,Essence Reaver,,0,0,,False
Varus,JUNGLE,components,499,3057 | 3133 | 1018,Essence Reaver,,0,499,,False
Varus,JUNGLE,components,500,3057 | 3133 | 1018,Essence Reaver,3508 Essence Reaver (500),500,0,,False
Varus,JUNGLE,owned_first,1000,3508,Infinity Edge,1037 Pickaxe (875),875,125,,False
Varus,JUNGLE,full_slots,500,3057 | 3133 | 1018 | 900001 | 900002 | 900003,Essence Reaver,3508 Essence Reaver (500),500,0,,False
Varus,JUNGLE,enemy_armor,1200,3057,Essence Reaver,1018 Cloak of Agility (600) -> 1036 Long Sword (350) -> 2022 Glowing Mote (250),1200,0,,False
Varus,JUNGLE,enemy_magic,1200,3057,Essence Reaver,1018 Cloak of Agility (600) -> 1036 Long Sword (350) -> 2022 Glowing Mote (250),1200,0,,False
Varus,JUNGLE,isolated_completion,500,3057 | 3133 | 1018,Essence Reaver,3508 Essence Reaver (500),,,,False
Varus,MIDDLE,empty,0,,Dusk and Dawn,,0,0,,False
Varus,MIDDLE,empty,300,,Dusk and Dawn,1042 Dagger (250),250,50,,False
Varus,MIDDLE,empty,1200,,Nashor's Tooth,3108 Fiendish Codex (850) -> 1042 Dagger (250),1100,100,,False
Varus,MIDDLE,empty,unknown,,Nashor's Tooth,,0,,,False
Varus,MIDDLE,components,0,1043 | 1026 | 3108,Nashor's Tooth,,0,0,,False
Varus,MIDDLE,components,499,1043 | 1026 | 3108,Nashor's Tooth,1042 Dagger (250),250,249,,False
Varus,MIDDLE,components,500,1043 | 1026 | 3108,Nashor's Tooth,3115 Nashor's Tooth (500),500,0,,False
Varus,MIDDLE,owned_first,1000,3115,Stormsurge,1052 Amplifying Tome (400) -> 1052 Amplifying Tome (400),800,200,,False
Varus,MIDDLE,full_slots,500,1043 | 1026 | 3108 | 900001 | 900002 | 900003,Nashor's Tooth,3115 Nashor's Tooth (500),500,0,,False
Varus,MIDDLE,enemy_armor,1200,1043,Nashor's Tooth,1026 Blasting Wand (850) -> 2022 Glowing Mote (250),1100,100,,False
Varus,MIDDLE,enemy_magic,1200,1043,Nashor's Tooth,1026 Blasting Wand (850) -> 2022 Glowing Mote (250),1100,100,,False
Varus,MIDDLE,isolated_completion,500,1043 | 1026 | 3108,Nashor's Tooth,3115 Nashor's Tooth (500),,,,False
Varus,BOTTOM,empty,0,,Statikk Shiv,,0,0,,False
Varus,BOTTOM,empty,300,,Statikk Shiv,1042 Dagger (250),250,50,,False
Varus,BOTTOM,empty,1200,,Statikk Shiv,1037 Pickaxe (875) -> 1042 Dagger (250),1125,75,,False
Varus,BOTTOM,empty,unknown,,Statikk Shiv,,0,,,False
Varus,BOTTOM,components,0,3144 | 3113 | 1037,Statikk Shiv,,0,0,,False
Varus,BOTTOM,components,624,3144 | 3113 | 1037,Statikk Shiv,,0,624,,False
Varus,BOTTOM,components,625,3144 | 3113 | 1037,Statikk Shiv,3087 Statikk Shiv (625),625,0,,False
Varus,BOTTOM,owned_first,1000,3087,Guinsoo's Rageblade,1037 Pickaxe (875),875,125,,False
Varus,BOTTOM,full_slots,625,3144 | 3113 | 1037 | 900001 | 900002 | 900003,Statikk Shiv,3087 Statikk Shiv (625),625,0,,False
Varus,BOTTOM,enemy_armor,1200,3144,Statikk Shiv,1037 Pickaxe (875),875,325,,False
Varus,BOTTOM,enemy_magic,1200,3144,Statikk Shiv,1037 Pickaxe (875),875,325,,False
Varus,BOTTOM,isolated_completion,625,3144 | 3113 | 1037,Statikk Shiv,3087 Statikk Shiv (625),,,,False
Varus,UTILITY,empty,0,,Essence Reaver,,0,0,,False
Varus,UTILITY,empty,300,,Essence Reaver,2022 Glowing Mote (250),250,50,,False
Varus,UTILITY,empty,1200,,Essence Reaver,1018 Cloak of Agility (600) -> 1036 Long Sword (350) -> 2022 Glowing Mote (250),1200,0,,False
Varus,UTILITY,empty,unknown,,Essence Reaver,,0,,,False
Varus,UTILITY,components,0,3057 | 3133 | 1018,Essence Reaver,,0,0,,False
Varus,UTILITY,components,499,3057 | 3133 | 1018,Essence Reaver,,0,499,,False
Varus,UTILITY,components,500,3057 | 3133 | 1018,Essence Reaver,3508 Essence Reaver (500),500,0,,False
Varus,UTILITY,owned_first,1000,3508,Infinity Edge,1037 Pickaxe (875),875,125,,False
Varus,UTILITY,full_slots,500,3057 | 3133 | 1018 | 900001 | 900002 | 900003,Essence Reaver,3508 Essence Reaver (500),500,0,,False
Varus,UTILITY,enemy_armor,1200,3057,Essence Reaver,1018 Cloak of Agility (600) -> 1036 Long Sword (350) -> 2022 Glowing Mote (250),1200,0,,False
Varus,UTILITY,enemy_magic,1200,3057,Essence Reaver,1018 Cloak of Agility (600) -> 1036 Long Sword (350) -> 2022 Glowing Mote (250),1200,0,,False
Varus,UTILITY,isolated_completion,500,3057 | 3133 | 1018,Essence Reaver,3508 Essence Reaver (500),,,,False
Vayne,TOP,empty,0,,Experimental Hexplate,,0,0,,False
Vayne,TOP,empty,300,,Experimental Hexplate,1042 Dagger (250),250,50,,False
Vayne,TOP,empty,1200,,Experimental Hexplate,1036 Long Sword (350) -> 1036 Long Sword (350) -> 1042 Dagger (250) -> 1042 Dagger (250),1200,0,,False
Vayne,TOP,empty,unknown,,Experimental Hexplate,,0,,,False
Vayne,TOP,components,0,2021 | 1042 | 3044,Experimental Hexplate,,0,0,,False
Vayne,TOP,components,499,2021 | 1042 | 3044,Experimental Hexplate,1036 Long Sword (350),350,149,,False
Vayne,TOP,components,500,2021 | 1042 | 3044,Experimental Hexplate,3073 Experimental Hexplate (500),500,0,,False
Vayne,TOP,owned_first,1000,3073,Essence Reaver,1018 Cloak of Agility (600) -> 1036 Long Sword (350),950,50,,False
Vayne,TOP,full_slots,500,2021 | 1042 | 3044 | 900001 | 900002 | 900003,Experimental Hexplate,3073 Experimental Hexplate (500),500,0,,False
Vayne,TOP,enemy_armor,1200,2021,Experimental Hexplate,1036 Long Sword (350) -> 1042 Dagger (250) -> 1036 Long Sword (350) -> 1042 Dagger (250),1200,0,,False
Vayne,TOP,enemy_magic,1200,2021,Experimental Hexplate,1036 Long Sword (350) -> 1042 Dagger (250) -> 1036 Long Sword (350) -> 1042 Dagger (250),1200,0,,False
Vayne,TOP,isolated_completion,500,2021 | 1042 | 3044,Experimental Hexplate,3073 Experimental Hexplate (500),,,,False
Vayne,JUNGLE,empty,0,,Kraken Slayer,,0,0,,False
Vayne,JUNGLE,empty,300,,Kraken Slayer,1042 Dagger (250),250,50,,False
Vayne,JUNGLE,empty,1200,,Kraken Slayer,3051 Hearthbound Axe (1200),1200,0,,False
Vayne,JUNGLE,empty,unknown,,Kraken Slayer,,0,,,False
Vayne,JUNGLE,components,0,6690 | 3051 | 1043,Kraken Slayer,,0,0,,False
Vayne,JUNGLE,components,324,6690 | 3051 | 1043,Kraken Slayer,,0,324,,False
Vayne,JUNGLE,components,325,6690 | 3051 | 1043,Kraken Slayer,6672 Kraken Slayer (325),325,0,,False
Vayne,JUNGLE,owned_first,1000,6672,Guinsoo's Rageblade,1037 Pickaxe (875),875,125,,False
Vayne,JUNGLE,full_slots,325,6690 | 3051 | 1043 | 900001 | 900002 | 900003,Kraken Slayer,6672 Kraken Slayer (325),325,0,,False
Vayne,JUNGLE,enemy_armor,1200,6690,Kraken Slayer,3051 Hearthbound Axe (1200),1200,0,,False
Vayne,JUNGLE,enemy_magic,1200,6690,Kraken Slayer,3051 Hearthbound Axe (1200),1200,0,,False
Vayne,JUNGLE,isolated_completion,325,6690 | 3051 | 1043,Kraken Slayer,6672 Kraken Slayer (325),,,,False
Vayne,MIDDLE,empty,0,,Experimental Hexplate,,0,0,,False
Vayne,MIDDLE,empty,300,,Experimental Hexplate,1042 Dagger (250),250,50,,False
Vayne,MIDDLE,empty,1200,,Experimental Hexplate,1036 Long Sword (350) -> 1036 Long Sword (350) -> 1042 Dagger (250) -> 1042 Dagger (250),1200,0,,False
Vayne,MIDDLE,empty,unknown,,Experimental Hexplate,,0,,,False
Vayne,MIDDLE,components,0,2021 | 1042 | 3044,Experimental Hexplate,,0,0,,False
Vayne,MIDDLE,components,499,2021 | 1042 | 3044,Experimental Hexplate,1036 Long Sword (350),350,149,,False
Vayne,MIDDLE,components,500,2021 | 1042 | 3044,Experimental Hexplate,3073 Experimental Hexplate (500),500,0,,False
Vayne,MIDDLE,owned_first,1000,3073,Essence Reaver,1018 Cloak of Agility (600) -> 1036 Long Sword (350),950,50,,False
Vayne,MIDDLE,full_slots,500,2021 | 1042 | 3044 | 900001 | 900002 | 900003,Experimental Hexplate,3073 Experimental Hexplate (500),500,0,,False
Vayne,MIDDLE,enemy_armor,1200,2021,Experimental Hexplate,1036 Long Sword (350) -> 1042 Dagger (250) -> 1036 Long Sword (350) -> 1042 Dagger (250),1200,0,,False
Vayne,MIDDLE,enemy_magic,1200,2021,Experimental Hexplate,1036 Long Sword (350) -> 1042 Dagger (250) -> 1036 Long Sword (350) -> 1042 Dagger (250),1200,0,,False
Vayne,MIDDLE,isolated_completion,500,2021 | 1042 | 3044,Experimental Hexplate,3073 Experimental Hexplate (500),,,,False
Vayne,BOTTOM,empty,0,,Kraken Slayer,,0,0,,False
Vayne,BOTTOM,empty,300,,Kraken Slayer,1042 Dagger (250),250,50,,False
Vayne,BOTTOM,empty,1200,,Kraken Slayer,3051 Hearthbound Axe (1200),1200,0,,False
Vayne,BOTTOM,empty,unknown,,Kraken Slayer,,0,,,False
Vayne,BOTTOM,components,0,6690 | 3051 | 1043,Kraken Slayer,,0,0,,False
Vayne,BOTTOM,components,324,6690 | 3051 | 1043,Kraken Slayer,,0,324,,False
Vayne,BOTTOM,components,325,6690 | 3051 | 1043,Kraken Slayer,6672 Kraken Slayer (325),325,0,,False
Vayne,BOTTOM,owned_first,1000,6672,Guinsoo's Rageblade,1037 Pickaxe (875),875,125,,False
Vayne,BOTTOM,full_slots,325,6690 | 3051 | 1043 | 900001 | 900002 | 900003,Kraken Slayer,6672 Kraken Slayer (325),325,0,,False
Vayne,BOTTOM,enemy_armor,1200,6690,Kraken Slayer,3051 Hearthbound Axe (1200),1200,0,,False
Vayne,BOTTOM,enemy_magic,1200,6690,Kraken Slayer,3051 Hearthbound Axe (1200),1200,0,,False
Vayne,BOTTOM,isolated_completion,325,6690 | 3051 | 1043,Kraken Slayer,6672 Kraken Slayer (325),,,,False
Vayne,UTILITY,empty,0,,Essence Reaver,,0,0,,False
Vayne,UTILITY,empty,300,,Essence Reaver,2022 Glowing Mote (250),250,50,,False
Vayne,UTILITY,empty,1200,,Essence Reaver,1018 Cloak of Agility (600) -> 1036 Long Sword (350) -> 2022 Glowing Mote (250),1200,0,,False
Vayne,UTILITY,empty,unknown,,Essence Reaver,,0,,,False
Vayne,UTILITY,components,0,3057 | 3133 | 1018,Essence Reaver,,0,0,,False
Vayne,UTILITY,components,499,3057 | 3133 | 1018,Essence Reaver,,0,499,,False
Vayne,UTILITY,components,500,3057 | 3133 | 1018,Essence Reaver,3508 Essence Reaver (500),500,0,,False
Vayne,UTILITY,owned_first,1000,3508,Infinity Edge,1037 Pickaxe (875),875,125,,False
Vayne,UTILITY,full_slots,500,3057 | 3133 | 1018 | 900001 | 900002 | 900003,Essence Reaver,3508 Essence Reaver (500),500,0,,False
Vayne,UTILITY,enemy_armor,1200,3057,Essence Reaver,1018 Cloak of Agility (600) -> 1036 Long Sword (350) -> 2022 Glowing Mote (250),1200,0,,False
Vayne,UTILITY,enemy_magic,1200,3057,Essence Reaver,1018 Cloak of Agility (600) -> 1036 Long Sword (350) -> 2022 Glowing Mote (250),1200,0,,False
Vayne,UTILITY,isolated_completion,500,3057 | 3133 | 1018,Essence Reaver,3508 Essence Reaver (500),,,,False
Veigar,TOP,empty,0,,Rod of Ages,,0,0,,False
Veigar,TOP,empty,300,,Rod of Ages,1027 Sapphire Crystal (300),300,0,,False
Veigar,TOP,empty,1200,,Rod of Ages,1026 Blasting Wand (850) -> 1027 Sapphire Crystal (300),1150,50,,False
Veigar,TOP,empty,unknown,,Rod of Ages,,0,,,False
Veigar,TOP,components,0,1026 | 3803,Rod of Ages,,0,0,,False
Veigar,TOP,components,449,1026 | 3803,Rod of Ages,1052 Amplifying Tome (400),400,49,,False
Veigar,TOP,components,450,1026 | 3803,Rod of Ages,1052 Amplifying Tome (400),400,50,,False
Veigar,TOP,owned_first,1000,6657,Shurelya's Battlesong,4642 Bandleglass Mirror (900),900,100,,False
Veigar,TOP,full_slots,450,1026 | 3803 | 900001 | 900002 | 900003 | 900004,Rod of Ages,6657 Rod of Ages (450),450,0,,False
Veigar,TOP,enemy_armor,1200,1026,Rod of Ages,1027 Sapphire Crystal (300) -> 1028 Ruby Crystal (400) -> 1028 Ruby Crystal (400),1100,100,,False
Veigar,TOP,enemy_magic,1200,1026,Rod of Ages,1027 Sapphire Crystal (300) -> 1028 Ruby Crystal (400) -> 1028 Ruby Crystal (400),1100,100,,False
Veigar,TOP,isolated_completion,450,1026 | 3803,Rod of Ages,6657 Rod of Ages (450),,,,False
Veigar,JUNGLE,empty,0,,Malignance,,0,0,,False
Veigar,JUNGLE,empty,300,,Malignance,2022 Glowing Mote (250),250,50,,False
Veigar,JUNGLE,empty,1200,,Malignance,3802 Lost Chapter (1200),1200,0,,False
Veigar,JUNGLE,empty,unknown,,Malignance,,0,,,False
Veigar,JUNGLE,components,0,3802 | 1026,Malignance,,0,0,,False
Veigar,JUNGLE,components,649,3802 | 1026,Malignance,,0,649,,False
Veigar,JUNGLE,components,650,3802 | 1026,Malignance,3118 Malignance (650),650,0,,False
Veigar,JUNGLE,owned_first,1000,3118,Lich Bane,1026 Blasting Wand (850),850,150,,False
Veigar,JUNGLE,full_slots,650,3802 | 1026 | 900001 | 900002 | 900003 | 900004,Malignance,3118 Malignance (650),650,0,,False
Veigar,JUNGLE,enemy_armor,1200,3802,Malignance,1026 Blasting Wand (850),850,350,,False
Veigar,JUNGLE,enemy_magic,1200,3802,Malignance,1026 Blasting Wand (850),850,350,,False
Veigar,JUNGLE,isolated_completion,650,3802 | 1026,Malignance,3118 Malignance (650),,,,False
Veigar,MIDDLE,empty,0,,Rod of Ages,,0,0,,False
Veigar,MIDDLE,empty,300,,Rod of Ages,1027 Sapphire Crystal (300),300,0,,False
Veigar,MIDDLE,empty,1200,,Rod of Ages,1026 Blasting Wand (850) -> 1027 Sapphire Crystal (300),1150,50,,False
Veigar,MIDDLE,empty,unknown,,Rod of Ages,,0,,,False
Veigar,MIDDLE,components,0,1026 | 3803,Rod of Ages,,0,0,,False
Veigar,MIDDLE,components,449,1026 | 3803,Rod of Ages,1052 Amplifying Tome (400),400,49,,False
Veigar,MIDDLE,components,450,1026 | 3803,Rod of Ages,6657 Rod of Ages (450),450,0,,False
Veigar,MIDDLE,owned_first,1000,6657,Rabadon's Deathcap,,0,1000,,False
Veigar,MIDDLE,full_slots,450,1026 | 3803 | 900001 | 900002 | 900003 | 900004,Rod of Ages,6657 Rod of Ages (450),450,0,,False
Veigar,MIDDLE,enemy_armor,1200,1026,Rod of Ages,1027 Sapphire Crystal (300) -> 1028 Ruby Crystal (400) -> 1028 Ruby Crystal (400),1100,100,,False
Veigar,MIDDLE,enemy_magic,1200,1026,Rod of Ages,1027 Sapphire Crystal (300) -> 1028 Ruby Crystal (400) -> 1028 Ruby Crystal (400),1100,100,,False
Veigar,MIDDLE,isolated_completion,450,1026 | 3803,Rod of Ages,6657 Rod of Ages (450),,,,False
Veigar,BOTTOM,empty,0,,Rod of Ages,,0,0,,False
Veigar,BOTTOM,empty,300,,Rod of Ages,1027 Sapphire Crystal (300),300,0,,False
Veigar,BOTTOM,empty,1200,,Rod of Ages,1026 Blasting Wand (850) -> 1027 Sapphire Crystal (300),1150,50,,False
Veigar,BOTTOM,empty,unknown,,Luden's Echo,,0,,,False
Veigar,BOTTOM,components,0,3802 | 3145,Luden's Echo,,0,0,,False
Veigar,BOTTOM,components,449,3802 | 3145,Luden's Echo,,0,449,,False
Veigar,BOTTOM,components,450,3802 | 3145,Luden's Echo,6655 Luden's Echo (450),450,0,,False
Veigar,BOTTOM,owned_first,1000,6655,Rabadon's Deathcap,,0,1000,,False
Veigar,BOTTOM,full_slots,450,3802 | 3145 | 900001 | 900002 | 900003 | 900004,Luden's Echo,6655 Luden's Echo (450),450,0,,False
Veigar,BOTTOM,enemy_armor,1200,3802,Luden's Echo,3145 Hextech Alternator (1100),1100,100,,False
Veigar,BOTTOM,enemy_magic,1200,3802,Luden's Echo,3145 Hextech Alternator (1100),1100,100,,False
Veigar,BOTTOM,isolated_completion,450,3802 | 3145,Luden's Echo,6655 Luden's Echo (450),,,,False
Veigar,UTILITY,empty,0,,Locket of the Iron Solari,,0,0,,False
Veigar,UTILITY,empty,300,,Locket of the Iron Solari,2022 Glowing Mote (250),250,50,,False
Veigar,UTILITY,empty,1200,,Locket of the Iron Solari,3802 Lost Chapter (1200),1200,0,,False
Veigar,UTILITY,empty,unknown,,Locket of the Iron Solari,,0,,,False
Veigar,UTILITY,components,0,3067 | 1029 | 1033,Locket of the Iron Solari,,0,0,,False
Veigar,UTILITY,components,699,3067 | 1029 | 1033,Locket of the Iron Solari,1052 Amplifying Tome (400) -> 2022 Glowing Mote (250),650,49,,False
Veigar,UTILITY,components,700,3067 | 1029 | 1033,Locket of the Iron Solari,1052 Amplifying Tome (400) -> 2022 Glowing Mote (250),650,50,,False
Veigar,UTILITY,owned_first,1000,3190,Shurelya's Battlesong,4642 Bandleglass Mirror (900),900,100,,False
Veigar,UTILITY,full_slots,700,3067 | 1029 | 1033 | 900001 | 900002 | 900003,Locket of the Iron Solari,3190 Locket of the Iron Solari (700),700,0,,False
Veigar,UTILITY,enemy_armor,1200,3067,Locket of the Iron Solari,1052 Amplifying Tome (400) -> 1052 Amplifying Tome (400) -> 1052 Amplifying Tome (400),1200,0,,False
Veigar,UTILITY,enemy_magic,1200,3067,Locket of the Iron Solari,3802 Lost Chapter (1200),1200,0,,False
Veigar,UTILITY,isolated_completion,700,3067 | 1029 | 1033,Locket of the Iron Solari,3190 Locket of the Iron Solari (700),,,,False
Velkoz,TOP,empty,0,,Blackfire Torch,,0,0,,False
Velkoz,TOP,empty,300,,Blackfire Torch,2022 Glowing Mote (250),250,50,,False
Velkoz,TOP,empty,1200,,Blackfire Torch,3802 Lost Chapter (1200),1200,0,,False
Velkoz,TOP,empty,unknown,,Blackfire Torch,,0,,,False
Velkoz,TOP,components,0,3802 | 2508,Blackfire Torch,,0,0,,False
Velkoz,TOP,components,699,3802 | 2508,Blackfire Torch,,0,699,,False
Velkoz,TOP,components,700,3802 | 2508,Blackfire Torch,2503 Blackfire Torch (700),700,0,,False
Velkoz,TOP,owned_first,1000,2503,Liandry's Torment,1052 Amplifying Tome (400) -> 1052 Amplifying Tome (400),800,200,,False
Velkoz,TOP,full_slots,700,3802 | 2508 | 900001 | 900002 | 900003 | 900004,Blackfire Torch,2503 Blackfire Torch (700),700,0,,False
Velkoz,TOP,enemy_armor,1200,3802,Blackfire Torch,2508 Fated Ashes (900),900,300,,False
Velkoz,TOP,enemy_magic,1200,3802,Blackfire Torch,2508 Fated Ashes (900),900,300,,False
Velkoz,TOP,isolated_completion,700,3802 | 2508,Blackfire Torch,2503 Blackfire Torch (700),,,,False
Velkoz,JUNGLE,empty,0,,Malignance,,0,0,,False
Velkoz,JUNGLE,empty,300,,Malignance,2022 Glowing Mote (250),250,50,,False
Velkoz,JUNGLE,empty,1200,,Malignance,3802 Lost Chapter (1200),1200,0,,False
Velkoz,JUNGLE,empty,unknown,,Malignance,,0,,,False
Velkoz,JUNGLE,components,0,3802 | 1026,Malignance,,0,0,,False
Velkoz,JUNGLE,components,649,3802 | 1026,Malignance,,0,649,,False
Velkoz,JUNGLE,components,650,3802 | 1026,Malignance,3118 Malignance (650),650,0,,False
Velkoz,JUNGLE,owned_first,1000,3118,Lich Bane,1026 Blasting Wand (850),850,150,,False
Velkoz,JUNGLE,full_slots,650,3802 | 1026 | 900001 | 900002 | 900003 | 900004,Malignance,3118 Malignance (650),650,0,,False
Velkoz,JUNGLE,enemy_armor,1200,3802,Malignance,1026 Blasting Wand (850),850,350,,False
Velkoz,JUNGLE,enemy_magic,1200,3802,Malignance,1026 Blasting Wand (850),850,350,,False
Velkoz,JUNGLE,isolated_completion,650,3802 | 1026,Malignance,3118 Malignance (650),,,,False
Velkoz,MIDDLE,empty,0,,Blackfire Torch,,0,0,,False
Velkoz,MIDDLE,empty,300,,Blackfire Torch,2022 Glowing Mote (250),250,50,,False
Velkoz,MIDDLE,empty,1200,,Blackfire Torch,3802 Lost Chapter (1200),1200,0,,False
Velkoz,MIDDLE,empty,unknown,,Blackfire Torch,,0,,,False
Velkoz,MIDDLE,components,0,3802 | 2508,Blackfire Torch,,0,0,,False
Velkoz,MIDDLE,components,699,3802 | 2508,Blackfire Torch,,0,699,,False
Velkoz,MIDDLE,components,700,3802 | 2508,Blackfire Torch,2503 Blackfire Torch (700),700,0,,False
Velkoz,MIDDLE,owned_first,1000,2503,Horizon Focus,3108 Fiendish Codex (850),850,150,,False
Velkoz,MIDDLE,full_slots,700,3802 | 2508 | 900001 | 900002 | 900003 | 900004,Blackfire Torch,2503 Blackfire Torch (700),700,0,,False
Velkoz,MIDDLE,enemy_armor,1200,3802,Blackfire Torch,2508 Fated Ashes (900),900,300,,False
Velkoz,MIDDLE,enemy_magic,1200,3802,Blackfire Torch,2508 Fated Ashes (900),900,300,,False
Velkoz,MIDDLE,isolated_completion,700,3802 | 2508,Blackfire Torch,2503 Blackfire Torch (700),,,,False
Velkoz,BOTTOM,empty,0,,Blackfire Torch,,0,0,,False
Velkoz,BOTTOM,empty,300,,Blackfire Torch,2022 Glowing Mote (250),250,50,,False
Velkoz,BOTTOM,empty,1200,,Blackfire Torch,3802 Lost Chapter (1200),1200,0,,False
Velkoz,BOTTOM,empty,unknown,,Blackfire Torch,,0,,,False
Velkoz,BOTTOM,components,0,3802 | 2508,Blackfire Torch,,0,0,,False
Velkoz,BOTTOM,components,699,3802 | 2508,Blackfire Torch,,0,699,,False
Velkoz,BOTTOM,components,700,3802 | 2508,Blackfire Torch,2503 Blackfire Torch (700),700,0,,False
Velkoz,BOTTOM,owned_first,1000,2503,Horizon Focus,3108 Fiendish Codex (850),850,150,,False
Velkoz,BOTTOM,full_slots,700,3802 | 2508 | 900001 | 900002 | 900003 | 900004,Blackfire Torch,2503 Blackfire Torch (700),700,0,,False
Velkoz,BOTTOM,enemy_armor,1200,3802,Blackfire Torch,2508 Fated Ashes (900),900,300,,False
Velkoz,BOTTOM,enemy_magic,1200,3802,Blackfire Torch,2508 Fated Ashes (900),900,300,,False
Velkoz,BOTTOM,isolated_completion,700,3802 | 2508,Blackfire Torch,2503 Blackfire Torch (700),,,,False
Velkoz,UTILITY,empty,0,,Shurelya's Battlesong,,0,0,,False
Velkoz,UTILITY,empty,300,,Shurelya's Battlesong,2022 Glowing Mote (250),250,50,,False
Velkoz,UTILITY,empty,1200,,Shurelya's Battlesong,1052 Amplifying Tome (400) -> 1052 Amplifying Tome (400) -> 2022 Glowing Mote (250),1050,150,,False
Velkoz,UTILITY,empty,unknown,,Luden's Echo,,0,,,False
Velkoz,UTILITY,components,0,3802 | 3145,Luden's Echo,,0,0,,False
Velkoz,UTILITY,components,449,3802 | 3145,Luden's Echo,,0,449,,False
Velkoz,UTILITY,components,450,3802 | 3145,Luden's Echo,6655 Luden's Echo (450),450,0,,False
Velkoz,UTILITY,owned_first,1000,6655,Horizon Focus,3108 Fiendish Codex (850),850,150,,False
Velkoz,UTILITY,full_slots,450,3802 | 3145 | 900001 | 900002 | 900003 | 900004,Luden's Echo,6655 Luden's Echo (450),450,0,,False
Velkoz,UTILITY,enemy_armor,1200,3802,Luden's Echo,3145 Hextech Alternator (1100),1100,100,,False
Velkoz,UTILITY,enemy_magic,1200,3802,Luden's Echo,3145 Hextech Alternator (1100),1100,100,,False
Velkoz,UTILITY,isolated_completion,450,3802 | 3145,Luden's Echo,6655 Luden's Echo (450),,,,False
Vex,TOP,empty,0,,Luden's Echo,,0,0,,False
Vex,TOP,empty,300,,Luden's Echo,2022 Glowing Mote (250),250,50,,False
Vex,TOP,empty,1200,,Luden's Echo,3802 Lost Chapter (1200),1200,0,,False
Vex,TOP,empty,unknown,,Luden's Echo,,0,,,False
Vex,TOP,components,0,3802 | 3145,Luden's Echo,,0,0,,False
Vex,TOP,components,449,3802 | 3145,Luden's Echo,,0,449,,False
Vex,TOP,components,450,3802 | 3145,Luden's Echo,6655 Luden's Echo (450),450,0,,False
Vex,TOP,owned_first,1000,6655,Stormsurge,1052 Amplifying Tome (400) -> 1052 Amplifying Tome (400),800,200,,False
Vex,TOP,full_slots,450,3802 | 3145 | 900001 | 900002 | 900003 | 900004,Luden's Echo,6655 Luden's Echo (450),450,0,,False
Vex,TOP,enemy_armor,1200,3802,Luden's Echo,3145 Hextech Alternator (1100),1100,100,,False
Vex,TOP,enemy_magic,1200,3802,Luden's Echo,3145 Hextech Alternator (1100),1100,100,,False
Vex,TOP,isolated_completion,450,3802 | 3145,Luden's Echo,6655 Luden's Echo (450),,,,False
Vex,JUNGLE,empty,0,,Malignance,,0,0,,False
Vex,JUNGLE,empty,300,,Malignance,2022 Glowing Mote (250),250,50,,False
Vex,JUNGLE,empty,1200,,Malignance,3802 Lost Chapter (1200),1200,0,,False
Vex,JUNGLE,empty,unknown,,Malignance,,0,,,False
Vex,JUNGLE,components,0,3802 | 1026,Malignance,,0,0,,False
Vex,JUNGLE,components,649,3802 | 1026,Malignance,,0,649,,False
Vex,JUNGLE,components,650,3802 | 1026,Malignance,3118 Malignance (650),650,0,,False
Vex,JUNGLE,owned_first,1000,3118,Lich Bane,1026 Blasting Wand (850),850,150,,False
Vex,JUNGLE,full_slots,650,3802 | 1026 | 900001 | 900002 | 900003 | 900004,Malignance,3118 Malignance (650),650,0,,False
Vex,JUNGLE,enemy_armor,1200,3802,Malignance,1026 Blasting Wand (850),850,350,,False
Vex,JUNGLE,enemy_magic,1200,3802,Malignance,1026 Blasting Wand (850),850,350,,False
Vex,JUNGLE,isolated_completion,650,3802 | 1026,Malignance,3118 Malignance (650),,,,False
Vex,MIDDLE,empty,0,,Luden's Echo,,0,0,,False
Vex,MIDDLE,empty,300,,Luden's Echo,2022 Glowing Mote (250),250,50,,False
Vex,MIDDLE,empty,1200,,Luden's Echo,3802 Lost Chapter (1200),1200,0,,False
Vex,MIDDLE,empty,unknown,,Luden's Echo,,0,,,False
Vex,MIDDLE,components,0,3802 | 3145,Luden's Echo,,0,0,,False
Vex,MIDDLE,components,449,3802 | 3145,Luden's Echo,,0,449,,False
Vex,MIDDLE,components,450,3802 | 3145,Luden's Echo,6655 Luden's Echo (450),450,0,,False
Vex,MIDDLE,owned_first,1000,6655,Shadowflame,1052 Amplifying Tome (400) -> 1052 Amplifying Tome (400),800,200,,False
Vex,MIDDLE,full_slots,450,3802 | 3145 | 900001 | 900002 | 900003 | 900004,Luden's Echo,6655 Luden's Echo (450),450,0,,False
Vex,MIDDLE,enemy_armor,1200,3802,Luden's Echo,3145 Hextech Alternator (1100),1100,100,,False
Vex,MIDDLE,enemy_magic,1200,3802,Luden's Echo,3145 Hextech Alternator (1100),1100,100,,False
Vex,MIDDLE,isolated_completion,450,3802 | 3145,Luden's Echo,6655 Luden's Echo (450),,,,False
Vex,BOTTOM,empty,0,,Luden's Echo,,0,0,,False
Vex,BOTTOM,empty,300,,Luden's Echo,2022 Glowing Mote (250),250,50,,False
Vex,BOTTOM,empty,1200,,Luden's Echo,3802 Lost Chapter (1200),1200,0,,False
Vex,BOTTOM,empty,unknown,,Luden's Echo,,0,,,False
Vex,BOTTOM,components,0,3802 | 3145,Luden's Echo,,0,0,,False
Vex,BOTTOM,components,449,3802 | 3145,Luden's Echo,,0,449,,False
Vex,BOTTOM,components,450,3802 | 3145,Luden's Echo,6655 Luden's Echo (450),450,0,,False
Vex,BOTTOM,owned_first,1000,6655,Shadowflame,1052 Amplifying Tome (400) -> 1052 Amplifying Tome (400),800,200,,False
Vex,BOTTOM,full_slots,450,3802 | 3145 | 900001 | 900002 | 900003 | 900004,Luden's Echo,6655 Luden's Echo (450),450,0,,False
Vex,BOTTOM,enemy_armor,1200,3802,Luden's Echo,3145 Hextech Alternator (1100),1100,100,,False
Vex,BOTTOM,enemy_magic,1200,3802,Luden's Echo,3145 Hextech Alternator (1100),1100,100,,False
Vex,BOTTOM,isolated_completion,450,3802 | 3145,Luden's Echo,6655 Luden's Echo (450),,,,False
Vex,UTILITY,empty,0,,Stormsurge,,0,0,,False
Vex,UTILITY,empty,300,,Luden's Echo,2022 Glowing Mote (250),250,50,,False
Vex,UTILITY,empty,1200,,Luden's Echo,3802 Lost Chapter (1200),1200,0,,False
Vex,UTILITY,empty,unknown,,Luden's Echo,,0,,,False
Vex,UTILITY,components,0,3802 | 3145,Luden's Echo,,0,0,,False
Vex,UTILITY,components,449,3802 | 3145,Luden's Echo,,0,449,,False
Vex,UTILITY,components,450,3802 | 3145,Luden's Echo,6655 Luden's Echo (450),450,0,,False
Vex,UTILITY,owned_first,1000,6655,Stormsurge,1052 Amplifying Tome (400) -> 1052 Amplifying Tome (400),800,200,,False
Vex,UTILITY,full_slots,450,3802 | 3145 | 900001 | 900002 | 900003 | 900004,Luden's Echo,6655 Luden's Echo (450),450,0,,False
Vex,UTILITY,enemy_armor,1200,3802,Luden's Echo,3145 Hextech Alternator (1100),1100,100,,False
Vex,UTILITY,enemy_magic,1200,3802,Luden's Echo,3145 Hextech Alternator (1100),1100,100,,False
Vex,UTILITY,isolated_completion,450,3802 | 3145,Luden's Echo,6655 Luden's Echo (450),,,,False
Vi,TOP,empty,0,,Voltaic Cyclosword,,0,0,,False
Vi,TOP,empty,300,,Voltaic Cyclosword,2022 Glowing Mote (250),250,50,,False
Vi,TOP,empty,1200,,Voltaic Cyclosword,1037 Pickaxe (875) -> 2022 Glowing Mote (250),1125,75,,False
Vi,TOP,empty,unknown,,Voltaic Cyclosword,,0,,,False
Vi,TOP,components,0,2020 | 1036 | 1036,Voltaic Cyclosword,,0,0,,False
Vi,TOP,components,962,2020 | 1036 | 1036,Voltaic Cyclosword,1037 Pickaxe (875),875,87,,False
Vi,TOP,components,963,2020 | 1036 | 1036,Voltaic Cyclosword,6699 Voltaic Cyclosword (963),963,0,,False
Vi,TOP,owned_first,1000,6699,The Collector,1037 Pickaxe (875),875,125,,False
Vi,TOP,full_slots,963,2020 | 1036 | 1036 | 900001 | 900002 | 900003,Voltaic Cyclosword,6699 Voltaic Cyclosword (963),963,0,,False
Vi,TOP,enemy_armor,1200,2020,Voltaic Cyclosword,1036 Long Sword (350) -> 1036 Long Sword (350) -> 1036 Long Sword (350),1050,150,,False
Vi,TOP,enemy_magic,1200,2020,Voltaic Cyclosword,1036 Long Sword (350) -> 1036 Long Sword (350) -> 1033 Null-Magic Mantle (400),1100,100,,False
Vi,TOP,isolated_completion,963,2020 | 1036 | 1036,Voltaic Cyclosword,6699 Voltaic Cyclosword (963),,,,False
Vi,JUNGLE,empty,0,,Trinity Force,,0,0,,False
Vi,JUNGLE,empty,300,,Trinity Force,2022 Glowing Mote (250),250,50,,False
Vi,JUNGLE,empty,1200,,Trinity Force,1028 Ruby Crystal (400) -> 1036 Long Sword (350) -> 1036 Long Sword (350),1100,100,,False
Vi,JUNGLE,empty,unknown,,Trinity Force,,0,,,False
Vi,JUNGLE,components,0,3057 | 3044 | 3051,Trinity Force,,0,0,,False
Vi,JUNGLE,components,132,3057 | 3044 | 3051,Trinity Force,,0,132,,False
Vi,JUNGLE,components,133,3057 | 3044 | 3051,Trinity Force,3078 Trinity Force (133),133,0,,False
Vi,JUNGLE,owned_first,1000,3078,Black Cleaver,3067 Kindlegem (800),800,200,,False
Vi,JUNGLE,full_slots,133,3057 | 3044 | 3051 | 900001 | 900002 | 900003,Trinity Force,3078 Trinity Force (133),133,0,,False
Vi,JUNGLE,enemy_armor,1200,3057,Trinity Force,1028 Ruby Crystal (400) -> 1036 Long Sword (350) -> 1036 Long Sword (350),1100,100,,False
Vi,JUNGLE,enemy_magic,1200,3057,Trinity Force,1028 Ruby Crystal (400) -> 1036 Long Sword (350) -> 1036 Long Sword (350),1100,100,,False
Vi,JUNGLE,isolated_completion,133,3057 | 3044 | 3051,Trinity Force,3078 Trinity Force (133),,,,False
Vi,MIDDLE,empty,0,,Trinity Force,,0,0,,False
Vi,MIDDLE,empty,300,,Trinity Force,2022 Glowing Mote (250),250,50,,False
Vi,MIDDLE,empty,1200,,Trinity Force,1028 Ruby Crystal (400) -> 1036 Long Sword (350) -> 1036 Long Sword (350),1100,100,,False
Vi,MIDDLE,empty,unknown,,Trinity Force,,0,,,False
Vi,MIDDLE,components,0,3057 | 3044 | 3051,Trinity Force,,0,0,,False
Vi,MIDDLE,components,132,3057 | 3044 | 3051,Trinity Force,,0,132,,False
Vi,MIDDLE,components,133,3057 | 3044 | 3051,Trinity Force,3078 Trinity Force (133),133,0,,False
Vi,MIDDLE,owned_first,1000,3078,Manamune,1036 Long Sword (350) -> 1036 Long Sword (350) -> 2022 Glowing Mote (250),950,50,,False
Vi,MIDDLE,full_slots,133,3057 | 3044 | 3051 | 900001 | 900002 | 900003,Trinity Force,3078 Trinity Force (133),133,0,,False
Vi,MIDDLE,enemy_armor,1200,3057,Trinity Force,1028 Ruby Crystal (400) -> 1036 Long Sword (350) -> 1036 Long Sword (350),1100,100,,False
Vi,MIDDLE,enemy_magic,1200,3057,Trinity Force,1028 Ruby Crystal (400) -> 1036 Long Sword (350) -> 1036 Long Sword (350),1100,100,,False
Vi,MIDDLE,isolated_completion,133,3057 | 3044 | 3051,Trinity Force,3078 Trinity Force (133),,,,False
Vi,BOTTOM,empty,0,,Voltaic Cyclosword,,0,0,,False
Vi,BOTTOM,empty,300,,Voltaic Cyclosword,2022 Glowing Mote (250),250,50,,False
Vi,BOTTOM,empty,1200,,Voltaic Cyclosword,1037 Pickaxe (875) -> 2022 Glowing Mote (250),1125,75,,False
Vi,BOTTOM,empty,unknown,,Voltaic Cyclosword,,0,,,False
Vi,BOTTOM,components,0,2020 | 1036 | 1036,Voltaic Cyclosword,,0,0,,False
Vi,BOTTOM,components,962,2020 | 1036 | 1036,Voltaic Cyclosword,1037 Pickaxe (875),875,87,,False
Vi,BOTTOM,components,963,2020 | 1036 | 1036,Voltaic Cyclosword,6699 Voltaic Cyclosword (963),963,0,,False
Vi,BOTTOM,owned_first,1000,6699,The Collector,1037 Pickaxe (875),875,125,,False
Vi,BOTTOM,full_slots,963,2020 | 1036 | 1036 | 900001 | 900002 | 900003,Voltaic Cyclosword,6699 Voltaic Cyclosword (963),963,0,,False
Vi,BOTTOM,enemy_armor,1200,2020,Voltaic Cyclosword,1036 Long Sword (350) -> 1036 Long Sword (350) -> 1036 Long Sword (350),1050,150,,False
Vi,BOTTOM,enemy_magic,1200,2020,Voltaic Cyclosword,1036 Long Sword (350) -> 1036 Long Sword (350) -> 1033 Null-Magic Mantle (400),1100,100,,False
Vi,BOTTOM,isolated_completion,963,2020 | 1036 | 1036,Voltaic Cyclosword,6699 Voltaic Cyclosword (963),,,,False
Vi,UTILITY,empty,0,,Trinity Force,,0,0,,False
Vi,UTILITY,empty,300,,Trinity Force,2022 Glowing Mote (250),250,50,,False
Vi,UTILITY,empty,1200,,Trinity Force,1028 Ruby Crystal (400) -> 1036 Long Sword (350) -> 1036 Long Sword (350),1100,100,,False
Vi,UTILITY,empty,unknown,,Trinity Force,,0,,,False
Vi,UTILITY,components,0,3057 | 3044 | 3051,Trinity Force,,0,0,,False
Vi,UTILITY,components,132,3057 | 3044 | 3051,Trinity Force,,0,132,,False
Vi,UTILITY,components,133,3057 | 3044 | 3051,Trinity Force,3078 Trinity Force (133),133,0,,False
Vi,UTILITY,owned_first,1000,3078,Death's Dance,1036 Long Sword (350) -> 1036 Long Sword (350) -> 2022 Glowing Mote (250),950,50,,False
Vi,UTILITY,full_slots,133,3057 | 3044 | 3051 | 900001 | 900002 | 900003,Trinity Force,3078 Trinity Force (133),133,0,,False
Vi,UTILITY,enemy_armor,1200,3057,Trinity Force,1028 Ruby Crystal (400) -> 1036 Long Sword (350) -> 1036 Long Sword (350),1100,100,,False
Vi,UTILITY,enemy_magic,1200,3057,Trinity Force,1028 Ruby Crystal (400) -> 1036 Long Sword (350) -> 1036 Long Sword (350),1100,100,,False
Vi,UTILITY,isolated_completion,133,3057 | 3044 | 3051,Trinity Force,3078 Trinity Force (133),,,,False
Viego,TOP,empty,0,,Kraken Slayer,,0,0,,False
Viego,TOP,empty,300,,Kraken Slayer,1042 Dagger (250),250,50,,False
Viego,TOP,empty,1200,,Kraken Slayer,3051 Hearthbound Axe (1200),1200,0,,False
Viego,TOP,empty,unknown,,Kraken Slayer,,0,,,False
Viego,TOP,components,0,6690 | 3051 | 1043,Kraken Slayer,,0,0,,False
Viego,TOP,components,324,6690 | 3051 | 1043,Kraken Slayer,,0,324,,False
Viego,TOP,components,325,6690 | 3051 | 1043,Kraken Slayer,6672 Kraken Slayer (325),325,0,,False
Viego,TOP,owned_first,1000,6672,Titanic Hydra,1036 Long Sword (350) -> 1036 Long Sword (350) -> 1042 Dagger (250),950,50,,False
Viego,TOP,full_slots,325,6690 | 3051 | 1043 | 900001 | 900002 | 900003,Kraken Slayer,6672 Kraken Slayer (325),325,0,,False
Viego,TOP,enemy_armor,1200,6690,Kraken Slayer,3051 Hearthbound Axe (1200),1200,0,,False
Viego,TOP,enemy_magic,1200,6690,Kraken Slayer,3051 Hearthbound Axe (1200),1200,0,,False
Viego,TOP,isolated_completion,325,6690 | 3051 | 1043,Kraken Slayer,6672 Kraken Slayer (325),,,,False
Viego,JUNGLE,empty,0,,Kraken Slayer,,0,0,,False
Viego,JUNGLE,empty,300,,Kraken Slayer,1042 Dagger (250),250,50,,False
Viego,JUNGLE,empty,1200,,Kraken Slayer,3051 Hearthbound Axe (1200),1200,0,,False
Viego,JUNGLE,empty,unknown,,Kraken Slayer,,0,,,False
Viego,JUNGLE,components,0,6690 | 3051 | 1043,Kraken Slayer,,0,0,,False
Viego,JUNGLE,components,324,6690 | 3051 | 1043,Kraken Slayer,,0,324,,False
Viego,JUNGLE,components,325,6690 | 3051 | 1043,Kraken Slayer,6672 Kraken Slayer (325),325,0,,False
Viego,JUNGLE,owned_first,1000,6672,The Collector,1018 Cloak of Agility (600) -> 1036 Long Sword (350),950,50,,False
Viego,JUNGLE,full_slots,325,6690 | 3051 | 1043 | 900001 | 900002 | 900003,Kraken Slayer,6672 Kraken Slayer (325),325,0,,False
Viego,JUNGLE,enemy_armor,1200,6690,Kraken Slayer,3051 Hearthbound Axe (1200),1200,0,,False
Viego,JUNGLE,enemy_magic,1200,6690,Kraken Slayer,3051 Hearthbound Axe (1200),1200,0,,False
Viego,JUNGLE,isolated_completion,325,6690 | 3051 | 1043,Kraken Slayer,6672 Kraken Slayer (325),,,,False
Viego,MIDDLE,empty,0,,Kraken Slayer,,0,0,,False
Viego,MIDDLE,empty,300,,Kraken Slayer,1042 Dagger (250),250,50,,False
Viego,MIDDLE,empty,1200,,Kraken Slayer,3051 Hearthbound Axe (1200),1200,0,,False
Viego,MIDDLE,empty,unknown,,Kraken Slayer,,0,,,False
Viego,MIDDLE,components,0,6690 | 3051 | 1043,Kraken Slayer,,0,0,,False
Viego,MIDDLE,components,324,6690 | 3051 | 1043,Kraken Slayer,,0,324,,False
Viego,MIDDLE,components,325,6690 | 3051 | 1043,Kraken Slayer,6672 Kraken Slayer (325),325,0,,False
Viego,MIDDLE,owned_first,1000,6672,Immortal Shieldbow,1018 Cloak of Agility (600) -> 1036 Long Sword (350),950,50,,False
Viego,MIDDLE,full_slots,325,6690 | 3051 | 1043 | 900001 | 900002 | 900003,Kraken Slayer,6672 Kraken Slayer (325),325,0,,False
Viego,MIDDLE,enemy_armor,1200,6690,Kraken Slayer,3051 Hearthbound Axe (1200),1200,0,,False
Viego,MIDDLE,enemy_magic,1200,6690,Kraken Slayer,3051 Hearthbound Axe (1200),1200,0,,False
Viego,MIDDLE,isolated_completion,325,6690 | 3051 | 1043,Kraken Slayer,6672 Kraken Slayer (325),,,,False
Viego,BOTTOM,empty,0,,Infinity Edge,,0,0,,False
Viego,BOTTOM,empty,300,,Phantom Dancer,1042 Dagger (250),250,50,,False
Viego,BOTTOM,empty,1200,,Infinity Edge,1037 Pickaxe (875),875,325,,False
Viego,BOTTOM,empty,unknown,,Infinity Edge,,0,,,False
Viego,BOTTOM,components,0,1038 | 1037 | 1018,Infinity Edge,,0,0,,False
Viego,BOTTOM,components,724,1038 | 1037 | 1018,Infinity Edge,,0,724,,False
Viego,BOTTOM,components,725,1038 | 1037 | 1018,Infinity Edge,3031 Infinity Edge (725),725,0,,False
Viego,BOTTOM,owned_first,1000,3031,Essence Reaver,1018 Cloak of Agility (600) -> 1036 Long Sword (350),950,50,,False
Viego,BOTTOM,full_slots,725,1038 | 1037 | 1018 | 900001 | 900002 | 900003,Infinity Edge,3031 Infinity Edge (725),725,0,,False
Viego,BOTTOM,enemy_armor,1200,1038,Infinity Edge,1037 Pickaxe (875),875,325,,False
Viego,BOTTOM,enemy_magic,1200,1038,Infinity Edge,1037 Pickaxe (875),875,325,,False
Viego,BOTTOM,isolated_completion,725,1038 | 1037 | 1018,Infinity Edge,3031 Infinity Edge (725),,,,False
Viego,UTILITY,empty,0,,Phantom Dancer,,0,0,,False
Viego,UTILITY,empty,300,,Phantom Dancer,1042 Dagger (250),250,50,,False
Viego,UTILITY,empty,1200,,Phantom Dancer,1018 Cloak of Agility (600) -> 1042 Dagger (250) -> 1042 Dagger (250),1100,100,,False
Viego,UTILITY,empty,unknown,,Infinity Edge,,0,,,False
Viego,UTILITY,components,0,1038 | 1037 | 1018,Infinity Edge,,0,0,,False
Viego,UTILITY,components,724,1038 | 1037 | 1018,Infinity Edge,,0,724,,False
Viego,UTILITY,components,725,1038 | 1037 | 1018,Infinity Edge,3031 Infinity Edge (725),725,0,,False
Viego,UTILITY,owned_first,1000,3031,Phantom Dancer,1018 Cloak of Agility (600) -> 1042 Dagger (250),850,150,,False
Viego,UTILITY,full_slots,725,1038 | 1037 | 1018 | 900001 | 900002 | 900003,Infinity Edge,3031 Infinity Edge (725),725,0,,False
Viego,UTILITY,enemy_armor,1200,1038,Infinity Edge,1037 Pickaxe (875),875,325,,False
Viego,UTILITY,enemy_magic,1200,1038,Infinity Edge,1037 Pickaxe (875),875,325,,False
Viego,UTILITY,isolated_completion,725,1038 | 1037 | 1018,Infinity Edge,3031 Infinity Edge (725),,,,False
Viktor,TOP,empty,0,,Blackfire Torch,,0,0,,False
Viktor,TOP,empty,300,,Blackfire Torch,2022 Glowing Mote (250),250,50,,False
Viktor,TOP,empty,1200,,Blackfire Torch,3802 Lost Chapter (1200),1200,0,,False
Viktor,TOP,empty,unknown,,Blackfire Torch,,0,,,False
Viktor,TOP,components,0,3802 | 2508,Blackfire Torch,,0,0,,False
Viktor,TOP,components,699,3802 | 2508,Blackfire Torch,1052 Amplifying Tome (400),400,299,,False
Viktor,TOP,components,700,3802 | 2508,Blackfire Torch,2503 Blackfire Torch (700),700,0,,False
Viktor,TOP,owned_first,1000,2503,Liandry's Torment,1052 Amplifying Tome (400) -> 1052 Amplifying Tome (400),800,200,,False
Viktor,TOP,full_slots,700,3802 | 2508 | 900001 | 900002 | 900003 | 900004,Blackfire Torch,2503 Blackfire Torch (700),700,0,,False
Viktor,TOP,enemy_armor,1200,3802,Blackfire Torch,2508 Fated Ashes (900),900,300,,False
Viktor,TOP,enemy_magic,1200,3802,Blackfire Torch,2508 Fated Ashes (900),900,300,,False
Viktor,TOP,isolated_completion,700,3802 | 2508,Blackfire Torch,2503 Blackfire Torch (700),,,,False
Viktor,JUNGLE,empty,0,,Malignance,,0,0,,False
Viktor,JUNGLE,empty,300,,Malignance,2022 Glowing Mote (250),250,50,,False
Viktor,JUNGLE,empty,1200,,Malignance,3802 Lost Chapter (1200),1200,0,,False
Viktor,JUNGLE,empty,unknown,,Malignance,,0,,,False
Viktor,JUNGLE,components,0,3802 | 1026,Malignance,,0,0,,False
Viktor,JUNGLE,components,649,3802 | 1026,Malignance,,0,649,,False
Viktor,JUNGLE,components,650,3802 | 1026,Malignance,3118 Malignance (650),650,0,,False
Viktor,JUNGLE,owned_first,1000,3118,Lich Bane,1026 Blasting Wand (850),850,150,,False
Viktor,JUNGLE,full_slots,650,3802 | 1026 | 900001 | 900002 | 900003 | 900004,Malignance,3118 Malignance (650),650,0,,False
Viktor,JUNGLE,enemy_armor,1200,3802,Malignance,1026 Blasting Wand (850),850,350,,False
Viktor,JUNGLE,enemy_magic,1200,3802,Malignance,1026 Blasting Wand (850),850,350,,False
Viktor,JUNGLE,isolated_completion,650,3802 | 1026,Malignance,3118 Malignance (650),,,,False
Viktor,MIDDLE,empty,0,,Blackfire Torch,,0,0,,False
Viktor,MIDDLE,empty,300,,Blackfire Torch,2022 Glowing Mote (250),250,50,,False
Viktor,MIDDLE,empty,1200,,Blackfire Torch,3802 Lost Chapter (1200),1200,0,,False
Viktor,MIDDLE,empty,unknown,,Blackfire Torch,,0,,,False
Viktor,MIDDLE,components,0,3802 | 2508,Blackfire Torch,,0,0,,False
Viktor,MIDDLE,components,699,3802 | 2508,Blackfire Torch,1052 Amplifying Tome (400),400,299,,False
Viktor,MIDDLE,components,700,3802 | 2508,Blackfire Torch,2503 Blackfire Torch (700),700,0,,False
Viktor,MIDDLE,owned_first,1000,2503,Hextech Rocketbelt,1052 Amplifying Tome (400) -> 1052 Amplifying Tome (400),800,200,,False
Viktor,MIDDLE,full_slots,700,3802 | 2508 | 900001 | 900002 | 900003 | 900004,Blackfire Torch,2503 Blackfire Torch (700),700,0,,False
Viktor,MIDDLE,enemy_armor,1200,3802,Blackfire Torch,2508 Fated Ashes (900),900,300,,False
Viktor,MIDDLE,enemy_magic,1200,3802,Blackfire Torch,2508 Fated Ashes (900),900,300,,False
Viktor,MIDDLE,isolated_completion,700,3802 | 2508,Blackfire Torch,2503 Blackfire Torch (700),,,,False
Viktor,BOTTOM,empty,0,,Blackfire Torch,,0,0,,False
Viktor,BOTTOM,empty,300,,Blackfire Torch,2022 Glowing Mote (250),250,50,,False
Viktor,BOTTOM,empty,1200,,Blackfire Torch,3802 Lost Chapter (1200),1200,0,,False
Viktor,BOTTOM,empty,unknown,,Blackfire Torch,,0,,,False
Viktor,BOTTOM,components,0,3802 | 2508,Blackfire Torch,,0,0,,False
Viktor,BOTTOM,components,699,3802 | 2508,Blackfire Torch,1052 Amplifying Tome (400),400,299,,False
Viktor,BOTTOM,components,700,3802 | 2508,Blackfire Torch,2503 Blackfire Torch (700),700,0,,False
Viktor,BOTTOM,owned_first,1000,2503,Hextech Rocketbelt,1052 Amplifying Tome (400) -> 1052 Amplifying Tome (400),800,200,,False
Viktor,BOTTOM,full_slots,700,3802 | 2508 | 900001 | 900002 | 900003 | 900004,Blackfire Torch,2503 Blackfire Torch (700),700,0,,False
Viktor,BOTTOM,enemy_armor,1200,3802,Blackfire Torch,2508 Fated Ashes (900),900,300,,False
Viktor,BOTTOM,enemy_magic,1200,3802,Blackfire Torch,2508 Fated Ashes (900),900,300,,False
Viktor,BOTTOM,isolated_completion,700,3802 | 2508,Blackfire Torch,2503 Blackfire Torch (700),,,,False
Viktor,UTILITY,empty,0,,Stormsurge,,0,0,,False
Viktor,UTILITY,empty,300,,Stormsurge,,0,300,,False
Viktor,UTILITY,empty,1200,,Stormsurge,1052 Amplifying Tome (400) -> 1052 Amplifying Tome (400) -> 1052 Amplifying Tome (400),1200,0,,False
Viktor,UTILITY,empty,unknown,,Stormsurge,,0,,,False
Viktor,UTILITY,components,0,3145 | 3113,Stormsurge,,0,0,,False
Viktor,UTILITY,components,799,3145 | 3113,Stormsurge,1052 Amplifying Tome (400),400,399,,False
Viktor,UTILITY,components,800,3145 | 3113,Stormsurge,4646 Stormsurge (800),800,0,,False
Viktor,UTILITY,owned_first,1000,4646,Shadowflame,1052 Amplifying Tome (400) -> 1052 Amplifying Tome (400),800,200,,False
Viktor,UTILITY,full_slots,800,3145 | 3113 | 900001 | 900002 | 900003 | 900004,Stormsurge,4646 Stormsurge (800),800,0,,False
Viktor,UTILITY,enemy_armor,1200,3145,Stormsurge,3113 Aether Wisp (900),900,300,,False
Viktor,UTILITY,enemy_magic,1200,3145,Stormsurge,3113 Aether Wisp (900),900,300,,False
Viktor,UTILITY,isolated_completion,800,3145 | 3113,Stormsurge,4646 Stormsurge (800),,,,False
Vladimir,TOP,empty,0,,Stormsurge,,0,0,,False
Vladimir,TOP,empty,300,,Stormsurge,,0,300,,False
Vladimir,TOP,empty,1200,,Stormsurge,1052 Amplifying Tome (400) -> 1052 Amplifying Tome (400) -> 1052 Amplifying Tome (400),1200,0,,False
Vladimir,TOP,empty,unknown,,Stormsurge,,0,,,False
Vladimir,TOP,components,0,3145 | 3113,Stormsurge,,0,0,,False
Vladimir,TOP,components,799,3145 | 3113,Stormsurge,1052 Amplifying Tome (400),400,399,,False
Vladimir,TOP,components,800,3145 | 3113,Stormsurge,4646 Stormsurge (800),800,0,,False
Vladimir,TOP,owned_first,1000,4646,Liandry's Torment,1028 Ruby Crystal (400) -> 1052 Amplifying Tome (400),800,200,,False
Vladimir,TOP,full_slots,800,3145 | 3113 | 900001 | 900002 | 900003 | 900004,Stormsurge,4646 Stormsurge (800),800,0,,False
Vladimir,TOP,enemy_armor,1200,3145,Hextech Rocketbelt,3067 Kindlegem (800) -> 1028 Ruby Crystal (400),1200,0,,False
Vladimir,TOP,enemy_magic,1200,3145,Hextech Rocketbelt,3067 Kindlegem (800) -> 1028 Ruby Crystal (400),1200,0,,False
Vladimir,TOP,isolated_completion,800,3145 | 3113,Stormsurge,4646 Stormsurge (800),,,,False
Vladimir,JUNGLE,empty,0,,Hextech Rocketbelt,,0,0,,False
Vladimir,JUNGLE,empty,300,,Hextech Rocketbelt,2022 Glowing Mote (250),250,50,,False
Vladimir,JUNGLE,empty,1200,,Hextech Rocketbelt,3067 Kindlegem (800) -> 1028 Ruby Crystal (400),1200,0,,False
Vladimir,JUNGLE,empty,unknown,,Cosmic Drive,,0,,,False
Vladimir,JUNGLE,components,0,3067 | 3113 | 3108,Cosmic Drive,,0,0,,False
Vladimir,JUNGLE,components,449,3067 | 3113 | 3108,Cosmic Drive,,0,449,,False
Vladimir,JUNGLE,components,450,3067 | 3113 | 3108,Cosmic Drive,4629 Cosmic Drive (450),450,0,,False
Vladimir,JUNGLE,owned_first,1000,4629,Hextech Rocketbelt,3067 Kindlegem (800),800,200,,False
Vladimir,JUNGLE,full_slots,450,3067 | 3113 | 3108 | 900001 | 900002 | 900003,Cosmic Drive,4629 Cosmic Drive (450),450,0,,False
Vladimir,JUNGLE,enemy_armor,1200,3067,Hextech Rocketbelt,1028 Ruby Crystal (400) -> 1052 Amplifying Tome (400) -> 1052 Amplifying Tome (400),1200,0,,False
Vladimir,JUNGLE,enemy_magic,1200,3067,Zeke's Convergence,1033 Null-Magic Mantle (400) -> 1033 Null-Magic Mantle (400) -> 1029 Cloth Armor (300),1100,100,,False
Vladimir,JUNGLE,isolated_completion,450,3067 | 3113 | 3108,Cosmic Drive,4629 Cosmic Drive (450),,,,False
Vladimir,MIDDLE,empty,0,,Stormsurge,,0,0,,False
Vladimir,MIDDLE,empty,300,,Stormsurge,,0,300,,False
Vladimir,MIDDLE,empty,1200,,Stormsurge,1052 Amplifying Tome (400) -> 1052 Amplifying Tome (400) -> 1052 Amplifying Tome (400),1200,0,,False
Vladimir,MIDDLE,empty,unknown,,Stormsurge,,0,,,False
Vladimir,MIDDLE,components,0,3145 | 3113,Stormsurge,,0,0,,False
Vladimir,MIDDLE,components,799,3145 | 3113,Stormsurge,1052 Amplifying Tome (400),400,399,,False
Vladimir,MIDDLE,components,800,3145 | 3113,Stormsurge,4646 Stormsurge (800),800,0,,False
Vladimir,MIDDLE,owned_first,1000,4646,Liandry's Torment,1028 Ruby Crystal (400) -> 1052 Amplifying Tome (400),800,200,,False
Vladimir,MIDDLE,full_slots,800,3145 | 3113 | 900001 | 900002 | 900003 | 900004,Stormsurge,4646 Stormsurge (800),800,0,,False
Vladimir,MIDDLE,enemy_armor,1200,3145,Stormsurge,3113 Aether Wisp (900),900,300,,False
Vladimir,MIDDLE,enemy_magic,1200,3145,Stormsurge,3113 Aether Wisp (900),900,300,,False
Vladimir,MIDDLE,isolated_completion,800,3145 | 3113,Stormsurge,4646 Stormsurge (800),,,,False
Vladimir,BOTTOM,empty,0,,Stormsurge,,0,0,,False
Vladimir,BOTTOM,empty,300,,Stormsurge,,0,300,,False
Vladimir,BOTTOM,empty,1200,,Stormsurge,1052 Amplifying Tome (400) -> 1052 Amplifying Tome (400) -> 1052 Amplifying Tome (400),1200,0,,False
Vladimir,BOTTOM,empty,unknown,,Stormsurge,,0,,,False
Vladimir,BOTTOM,components,0,3145 | 3113,Stormsurge,,0,0,,False
Vladimir,BOTTOM,components,799,3145 | 3113,Stormsurge,1052 Amplifying Tome (400),400,399,,False
Vladimir,BOTTOM,components,800,3145 | 3113,Stormsurge,4646 Stormsurge (800),800,0,,False
Vladimir,BOTTOM,owned_first,1000,4646,Liandry's Torment,1028 Ruby Crystal (400) -> 1052 Amplifying Tome (400),800,200,,False
Vladimir,BOTTOM,full_slots,800,3145 | 3113 | 900001 | 900002 | 900003 | 900004,Stormsurge,4646 Stormsurge (800),800,0,,False
Vladimir,BOTTOM,enemy_armor,1200,3145,Stormsurge,3113 Aether Wisp (900),900,300,,False
Vladimir,BOTTOM,enemy_magic,1200,3145,Stormsurge,3113 Aether Wisp (900),900,300,,False
Vladimir,BOTTOM,isolated_completion,800,3145 | 3113,Stormsurge,4646 Stormsurge (800),,,,False
Vladimir,UTILITY,empty,0,,Hextech Rocketbelt,,0,0,,False
Vladimir,UTILITY,empty,300,,Hextech Rocketbelt,2022 Glowing Mote (250),250,50,,False
Vladimir,UTILITY,empty,1200,,Hextech Rocketbelt,3067 Kindlegem (800) -> 1028 Ruby Crystal (400),1200,0,,False
Vladimir,UTILITY,empty,unknown,,Hextech Rocketbelt,,0,,,False
Vladimir,UTILITY,components,0,3145 | 3067 | 1028,Hextech Rocketbelt,,0,0,,False
Vladimir,UTILITY,components,349,3145 | 3067 | 1028,Hextech Rocketbelt,,0,349,,False
Vladimir,UTILITY,components,350,3145 | 3067 | 1028,Hextech Rocketbelt,3152 Hextech Rocketbelt (350),350,0,,False
Vladimir,UTILITY,owned_first,1000,3152,Cosmic Drive,3067 Kindlegem (800),800,200,,False
Vladimir,UTILITY,full_slots,350,3145 | 3067 | 1028 | 900001 | 900002 | 900003,Hextech Rocketbelt,3152 Hextech Rocketbelt (350),350,0,,False
Vladimir,UTILITY,enemy_armor,1200,3145,Hextech Rocketbelt,3067 Kindlegem (800) -> 1028 Ruby Crystal (400),1200,0,,False
Vladimir,UTILITY,enemy_magic,1200,3145,Hextech Rocketbelt,3067 Kindlegem (800) -> 1028 Ruby Crystal (400),1200,0,,False
Vladimir,UTILITY,isolated_completion,350,3145 | 3067 | 1028,Hextech Rocketbelt,3152 Hextech Rocketbelt (350),,,,False
Volibear,TOP,empty,0,,Hextech Gunblade,,0,0,,False
Volibear,TOP,empty,300,,Hextech Gunblade,,0,300,,False
Volibear,TOP,empty,1200,,Dusk and Dawn,3067 Kindlegem (800) -> 1028 Ruby Crystal (400),1200,0,,False
Volibear,TOP,empty,unknown,,Hextech Gunblade,,0,,,False
Volibear,TOP,components,0,1053 | 3145 | 1052,Hextech Gunblade,,0,0,,False
Volibear,TOP,components,599,1053 | 3145 | 1052,Hextech Gunblade,,0,599,,False
Volibear,TOP,components,600,1053 | 3145 | 1052,Hextech Gunblade,3146 Hextech Gunblade (600),600,0,,False
Volibear,TOP,owned_first,1000,3146,Statikk Shiv,1037 Pickaxe (875),875,125,,False
Volibear,TOP,full_slots,600,1053 | 3145 | 1052 | 900001 | 900002 | 900003,Hextech Gunblade,3146 Hextech Gunblade (600),600,0,,False
Volibear,TOP,enemy_armor,1200,1053,Hextech Gunblade,1029 Cloth Armor (300) -> 1052 Amplifying Tome (400) -> 1052 Amplifying Tome (400),1100,100,,False
Volibear,TOP,enemy_magic,1200,1053,Hextech Gunblade,1033 Null-Magic Mantle (400) -> 1052 Amplifying Tome (400) -> 1052 Amplifying Tome (400),1200,0,,False
Volibear,TOP,isolated_completion,600,1053 | 3145 | 1052,Hextech Gunblade,3146 Hextech Gunblade (600),,,,False
Volibear,JUNGLE,empty,0,,Dusk and Dawn,,0,0,,False
Volibear,JUNGLE,empty,300,,Dusk and Dawn,2022 Glowing Mote (250),250,50,,False
Volibear,JUNGLE,empty,1200,,Dusk and Dawn,3067 Kindlegem (800) -> 1028 Ruby Crystal (400),1200,0,,False
Volibear,JUNGLE,empty,unknown,,Dusk and Dawn,,0,,,False
Volibear,JUNGLE,components,0,3057 | 1026 | 3067 | 1042,Dusk and Dawn,,0,0,,False
Volibear,JUNGLE,components,299,3057 | 1026 | 3067 | 1042,Dusk and Dawn,,0,299,,False
Volibear,JUNGLE,components,300,3057 | 1026 | 3067 | 1042,Dusk and Dawn,2510 Dusk and Dawn (300),300,0,,False
Volibear,JUNGLE,owned_first,1000,2510,Navori Flickerblade,1028 Ruby Crystal (400) -> 1028 Ruby Crystal (400),800,200,,False
Volibear,JUNGLE,full_slots,300,3057 | 1026 | 3067 | 1042 | 900001 | 900002,Dusk and Dawn,2510 Dusk and Dawn (300),300,0,,False
Volibear,JUNGLE,enemy_armor,1200,3057,Dusk and Dawn,3067 Kindlegem (800) -> 1028 Ruby Crystal (400),1200,0,,False
Volibear,JUNGLE,enemy_magic,1200,3057,Dusk and Dawn,3067 Kindlegem (800) -> 1033 Null-Magic Mantle (400),1200,0,,False
Volibear,JUNGLE,isolated_completion,300,3057 | 1026 | 3067 | 1042,Dusk and Dawn,2510 Dusk and Dawn (300),,,,False
Volibear,MIDDLE,empty,0,,Dusk and Dawn,,0,0,,False
Volibear,MIDDLE,empty,300,,Dusk and Dawn,2022 Glowing Mote (250),250,50,,False
Volibear,MIDDLE,empty,1200,,Dusk and Dawn,3067 Kindlegem (800) -> 1028 Ruby Crystal (400),1200,0,,False
Volibear,MIDDLE,empty,unknown,,Dusk and Dawn,,0,,,False
Volibear,MIDDLE,components,0,3057 | 1026 | 3067 | 1042,Dusk and Dawn,,0,0,,False
Volibear,MIDDLE,components,299,3057 | 1026 | 3067 | 1042,Dusk and Dawn,,0,299,,False
Volibear,MIDDLE,components,300,3057 | 1026 | 3067 | 1042,Dusk and Dawn,2510 Dusk and Dawn (300),300,0,,False
Volibear,MIDDLE,owned_first,1000,2510,Riftmaker,1028 Ruby Crystal (400) -> 1028 Ruby Crystal (400),800,200,,False
Volibear,MIDDLE,full_slots,300,3057 | 1026 | 3067 | 1042 | 900001 | 900002,Dusk and Dawn,2510 Dusk and Dawn (300),300,0,,False
Volibear,MIDDLE,enemy_armor,1200,3057,Dusk and Dawn,3067 Kindlegem (800) -> 1028 Ruby Crystal (400),1200,0,,False
Volibear,MIDDLE,enemy_magic,1200,3057,Dusk and Dawn,3067 Kindlegem (800) -> 1033 Null-Magic Mantle (400),1200,0,,False
Volibear,MIDDLE,isolated_completion,300,3057 | 1026 | 3067 | 1042,Dusk and Dawn,2510 Dusk and Dawn (300),,,,False
Volibear,BOTTOM,empty,0,,Warmog's Armor,,0,0,,False
Volibear,BOTTOM,empty,300,,Winter's Approach,2022 Glowing Mote (250),250,50,,False
Volibear,BOTTOM,empty,1200,,Winter's Approach,3067 Kindlegem (800) -> 1028 Ruby Crystal (400),1200,0,,False
Volibear,BOTTOM,empty,unknown,,Warmog's Armor,,0,,,False
Volibear,BOTTOM,components,0,1011 | 1011 | 3801,Warmog's Armor,,0,0,,False
Volibear,BOTTOM,components,499,1011 | 1011 | 3801,Heartsteel,1028 Ruby Crystal (400),400,99,,False
Volibear,BOTTOM,components,500,1011 | 1011 | 3801,Warmog's Armor,3083 Warmog's Armor (500),500,0,,False
Volibear,BOTTOM,owned_first,1000,3083,Winter's Approach,1011 Giant's Belt (900),900,100,,False
Volibear,BOTTOM,full_slots,500,1011 | 1011 | 3801 | 900001 | 900002 | 900003,Warmog's Armor,3083 Warmog's Armor (500),500,0,,False
Volibear,BOTTOM,enemy_armor,1200,1011,Winter's Approach,3067 Kindlegem (800) -> 3070 Tear of the Goddess (400),1200,0,,False
Volibear,BOTTOM,enemy_magic,1200,1011,Kaenic Rookern,1033 Null-Magic Mantle (400) -> 1033 Null-Magic Mantle (400) -> 1028 Ruby Crystal (400),1200,0,,False
Volibear,BOTTOM,isolated_completion,500,1011 | 1011 | 3801,Warmog's Armor,3083 Warmog's Armor (500),,,,False
Volibear,UTILITY,empty,0,,Bandlepipes,,0,0,,False
Volibear,UTILITY,empty,300,,Bandlepipes,2022 Glowing Mote (250),250,50,,False
Volibear,UTILITY,empty,1200,,Bandlepipes,3067 Kindlegem (800) -> 1028 Ruby Crystal (400),1200,0,,False
Volibear,UTILITY,empty,unknown,,Bandlepipes,,0,,,False
Volibear,UTILITY,components,0,3067 | 1029 | 1033,Bandlepipes,,0,0,,False
Volibear,UTILITY,components,799,3067 | 1029 | 1033,Bandlepipes,1028 Ruby Crystal (400),400,399,,False
Volibear,UTILITY,components,800,3067 | 1029 | 1033,Bandlepipes,1028 Ruby Crystal (400) -> 1028 Ruby Crystal (400),800,0,,False
Volibear,UTILITY,owned_first,1000,2524,Locket of the Iron Solari,3067 Kindlegem (800),800,200,,False
Volibear,UTILITY,full_slots,800,3067 | 1029 | 1033 | 900001 | 900002 | 900003,Bandlepipes,2524 Bandlepipes (800),800,0,,False
Volibear,UTILITY,enemy_armor,1200,3067,Bandlepipes,1029 Cloth Armor (300) -> 1033 Null-Magic Mantle (400),700,500,,False
Volibear,UTILITY,enemy_magic,1200,3067,Bandlepipes,1033 Null-Magic Mantle (400) -> 1033 Null-Magic Mantle (400) -> 1028 Ruby Crystal (400),1200,0,,False
Volibear,UTILITY,isolated_completion,800,3067 | 1029 | 1033,Bandlepipes,2524 Bandlepipes (800),,,,False
Warwick,TOP,empty,0,,Blade of The Ruined King,,0,0,,False
Warwick,TOP,empty,300,,Blade of The Ruined King,1042 Dagger (250),250,50,,False
Warwick,TOP,empty,1200,,Blade of The Ruined King,1037 Pickaxe (875) -> 1042 Dagger (250),1125,75,,False
Warwick,TOP,empty,unknown,,Blade of The Ruined King,,0,,,False
Warwick,TOP,components,0,1053 | 1043 | 1037,Blade of The Ruined King,,0,0,,False
Warwick,TOP,components,724,1053 | 1043 | 1037,Blade of The Ruined King,1036 Long Sword (350) -> 1036 Long Sword (350),700,24,,False
Warwick,TOP,components,725,1053 | 1043 | 1037,Blade of The Ruined King,3153 Blade of The Ruined King (725),725,0,,False
Warwick,TOP,owned_first,1000,3153,Death's Dance,1036 Long Sword (350) -> 1036 Long Sword (350) -> 2022 Glowing Mote (250),950,50,,False
Warwick,TOP,full_slots,725,1053 | 1043 | 1037 | 900001 | 900002 | 900003,Blade of The Ruined King,3153 Blade of The Ruined King (725),725,0,,False
Warwick,TOP,enemy_armor,1200,1053,Blade of The Ruined King,1037 Pickaxe (875) -> 1042 Dagger (250),1125,75,,False
Warwick,TOP,enemy_magic,1200,1053,Blade of The Ruined King,1037 Pickaxe (875) -> 1042 Dagger (250),1125,75,,False
Warwick,TOP,isolated_completion,725,1053 | 1043 | 1037,Blade of The Ruined King,3153 Blade of The Ruined King (725),,,,False
Warwick,JUNGLE,empty,0,,Blade of The Ruined King,,0,0,,False
Warwick,JUNGLE,empty,300,,Blade of The Ruined King,1042 Dagger (250),250,50,,False
Warwick,JUNGLE,empty,1200,,Blade of The Ruined King,1037 Pickaxe (875) -> 1042 Dagger (250),1125,75,,False
Warwick,JUNGLE,empty,unknown,,Blade of The Ruined King,,0,,,False
Warwick,JUNGLE,components,0,1053 | 1043 | 1037,Blade of The Ruined King,,0,0,,False
Warwick,JUNGLE,components,724,1053 | 1043 | 1037,Blade of The Ruined King,1027 Sapphire Crystal (300) -> 1036 Long Sword (350),650,74,,False
Warwick,JUNGLE,components,725,1053 | 1043 | 1037,Blade of The Ruined King,3153 Blade of The Ruined King (725),725,0,,False
Warwick,JUNGLE,owned_first,1000,3153,Terminus,1036 Long Sword (350) -> 1036 Long Sword (350) -> 1027 Sapphire Crystal (300),1000,0,,False
Warwick,JUNGLE,full_slots,725,1053 | 1043 | 1037 | 900001 | 900002 | 900003,Blade of The Ruined King,3153 Blade of The Ruined King (725),725,0,,False
Warwick,JUNGLE,enemy_armor,1200,1053,Blade of The Ruined King,1037 Pickaxe (875) -> 1042 Dagger (250),1125,75,,False
Warwick,JUNGLE,enemy_magic,1200,1053,Blade of The Ruined King,1037 Pickaxe (875) -> 1042 Dagger (250),1125,75,,False
Warwick,JUNGLE,isolated_completion,725,1053 | 1043 | 1037,Blade of The Ruined King,3153 Blade of The Ruined King (725),,,,False
Warwick,MIDDLE,empty,0,,Stridebreaker,,0,0,,False
Warwick,MIDDLE,empty,300,,Stridebreaker,1042 Dagger (250),250,50,,False
Warwick,MIDDLE,empty,1200,,Stridebreaker,3044 Phage (1100),1100,100,,False
Warwick,MIDDLE,empty,unknown,,Stridebreaker,,0,,,False
Warwick,MIDDLE,components,0,3077 | 3044 | 1042,Stridebreaker,,0,0,,False
Warwick,MIDDLE,components,749,3077 | 3044 | 1042,Stridebreaker,,0,749,,False
Warwick,MIDDLE,components,750,3077 | 3044 | 1042,Stridebreaker,6631 Stridebreaker (750),750,0,,False
Warwick,MIDDLE,owned_first,1000,6631,Kraken Slayer,1036 Long Sword (350) -> 1036 Long Sword (350) -> 1042 Dagger (250),950,50,,False
Warwick,MIDDLE,full_slots,750,3077 | 3044 | 1042 | 900001 | 900002 | 900003,Stridebreaker,6631 Stridebreaker (750),750,0,,False
Warwick,MIDDLE,enemy_armor,1200,3077,Stridebreaker,3044 Phage (1100),1100,100,,False
Warwick,MIDDLE,enemy_magic,1200,3077,Stridebreaker,1028 Ruby Crystal (400) -> 1033 Null-Magic Mantle (400) -> 1036 Long Sword (350),1150,50,,False
Warwick,MIDDLE,isolated_completion,750,3077 | 3044 | 1042,Stridebreaker,6631 Stridebreaker (750),,,,False
Warwick,BOTTOM,empty,0,,Essence Reaver,,0,0,,False
Warwick,BOTTOM,empty,300,,Rod of Ages,1027 Sapphire Crystal (300),300,0,,False
Warwick,BOTTOM,empty,1200,,Rod of Ages,1027 Sapphire Crystal (300) -> 1028 Ruby Crystal (400) -> 1028 Ruby Crystal (400),1100,100,,False
Warwick,BOTTOM,empty,unknown,,Essence Reaver,,0,,,False
Warwick,BOTTOM,components,0,3057 | 3133 | 1018,Essence Reaver,,0,0,,False
Warwick,BOTTOM,components,499,3057 | 3133 | 1018,Essence Reaver,,0,499,,False
Warwick,BOTTOM,components,500,3057 | 3133 | 1018,Essence Reaver,3508 Essence Reaver (500),500,0,,False
Warwick,BOTTOM,owned_first,1000,3508,Rod of Ages,1027 Sapphire Crystal (300) -> 1028 Ruby Crystal (400),700,300,,False
Warwick,BOTTOM,full_slots,500,3057 | 3133 | 1018 | 900001 | 900002 | 900003,Essence Reaver,3508 Essence Reaver (500),500,0,,False
Warwick,BOTTOM,enemy_armor,1200,3057,Essence Reaver,3133 Caulfield's Warhammer (1050),1050,150,,False
Warwick,BOTTOM,enemy_magic,1200,3057,Kaenic Rookern,1033 Null-Magic Mantle (400) -> 1033 Null-Magic Mantle (400) -> 1028 Ruby Crystal (400),1200,0,,False
Warwick,BOTTOM,isolated_completion,500,3057 | 3133 | 1018,Essence Reaver,3508 Essence Reaver (500),,,,False
Warwick,UTILITY,empty,0,,Rod of Ages,,0,0,,False
Warwick,UTILITY,empty,300,,Rod of Ages,1027 Sapphire Crystal (300),300,0,,False
Warwick,UTILITY,empty,1200,,Rod of Ages,1027 Sapphire Crystal (300) -> 1028 Ruby Crystal (400) -> 1028 Ruby Crystal (400),1100,100,,False
Warwick,UTILITY,empty,unknown,,Essence Reaver,,0,,,False
Warwick,UTILITY,components,0,3057 | 3133 | 1018,Essence Reaver,,0,0,,False
Warwick,UTILITY,components,499,3057 | 3133 | 1018,Essence Reaver,,0,499,,False
Warwick,UTILITY,components,500,3057 | 3133 | 1018,Essence Reaver,3508 Essence Reaver (500),500,0,,False
Warwick,UTILITY,owned_first,1000,3508,Rod of Ages,1027 Sapphire Crystal (300) -> 1028 Ruby Crystal (400),700,300,,False
Warwick,UTILITY,full_slots,500,3057 | 3133 | 1018 | 900001 | 900002 | 900003,Essence Reaver,3508 Essence Reaver (500),500,0,,False
Warwick,UTILITY,enemy_armor,1200,3057,Redemption,3108 Fiendish Codex (850) -> 1004 Faerie Charm (200),1050,150,,False
Warwick,UTILITY,enemy_magic,1200,3057,Kaenic Rookern,1033 Null-Magic Mantle (400) -> 1033 Null-Magic Mantle (400) -> 1028 Ruby Crystal (400),1200,0,,False
Warwick,UTILITY,isolated_completion,500,3057 | 3133 | 1018,Essence Reaver,3508 Essence Reaver (500),,,,False
MonkeyKing,TOP,empty,0,,Eclipse,,0,0,,False
MonkeyKing,TOP,empty,300,,Eclipse,2022 Glowing Mote (250),250,50,,False
MonkeyKing,TOP,empty,1200,,Eclipse,3133 Caulfield's Warhammer (1050),1050,150,,False
MonkeyKing,TOP,empty,unknown,,Trinity Force,,0,,,False
MonkeyKing,TOP,components,0,3057 | 3044 | 3051,Trinity Force,,0,0,,False
MonkeyKing,TOP,components,132,3057 | 3044 | 3051,Trinity Force,,0,132,,False
MonkeyKing,TOP,components,133,3057 | 3044 | 3051,Trinity Force,3078 Trinity Force (133),133,0,,False
MonkeyKing,TOP,owned_first,1000,3078,Black Cleaver,3067 Kindlegem (800),800,200,,False
MonkeyKing,TOP,full_slots,133,3057 | 3044 | 3051 | 900001 | 900002 | 900003,Trinity Force,3078 Trinity Force (133),133,0,,False
MonkeyKing,TOP,enemy_armor,1200,3057,Eclipse,3133 Caulfield's Warhammer (1050),1050,150,,False
MonkeyKing,TOP,enemy_magic,1200,3057,Trinity Force,3044 Phage (1100),1100,100,,False
MonkeyKing,TOP,isolated_completion,133,3057 | 3044 | 3051,Trinity Force,3078 Trinity Force (133),,,,False
MonkeyKing,JUNGLE,empty,0,,Trinity Force,,0,0,,False
MonkeyKing,JUNGLE,empty,300,,Trinity Force,2022 Glowing Mote (250),250,50,,False
MonkeyKing,JUNGLE,empty,1200,,Trinity Force,3044 Phage (1100),1100,100,,False
MonkeyKing,JUNGLE,empty,unknown,,Trinity Force,,0,,,False
MonkeyKing,JUNGLE,components,0,3057 | 3044 | 3051,Trinity Force,,0,0,,False
MonkeyKing,JUNGLE,components,132,3057 | 3044 | 3051,Trinity Force,,0,132,,False
MonkeyKing,JUNGLE,components,133,3057 | 3044 | 3051,Trinity Force,3078 Trinity Force (133),133,0,,False
MonkeyKing,JUNGLE,owned_first,1000,3078,Black Cleaver,3067 Kindlegem (800),800,200,,False
MonkeyKing,JUNGLE,full_slots,133,3057 | 3044 | 3051 | 900001 | 900002 | 900003,Trinity Force,3078 Trinity Force (133),133,0,,False
MonkeyKing,JUNGLE,enemy_armor,1200,3057,Trinity Force,3044 Phage (1100),1100,100,,False
MonkeyKing,JUNGLE,enemy_magic,1200,3057,Trinity Force,3044 Phage (1100),1100,100,,False
MonkeyKing,JUNGLE,isolated_completion,133,3057 | 3044 | 3051,Trinity Force,3078 Trinity Force (133),,,,False
MonkeyKing,MIDDLE,empty,0,,Profane Hydra,,0,0,,False
MonkeyKing,MIDDLE,empty,300,,Profane Hydra,2022 Glowing Mote (250),250,50,,False
MonkeyKing,MIDDLE,empty,1200,,Profane Hydra,1037 Pickaxe (875) -> 2022 Glowing Mote (250),1125,75,,False
MonkeyKing,MIDDLE,empty,unknown,,Profane Hydra,,0,,,False
MonkeyKing,MIDDLE,components,0,3077 | 2020,Profane Hydra,,0,0,,False
MonkeyKing,MIDDLE,components,312,3077 | 2020,Profane Hydra,2022 Glowing Mote (250),250,62,,False
MonkeyKing,MIDDLE,components,313,3077 | 2020,Profane Hydra,6698 Profane Hydra (313),313,0,,False
MonkeyKing,MIDDLE,owned_first,1000,6698,Trinity Force,1028 Ruby Crystal (400) -> 1036 Long Sword (350) -> 2022 Glowing Mote (250),1000,0,,False
MonkeyKing,MIDDLE,full_slots,313,3077 | 2020 | 900001 | 900002 | 900003 | 900004,Profane Hydra,6698 Profane Hydra (313),313,0,,False
MonkeyKing,MIDDLE,enemy_armor,1200,3077,Profane Hydra,1037 Pickaxe (875) -> 2022 Glowing Mote (250),1125,75,,False
MonkeyKing,MIDDLE,enemy_magic,1200,3077,Profane Hydra,1037 Pickaxe (875) -> 2022 Glowing Mote (250),1125,75,,False
MonkeyKing,MIDDLE,isolated_completion,313,3077 | 2020,Profane Hydra,6698 Profane Hydra (313),,,,False
MonkeyKing,BOTTOM,empty,0,,Eclipse,,0,0,,False
MonkeyKing,BOTTOM,empty,300,,Eclipse,2022 Glowing Mote (250),250,50,,False
MonkeyKing,BOTTOM,empty,1200,,Eclipse,3133 Caulfield's Warhammer (1050),1050,150,,False
MonkeyKing,BOTTOM,empty,unknown,,Eclipse,,0,,,False
MonkeyKing,BOTTOM,components,0,3133 | 1037 | 1036,Eclipse,,0,0,,False
MonkeyKing,BOTTOM,components,624,3133 | 1037 | 1036,Eclipse,2022 Glowing Mote (250),250,374,,False
MonkeyKing,BOTTOM,components,625,3133 | 1037 | 1036,Eclipse,6692 Eclipse (625),625,0,,False
MonkeyKing,BOTTOM,owned_first,1000,6692,Trinity Force,1028 Ruby Crystal (400) -> 1036 Long Sword (350) -> 2022 Glowing Mote (250),1000,0,,False
MonkeyKing,BOTTOM,full_slots,625,3133 | 1037 | 1036 | 900001 | 900002 | 900003,Eclipse,6692 Eclipse (625),625,0,,False
MonkeyKing,BOTTOM,enemy_armor,1200,3133,Eclipse,1037 Pickaxe (875),875,325,,False
MonkeyKing,BOTTOM,enemy_magic,1200,3133,Eclipse,1037 Pickaxe (875) -> 2022 Glowing Mote (250),1125,75,,False
MonkeyKing,BOTTOM,isolated_completion,625,3133 | 1037 | 1036,Eclipse,6692 Eclipse (625),,,,False
MonkeyKing,UTILITY,empty,0,,Black Cleaver,,0,0,,False
MonkeyKing,UTILITY,empty,300,,Black Cleaver,2022 Glowing Mote (250),250,50,,False
MonkeyKing,UTILITY,empty,1200,,Black Cleaver,3067 Kindlegem (800) -> 1028 Ruby Crystal (400),1200,0,,False
MonkeyKing,UTILITY,empty,unknown,,Black Cleaver,,0,,,False
MonkeyKing,UTILITY,components,0,3044 | 3067 | 1037,Black Cleaver,,0,0,,False
MonkeyKing,UTILITY,components,224,3044 | 3067 | 1037,Black Cleaver,,0,224,,False
MonkeyKing,UTILITY,components,225,3044 | 3067 | 1037,Black Cleaver,3071 Black Cleaver (225),225,0,,False
MonkeyKing,UTILITY,owned_first,1000,3071,Zeke's Convergence,3067 Kindlegem (800),800,200,,False
MonkeyKing,UTILITY,full_slots,225,3044 | 3067 | 1037 | 900001 | 900002 | 900003,Black Cleaver,3071 Black Cleaver (225),225,0,,False
MonkeyKing,UTILITY,enemy_armor,1200,3044,Black Cleaver,3067 Kindlegem (800),800,400,,False
MonkeyKing,UTILITY,enemy_magic,1200,3044,Black Cleaver,3067 Kindlegem (800) -> 1033 Null-Magic Mantle (400),1200,0,,False
MonkeyKing,UTILITY,isolated_completion,225,3044 | 3067 | 1037,Black Cleaver,3071 Black Cleaver (225),,,,False
Xayah,TOP,empty,0,,Stormrazor,,0,0,,False
Xayah,TOP,empty,300,,Stormrazor,1042 Dagger (250),250,50,,False
Xayah,TOP,empty,1200,,Stormrazor,1018 Cloak of Agility (600) -> 3144 Scout's Slingshot (600),1200,0,,False
Xayah,TOP,empty,unknown,,Stormrazor,,0,,,False
Xayah,TOP,components,0,1038 | 1018 | 3144,Stormrazor,,0,0,,False
Xayah,TOP,components,699,1038 | 1018 | 3144,Stormrazor,,0,699,,False
Xayah,TOP,components,700,1038 | 1018 | 3144,Stormrazor,3095 Stormrazor (700),700,0,,False
Xayah,TOP,owned_first,1000,3095,Navori Flickerblade,1018 Cloak of Agility (600) -> 1042 Dagger (250),850,150,,False
Xayah,TOP,full_slots,700,1038 | 1018 | 3144 | 900001 | 900002 | 900003,Stormrazor,3095 Stormrazor (700),700,0,,False
Xayah,TOP,enemy_armor,1200,1038,Stormrazor,1018 Cloak of Agility (600) -> 3144 Scout's Slingshot (600),1200,0,,False
Xayah,TOP,enemy_magic,1200,1038,Stormrazor,1018 Cloak of Agility (600) -> 3144 Scout's Slingshot (600),1200,0,,False
Xayah,TOP,isolated_completion,700,1038 | 1018 | 3144,Stormrazor,3095 Stormrazor (700),,,,False
Xayah,JUNGLE,empty,0,,Essence Reaver,,0,0,,False
Xayah,JUNGLE,empty,300,,Essence Reaver,2022 Glowing Mote (250),250,50,,False
Xayah,JUNGLE,empty,1200,,Essence Reaver,1018 Cloak of Agility (600) -> 1036 Long Sword (350) -> 2022 Glowing Mote (250),1200,0,,False
Xayah,JUNGLE,empty,unknown,,Essence Reaver,,0,,,False
Xayah,JUNGLE,components,0,3057 | 3133 | 1018,Essence Reaver,,0,0,,False
Xayah,JUNGLE,components,499,3057 | 3133 | 1018,Essence Reaver,,0,499,,False
Xayah,JUNGLE,components,500,3057 | 3133 | 1018,Essence Reaver,3508 Essence Reaver (500),500,0,,False
Xayah,JUNGLE,owned_first,1000,3508,Infinity Edge,1037 Pickaxe (875),875,125,,False
Xayah,JUNGLE,full_slots,500,3057 | 3133 | 1018 | 900001 | 900002 | 900003,Essence Reaver,3508 Essence Reaver (500),500,0,,False
Xayah,JUNGLE,enemy_armor,1200,3057,Essence Reaver,1018 Cloak of Agility (600) -> 1036 Long Sword (350) -> 2022 Glowing Mote (250),1200,0,,False
Xayah,JUNGLE,enemy_magic,1200,3057,Essence Reaver,1018 Cloak of Agility (600) -> 1036 Long Sword (350) -> 2022 Glowing Mote (250),1200,0,,False
Xayah,JUNGLE,isolated_completion,500,3057 | 3133 | 1018,Essence Reaver,3508 Essence Reaver (500),,,,False
Xayah,MIDDLE,empty,0,,Yun Tal Wildarrows,,0,0,,False
Xayah,MIDDLE,empty,300,,Yun Tal Wildarrows,1042 Dagger (250),250,50,,False
Xayah,MIDDLE,empty,1200,,Yun Tal Wildarrows,3144 Scout's Slingshot (600) -> 1036 Long Sword (350),950,250,,False
Xayah,MIDDLE,empty,unknown,,Yun Tal Wildarrows,,0,,,False
Xayah,MIDDLE,components,0,1038 | 3144 | 1036,Yun Tal Wildarrows,,0,0,,False
Xayah,MIDDLE,components,749,1038 | 3144 | 1036,Yun Tal Wildarrows,,0,749,,False
Xayah,MIDDLE,components,750,1038 | 3144 | 1036,Yun Tal Wildarrows,3032 Yun Tal Wildarrows (750),750,0,,False
Xayah,MIDDLE,owned_first,1000,3032,Navori Flickerblade,1018 Cloak of Agility (600) -> 1042 Dagger (250),850,150,,False
Xayah,MIDDLE,full_slots,750,1038 | 3144 | 1036 | 900001 | 900002 | 900003,Yun Tal Wildarrows,3032 Yun Tal Wildarrows (750),750,0,,False
Xayah,MIDDLE,enemy_armor,1200,1038,Yun Tal Wildarrows,1036 Long Sword (350) -> 1042 Dagger (250) -> 1042 Dagger (250) -> 1036 Long Sword (350),1200,0,,False
Xayah,MIDDLE,enemy_magic,1200,1038,Yun Tal Wildarrows,3144 Scout's Slingshot (600) -> 1036 Long Sword (350),950,250,,False
Xayah,MIDDLE,isolated_completion,750,1038 | 3144 | 1036,Yun Tal Wildarrows,3032 Yun Tal Wildarrows (750),,,,False
Xayah,BOTTOM,empty,0,,Yun Tal Wildarrows,,0,0,,False
Xayah,BOTTOM,empty,300,,Yun Tal Wildarrows,1042 Dagger (250),250,50,,False
Xayah,BOTTOM,empty,1200,,Yun Tal Wildarrows,3144 Scout's Slingshot (600) -> 1036 Long Sword (350),950,250,,False
Xayah,BOTTOM,empty,unknown,,Yun Tal Wildarrows,,0,,,False
Xayah,BOTTOM,components,0,1038 | 3144 | 1036,Yun Tal Wildarrows,,0,0,,False
Xayah,BOTTOM,components,749,1038 | 3144 | 1036,Yun Tal Wildarrows,,0,749,,False
Xayah,BOTTOM,components,750,1038 | 3144 | 1036,Yun Tal Wildarrows,3032 Yun Tal Wildarrows (750),750,0,,False
Xayah,BOTTOM,owned_first,1000,3032,Navori Flickerblade,1018 Cloak of Agility (600) -> 1042 Dagger (250),850,150,,False
Xayah,BOTTOM,full_slots,750,1038 | 3144 | 1036 | 900001 | 900002 | 900003,Yun Tal Wildarrows,3032 Yun Tal Wildarrows (750),750,0,,False
Xayah,BOTTOM,enemy_armor,1200,1038,Yun Tal Wildarrows,3144 Scout's Slingshot (600) -> 1036 Long Sword (350),950,250,,False
Xayah,BOTTOM,enemy_magic,1200,1038,Yun Tal Wildarrows,3144 Scout's Slingshot (600) -> 1036 Long Sword (350),950,250,,False
Xayah,BOTTOM,isolated_completion,750,1038 | 3144 | 1036,Yun Tal Wildarrows,3032 Yun Tal Wildarrows (750),,,,False
Xayah,UTILITY,empty,0,,Stormrazor,,0,0,,False
Xayah,UTILITY,empty,300,,Stormrazor,1042 Dagger (250),250,50,,False
Xayah,UTILITY,empty,1200,,Stormrazor,1018 Cloak of Agility (600) -> 3144 Scout's Slingshot (600),1200,0,,False
Xayah,UTILITY,empty,unknown,,Stormrazor,,0,,,False
Xayah,UTILITY,components,0,1038 | 1018 | 3144,Stormrazor,,0,0,,False
Xayah,UTILITY,components,699,1038 | 1018 | 3144,Stormrazor,,0,699,,False
Xayah,UTILITY,components,700,1038 | 1018 | 3144,Stormrazor,3095 Stormrazor (700),700,0,,False
Xayah,UTILITY,owned_first,1000,3095,Infinity Edge,1037 Pickaxe (875),875,125,,False
Xayah,UTILITY,full_slots,700,1038 | 1018 | 3144 | 900001 | 900002 | 900003,Stormrazor,3095 Stormrazor (700),700,0,,False
Xayah,UTILITY,enemy_armor,1200,1038,Stormrazor,1018 Cloak of Agility (600) -> 3144 Scout's Slingshot (600),1200,0,,False
Xayah,UTILITY,enemy_magic,1200,1038,Stormrazor,1018 Cloak of Agility (600) -> 3144 Scout's Slingshot (600),1200,0,,False
Xayah,UTILITY,isolated_completion,700,1038 | 1018 | 3144,Stormrazor,3095 Stormrazor (700),,,,False
Xerath,TOP,empty,0,,Malignance,,0,0,,False
Xerath,TOP,empty,300,,Malignance,1027 Sapphire Crystal (300),300,0,,False
Xerath,TOP,empty,1200,,Malignance,3802 Lost Chapter (1200),1200,0,,False
Xerath,TOP,empty,unknown,,Malignance,,0,,,False
Xerath,TOP,components,0,3802 | 1026,Malignance,,0,0,,False
Xerath,TOP,components,649,3802 | 1026,Malignance,,0,649,,False
Xerath,TOP,components,650,3802 | 1026,Malignance,3118 Malignance (650),650,0,,False
Xerath,TOP,owned_first,1000,3118,Lich Bane,1026 Blasting Wand (850),850,150,,False
Xerath,TOP,full_slots,650,3802 | 1026 | 900001 | 900002 | 900003 | 900004,Malignance,3118 Malignance (650),650,0,,False
Xerath,TOP,enemy_armor,1200,3802,Malignance,1026 Blasting Wand (850),850,350,,False
Xerath,TOP,enemy_magic,1200,3802,Malignance,1026 Blasting Wand (850),850,350,,False
Xerath,TOP,isolated_completion,650,3802 | 1026,Malignance,3118 Malignance (650),,,,False
Xerath,JUNGLE,empty,0,,Malignance,,0,0,,False
Xerath,JUNGLE,empty,300,,Malignance,1027 Sapphire Crystal (300),300,0,,False
Xerath,JUNGLE,empty,1200,,Malignance,3802 Lost Chapter (1200),1200,0,,False
Xerath,JUNGLE,empty,unknown,,Malignance,,0,,,False
Xerath,JUNGLE,components,0,3802 | 1026,Malignance,,0,0,,False
Xerath,JUNGLE,components,649,3802 | 1026,Malignance,,0,649,,False
Xerath,JUNGLE,components,650,3802 | 1026,Malignance,3118 Malignance (650),650,0,,False
Xerath,JUNGLE,owned_first,1000,3118,Lich Bane,1026 Blasting Wand (850),850,150,,False
Xerath,JUNGLE,full_slots,650,3802 | 1026 | 900001 | 900002 | 900003 | 900004,Malignance,3118 Malignance (650),650,0,,False
Xerath,JUNGLE,enemy_armor,1200,3802,Malignance,1026 Blasting Wand (850),850,350,,False
Xerath,JUNGLE,enemy_magic,1200,3802,Malignance,1026 Blasting Wand (850),850,350,,False
Xerath,JUNGLE,isolated_completion,650,3802 | 1026,Malignance,3118 Malignance (650),,,,False
Xerath,MIDDLE,empty,0,,Luden's Echo,,0,0,,False
Xerath,MIDDLE,empty,300,,Luden's Echo,1027 Sapphire Crystal (300),300,0,,False
Xerath,MIDDLE,empty,1200,,Luden's Echo,3802 Lost Chapter (1200),1200,0,,False
Xerath,MIDDLE,empty,unknown,,Luden's Echo,,0,,,False
Xerath,MIDDLE,components,0,3802 | 3145,Luden's Echo,,0,0,,False
Xerath,MIDDLE,components,449,3802 | 3145,Luden's Echo,,0,449,,False
Xerath,MIDDLE,components,450,3802 | 3145,Luden's Echo,6655 Luden's Echo (450),450,0,,False
Xerath,MIDDLE,owned_first,1000,6655,Shadowflame,1052 Amplifying Tome (400) -> 1052 Amplifying Tome (400),800,200,,False
Xerath,MIDDLE,full_slots,450,3802 | 3145 | 900001 | 900002 | 900003 | 900004,Luden's Echo,6655 Luden's Echo (450),450,0,,False
Xerath,MIDDLE,enemy_armor,1200,3802,Luden's Echo,3145 Hextech Alternator (1100),1100,100,,False
Xerath,MIDDLE,enemy_magic,1200,3802,Luden's Echo,3145 Hextech Alternator (1100),1100,100,,False
Xerath,MIDDLE,isolated_completion,450,3802 | 3145,Luden's Echo,6655 Luden's Echo (450),,,,False
Xerath,BOTTOM,empty,0,,Luden's Echo,,0,0,,False
Xerath,BOTTOM,empty,300,,Luden's Echo,1027 Sapphire Crystal (300),300,0,,False
Xerath,BOTTOM,empty,1200,,Luden's Echo,3802 Lost Chapter (1200),1200,0,,False
Xerath,BOTTOM,empty,unknown,,Luden's Echo,,0,,,False
Xerath,BOTTOM,components,0,3802 | 3145,Luden's Echo,,0,0,,False
Xerath,BOTTOM,components,449,3802 | 3145,Luden's Echo,,0,449,,False
Xerath,BOTTOM,components,450,3802 | 3145,Luden's Echo,6655 Luden's Echo (450),450,0,,False
Xerath,BOTTOM,owned_first,1000,6655,Horizon Focus,3108 Fiendish Codex (850),850,150,,False
Xerath,BOTTOM,full_slots,450,3802 | 3145 | 900001 | 900002 | 900003 | 900004,Luden's Echo,6655 Luden's Echo (450),450,0,,False
Xerath,BOTTOM,enemy_armor,1200,3802,Luden's Echo,3145 Hextech Alternator (1100),1100,100,,False
Xerath,BOTTOM,enemy_magic,1200,3802,Luden's Echo,3145 Hextech Alternator (1100),1100,100,,False
Xerath,BOTTOM,isolated_completion,450,3802 | 3145,Luden's Echo,6655 Luden's Echo (450),,,,False
Xerath,UTILITY,empty,0,,Luden's Echo,,0,0,,False
Xerath,UTILITY,empty,300,,Luden's Echo,1027 Sapphire Crystal (300),300,0,,False
Xerath,UTILITY,empty,1200,,Luden's Echo,3802 Lost Chapter (1200),1200,0,,False
Xerath,UTILITY,empty,unknown,,Luden's Echo,,0,,,False
Xerath,UTILITY,components,0,3802 | 3145,Luden's Echo,,0,0,,False
Xerath,UTILITY,components,449,3802 | 3145,Luden's Echo,,0,449,,False
Xerath,UTILITY,components,450,3802 | 3145,Luden's Echo,6655 Luden's Echo (450),450,0,,False
Xerath,UTILITY,owned_first,1000,6655,Void Staff,1026 Blasting Wand (850),850,150,,False
Xerath,UTILITY,full_slots,450,3802 | 3145 | 900001 | 900002 | 900003 | 900004,Luden's Echo,6655 Luden's Echo (450),450,0,,False
Xerath,UTILITY,enemy_armor,1200,3802,Luden's Echo,3145 Hextech Alternator (1100),1100,100,,False
Xerath,UTILITY,enemy_magic,1200,3802,Luden's Echo,3145 Hextech Alternator (1100),1100,100,,False
Xerath,UTILITY,isolated_completion,450,3802 | 3145,Luden's Echo,6655 Luden's Echo (450),,,,False
XinZhao,TOP,empty,0,,Black Cleaver,,0,0,,False
XinZhao,TOP,empty,300,,Black Cleaver,2022 Glowing Mote (250),250,50,,False
XinZhao,TOP,empty,1200,,Black Cleaver,3067 Kindlegem (800) -> 1028 Ruby Crystal (400),1200,0,,False
XinZhao,TOP,empty,unknown,,Black Cleaver,,0,,,False
XinZhao,TOP,components,0,3044 | 3067 | 1037,Black Cleaver,,0,0,,False
XinZhao,TOP,components,224,3044 | 3067 | 1037,Black Cleaver,,0,224,,False
XinZhao,TOP,components,225,3044 | 3067 | 1037,Black Cleaver,3071 Black Cleaver (225),225,0,,False
XinZhao,TOP,owned_first,1000,3071,Manamune,3070 Tear of the Goddess (400) -> 1036 Long Sword (350) -> 2022 Glowing Mote (250),1000,0,,False
XinZhao,TOP,full_slots,225,3044 | 3067 | 1037 | 900001 | 900002 | 900003,Black Cleaver,3071 Black Cleaver (225),225,0,,False
XinZhao,TOP,enemy_armor,1200,3044,Black Cleaver,3067 Kindlegem (800),800,400,,False
XinZhao,TOP,enemy_magic,1200,3044,Black Cleaver,3067 Kindlegem (800) -> 1033 Null-Magic Mantle (400),1200,0,,False
XinZhao,TOP,isolated_completion,225,3044 | 3067 | 1037,Black Cleaver,3071 Black Cleaver (225),,,,False
XinZhao,JUNGLE,empty,0,,Titanic Hydra,,0,0,,False
XinZhao,JUNGLE,empty,300,,Titanic Hydra,,0,300,,False
XinZhao,JUNGLE,empty,1200,,Titanic Hydra,2021 Tunneler (1150),1150,50,,False
XinZhao,JUNGLE,empty,unknown,,Titanic Hydra,,0,,,False
XinZhao,JUNGLE,components,0,3077 | 2021 | 1011,Titanic Hydra,,0,0,,False
XinZhao,JUNGLE,components,49,3077 | 2021 | 1011,Titanic Hydra,,0,49,,False
XinZhao,JUNGLE,components,50,3077 | 2021 | 1011,Titanic Hydra,3748 Titanic Hydra (50),50,0,,False
XinZhao,JUNGLE,owned_first,1000,3748,Black Cleaver,3067 Kindlegem (800),800,200,,False
XinZhao,JUNGLE,full_slots,50,3077 | 2021 | 1011 | 900001 | 900002 | 900003,Titanic Hydra,3748 Titanic Hydra (50),50,0,,False
XinZhao,JUNGLE,enemy_armor,1200,3077,Titanic Hydra,2021 Tunneler (1150),1150,50,,False
XinZhao,JUNGLE,enemy_magic,1200,3077,Titanic Hydra,2021 Tunneler (1150),1150,50,,False
XinZhao,JUNGLE,isolated_completion,50,3077 | 2021 | 1011,Titanic Hydra,3748 Titanic Hydra (50),,,,False
XinZhao,MIDDLE,empty,0,,Voltaic Cyclosword,,0,0,,False
XinZhao,MIDDLE,empty,300,,Voltaic Cyclosword,2022 Glowing Mote (250),250,50,,False
XinZhao,MIDDLE,empty,1200,,Voltaic Cyclosword,1037 Pickaxe (875) -> 2022 Glowing Mote (250),1125,75,,False
XinZhao,MIDDLE,empty,unknown,,Voltaic Cyclosword,,0,,,False
XinZhao,MIDDLE,components,0,2020 | 1036 | 1036,Voltaic Cyclosword,,0,0,,False
XinZhao,MIDDLE,components,962,2020 | 1036 | 1036,Voltaic Cyclosword,1037 Pickaxe (875),875,87,,False
XinZhao,MIDDLE,components,963,2020 | 1036 | 1036,Voltaic Cyclosword,6699 Voltaic Cyclosword (963),963,0,,False
XinZhao,MIDDLE,owned_first,1000,6699,The Collector,1018 Cloak of Agility (600) -> 1036 Long Sword (350),950,50,,False
XinZhao,MIDDLE,full_slots,963,2020 | 1036 | 1036 | 900001 | 900002 | 900003,Voltaic Cyclosword,6699 Voltaic Cyclosword (963),963,0,,False
XinZhao,MIDDLE,enemy_armor,1200,2020,Voltaic Cyclosword,1036 Long Sword (350) -> 1036 Long Sword (350) -> 2022 Glowing Mote (250) -> 2022 Glowing Mote (250),1200,0,,False
XinZhao,MIDDLE,enemy_magic,1200,2020,Voltaic Cyclosword,1033 Null-Magic Mantle (400) -> 1033 Null-Magic Mantle (400) -> 1036 Long Sword (350),1150,50,,False
XinZhao,MIDDLE,isolated_completion,963,2020 | 1036 | 1036,Voltaic Cyclosword,6699 Voltaic Cyclosword (963),,,,False
XinZhao,BOTTOM,empty,0,,Essence Reaver,,0,0,,False
XinZhao,BOTTOM,empty,300,,Essence Reaver,2022 Glowing Mote (250),250,50,,False
XinZhao,BOTTOM,empty,1200,,Essence Reaver,3133 Caulfield's Warhammer (1050),1050,150,,False
XinZhao,BOTTOM,empty,unknown,,Essence Reaver,,0,,,False
XinZhao,BOTTOM,components,0,3057 | 3133 | 1018,Essence Reaver,,0,0,,False
XinZhao,BOTTOM,components,499,3057 | 3133 | 1018,Essence Reaver,,0,499,,False
XinZhao,BOTTOM,components,500,3057 | 3133 | 1018,Essence Reaver,3508 Essence Reaver (500),500,0,,False
XinZhao,BOTTOM,owned_first,1000,3508,Rod of Ages,1028 Ruby Crystal (400) -> 1028 Ruby Crystal (400),800,200,,False
XinZhao,BOTTOM,full_slots,500,3057 | 3133 | 1018 | 900001 | 900002 | 900003,Essence Reaver,3508 Essence Reaver (500),500,0,,False
XinZhao,BOTTOM,enemy_armor,1200,3057,Essence Reaver,3133 Caulfield's Warhammer (1050),1050,150,,False
XinZhao,BOTTOM,enemy_magic,1200,3057,Kaenic Rookern,1033 Null-Magic Mantle (400) -> 1033 Null-Magic Mantle (400) -> 1028 Ruby Crystal (400),1200,0,,False
XinZhao,BOTTOM,isolated_completion,500,3057 | 3133 | 1018,Essence Reaver,3508 Essence Reaver (500),,,,False
XinZhao,UTILITY,empty,0,,Eclipse,,0,0,,False
XinZhao,UTILITY,empty,300,,Eclipse,2022 Glowing Mote (250),250,50,,False
XinZhao,UTILITY,empty,1200,,Eclipse,3133 Caulfield's Warhammer (1050),1050,150,,False
XinZhao,UTILITY,empty,unknown,,Eclipse,,0,,,False
XinZhao,UTILITY,components,0,3133 | 1037 | 1036,Eclipse,,0,0,,False
XinZhao,UTILITY,components,624,3133 | 1037 | 1036,Eclipse,,0,624,,False
XinZhao,UTILITY,components,625,3133 | 1037 | 1036,Eclipse,6692 Eclipse (625),625,0,,False
XinZhao,UTILITY,owned_first,1000,6692,Titanic Hydra,1011 Giant's Belt (900),900,100,,False
XinZhao,UTILITY,full_slots,625,3133 | 1037 | 1036 | 900001 | 900002 | 900003,Eclipse,6692 Eclipse (625),625,0,,False
XinZhao,UTILITY,enemy_armor,1200,3133,Eclipse,1037 Pickaxe (875),875,325,,False
XinZhao,UTILITY,enemy_magic,1200,3133,Eclipse,1033 Null-Magic Mantle (400) -> 1033 Null-Magic Mantle (400) -> 1036 Long Sword (350),1150,50,,False
XinZhao,UTILITY,isolated_completion,625,3133 | 1037 | 1036,Eclipse,6692 Eclipse (625),,,,False
Yasuo,TOP,empty,0,,Blade of The Ruined King,,0,0,,False
Yasuo,TOP,empty,300,,Blade of The Ruined King,1042 Dagger (250),250,50,,False
Yasuo,TOP,empty,1200,,Blade of The Ruined King,1037 Pickaxe (875) -> 1042 Dagger (250),1125,75,,False
Yasuo,TOP,empty,unknown,,Blade of The Ruined King,,0,,,False
Yasuo,TOP,components,0,1053 | 1043 | 1037,Blade of The Ruined King,,0,0,,False
Yasuo,TOP,components,724,1053 | 1043 | 1037,Blade of The Ruined King,1042 Dagger (250) -> 1042 Dagger (250),500,224,,False
Yasuo,TOP,components,725,1053 | 1043 | 1037,Blade of The Ruined King,3153 Blade of The Ruined King (725),725,0,,False
Yasuo,TOP,owned_first,1000,3153,Immortal Shieldbow,1018 Cloak of Agility (600) -> 1036 Long Sword (350),950,50,,False
Yasuo,TOP,full_slots,725,1053 | 1043 | 1037 | 900001 | 900002 | 900003,Blade of The Ruined King,3153 Blade of The Ruined King (725),725,0,,False
Yasuo,TOP,enemy_armor,1200,1053,Blade of The Ruined King,1037 Pickaxe (875) -> 1042 Dagger (250),1125,75,,False
Yasuo,TOP,enemy_magic,1200,1053,Blade of The Ruined King,1037 Pickaxe (875) -> 1042 Dagger (250),1125,75,,False
Yasuo,TOP,isolated_completion,725,1053 | 1043 | 1037,Blade of The Ruined King,3153 Blade of The Ruined King (725),,,,False
Yasuo,JUNGLE,empty,0,,Immortal Shieldbow,,0,0,,False
Yasuo,JUNGLE,empty,300,,Immortal Shieldbow,1042 Dagger (250),250,50,,False
Yasuo,JUNGLE,empty,1200,,Immortal Shieldbow,1018 Cloak of Agility (600) -> 1036 Long Sword (350) -> 1042 Dagger (250),1200,0,,False
Yasuo,JUNGLE,empty,unknown,,Immortal Shieldbow,,0,,,False
Yasuo,JUNGLE,components,0,1037 | 6670,Immortal Shieldbow,,0,0,,False
Yasuo,JUNGLE,components,824,1037 | 6670,Immortal Shieldbow,1042 Dagger (250) -> 1042 Dagger (250),500,324,,False
Yasuo,JUNGLE,components,825,1037 | 6670,Immortal Shieldbow,6673 Immortal Shieldbow (825),825,0,,False
Yasuo,JUNGLE,owned_first,1000,6673,Infinity Edge,1037 Pickaxe (875),875,125,,False
Yasuo,JUNGLE,full_slots,825,1037 | 6670 | 900001 | 900002 | 900003 | 900004,Immortal Shieldbow,6673 Immortal Shieldbow (825),825,0,,False
Yasuo,JUNGLE,enemy_armor,1200,1037,Immortal Shieldbow,1018 Cloak of Agility (600) -> 1036 Long Sword (350) -> 1042 Dagger (250),1200,0,,False
Yasuo,JUNGLE,enemy_magic,1200,1037,Immortal Shieldbow,1018 Cloak of Agility (600) -> 1036 Long Sword (350) -> 1042 Dagger (250),1200,0,,False
Yasuo,JUNGLE,isolated_completion,825,1037 | 6670,Immortal Shieldbow,6673 Immortal Shieldbow (825),,,,False
Yasuo,MIDDLE,empty,0,,Immortal Shieldbow,,0,0,,False
Yasuo,MIDDLE,empty,300,,Immortal Shieldbow,1042 Dagger (250),250,50,,False
Yasuo,MIDDLE,empty,1200,,Immortal Shieldbow,1018 Cloak of Agility (600) -> 1036 Long Sword (350) -> 1042 Dagger (250),1200,0,,False
Yasuo,MIDDLE,empty,unknown,,Immortal Shieldbow,,0,,,False
Yasuo,MIDDLE,components,0,1037 | 6670,Immortal Shieldbow,,0,0,,False
Yasuo,MIDDLE,components,824,1037 | 6670,Immortal Shieldbow,1042 Dagger (250) -> 1042 Dagger (250),500,324,,False
Yasuo,MIDDLE,components,825,1037 | 6670,Immortal Shieldbow,6673 Immortal Shieldbow (825),825,0,,False
Yasuo,MIDDLE,owned_first,1000,6673,Infinity Edge,1037 Pickaxe (875),875,125,,False
Yasuo,MIDDLE,full_slots,825,1037 | 6670 | 900001 | 900002 | 900003 | 900004,Immortal Shieldbow,6673 Immortal Shieldbow (825),825,0,,False
Yasuo,MIDDLE,enemy_armor,1200,1037,Immortal Shieldbow,1018 Cloak of Agility (600) -> 1036 Long Sword (350) -> 1042 Dagger (250),1200,0,,False
Yasuo,MIDDLE,enemy_magic,1200,1037,Immortal Shieldbow,1018 Cloak of Agility (600) -> 1036 Long Sword (350) -> 1042 Dagger (250),1200,0,,False
Yasuo,MIDDLE,isolated_completion,825,1037 | 6670,Immortal Shieldbow,6673 Immortal Shieldbow (825),,,,False
Yasuo,BOTTOM,empty,0,,Immortal Shieldbow,,0,0,,False
Yasuo,BOTTOM,empty,300,,Blade of The Ruined King,1042 Dagger (250),250,50,,False
Yasuo,BOTTOM,empty,1200,,Blade of The Ruined King,1037 Pickaxe (875) -> 1042 Dagger (250),1125,75,,False
Yasuo,BOTTOM,empty,unknown,,Stormrazor,,0,,,False
Yasuo,BOTTOM,components,0,1038 | 1018 | 3144,Stormrazor,,0,0,,False
Yasuo,BOTTOM,components,699,1038 | 1018 | 3144,Stormrazor,1042 Dagger (250) -> 1042 Dagger (250),500,199,,False
Yasuo,BOTTOM,components,700,1038 | 1018 | 3144,Stormrazor,3095 Stormrazor (700),700,0,,False
Yasuo,BOTTOM,owned_first,1000,3095,Immortal Shieldbow,1018 Cloak of Agility (600) -> 1036 Long Sword (350),950,50,,False
Yasuo,BOTTOM,full_slots,700,1038 | 1018 | 3144 | 900001 | 900002 | 900003,Stormrazor,3095 Stormrazor (700),700,0,,False
Yasuo,BOTTOM,enemy_armor,1200,1038,Blade of The Ruined King,1037 Pickaxe (875) -> 1042 Dagger (250),1125,75,,False
Yasuo,BOTTOM,enemy_magic,1200,1038,Stormrazor,3144 Scout's Slingshot (600) -> 1018 Cloak of Agility (600),1200,0,,False
Yasuo,BOTTOM,isolated_completion,700,1038 | 1018 | 3144,Stormrazor,3095 Stormrazor (700),,,,False
Yasuo,UTILITY,empty,0,,Stormrazor,,0,0,,False
Yasuo,UTILITY,empty,300,,Stormrazor,1042 Dagger (250),250,50,,False
Yasuo,UTILITY,empty,1200,,Stormrazor,3144 Scout's Slingshot (600) -> 1018 Cloak of Agility (600),1200,0,,False
Yasuo,UTILITY,empty,unknown,,Stormrazor,,0,,,False
Yasuo,UTILITY,components,0,1038 | 1018 | 3144,Stormrazor,,0,0,,False
Yasuo,UTILITY,components,699,1038 | 1018 | 3144,Stormrazor,1042 Dagger (250) -> 1042 Dagger (250),500,199,,False
Yasuo,UTILITY,components,700,1038 | 1018 | 3144,Stormrazor,3095 Stormrazor (700),700,0,,False
Yasuo,UTILITY,owned_first,1000,3095,Immortal Shieldbow,1018 Cloak of Agility (600) -> 1036 Long Sword (350),950,50,,False
Yasuo,UTILITY,full_slots,700,1038 | 1018 | 3144 | 900001 | 900002 | 900003,Stormrazor,3095 Stormrazor (700),700,0,,False
Yasuo,UTILITY,enemy_armor,1200,1038,Stormrazor,3144 Scout's Slingshot (600) -> 1018 Cloak of Agility (600),1200,0,,False
Yasuo,UTILITY,enemy_magic,1200,1038,Stormrazor,3144 Scout's Slingshot (600) -> 1018 Cloak of Agility (600),1200,0,,False
Yasuo,UTILITY,isolated_completion,700,1038 | 1018 | 3144,Stormrazor,3095 Stormrazor (700),,,,False
Yone,TOP,empty,0,,Blade of The Ruined King,,0,0,,False
Yone,TOP,empty,300,,Blade of The Ruined King,1042 Dagger (250),250,50,,False
Yone,TOP,empty,1200,,Blade of The Ruined King,1037 Pickaxe (875) -> 1042 Dagger (250),1125,75,,False
Yone,TOP,empty,unknown,,Blade of The Ruined King,,0,,,False
Yone,TOP,components,0,1053 | 1043 | 1037,Blade of The Ruined King,,0,0,,False
Yone,TOP,components,724,1053 | 1043 | 1037,Blade of The Ruined King,1042 Dagger (250) -> 1042 Dagger (250),500,224,,False
Yone,TOP,components,725,1053 | 1043 | 1037,Blade of The Ruined King,3153 Blade of The Ruined King (725),725,0,,False
Yone,TOP,owned_first,1000,3153,Immortal Shieldbow,1018 Cloak of Agility (600) -> 1036 Long Sword (350),950,50,,False
Yone,TOP,full_slots,725,1053 | 1043 | 1037 | 900001 | 900002 | 900003,Blade of The Ruined King,3153 Blade of The Ruined King (725),725,0,,False
Yone,TOP,enemy_armor,1200,1053,Blade of The Ruined King,1037 Pickaxe (875) -> 1042 Dagger (250),1125,75,,False
Yone,TOP,enemy_magic,1200,1053,Blade of The Ruined King,1037 Pickaxe (875) -> 1042 Dagger (250),1125,75,,False
Yone,TOP,isolated_completion,725,1053 | 1043 | 1037,Blade of The Ruined King,3153 Blade of The Ruined King (725),,,,False
Yone,JUNGLE,empty,0,,Kraken Slayer,,0,0,,False
Yone,JUNGLE,empty,300,,Kraken Slayer,1042 Dagger (250),250,50,,False
Yone,JUNGLE,empty,1200,,Kraken Slayer,1042 Dagger (250) -> 1042 Dagger (250) -> 1036 Long Sword (350) -> 1036 Long Sword (350),1200,0,,False
Yone,JUNGLE,empty,unknown,,Kraken Slayer,,0,,,False
Yone,JUNGLE,components,0,6690 | 3051 | 1043,Kraken Slayer,,0,0,,False
Yone,JUNGLE,components,324,6690 | 3051 | 1043,Kraken Slayer,1042 Dagger (250),250,74,,False
Yone,JUNGLE,components,325,6690 | 3051 | 1043,Kraken Slayer,6672 Kraken Slayer (325),325,0,,False
Yone,JUNGLE,owned_first,1000,6672,Immortal Shieldbow,1018 Cloak of Agility (600) -> 1036 Long Sword (350),950,50,,False
Yone,JUNGLE,full_slots,325,6690 | 3051 | 1043 | 900001 | 900002 | 900003,Kraken Slayer,6672 Kraken Slayer (325),325,0,,False
Yone,JUNGLE,enemy_armor,1200,6690,Kraken Slayer,3051 Hearthbound Axe (1200),1200,0,,False
Yone,JUNGLE,enemy_magic,1200,6690,Kraken Slayer,3051 Hearthbound Axe (1200),1200,0,,False
Yone,JUNGLE,isolated_completion,325,6690 | 3051 | 1043,Kraken Slayer,6672 Kraken Slayer (325),,,,False
Yone,MIDDLE,empty,0,,Blade of The Ruined King,,0,0,,False
Yone,MIDDLE,empty,300,,Blade of The Ruined King,1042 Dagger (250),250,50,,False
Yone,MIDDLE,empty,1200,,Blade of The Ruined King,1037 Pickaxe (875) -> 1042 Dagger (250),1125,75,,False
Yone,MIDDLE,empty,unknown,,Immortal Shieldbow,,0,,,False
Yone,MIDDLE,components,0,1037 | 6670,Immortal Shieldbow,,0,0,,False
Yone,MIDDLE,components,824,1037 | 6670,Immortal Shieldbow,1042 Dagger (250) -> 1042 Dagger (250),500,324,,False
Yone,MIDDLE,components,825,1037 | 6670,Immortal Shieldbow,6673 Immortal Shieldbow (825),825,0,,False
Yone,MIDDLE,owned_first,1000,6673,Infinity Edge,1037 Pickaxe (875),875,125,,False
Yone,MIDDLE,full_slots,825,1037 | 6670 | 900001 | 900002 | 900003 | 900004,Immortal Shieldbow,6673 Immortal Shieldbow (825),825,0,,False
Yone,MIDDLE,enemy_armor,1200,1037,Blade of The Ruined King,1053 Vampiric Scepter (900) -> 1042 Dagger (250),1150,50,,False
Yone,MIDDLE,enemy_magic,1200,1037,Blade of The Ruined King,1043 Recurve Bow (700) -> 1042 Dagger (250) -> 1042 Dagger (250),1200,0,,False
Yone,MIDDLE,isolated_completion,825,1037 | 6670,Immortal Shieldbow,6673 Immortal Shieldbow (825),,,,False
Yone,BOTTOM,empty,0,,Immortal Shieldbow,,0,0,,False
Yone,BOTTOM,empty,300,,Stormrazor,1042 Dagger (250),250,50,,False
Yone,BOTTOM,empty,1200,,Immortal Shieldbow,1018 Cloak of Agility (600) -> 1036 Long Sword (350) -> 1042 Dagger (250),1200,0,,False
Yone,BOTTOM,empty,unknown,,Immortal Shieldbow,,0,,,False
Yone,BOTTOM,components,0,1037 | 6670,Immortal Shieldbow,,0,0,,False
Yone,BOTTOM,components,824,1037 | 6670,Hexoptics C44,2523 Hexoptics C44 (625),625,199,,False
Yone,BOTTOM,components,825,1037 | 6670,Immortal Shieldbow,6673 Immortal Shieldbow (825),825,0,,False
Yone,BOTTOM,owned_first,1000,6673,Infinity Edge,1037 Pickaxe (875),875,125,,False
Yone,BOTTOM,full_slots,825,1037 | 6670 | 900001 | 900002 | 900003 | 900004,Immortal Shieldbow,6673 Immortal Shieldbow (825),825,0,,False
Yone,BOTTOM,enemy_armor,1200,1037,Immortal Shieldbow,1018 Cloak of Agility (600) -> 1036 Long Sword (350) -> 1042 Dagger (250),1200,0,,False
Yone,BOTTOM,enemy_magic,1200,1037,Immortal Shieldbow,1018 Cloak of Agility (600) -> 1036 Long Sword (350) -> 1042 Dagger (250),1200,0,,False
Yone,BOTTOM,isolated_completion,825,1037 | 6670,Immortal Shieldbow,6673 Immortal Shieldbow (825),,,,False
Yone,UTILITY,empty,0,,Stormrazor,,0,0,,False
Yone,UTILITY,empty,300,,Stormrazor,1042 Dagger (250),250,50,,False
Yone,UTILITY,empty,1200,,Stormrazor,3144 Scout's Slingshot (600) -> 1018 Cloak of Agility (600),1200,0,,False
Yone,UTILITY,empty,unknown,,Stormrazor,,0,,,False
Yone,UTILITY,components,0,1038 | 1018 | 3144,Stormrazor,,0,0,,False
Yone,UTILITY,components,699,1038 | 1018 | 3144,Stormrazor,1042 Dagger (250) -> 1042 Dagger (250),500,199,,False
Yone,UTILITY,components,700,1038 | 1018 | 3144,Stormrazor,3095 Stormrazor (700),700,0,,False
Yone,UTILITY,owned_first,1000,3095,Immortal Shieldbow,1018 Cloak of Agility (600) -> 1036 Long Sword (350),950,50,,False
Yone,UTILITY,full_slots,700,1038 | 1018 | 3144 | 900001 | 900002 | 900003,Stormrazor,3095 Stormrazor (700),700,0,,False
Yone,UTILITY,enemy_armor,1200,1038,Stormrazor,3144 Scout's Slingshot (600) -> 1018 Cloak of Agility (600),1200,0,,False
Yone,UTILITY,enemy_magic,1200,1038,Stormrazor,3144 Scout's Slingshot (600) -> 1018 Cloak of Agility (600),1200,0,,False
Yone,UTILITY,isolated_completion,700,1038 | 1018 | 3144,Stormrazor,3095 Stormrazor (700),,,,False
Yorick,TOP,empty,0,,Trinity Force,,0,0,,False
Yorick,TOP,empty,300,,Trinity Force,2022 Glowing Mote (250),250,50,,False
Yorick,TOP,empty,1200,,Trinity Force,1028 Ruby Crystal (400) -> 2022 Glowing Mote (250) -> 1036 Long Sword (350),1000,200,,False
Yorick,TOP,empty,unknown,,Trinity Force,,0,,,False
Yorick,TOP,components,0,3057 | 3044 | 3051,Trinity Force,,0,0,,False
Yorick,TOP,components,132,3057 | 3044 | 3051,Trinity Force,,0,132,,False
Yorick,TOP,components,133,3057 | 3044 | 3051,Trinity Force,3078 Trinity Force (133),133,0,,False
Yorick,TOP,owned_first,1000,3078,Spear of Shojin,1028 Ruby Crystal (400) -> 1028 Ruby Crystal (400),800,200,,False
Yorick,TOP,full_slots,133,3057 | 3044 | 3051 | 900001 | 900002 | 900003,Trinity Force,3078 Trinity Force (133),133,0,,False
Yorick,TOP,enemy_armor,1200,3057,Trinity Force,3044 Phage (1100),1100,100,,False
Yorick,TOP,enemy_magic,1200,3057,Trinity Force,1028 Ruby Crystal (400) -> 1033 Null-Magic Mantle (400) -> 1036 Long Sword (350),1150,50,,False
Yorick,TOP,isolated_completion,133,3057 | 3044 | 3051,Trinity Force,3078 Trinity Force (133),,,,False
Yorick,JUNGLE,empty,0,,Trinity Force,,0,0,,False
Yorick,JUNGLE,empty,300,,Trinity Force,2022 Glowing Mote (250),250,50,,False
Yorick,JUNGLE,empty,1200,,Trinity Force,1028 Ruby Crystal (400) -> 2022 Glowing Mote (250) -> 1036 Long Sword (350),1000,200,,False
Yorick,JUNGLE,empty,unknown,,Trinity Force,,0,,,False
Yorick,JUNGLE,components,0,3057 | 3044 | 3051,Trinity Force,,0,0,,False
Yorick,JUNGLE,components,132,3057 | 3044 | 3051,Trinity Force,,0,132,,False
Yorick,JUNGLE,components,133,3057 | 3044 | 3051,Trinity Force,3078 Trinity Force (133),133,0,,False
Yorick,JUNGLE,owned_first,1000,3078,Black Cleaver,3067 Kindlegem (800),800,200,,False
Yorick,JUNGLE,full_slots,133,3057 | 3044 | 3051 | 900001 | 900002 | 900003,Trinity Force,3078 Trinity Force (133),133,0,,False
Yorick,JUNGLE,enemy_armor,1200,3057,Trinity Force,3044 Phage (1100),1100,100,,False
Yorick,JUNGLE,enemy_magic,1200,3057,Trinity Force,1028 Ruby Crystal (400) -> 1033 Null-Magic Mantle (400) -> 1036 Long Sword (350),1150,50,,False
Yorick,JUNGLE,isolated_completion,133,3057 | 3044 | 3051,Trinity Force,3078 Trinity Force (133),,,,False
Yorick,MIDDLE,empty,0,,Voltaic Cyclosword,,0,0,,False
Yorick,MIDDLE,empty,300,,Voltaic Cyclosword,2022 Glowing Mote (250),250,50,,False
Yorick,MIDDLE,empty,1200,,Voltaic Cyclosword,1037 Pickaxe (875) -> 2022 Glowing Mote (250),1125,75,,False
Yorick,MIDDLE,empty,unknown,,Voltaic Cyclosword,,0,,,False
Yorick,MIDDLE,components,0,2020 | 1036 | 1036,Voltaic Cyclosword,,0,0,,False
Yorick,MIDDLE,components,962,2020 | 1036 | 1036,Voltaic Cyclosword,3158 Ionian Boots of Lucidity (900),900,62,,False
Yorick,MIDDLE,components,963,2020 | 1036 | 1036,Voltaic Cyclosword,6699 Voltaic Cyclosword (963),963,0,,False
Yorick,MIDDLE,owned_first,1000,6699,Eclipse,2022 Glowing Mote (250) -> 1036 Long Sword (350) -> 1036 Long Sword (350),950,50,,False
Yorick,MIDDLE,full_slots,963,2020 | 1036 | 1036 | 900001 | 900002 | 900003,Voltaic Cyclosword,6699 Voltaic Cyclosword (963),963,0,,False
Yorick,MIDDLE,enemy_armor,1200,2020,Voltaic Cyclosword,3158 Ionian Boots of Lucidity (900) -> 2022 Glowing Mote (250),1150,50,,False
Yorick,MIDDLE,enemy_magic,1200,2020,Voltaic Cyclosword,1033 Null-Magic Mantle (400) -> 1036 Long Sword (350) -> 1036 Long Sword (350),1100,100,,False
Yorick,MIDDLE,isolated_completion,963,2020 | 1036 | 1036,Voltaic Cyclosword,6699 Voltaic Cyclosword (963),,,,False
Yorick,BOTTOM,empty,0,,Profane Hydra,,0,0,,False
Yorick,BOTTOM,empty,300,,Profane Hydra,2022 Glowing Mote (250),250,50,,False
Yorick,BOTTOM,empty,1200,,Profane Hydra,1037 Pickaxe (875) -> 2022 Glowing Mote (250),1125,75,,False
Yorick,BOTTOM,empty,unknown,,Profane Hydra,,0,,,False
Yorick,BOTTOM,components,0,3077 | 2020,Profane Hydra,,0,0,,False
Yorick,BOTTOM,components,312,3077 | 2020,Profane Hydra,2022 Glowing Mote (250),250,62,,False
Yorick,BOTTOM,components,313,3077 | 2020,Profane Hydra,6698 Profane Hydra (313),313,0,,False
Yorick,BOTTOM,owned_first,1000,6698,Winter's Approach,3067 Kindlegem (800),800,200,,False
Yorick,BOTTOM,full_slots,313,3077 | 2020 | 900001 | 900002 | 900003 | 900004,Profane Hydra,6698 Profane Hydra (313),313,0,,False
Yorick,BOTTOM,enemy_armor,1200,3077,Profane Hydra,1037 Pickaxe (875) -> 2022 Glowing Mote (250),1125,75,,False
Yorick,BOTTOM,enemy_magic,1200,3077,Profane Hydra,1033 Null-Magic Mantle (400) -> 2022 Glowing Mote (250),650,550,,False
Yorick,BOTTOM,isolated_completion,313,3077 | 2020,Profane Hydra,6698 Profane Hydra (313),,,,False
Yorick,UTILITY,empty,0,,Locket of the Iron Solari,,0,0,,False
Yorick,UTILITY,empty,300,,Locket of the Iron Solari,2022 Glowing Mote (250),250,50,,False
Yorick,UTILITY,empty,1200,,Locket of the Iron Solari,3067 Kindlegem (800) -> 1028 Ruby Crystal (400),1200,0,,False
Yorick,UTILITY,empty,unknown,,Locket of the Iron Solari,,0,,,False
Yorick,UTILITY,components,0,3067 | 1029 | 1033,Locket of the Iron Solari,,0,0,,False
Yorick,UTILITY,components,699,3067 | 1029 | 1033,Locket of the Iron Solari,1028 Ruby Crystal (400) -> 2022 Glowing Mote (250),650,49,,False
Yorick,UTILITY,components,700,3067 | 1029 | 1033,Locket of the Iron Solari,1028 Ruby Crystal (400) -> 2022 Glowing Mote (250),650,50,,False
Yorick,UTILITY,owned_first,1000,3190,Knight's Vow,3067 Kindlegem (800),800,200,,False
Yorick,UTILITY,full_slots,700,3067 | 1029 | 1033 | 900001 | 900002 | 900003,Locket of the Iron Solari,3190 Locket of the Iron Solari (700),700,0,,False
Yorick,UTILITY,enemy_armor,1200,3067,Locket of the Iron Solari,1029 Cloth Armor (300) -> 1033 Null-Magic Mantle (400),700,500,,False
Yorick,UTILITY,enemy_magic,1200,3067,Locket of the Iron Solari,1033 Null-Magic Mantle (400) -> 1033 Null-Magic Mantle (400) -> 1029 Cloth Armor (300),1100,100,,False
Yorick,UTILITY,isolated_completion,700,3067 | 1029 | 1033,Locket of the Iron Solari,3190 Locket of the Iron Solari (700),,,,False
Yunara,TOP,empty,0,,Kraken Slayer,,0,0,,False
Yunara,TOP,empty,300,,Kraken Slayer,1042 Dagger (250),250,50,,False
Yunara,TOP,empty,1200,,Kraken Slayer,1036 Long Sword (350) -> 1036 Long Sword (350) -> 1042 Dagger (250) -> 1042 Dagger (250),1200,0,,False
Yunara,TOP,empty,unknown,,Kraken Slayer,,0,,,False
Yunara,TOP,components,0,6690 | 3051 | 1043,Kraken Slayer,,0,0,,False
Yunara,TOP,components,324,6690 | 3051 | 1043,Kraken Slayer,,0,324,,False
Yunara,TOP,components,325,6690 | 3051 | 1043,Kraken Slayer,6672 Kraken Slayer (325),325,0,,False
Yunara,TOP,owned_first,1000,6672,Runaan's Hurricane,1018 Cloak of Agility (600) -> 1042 Dagger (250),850,150,,False
Yunara,TOP,full_slots,325,6690 | 3051 | 1043 | 900001 | 900002 | 900003,Kraken Slayer,6672 Kraken Slayer (325),325,0,,False
Yunara,TOP,enemy_armor,1200,6690,Kraken Slayer,1036 Long Sword (350) -> 1036 Long Sword (350) -> 1042 Dagger (250) -> 1042 Dagger (250),1200,0,,False
Yunara,TOP,enemy_magic,1200,6690,Kraken Slayer,1036 Long Sword (350) -> 1036 Long Sword (350) -> 1042 Dagger (250) -> 1042 Dagger (250),1200,0,,False
Yunara,TOP,isolated_completion,325,6690 | 3051 | 1043,Kraken Slayer,6672 Kraken Slayer (325),,,,False
Yunara,JUNGLE,empty,0,,Essence Reaver,,0,0,,False
Yunara,JUNGLE,empty,300,,Essence Reaver,2022 Glowing Mote (250),250,50,,False
Yunara,JUNGLE,empty,1200,,Essence Reaver,1018 Cloak of Agility (600) -> 1036 Long Sword (350) -> 2022 Glowing Mote (250),1200,0,,False
Yunara,JUNGLE,empty,unknown,,Essence Reaver,,0,,,False
Yunara,JUNGLE,components,0,3057 | 3133 | 1018,Essence Reaver,,0,0,,False
Yunara,JUNGLE,components,499,3057 | 3133 | 1018,Essence Reaver,,0,499,,False
Yunara,JUNGLE,components,500,3057 | 3133 | 1018,Essence Reaver,3508 Essence Reaver (500),500,0,,False
Yunara,JUNGLE,owned_first,1000,3508,Infinity Edge,1037 Pickaxe (875),875,125,,False
Yunara,JUNGLE,full_slots,500,3057 | 3133 | 1018 | 900001 | 900002 | 900003,Essence Reaver,3508 Essence Reaver (500),500,0,,False
Yunara,JUNGLE,enemy_armor,1200,3057,Essence Reaver,1018 Cloak of Agility (600) -> 1036 Long Sword (350) -> 2022 Glowing Mote (250),1200,0,,False
Yunara,JUNGLE,enemy_magic,1200,3057,Essence Reaver,1018 Cloak of Agility (600) -> 1036 Long Sword (350) -> 2022 Glowing Mote (250),1200,0,,False
Yunara,JUNGLE,isolated_completion,500,3057 | 3133 | 1018,Essence Reaver,3508 Essence Reaver (500),,,,False
Yunara,MIDDLE,empty,0,,Kraken Slayer,,0,0,,False
Yunara,MIDDLE,empty,300,,Kraken Slayer,1042 Dagger (250),250,50,,False
Yunara,MIDDLE,empty,1200,,Kraken Slayer,1036 Long Sword (350) -> 1036 Long Sword (350) -> 1042 Dagger (250) -> 1042 Dagger (250),1200,0,,False
Yunara,MIDDLE,empty,unknown,,Kraken Slayer,,0,,,False
Yunara,MIDDLE,components,0,6690 | 3051 | 1043,Kraken Slayer,,0,0,,False
Yunara,MIDDLE,components,324,6690 | 3051 | 1043,Kraken Slayer,,0,324,,False
Yunara,MIDDLE,components,325,6690 | 3051 | 1043,Kraken Slayer,6672 Kraken Slayer (325),325,0,,False
Yunara,MIDDLE,owned_first,1000,6672,Runaan's Hurricane,1018 Cloak of Agility (600) -> 1042 Dagger (250),850,150,,False
Yunara,MIDDLE,full_slots,325,6690 | 3051 | 1043 | 900001 | 900002 | 900003,Kraken Slayer,6672 Kraken Slayer (325),325,0,,False
Yunara,MIDDLE,enemy_armor,1200,6690,Kraken Slayer,1036 Long Sword (350) -> 1036 Long Sword (350) -> 1042 Dagger (250) -> 1042 Dagger (250),1200,0,,False
Yunara,MIDDLE,enemy_magic,1200,6690,Kraken Slayer,1036 Long Sword (350) -> 1036 Long Sword (350) -> 1042 Dagger (250) -> 1042 Dagger (250),1200,0,,False
Yunara,MIDDLE,isolated_completion,325,6690 | 3051 | 1043,Kraken Slayer,6672 Kraken Slayer (325),,,,False
Yunara,BOTTOM,empty,0,,Kraken Slayer,,0,0,,False
Yunara,BOTTOM,empty,300,,Kraken Slayer,1042 Dagger (250),250,50,,False
Yunara,BOTTOM,empty,1200,,Kraken Slayer,1036 Long Sword (350) -> 1036 Long Sword (350) -> 1042 Dagger (250) -> 1042 Dagger (250),1200,0,,False
Yunara,BOTTOM,empty,unknown,,Kraken Slayer,,0,,,False
Yunara,BOTTOM,components,0,6690 | 3051 | 1043,Kraken Slayer,,0,0,,False
Yunara,BOTTOM,components,324,6690 | 3051 | 1043,Kraken Slayer,,0,324,,False
Yunara,BOTTOM,components,325,6690 | 3051 | 1043,Kraken Slayer,6672 Kraken Slayer (325),325,0,,False
Yunara,BOTTOM,owned_first,1000,6672,Runaan's Hurricane,1018 Cloak of Agility (600) -> 1042 Dagger (250),850,150,,False
Yunara,BOTTOM,full_slots,325,6690 | 3051 | 1043 | 900001 | 900002 | 900003,Kraken Slayer,6672 Kraken Slayer (325),325,0,,False
Yunara,BOTTOM,enemy_armor,1200,6690,Kraken Slayer,1036 Long Sword (350) -> 1036 Long Sword (350) -> 1042 Dagger (250) -> 1042 Dagger (250),1200,0,,False
Yunara,BOTTOM,enemy_magic,1200,6690,Kraken Slayer,1036 Long Sword (350) -> 1036 Long Sword (350) -> 1042 Dagger (250) -> 1042 Dagger (250),1200,0,,False
Yunara,BOTTOM,isolated_completion,325,6690 | 3051 | 1043,Kraken Slayer,6672 Kraken Slayer (325),,,,False
Yunara,UTILITY,empty,0,,Essence Reaver,,0,0,,False
Yunara,UTILITY,empty,300,,Essence Reaver,2022 Glowing Mote (250),250,50,,False
Yunara,UTILITY,empty,1200,,Essence Reaver,1018 Cloak of Agility (600) -> 1036 Long Sword (350) -> 2022 Glowing Mote (250),1200,0,,False
Yunara,UTILITY,empty,unknown,,Essence Reaver,,0,,,False
Yunara,UTILITY,components,0,3057 | 3133 | 1018,Essence Reaver,,0,0,,False
Yunara,UTILITY,components,499,3057 | 3133 | 1018,Essence Reaver,,0,499,,False
Yunara,UTILITY,components,500,3057 | 3133 | 1018,Essence Reaver,3508 Essence Reaver (500),500,0,,False
Yunara,UTILITY,owned_first,1000,3508,Infinity Edge,1037 Pickaxe (875),875,125,,False
Yunara,UTILITY,full_slots,500,3057 | 3133 | 1018 | 900001 | 900002 | 900003,Essence Reaver,3508 Essence Reaver (500),500,0,,False
Yunara,UTILITY,enemy_armor,1200,3057,Essence Reaver,1018 Cloak of Agility (600) -> 1036 Long Sword (350) -> 2022 Glowing Mote (250),1200,0,,False
Yunara,UTILITY,enemy_magic,1200,3057,Essence Reaver,1018 Cloak of Agility (600) -> 1036 Long Sword (350) -> 2022 Glowing Mote (250),1200,0,,False
Yunara,UTILITY,isolated_completion,500,3057 | 3133 | 1018,Essence Reaver,3508 Essence Reaver (500),,,,False
Yuumi,TOP,empty,0,,Malignance,,0,0,,False
Yuumi,TOP,empty,300,,Malignance,2022 Glowing Mote (250),250,50,,False
Yuumi,TOP,empty,1200,,Malignance,3802 Lost Chapter (1200),1200,0,,False
Yuumi,TOP,empty,unknown,,Malignance,,0,,,False
Yuumi,TOP,components,0,3802 | 1026,Malignance,,0,0,,False
Yuumi,TOP,components,649,3802 | 1026,Malignance,2022 Glowing Mote (250) -> 2022 Glowing Mote (250),500,149,,False
Yuumi,TOP,components,650,3802 | 1026,Malignance,3118 Malignance (650),650,0,,False
Yuumi,TOP,owned_first,1000,3118,Redemption,3108 Fiendish Codex (850),850,150,,False
Yuumi,TOP,full_slots,650,3802 | 1026 | 900001 | 900002 | 900003 | 900004,Malignance,3118 Malignance (650),650,0,,False
Yuumi,TOP,enemy_armor,1200,3802,Redemption,3108 Fiendish Codex (850) -> 1004 Faerie Charm (200),1050,150,,False
Yuumi,TOP,enemy_magic,1200,3802,Malignance,1026 Blasting Wand (850) -> 2022 Glowing Mote (250),1100,100,,False
Yuumi,TOP,isolated_completion,650,3802 | 1026,Malignance,3118 Malignance (650),,,,False
Yuumi,JUNGLE,empty,0,,Malignance,,0,0,,False
Yuumi,JUNGLE,empty,300,,Malignance,2022 Glowing Mote (250),250,50,,False
Yuumi,JUNGLE,empty,1200,,Malignance,3802 Lost Chapter (1200),1200,0,,False
Yuumi,JUNGLE,empty,unknown,,Malignance,,0,,,False
Yuumi,JUNGLE,components,0,3802 | 1026,Malignance,,0,0,,False
Yuumi,JUNGLE,components,649,3802 | 1026,Malignance,2022 Glowing Mote (250) -> 2022 Glowing Mote (250),500,149,,False
Yuumi,JUNGLE,components,650,3802 | 1026,Malignance,3118 Malignance (650),650,0,,False
Yuumi,JUNGLE,owned_first,1000,3118,Redemption,3108 Fiendish Codex (850),850,150,,False
Yuumi,JUNGLE,full_slots,650,3802 | 1026 | 900001 | 900002 | 900003 | 900004,Malignance,3118 Malignance (650),650,0,,False
Yuumi,JUNGLE,enemy_armor,1200,3802,Redemption,3108 Fiendish Codex (850) -> 1004 Faerie Charm (200),1050,150,,False
Yuumi,JUNGLE,enemy_magic,1200,3802,Malignance,1026 Blasting Wand (850) -> 2022 Glowing Mote (250),1100,100,,False
Yuumi,JUNGLE,isolated_completion,650,3802 | 1026,Malignance,3118 Malignance (650),,,,False
Yuumi,MIDDLE,empty,0,,Moonstone Renewer,,0,0,,False
Yuumi,MIDDLE,empty,300,,Moonstone Renewer,2022 Glowing Mote (250),250,50,,False
Yuumi,MIDDLE,empty,1200,,Moonstone Renewer,4642 Bandleglass Mirror (900) -> 2022 Glowing Mote (250),1150,50,,False
Yuumi,MIDDLE,empty,unknown,,Moonstone Renewer,,0,,,False
Yuumi,MIDDLE,components,0,3067 | 4642,Moonstone Renewer,,0,0,,False
Yuumi,MIDDLE,components,499,3067 | 4642,Moonstone Renewer,2022 Glowing Mote (250),250,249,,False
Yuumi,MIDDLE,components,500,3067 | 4642,Moonstone Renewer,6617 Moonstone Renewer (500),500,0,,False
Yuumi,MIDDLE,owned_first,1000,6617,Whispering Circlet,3114 Forbidden Idol (600) -> 2022 Glowing Mote (250),850,150,,False
Yuumi,MIDDLE,full_slots,500,3067 | 4642 | 900001 | 900002 | 900003 | 900004,Moonstone Renewer,6617 Moonstone Renewer (500),500,0,,False
Yuumi,MIDDLE,enemy_armor,1200,3067,Moonstone Renewer,4642 Bandleglass Mirror (900) -> 2022 Glowing Mote (250),1150,50,,False
Yuumi,MIDDLE,enemy_magic,1200,3067,Moonstone Renewer,4642 Bandleglass Mirror (900) -> 2022 Glowing Mote (250),1150,50,,False
Yuumi,MIDDLE,isolated_completion,500,3067 | 4642,Moonstone Renewer,6617 Moonstone Renewer (500),,,,False
Yuumi,BOTTOM,empty,0,,Malignance,,0,0,,False
Yuumi,BOTTOM,empty,300,,Malignance,2022 Glowing Mote (250),250,50,,False
Yuumi,BOTTOM,empty,1200,,Malignance,3802 Lost Chapter (1200),1200,0,,False
Yuumi,BOTTOM,empty,unknown,,Malignance,,0,,,False
Yuumi,BOTTOM,components,0,3802 | 1026,Malignance,,0,0,,False
Yuumi,BOTTOM,components,649,3802 | 1026,Malignance,2022 Glowing Mote (250) -> 2022 Glowing Mote (250),500,149,,False
Yuumi,BOTTOM,components,650,3802 | 1026,Malignance,3118 Malignance (650),650,0,,False
Yuumi,BOTTOM,owned_first,1000,3118,Redemption,3108 Fiendish Codex (850),850,150,,False
Yuumi,BOTTOM,full_slots,650,3802 | 1026 | 900001 | 900002 | 900003 | 900004,Malignance,3118 Malignance (650),650,0,,False
Yuumi,BOTTOM,enemy_armor,1200,3802,Redemption,3108 Fiendish Codex (850) -> 1004 Faerie Charm (200),1050,150,,False
Yuumi,BOTTOM,enemy_magic,1200,3802,Malignance,1026 Blasting Wand (850) -> 2022 Glowing Mote (250),1100,100,,False
Yuumi,BOTTOM,isolated_completion,650,3802 | 1026,Malignance,3118 Malignance (650),,,,False
Yuumi,UTILITY,empty,0,,Ardent Censer,,0,0,,False
Yuumi,UTILITY,empty,300,,Ardent Censer,2022 Glowing Mote (250),250,50,,False
Yuumi,UTILITY,empty,1200,,Ardent Censer,3114 Forbidden Idol (600) -> 2022 Glowing Mote (250) -> 2022 Glowing Mote (250),1100,100,,False
Yuumi,UTILITY,empty,unknown,,Ardent Censer,,0,,,False
Yuumi,UTILITY,components,0,3113 | 3114,Ardent Censer,,0,0,,False
Yuumi,UTILITY,components,699,3113 | 3114,Ardent Censer,2022 Glowing Mote (250) -> 2022 Glowing Mote (250),500,199,,False
Yuumi,UTILITY,components,700,3113 | 3114,Ardent Censer,3504 Ardent Censer (700),700,0,,False
Yuumi,UTILITY,owned_first,1000,3504,Moonstone Renewer,4642 Bandleglass Mirror (900),900,100,,False
Yuumi,UTILITY,full_slots,700,3113 | 3114 | 900001 | 900002 | 900003 | 900004,Ardent Censer,3504 Ardent Censer (700),700,0,,False
Yuumi,UTILITY,enemy_armor,1200,3113,Ardent Censer,3114 Forbidden Idol (600) -> 2022 Glowing Mote (250),850,350,,False
Yuumi,UTILITY,enemy_magic,1200,3113,Ardent Censer,3114 Forbidden Idol (600) -> 2022 Glowing Mote (250) -> 2022 Glowing Mote (250),1100,100,,False
Yuumi,UTILITY,isolated_completion,700,3113 | 3114,Ardent Censer,3504 Ardent Censer (700),,,,False
Zaahen,TOP,withheld,unknown,,,,,,,False
Zaahen,JUNGLE,withheld,unknown,,,,,,,False
Zaahen,MIDDLE,withheld,unknown,,,,,,,False
Zaahen,BOTTOM,withheld,unknown,,,,,,,False
Zaahen,UTILITY,withheld,unknown,,,,,,,False
Zac,TOP,empty,0,,Sunfire Aegis,,0,0,,False
Zac,TOP,empty,300,,Sunfire Aegis,2022 Glowing Mote (250),250,50,,False
Zac,TOP,empty,1200,,Sunfire Aegis,1028 Ruby Crystal (400) -> 1028 Ruby Crystal (400) -> 2022 Glowing Mote (250),1050,150,,False
Zac,TOP,empty,unknown,,Sunfire Aegis,,0,,,False
Zac,TOP,components,0,6660 | 1031 | 1028,Sunfire Aegis,,0,0,,False
Zac,TOP,components,699,6660 | 1031 | 1028,Sunfire Aegis,1028 Ruby Crystal (400) -> 2022 Glowing Mote (250),650,49,,False
Zac,TOP,components,700,6660 | 1031 | 1028,Sunfire Aegis,3068 Sunfire Aegis (700),700,0,,False
Zac,TOP,owned_first,1000,3068,Spirit Visage,3067 Kindlegem (800),800,200,,False
Zac,TOP,full_slots,700,6660 | 1031 | 1028 | 900001 | 900002 | 900003,Sunfire Aegis,3068 Sunfire Aegis (700),700,0,,False
Zac,TOP,enemy_armor,1200,6660,Sunfire Aegis,1031 Chain Vest (800) -> 1028 Ruby Crystal (400),1200,0,,False
Zac,TOP,enemy_magic,1200,6660,Sunfire Aegis,1028 Ruby Crystal (400) -> 1033 Null-Magic Mantle (400) -> 1028 Ruby Crystal (400),1200,0,,False
Zac,TOP,isolated_completion,700,6660 | 1031 | 1028,Sunfire Aegis,3068 Sunfire Aegis (700),,,,False
Zac,JUNGLE,empty,0,,Hextech Rocketbelt,,0,0,,False
Zac,JUNGLE,empty,300,,Hextech Rocketbelt,2022 Glowing Mote (250),250,50,,False
Zac,JUNGLE,empty,1200,,Hextech Rocketbelt,3067 Kindlegem (800) -> 1028 Ruby Crystal (400),1200,0,,False
Zac,JUNGLE,empty,unknown,,Hextech Rocketbelt,,0,,,False
Zac,JUNGLE,components,0,3145 | 3067 | 1028,Hextech Rocketbelt,,0,0,,False
Zac,JUNGLE,components,349,3145 | 3067 | 1028,Hextech Rocketbelt,,0,349,,False
Zac,JUNGLE,components,350,3145 | 3067 | 1028,Hextech Rocketbelt,3152 Hextech Rocketbelt (350),350,0,,False
Zac,JUNGLE,owned_first,1000,3152,Sunfire Aegis,1028 Ruby Crystal (400) -> 1028 Ruby Crystal (400),800,200,,False
Zac,JUNGLE,full_slots,350,3145 | 3067 | 1028 | 900001 | 900002 | 900003,Hextech Rocketbelt,3152 Hextech Rocketbelt (350),350,0,,False
Zac,JUNGLE,enemy_armor,1200,3145,Hextech Rocketbelt,3067 Kindlegem (800) -> 1028 Ruby Crystal (400),1200,0,,False
Zac,JUNGLE,enemy_magic,1200,3145,Hextech Rocketbelt,3067 Kindlegem (800) -> 1028 Ruby Crystal (400),1200,0,,False
Zac,JUNGLE,isolated_completion,350,3145 | 3067 | 1028,Hextech Rocketbelt,3152 Hextech Rocketbelt (350),,,,False
Zac,MIDDLE,empty,0,,Hollow Radiance,,0,0,,False
Zac,MIDDLE,empty,300,,Hollow Radiance,2022 Glowing Mote (250),250,50,,False
Zac,MIDDLE,empty,1200,,Hollow Radiance,1028 Ruby Crystal (400) -> 1028 Ruby Crystal (400) -> 1028 Ruby Crystal (400),1200,0,,False
Zac,MIDDLE,empty,unknown,,Hextech Rocketbelt,,0,,,False
Zac,MIDDLE,components,0,3145 | 3067 | 1028,Hextech Rocketbelt,,0,0,,False
Zac,MIDDLE,components,349,3145 | 3067 | 1028,Hextech Rocketbelt,,0,349,,False
Zac,MIDDLE,components,350,3145 | 3067 | 1028,Hextech Rocketbelt,3152 Hextech Rocketbelt (350),350,0,,False
Zac,MIDDLE,owned_first,1000,3152,Sunfire Aegis,1028 Ruby Crystal (400) -> 1028 Ruby Crystal (400),800,200,,False
Zac,MIDDLE,full_slots,350,3145 | 3067 | 1028 | 900001 | 900002 | 900003,Hextech Rocketbelt,3152 Hextech Rocketbelt (350),350,0,,False
Zac,MIDDLE,enemy_armor,1200,3145,Hextech Rocketbelt,3067 Kindlegem (800) -> 1028 Ruby Crystal (400),1200,0,,False
Zac,MIDDLE,enemy_magic,1200,3145,Spirit Visage,3067 Kindlegem (800) -> 1033 Null-Magic Mantle (400),1200,0,,False
Zac,MIDDLE,isolated_completion,350,3145 | 3067 | 1028,Hextech Rocketbelt,3152 Hextech Rocketbelt (350),,,,False
Zac,BOTTOM,empty,0,,Protoplasm Harness,,0,0,,False
Zac,BOTTOM,empty,300,,Protoplasm Harness,2022 Glowing Mote (250),250,50,,False
Zac,BOTTOM,empty,1200,,Protoplasm Harness,3067 Kindlegem (800) -> 1028 Ruby Crystal (400),1200,0,,False
Zac,BOTTOM,empty,unknown,,Warmog's Armor,,0,,,False
Zac,BOTTOM,components,0,1011 | 1011 | 3801,Warmog's Armor,,0,0,,False
Zac,BOTTOM,components,499,1011 | 1011 | 3801,Heartsteel,1028 Ruby Crystal (400),400,99,,False
Zac,BOTTOM,components,500,1011 | 1011 | 3801,Warmog's Armor,3083 Warmog's Armor (500),500,0,,False
Zac,BOTTOM,owned_first,1000,3083,Protoplasm Harness,1011 Giant's Belt (900),900,100,,False
Zac,BOTTOM,full_slots,500,1011 | 1011 | 3801 | 900001 | 900002 | 900003,Warmog's Armor,3083 Warmog's Armor (500),500,0,,False
Zac,BOTTOM,enemy_armor,1200,1011,Protoplasm Harness,3067 Kindlegem (800) -> 1028 Ruby Crystal (400),1200,0,,False
Zac,BOTTOM,enemy_magic,1200,1011,Kaenic Rookern,1033 Null-Magic Mantle (400) -> 1033 Null-Magic Mantle (400) -> 1028 Ruby Crystal (400),1200,0,,False
Zac,BOTTOM,isolated_completion,500,1011 | 1011 | 3801,Warmog's Armor,3083 Warmog's Armor (500),,,,False
Zac,UTILITY,empty,0,,Locket of the Iron Solari,,0,0,,False
Zac,UTILITY,empty,300,,Locket of the Iron Solari,2022 Glowing Mote (250),250,50,,False
Zac,UTILITY,empty,1200,,Locket of the Iron Solari,3067 Kindlegem (800) -> 1028 Ruby Crystal (400),1200,0,,False
Zac,UTILITY,empty,unknown,,Locket of the Iron Solari,,0,,,False
Zac,UTILITY,components,0,3067 | 1029 | 1033,Locket of the Iron Solari,,0,0,,False
Zac,UTILITY,components,699,3067 | 1029 | 1033,Locket of the Iron Solari,1028 Ruby Crystal (400) -> 2022 Glowing Mote (250),650,49,,False
Zac,UTILITY,components,700,3067 | 1029 | 1033,Locket of the Iron Solari,1028 Ruby Crystal (400) -> 2022 Glowing Mote (250),650,50,,False
Zac,UTILITY,owned_first,1000,3190,Spirit Visage,3067 Kindlegem (800),800,200,,False
Zac,UTILITY,full_slots,700,3067 | 1029 | 1033 | 900001 | 900002 | 900003,Locket of the Iron Solari,3190 Locket of the Iron Solari (700),700,0,,False
Zac,UTILITY,enemy_armor,1200,3067,Locket of the Iron Solari,1029 Cloth Armor (300) -> 1033 Null-Magic Mantle (400) -> 1028 Ruby Crystal (400),1100,100,,False
Zac,UTILITY,enemy_magic,1200,3067,Locket of the Iron Solari,1033 Null-Magic Mantle (400) -> 1033 Null-Magic Mantle (400) -> 1028 Ruby Crystal (400),1200,0,,False
Zac,UTILITY,isolated_completion,700,3067 | 1029 | 1033,Locket of the Iron Solari,3190 Locket of the Iron Solari (700),,,,False
Zed,TOP,empty,0,,Voltaic Cyclosword,,0,0,,False
Zed,TOP,empty,300,,Voltaic Cyclosword,2022 Glowing Mote (250),250,50,,False
Zed,TOP,empty,1200,,Voltaic Cyclosword,1037 Pickaxe (875) -> 2022 Glowing Mote (250),1125,75,,False
Zed,TOP,empty,unknown,,Voltaic Cyclosword,,0,,,False
Zed,TOP,components,0,2020 | 1036 | 1036,Voltaic Cyclosword,,0,0,,False
Zed,TOP,components,962,2020 | 1036 | 1036,Voltaic Cyclosword,1036 Long Sword (350),350,612,,False
Zed,TOP,components,963,2020 | 1036 | 1036,Voltaic Cyclosword,6699 Voltaic Cyclosword (963),963,0,,False
Zed,TOP,owned_first,1000,6699,Bastionbreaker,1037 Pickaxe (875),875,125,,False
Zed,TOP,full_slots,963,2020 | 1036 | 1036 | 900001 | 900002 | 900003,Voltaic Cyclosword,6699 Voltaic Cyclosword (963),963,0,,False
Zed,TOP,enemy_armor,1200,2020,Voltaic Cyclosword,1036 Long Sword (350) -> 1036 Long Sword (350) -> 1036 Long Sword (350),1050,150,,False
Zed,TOP,enemy_magic,1200,2020,Voltaic Cyclosword,1036 Long Sword (350) -> 1036 Long Sword (350) -> 1036 Long Sword (350),1050,150,,False
Zed,TOP,isolated_completion,963,2020 | 1036 | 1036,Voltaic Cyclosword,6699 Voltaic Cyclosword (963),,,,False
Zed,JUNGLE,empty,0,,Voltaic Cyclosword,,0,0,,False
Zed,JUNGLE,empty,300,,Voltaic Cyclosword,2022 Glowing Mote (250),250,50,,False
Zed,JUNGLE,empty,1200,,Voltaic Cyclosword,1037 Pickaxe (875) -> 2022 Glowing Mote (250),1125,75,,False
Zed,JUNGLE,empty,unknown,,Voltaic Cyclosword,,0,,,False
Zed,JUNGLE,components,0,2020 | 1036 | 1036,Voltaic Cyclosword,,0,0,,False
Zed,JUNGLE,components,962,2020 | 1036 | 1036,Axiom Arc,6696 Axiom Arc (713),713,249,,False
Zed,JUNGLE,components,963,2020 | 1036 | 1036,Voltaic Cyclosword,6699 Voltaic Cyclosword (963),963,0,,False
Zed,JUNGLE,owned_first,1000,6699,Bastionbreaker,1037 Pickaxe (875),875,125,,False
Zed,JUNGLE,full_slots,963,2020 | 1036 | 1036 | 900001 | 900002 | 900003,Voltaic Cyclosword,6699 Voltaic Cyclosword (963),963,0,,False
Zed,JUNGLE,enemy_armor,1200,2020,Voltaic Cyclosword,1036 Long Sword (350) -> 1036 Long Sword (350) -> 1036 Long Sword (350),1050,150,,False
Zed,JUNGLE,enemy_magic,1200,2020,Voltaic Cyclosword,1036 Long Sword (350) -> 1036 Long Sword (350) -> 1036 Long Sword (350),1050,150,,False
Zed,JUNGLE,isolated_completion,963,2020 | 1036 | 1036,Voltaic Cyclosword,6699 Voltaic Cyclosword (963),,,,False
Zed,MIDDLE,empty,0,,Voltaic Cyclosword,,0,0,,False
Zed,MIDDLE,empty,300,,Voltaic Cyclosword,2022 Glowing Mote (250),250,50,,False
Zed,MIDDLE,empty,1200,,Voltaic Cyclosword,1037 Pickaxe (875) -> 2022 Glowing Mote (250),1125,75,,False
Zed,MIDDLE,empty,unknown,,Voltaic Cyclosword,,0,,,False
Zed,MIDDLE,components,0,2020 | 1036 | 1036,Voltaic Cyclosword,,0,0,,False
Zed,MIDDLE,components,962,2020 | 1036 | 1036,Voltaic Cyclosword,1036 Long Sword (350),350,612,,False
Zed,MIDDLE,components,963,2020 | 1036 | 1036,Voltaic Cyclosword,6699 Voltaic Cyclosword (963),963,0,,False
Zed,MIDDLE,owned_first,1000,6699,Bastionbreaker,1037 Pickaxe (875),875,125,,False
Zed,MIDDLE,full_slots,963,2020 | 1036 | 1036 | 900001 | 900002 | 900003,Voltaic Cyclosword,6699 Voltaic Cyclosword (963),963,0,,False
Zed,MIDDLE,enemy_armor,1200,2020,Voltaic Cyclosword,1036 Long Sword (350) -> 1036 Long Sword (350) -> 1036 Long Sword (350),1050,150,,False
Zed,MIDDLE,enemy_magic,1200,2020,Voltaic Cyclosword,1036 Long Sword (350) -> 1036 Long Sword (350) -> 1036 Long Sword (350),1050,150,,False
Zed,MIDDLE,isolated_completion,963,2020 | 1036 | 1036,Voltaic Cyclosword,6699 Voltaic Cyclosword (963),,,,False
Zed,BOTTOM,empty,0,,Voltaic Cyclosword,,0,0,,False
Zed,BOTTOM,empty,300,,Voltaic Cyclosword,2022 Glowing Mote (250),250,50,,False
Zed,BOTTOM,empty,1200,,Voltaic Cyclosword,1037 Pickaxe (875) -> 2022 Glowing Mote (250),1125,75,,False
Zed,BOTTOM,empty,unknown,,Voltaic Cyclosword,,0,,,False
Zed,BOTTOM,components,0,2020 | 1036 | 1036,Voltaic Cyclosword,,0,0,,False
Zed,BOTTOM,components,962,2020 | 1036 | 1036,Voltaic Cyclosword,1036 Long Sword (350),350,612,,False
Zed,BOTTOM,components,963,2020 | 1036 | 1036,Voltaic Cyclosword,6699 Voltaic Cyclosword (963),963,0,,False
Zed,BOTTOM,owned_first,1000,6699,Bastionbreaker,1037 Pickaxe (875),875,125,,False
Zed,BOTTOM,full_slots,963,2020 | 1036 | 1036 | 900001 | 900002 | 900003,Voltaic Cyclosword,6699 Voltaic Cyclosword (963),963,0,,False
Zed,BOTTOM,enemy_armor,1200,2020,Voltaic Cyclosword,1036 Long Sword (350) -> 1036 Long Sword (350) -> 1036 Long Sword (350),1050,150,,False
Zed,BOTTOM,enemy_magic,1200,2020,Voltaic Cyclosword,1036 Long Sword (350) -> 1036 Long Sword (350) -> 1036 Long Sword (350),1050,150,,False
Zed,BOTTOM,isolated_completion,963,2020 | 1036 | 1036,Voltaic Cyclosword,6699 Voltaic Cyclosword (963),,,,False
Zed,UTILITY,empty,0,,Umbral Glaive,,0,0,,False
Zed,UTILITY,empty,300,,Umbral Glaive,2022 Glowing Mote (250),250,50,,False
Zed,UTILITY,empty,1200,,Umbral Glaive,1036 Long Sword (350) -> 1036 Long Sword (350) -> 1036 Long Sword (350),1050,150,,False
Zed,UTILITY,empty,unknown,,Umbral Glaive,,0,,,False
Zed,UTILITY,components,0,3134 | 3133,Umbral Glaive,,0,0,,False
Zed,UTILITY,components,749,3134 | 3133,Umbral Glaive,,0,749,,False
Zed,UTILITY,components,750,3134 | 3133,Umbral Glaive,3179 Umbral Glaive (750),750,0,,False
Zed,UTILITY,owned_first,1000,3179,Axiom Arc,1037 Pickaxe (875),875,125,,False
Zed,UTILITY,full_slots,750,3134 | 3133 | 900001 | 900002 | 900003 | 900004,Umbral Glaive,3179 Umbral Glaive (750),750,0,,False
Zed,UTILITY,enemy_armor,1200,3134,Umbral Glaive,3133 Caulfield's Warhammer (1050),1050,150,,False
Zed,UTILITY,enemy_magic,1200,3134,Umbral Glaive,3133 Caulfield's Warhammer (1050),1050,150,,False
Zed,UTILITY,isolated_completion,750,3134 | 3133,Umbral Glaive,3179 Umbral Glaive (750),,,,False
Zeri,TOP,empty,0,,Stormrazor,,0,0,,False
Zeri,TOP,empty,300,,Stormrazor,1042 Dagger (250),250,50,,False
Zeri,TOP,empty,1200,,Stormrazor,1018 Cloak of Agility (600) -> 1042 Dagger (250) -> 1042 Dagger (250),1100,100,,False
Zeri,TOP,empty,unknown,,Stormrazor,,0,,,False
Zeri,TOP,components,0,1038 | 1018 | 3144,Stormrazor,,0,0,,False
Zeri,TOP,components,699,1038 | 1018 | 3144,Stormrazor,1042 Dagger (250) -> 1042 Dagger (250),500,199,,False
Zeri,TOP,components,700,1038 | 1018 | 3144,Stormrazor,3095 Stormrazor (700),700,0,,False
Zeri,TOP,owned_first,1000,3095,Runaan's Hurricane,3144 Scout's Slingshot (600) -> 1042 Dagger (250),850,150,,False
Zeri,TOP,full_slots,700,1038 | 1018 | 3144 | 900001 | 900002 | 900003,Stormrazor,3095 Stormrazor (700),700,0,,False
Zeri,TOP,enemy_armor,1200,1038,Stormrazor,3144 Scout's Slingshot (600) -> 1018 Cloak of Agility (600),1200,0,,False
Zeri,TOP,enemy_magic,1200,1038,Stormrazor,3144 Scout's Slingshot (600) -> 1018 Cloak of Agility (600),1200,0,,False
Zeri,TOP,isolated_completion,700,1038 | 1018 | 3144,Stormrazor,3095 Stormrazor (700),,,,False
Zeri,JUNGLE,empty,0,,Stormrazor,,0,0,,False
Zeri,JUNGLE,empty,300,,Stormrazor,1042 Dagger (250),250,50,,False
Zeri,JUNGLE,empty,1200,,Stormrazor,1018 Cloak of Agility (600) -> 1042 Dagger (250) -> 1042 Dagger (250),1100,100,,False
Zeri,JUNGLE,empty,unknown,,Stormrazor,,0,,,False
Zeri,JUNGLE,components,0,1038 | 1018 | 3144,Stormrazor,,0,0,,False
Zeri,JUNGLE,components,699,1038 | 1018 | 3144,Stormrazor,1042 Dagger (250) -> 1042 Dagger (250),500,199,,False
Zeri,JUNGLE,components,700,1038 | 1018 | 3144,Stormrazor,3095 Stormrazor (700),700,0,,False
Zeri,JUNGLE,owned_first,1000,3095,Fiendhunter Bolts,3144 Scout's Slingshot (600) -> 1042 Dagger (250),850,150,,False
Zeri,JUNGLE,full_slots,700,1038 | 1018 | 3144 | 900001 | 900002 | 900003,Stormrazor,3095 Stormrazor (700),700,0,,False
Zeri,JUNGLE,enemy_armor,1200,1038,Stormrazor,3144 Scout's Slingshot (600) -> 1018 Cloak of Agility (600),1200,0,,False
Zeri,JUNGLE,enemy_magic,1200,1038,Stormrazor,3144 Scout's Slingshot (600) -> 1018 Cloak of Agility (600),1200,0,,False
Zeri,JUNGLE,isolated_completion,700,1038 | 1018 | 3144,Stormrazor,3095 Stormrazor (700),,,,False
Zeri,MIDDLE,empty,0,,Yun Tal Wildarrows,,0,0,,False
Zeri,MIDDLE,empty,300,,Yun Tal Wildarrows,1042 Dagger (250),250,50,,False
Zeri,MIDDLE,empty,1200,,Yun Tal Wildarrows,3144 Scout's Slingshot (600) -> 1036 Long Sword (350) -> 1042 Dagger (250),1200,0,,False
Zeri,MIDDLE,empty,unknown,,Yun Tal Wildarrows,,0,,,False
Zeri,MIDDLE,components,0,1038 | 3144 | 1036,Yun Tal Wildarrows,,0,0,,False
Zeri,MIDDLE,components,749,1038 | 3144 | 1036,Yun Tal Wildarrows,1042 Dagger (250) -> 1042 Dagger (250),500,249,,False
Zeri,MIDDLE,components,750,1038 | 3144 | 1036,Yun Tal Wildarrows,3032 Yun Tal Wildarrows (750),750,0,,False
Zeri,MIDDLE,owned_first,1000,3032,Runaan's Hurricane,3144 Scout's Slingshot (600) -> 1042 Dagger (250),850,150,,False
Zeri,MIDDLE,full_slots,750,1038 | 3144 | 1036 | 900001 | 900002 | 900003,Yun Tal Wildarrows,3032 Yun Tal Wildarrows (750),750,0,,False
Zeri,MIDDLE,enemy_armor,1200,1038,Yun Tal Wildarrows,3144 Scout's Slingshot (600) -> 1036 Long Sword (350) -> 1042 Dagger (250),1200,0,,False
Zeri,MIDDLE,enemy_magic,1200,1038,Yun Tal Wildarrows,3144 Scout's Slingshot (600) -> 1036 Long Sword (350) -> 1042 Dagger (250),1200,0,,False
Zeri,MIDDLE,isolated_completion,750,1038 | 3144 | 1036,Yun Tal Wildarrows,3032 Yun Tal Wildarrows (750),,,,False
Zeri,BOTTOM,empty,0,,Yun Tal Wildarrows,,0,0,,False
Zeri,BOTTOM,empty,300,,Yun Tal Wildarrows,1042 Dagger (250),250,50,,False
Zeri,BOTTOM,empty,1200,,Yun Tal Wildarrows,3144 Scout's Slingshot (600) -> 1036 Long Sword (350) -> 1042 Dagger (250),1200,0,,False
Zeri,BOTTOM,empty,unknown,,Yun Tal Wildarrows,,0,,,False
Zeri,BOTTOM,components,0,1038 | 3144 | 1036,Yun Tal Wildarrows,,0,0,,False
Zeri,BOTTOM,components,749,1038 | 3144 | 1036,Yun Tal Wildarrows,1042 Dagger (250) -> 1042 Dagger (250),500,249,,False
Zeri,BOTTOM,components,750,1038 | 3144 | 1036,Yun Tal Wildarrows,3032 Yun Tal Wildarrows (750),750,0,,False
Zeri,BOTTOM,owned_first,1000,3032,Runaan's Hurricane,3144 Scout's Slingshot (600) -> 1042 Dagger (250),850,150,,False
Zeri,BOTTOM,full_slots,750,1038 | 3144 | 1036 | 900001 | 900002 | 900003,Yun Tal Wildarrows,3032 Yun Tal Wildarrows (750),750,0,,False
Zeri,BOTTOM,enemy_armor,1200,1038,Yun Tal Wildarrows,3144 Scout's Slingshot (600) -> 1036 Long Sword (350) -> 1042 Dagger (250),1200,0,,False
Zeri,BOTTOM,enemy_magic,1200,1038,Yun Tal Wildarrows,3144 Scout's Slingshot (600) -> 1036 Long Sword (350) -> 1042 Dagger (250),1200,0,,False
Zeri,BOTTOM,isolated_completion,750,1038 | 3144 | 1036,Yun Tal Wildarrows,3032 Yun Tal Wildarrows (750),,,,False
Zeri,UTILITY,empty,0,,Essence Reaver,,0,0,,False
Zeri,UTILITY,empty,300,,Essence Reaver,2022 Glowing Mote (250),250,50,,False
Zeri,UTILITY,empty,1200,,Essence Reaver,3133 Caulfield's Warhammer (1050),1050,150,,False
Zeri,UTILITY,empty,unknown,,Essence Reaver,,0,,,False
Zeri,UTILITY,components,0,3057 | 3133 | 1018,Essence Reaver,,0,0,,False
Zeri,UTILITY,components,499,3057 | 3133 | 1018,Essence Reaver,,0,499,,False
Zeri,UTILITY,components,500,3057 | 3133 | 1018,Essence Reaver,3508 Essence Reaver (500),500,0,,False
Zeri,UTILITY,owned_first,1000,3508,Phantom Dancer,1042 Dagger (250) -> 1042 Dagger (250) -> 1042 Dagger (250),750,250,,False
Zeri,UTILITY,full_slots,500,3057 | 3133 | 1018 | 900001 | 900002 | 900003,Essence Reaver,3508 Essence Reaver (500),500,0,,False
Zeri,UTILITY,enemy_armor,1200,3057,Essence Reaver,3133 Caulfield's Warhammer (1050),1050,150,,False
Zeri,UTILITY,enemy_magic,1200,3057,Essence Reaver,3133 Caulfield's Warhammer (1050),1050,150,,False
Zeri,UTILITY,isolated_completion,500,3057 | 3133 | 1018,Essence Reaver,3508 Essence Reaver (500),,,,False
Ziggs,TOP,empty,0,,Luden's Echo,,0,0,,False
Ziggs,TOP,empty,300,,Luden's Echo,1027 Sapphire Crystal (300),300,0,,False
Ziggs,TOP,empty,1200,,Luden's Echo,3802 Lost Chapter (1200),1200,0,,False
Ziggs,TOP,empty,unknown,,Luden's Echo,,0,,,False
Ziggs,TOP,components,0,3802 | 3145,Luden's Echo,,0,0,,False
Ziggs,TOP,components,449,3802 | 3145,Luden's Echo,,0,449,,False
Ziggs,TOP,components,450,3802 | 3145,Luden's Echo,6655 Luden's Echo (450),450,0,,False
Ziggs,TOP,owned_first,1000,6655,Stormsurge,1052 Amplifying Tome (400) -> 1052 Amplifying Tome (400),800,200,,False
Ziggs,TOP,full_slots,450,3802 | 3145 | 900001 | 900002 | 900003 | 900004,Luden's Echo,6655 Luden's Echo (450),450,0,,False
Ziggs,TOP,enemy_armor,1200,3802,Luden's Echo,3145 Hextech Alternator (1100),1100,100,,False
Ziggs,TOP,enemy_magic,1200,3802,Luden's Echo,3145 Hextech Alternator (1100),1100,100,,False
Ziggs,TOP,isolated_completion,450,3802 | 3145,Luden's Echo,6655 Luden's Echo (450),,,,False
Ziggs,JUNGLE,empty,0,,Malignance,,0,0,,False
Ziggs,JUNGLE,empty,300,,Malignance,1027 Sapphire Crystal (300),300,0,,False
Ziggs,JUNGLE,empty,1200,,Malignance,3802 Lost Chapter (1200),1200,0,,False
Ziggs,JUNGLE,empty,unknown,,Malignance,,0,,,False
Ziggs,JUNGLE,components,0,3802 | 1026,Malignance,,0,0,,False
Ziggs,JUNGLE,components,649,3802 | 1026,Malignance,,0,649,,False
Ziggs,JUNGLE,components,650,3802 | 1026,Malignance,3118 Malignance (650),650,0,,False
Ziggs,JUNGLE,owned_first,1000,3118,Lich Bane,1026 Blasting Wand (850),850,150,,False
Ziggs,JUNGLE,full_slots,650,3802 | 1026 | 900001 | 900002 | 900003 | 900004,Malignance,3118 Malignance (650),650,0,,False
Ziggs,JUNGLE,enemy_armor,1200,3802,Malignance,1026 Blasting Wand (850),850,350,,False
Ziggs,JUNGLE,enemy_magic,1200,3802,Malignance,1026 Blasting Wand (850),850,350,,False
Ziggs,JUNGLE,isolated_completion,650,3802 | 1026,Malignance,3118 Malignance (650),,,,False
Ziggs,MIDDLE,empty,0,,Luden's Echo,,0,0,,False
Ziggs,MIDDLE,empty,300,,Luden's Echo,1027 Sapphire Crystal (300),300,0,,False
Ziggs,MIDDLE,empty,1200,,Luden's Echo,3802 Lost Chapter (1200),1200,0,,False
Ziggs,MIDDLE,empty,unknown,,Luden's Echo,,0,,,False
Ziggs,MIDDLE,components,0,3802 | 3145,Luden's Echo,,0,0,,False
Ziggs,MIDDLE,components,449,3802 | 3145,Luden's Echo,,0,449,,False
Ziggs,MIDDLE,components,450,3802 | 3145,Luden's Echo,6655 Luden's Echo (450),450,0,,False
Ziggs,MIDDLE,owned_first,1000,6655,Stormsurge,1052 Amplifying Tome (400) -> 1052 Amplifying Tome (400),800,200,,False
Ziggs,MIDDLE,full_slots,450,3802 | 3145 | 900001 | 900002 | 900003 | 900004,Luden's Echo,6655 Luden's Echo (450),450,0,,False
Ziggs,MIDDLE,enemy_armor,1200,3802,Luden's Echo,3145 Hextech Alternator (1100),1100,100,,False
Ziggs,MIDDLE,enemy_magic,1200,3802,Luden's Echo,3145 Hextech Alternator (1100),1100,100,,False
Ziggs,MIDDLE,isolated_completion,450,3802 | 3145,Luden's Echo,6655 Luden's Echo (450),,,,False
Ziggs,BOTTOM,empty,0,,Luden's Echo,,0,0,,False
Ziggs,BOTTOM,empty,300,,Luden's Echo,1027 Sapphire Crystal (300),300,0,,False
Ziggs,BOTTOM,empty,1200,,Luden's Echo,3802 Lost Chapter (1200),1200,0,,False
Ziggs,BOTTOM,empty,unknown,,Luden's Echo,,0,,,False
Ziggs,BOTTOM,components,0,3802 | 3145,Luden's Echo,,0,0,,False
Ziggs,BOTTOM,components,449,3802 | 3145,Luden's Echo,,0,449,,False
Ziggs,BOTTOM,components,450,3802 | 3145,Luden's Echo,6655 Luden's Echo (450),450,0,,False
Ziggs,BOTTOM,owned_first,1000,6655,Shadowflame,1052 Amplifying Tome (400) -> 1052 Amplifying Tome (400),800,200,,False
Ziggs,BOTTOM,full_slots,450,3802 | 3145 | 900001 | 900002 | 900003 | 900004,Luden's Echo,6655 Luden's Echo (450),450,0,,False
Ziggs,BOTTOM,enemy_armor,1200,3802,Luden's Echo,3145 Hextech Alternator (1100),1100,100,,False
Ziggs,BOTTOM,enemy_magic,1200,3802,Luden's Echo,3145 Hextech Alternator (1100),1100,100,,False
Ziggs,BOTTOM,isolated_completion,450,3802 | 3145,Luden's Echo,6655 Luden's Echo (450),,,,False
Ziggs,UTILITY,empty,0,,Blackfire Torch,,0,0,,False
Ziggs,UTILITY,empty,300,,Blackfire Torch,1027 Sapphire Crystal (300),300,0,,False
Ziggs,UTILITY,empty,1200,,Blackfire Torch,3802 Lost Chapter (1200),1200,0,,False
Ziggs,UTILITY,empty,unknown,,Luden's Echo,,0,,,False
Ziggs,UTILITY,components,0,3802 | 3145,Luden's Echo,,0,0,,False
Ziggs,UTILITY,components,449,3802 | 3145,Luden's Echo,,0,449,,False
Ziggs,UTILITY,components,450,3802 | 3145,Luden's Echo,6655 Luden's Echo (450),450,0,,False
Ziggs,UTILITY,owned_first,1000,6655,Malignance,1026 Blasting Wand (850),850,150,,False
Ziggs,UTILITY,full_slots,450,3802 | 3145 | 900001 | 900002 | 900003 | 900004,Luden's Echo,6655 Luden's Echo (450),450,0,,False
Ziggs,UTILITY,enemy_armor,1200,3802,Luden's Echo,3145 Hextech Alternator (1100),1100,100,,False
Ziggs,UTILITY,enemy_magic,1200,3802,Luden's Echo,3145 Hextech Alternator (1100),1100,100,,False
Ziggs,UTILITY,isolated_completion,450,3802 | 3145,Luden's Echo,6655 Luden's Echo (450),,,,False
Zilean,TOP,empty,0,,Archangel's Staff,,0,0,,False
Zilean,TOP,empty,300,,Archangel's Staff,2022 Glowing Mote (250),250,50,,False
Zilean,TOP,empty,1200,,Archangel's Staff,3802 Lost Chapter (1200),1200,0,,False
Zilean,TOP,empty,unknown,,Archangel's Staff,,0,,,False
Zilean,TOP,components,0,3070 | 3802 | 3108,Archangel's Staff,,0,0,,False
Zilean,TOP,components,449,3070 | 3802 | 3108,Archangel's Staff,2022 Glowing Mote (250),250,199,,False
Zilean,TOP,components,450,3070 | 3802 | 3108,Archangel's Staff,3003 Archangel's Staff (450),450,0,,False
Zilean,TOP,owned_first,1000,3003,Hextech Rocketbelt,1052 Amplifying Tome (400) -> 2022 Glowing Mote (250) -> 2022 Glowing Mote (250),900,100,,False
Zilean,TOP,full_slots,450,3070 | 3802 | 3108 | 900001 | 900002 | 900003,Archangel's Staff,3003 Archangel's Staff (450),450,0,,False
Zilean,TOP,enemy_armor,1200,3070,Archangel's Staff,3802 Lost Chapter (1200),1200,0,,False
Zilean,TOP,enemy_magic,1200,3070,Archangel's Staff,3802 Lost Chapter (1200),1200,0,,False
Zilean,TOP,isolated_completion,450,3070 | 3802 | 3108,Archangel's Staff,3003 Archangel's Staff (450),,,,False
Zilean,JUNGLE,empty,0,,Lich Bane,,0,0,,False
Zilean,JUNGLE,empty,300,,Lich Bane,2022 Glowing Mote (250),250,50,,False
Zilean,JUNGLE,empty,1200,,Lich Bane,1026 Blasting Wand (850) -> 2022 Glowing Mote (250),1100,100,,False
Zilean,JUNGLE,empty,unknown,,Lich Bane,,0,,,False
Zilean,JUNGLE,components,0,3057 | 3113 | 1026,Lich Bane,,0,0,,False
Zilean,JUNGLE,components,249,3057 | 3113 | 1026,Lich Bane,,0,249,,False
Zilean,JUNGLE,components,250,3057 | 3113 | 1026,Lich Bane,3100 Lich Bane (250),250,0,,False
Zilean,JUNGLE,owned_first,1000,3100,Malignance,1052 Amplifying Tome (400) -> 2022 Glowing Mote (250) -> 1027 Sapphire Crystal (300),950,50,,False
Zilean,JUNGLE,full_slots,250,3057 | 3113 | 1026 | 900001 | 900002 | 900003,Lich Bane,3100 Lich Bane (250),250,0,,False
Zilean,JUNGLE,enemy_armor,1200,3057,Redemption,3108 Fiendish Codex (850) -> 1004 Faerie Charm (200),1050,150,,False
Zilean,JUNGLE,enemy_magic,1200,3057,Lich Bane,1026 Blasting Wand (850),850,350,,False
Zilean,JUNGLE,isolated_completion,250,3057 | 3113 | 1026,Lich Bane,3100 Lich Bane (250),,,,False
Zilean,MIDDLE,empty,0,,Archangel's Staff,,0,0,,False
Zilean,MIDDLE,empty,300,,Archangel's Staff,2022 Glowing Mote (250),250,50,,False
Zilean,MIDDLE,empty,1200,,Archangel's Staff,3802 Lost Chapter (1200),1200,0,,False
Zilean,MIDDLE,empty,unknown,,Archangel's Staff,,0,,,False
Zilean,MIDDLE,components,0,3070 | 3802 | 3108,Archangel's Staff,,0,0,,False
Zilean,MIDDLE,components,449,3070 | 3802 | 3108,Archangel's Staff,2022 Glowing Mote (250),250,199,,False
Zilean,MIDDLE,components,450,3070 | 3802 | 3108,Archangel's Staff,3003 Archangel's Staff (450),450,0,,False
Zilean,MIDDLE,owned_first,1000,3003,Cosmic Drive,3108 Fiendish Codex (850),850,150,,False
Zilean,MIDDLE,full_slots,450,3070 | 3802 | 3108 | 900001 | 900002 | 900003,Archangel's Staff,3003 Archangel's Staff (450),450,0,,False
Zilean,MIDDLE,enemy_armor,1200,3070,Archangel's Staff,3802 Lost Chapter (1200),1200,0,,False
Zilean,MIDDLE,enemy_magic,1200,3070,Archangel's Staff,3802 Lost Chapter (1200),1200,0,,False
Zilean,MIDDLE,isolated_completion,450,3070 | 3802 | 3108,Archangel's Staff,3003 Archangel's Staff (450),,,,False
Zilean,BOTTOM,empty,0,,Archangel's Staff,,0,0,,False
Zilean,BOTTOM,empty,300,,Archangel's Staff,2022 Glowing Mote (250),250,50,,False
Zilean,BOTTOM,empty,1200,,Archangel's Staff,3802 Lost Chapter (1200),1200,0,,False
Zilean,BOTTOM,empty,unknown,,Archangel's Staff,,0,,,False
Zilean,BOTTOM,components,0,3070 | 3802 | 3108,Archangel's Staff,,0,0,,False
Zilean,BOTTOM,components,449,3070 | 3802 | 3108,Archangel's Staff,2022 Glowing Mote (250),250,199,,False
Zilean,BOTTOM,components,450,3070 | 3802 | 3108,Archangel's Staff,3003 Archangel's Staff (450),450,0,,False
Zilean,BOTTOM,owned_first,1000,3003,Cosmic Drive,3108 Fiendish Codex (850),850,150,,False
Zilean,BOTTOM,full_slots,450,3070 | 3802 | 3108 | 900001 | 900002 | 900003,Archangel's Staff,3003 Archangel's Staff (450),450,0,,False
Zilean,BOTTOM,enemy_armor,1200,3070,Archangel's Staff,3802 Lost Chapter (1200),1200,0,,False
Zilean,BOTTOM,enemy_magic,1200,3070,Archangel's Staff,3802 Lost Chapter (1200),1200,0,,False
Zilean,BOTTOM,isolated_completion,450,3070 | 3802 | 3108,Archangel's Staff,3003 Archangel's Staff (450),,,,False
Zilean,UTILITY,empty,0,,Shurelya's Battlesong,,0,0,,False
Zilean,UTILITY,empty,300,,Shurelya's Battlesong,2022 Glowing Mote (250),250,50,,False
Zilean,UTILITY,empty,1200,,Shurelya's Battlesong,4642 Bandleglass Mirror (900) -> 2022 Glowing Mote (250),1150,50,,False
Zilean,UTILITY,empty,unknown,,Shurelya's Battlesong,,0,,,False
Zilean,UTILITY,components,0,3113 | 4642,Shurelya's Battlesong,,0,0,,False
Zilean,UTILITY,components,399,3113 | 4642,Shurelya's Battlesong,2022 Glowing Mote (250),250,149,,False
Zilean,UTILITY,components,400,3113 | 4642,Shurelya's Battlesong,2065 Shurelya's Battlesong (400),400,0,,False
Zilean,UTILITY,owned_first,1000,2065,Bandlepipes,3067 Kindlegem (800),800,200,,False
Zilean,UTILITY,full_slots,400,3113 | 4642 | 900001 | 900002 | 900003 | 900004,Shurelya's Battlesong,2065 Shurelya's Battlesong (400),400,0,,False
Zilean,UTILITY,enemy_armor,1200,3113,Shurelya's Battlesong,4642 Bandleglass Mirror (900) -> 2022 Glowing Mote (250),1150,50,,False
Zilean,UTILITY,enemy_magic,1200,3113,Shurelya's Battlesong,4642 Bandleglass Mirror (900) -> 2022 Glowing Mote (250),1150,50,,False
Zilean,UTILITY,isolated_completion,400,3113 | 4642,Shurelya's Battlesong,2065 Shurelya's Battlesong (400),,,,False
Zoe,TOP,empty,0,,Luden's Echo,,0,0,,False
Zoe,TOP,empty,300,,Luden's Echo,2022 Glowing Mote (250),250,50,,False
Zoe,TOP,empty,1200,,Luden's Echo,3802 Lost Chapter (1200),1200,0,,False
Zoe,TOP,empty,unknown,,Luden's Echo,,0,,,False
Zoe,TOP,components,0,3802 | 3145,Luden's Echo,,0,0,,False
Zoe,TOP,components,449,3802 | 3145,Luden's Echo,,0,449,,False
Zoe,TOP,components,450,3802 | 3145,Luden's Echo,6655 Luden's Echo (450),450,0,,False
Zoe,TOP,owned_first,1000,6655,Lich Bane,1026 Blasting Wand (850),850,150,,False
Zoe,TOP,full_slots,450,3802 | 3145 | 900001 | 900002 | 900003 | 900004,Luden's Echo,6655 Luden's Echo (450),450,0,,False
Zoe,TOP,enemy_armor,1200,3802,Luden's Echo,3145 Hextech Alternator (1100),1100,100,,False
Zoe,TOP,enemy_magic,1200,3802,Luden's Echo,3145 Hextech Alternator (1100),1100,100,,False
Zoe,TOP,isolated_completion,450,3802 | 3145,Luden's Echo,6655 Luden's Echo (450),,,,False
Zoe,JUNGLE,empty,0,,Lich Bane,,0,0,,False
Zoe,JUNGLE,empty,300,,Lich Bane,2022 Glowing Mote (250),250,50,,False
Zoe,JUNGLE,empty,1200,,Lich Bane,1026 Blasting Wand (850) -> 2022 Glowing Mote (250),1100,100,,False
Zoe,JUNGLE,empty,unknown,,Lich Bane,,0,,,False
Zoe,JUNGLE,components,0,3057 | 3113 | 1026,Lich Bane,,0,0,,False
Zoe,JUNGLE,components,249,3057 | 3113 | 1026,Lich Bane,,0,249,,False
Zoe,JUNGLE,components,250,3057 | 3113 | 1026,Lich Bane,3100 Lich Bane (250),250,0,,False
Zoe,JUNGLE,owned_first,1000,3100,Shadowflame,1052 Amplifying Tome (400) -> 1052 Amplifying Tome (400),800,200,,False
Zoe,JUNGLE,full_slots,250,3057 | 3113 | 1026 | 900001 | 900002 | 900003,Lich Bane,3100 Lich Bane (250),250,0,,False
Zoe,JUNGLE,enemy_armor,1200,3057,Lich Bane,1026 Blasting Wand (850),850,350,,False
Zoe,JUNGLE,enemy_magic,1200,3057,Lich Bane,1026 Blasting Wand (850),850,350,,False
Zoe,JUNGLE,isolated_completion,250,3057 | 3113 | 1026,Lich Bane,3100 Lich Bane (250),,,,False
Zoe,MIDDLE,empty,0,,Luden's Echo,,0,0,,False
Zoe,MIDDLE,empty,300,,Luden's Echo,2022 Glowing Mote (250),250,50,,False
Zoe,MIDDLE,empty,1200,,Luden's Echo,3802 Lost Chapter (1200),1200,0,,False
Zoe,MIDDLE,empty,unknown,,Luden's Echo,,0,,,False
Zoe,MIDDLE,components,0,3802 | 3145,Luden's Echo,,0,0,,False
Zoe,MIDDLE,components,449,3802 | 3145,Luden's Echo,,0,449,,False
Zoe,MIDDLE,components,450,3802 | 3145,Luden's Echo,6655 Luden's Echo (450),450,0,,False
Zoe,MIDDLE,owned_first,1000,6655,Lich Bane,1026 Blasting Wand (850),850,150,,False
Zoe,MIDDLE,full_slots,450,3802 | 3145 | 900001 | 900002 | 900003 | 900004,Luden's Echo,6655 Luden's Echo (450),450,0,,False
Zoe,MIDDLE,enemy_armor,1200,3802,Luden's Echo,3145 Hextech Alternator (1100),1100,100,,False
Zoe,MIDDLE,enemy_magic,1200,3802,Luden's Echo,3145 Hextech Alternator (1100),1100,100,,False
Zoe,MIDDLE,isolated_completion,450,3802 | 3145,Luden's Echo,6655 Luden's Echo (450),,,,False
Zoe,BOTTOM,empty,0,,Luden's Echo,,0,0,,False
Zoe,BOTTOM,empty,300,,Luden's Echo,2022 Glowing Mote (250),250,50,,False
Zoe,BOTTOM,empty,1200,,Luden's Echo,3802 Lost Chapter (1200),1200,0,,False
Zoe,BOTTOM,empty,unknown,,Luden's Echo,,0,,,False
Zoe,BOTTOM,components,0,3802 | 3145,Luden's Echo,,0,0,,False
Zoe,BOTTOM,components,449,3802 | 3145,Luden's Echo,,0,449,,False
Zoe,BOTTOM,components,450,3802 | 3145,Luden's Echo,6655 Luden's Echo (450),450,0,,False
Zoe,BOTTOM,owned_first,1000,6655,Lich Bane,1026 Blasting Wand (850),850,150,,False
Zoe,BOTTOM,full_slots,450,3802 | 3145 | 900001 | 900002 | 900003 | 900004,Luden's Echo,6655 Luden's Echo (450),450,0,,False
Zoe,BOTTOM,enemy_armor,1200,3802,Luden's Echo,3145 Hextech Alternator (1100),1100,100,,False
Zoe,BOTTOM,enemy_magic,1200,3802,Luden's Echo,3145 Hextech Alternator (1100),1100,100,,False
Zoe,BOTTOM,isolated_completion,450,3802 | 3145,Luden's Echo,6655 Luden's Echo (450),,,,False
Zoe,UTILITY,empty,0,,Imperial Mandate,,0,0,,False
Zoe,UTILITY,empty,300,,Imperial Mandate,2022 Glowing Mote (250),250,50,,False
Zoe,UTILITY,empty,1200,,Imperial Mandate,1052 Amplifying Tome (400) -> 1052 Amplifying Tome (400) -> 1052 Amplifying Tome (400),1200,0,,False
Zoe,UTILITY,empty,unknown,,Imperial Mandate,,0,,,False
Zoe,UTILITY,components,0,1052 | 4642 | 1052,Imperial Mandate,,0,0,,False
Zoe,UTILITY,components,699,1052 | 4642 | 1052,Imperial Mandate,1052 Amplifying Tome (400),400,299,,False
Zoe,UTILITY,components,700,1052 | 4642 | 1052,Imperial Mandate,4005 Imperial Mandate (700),700,0,,False
Zoe,UTILITY,owned_first,1000,4005,Horizon Focus,3108 Fiendish Codex (850),850,150,,False
Zoe,UTILITY,full_slots,700,1052 | 4642 | 1052 | 900001 | 900002 | 900003,Imperial Mandate,4005 Imperial Mandate (700),700,0,,False
Zoe,UTILITY,enemy_armor,1200,1052,Imperial Mandate,1052 Amplifying Tome (400) -> 1052 Amplifying Tome (400) -> 2022 Glowing Mote (250),1050,150,,False
Zoe,UTILITY,enemy_magic,1200,1052,Imperial Mandate,1052 Amplifying Tome (400) -> 1052 Amplifying Tome (400) -> 2022 Glowing Mote (250),1050,150,,False
Zoe,UTILITY,isolated_completion,700,1052 | 4642 | 1052,Imperial Mandate,4005 Imperial Mandate (700),,,,False
Zyra,TOP,empty,0,,Liandry's Torment,,0,0,,False
Zyra,TOP,empty,300,,Liandry's Torment,2022 Glowing Mote (250),250,50,,False
Zyra,TOP,empty,1200,,Liandry's Torment,1052 Amplifying Tome (400) -> 1052 Amplifying Tome (400) -> 2022 Glowing Mote (250),1050,150,,False
Zyra,TOP,empty,unknown,,Liandry's Torment,,0,,,False
Zyra,TOP,components,0,3147 | 2508,Liandry's Torment,,0,0,,False
Zyra,TOP,components,799,3147 | 2508,Liandry's Torment,1052 Amplifying Tome (400) -> 2022 Glowing Mote (250),650,149,,False
Zyra,TOP,components,800,3147 | 2508,Liandry's Torment,1052 Amplifying Tome (400) -> 1052 Amplifying Tome (400),800,0,,False
Zyra,TOP,owned_first,1000,6653,Rylai's Crystal Scepter,1026 Blasting Wand (850),850,150,,False
Zyra,TOP,full_slots,800,3147 | 2508 | 900001 | 900002 | 900003 | 900004,Liandry's Torment,6653 Liandry's Torment (800),800,0,,False
Zyra,TOP,enemy_armor,1200,3147,Liandry's Torment,2508 Fated Ashes (900),900,300,,False
Zyra,TOP,enemy_magic,1200,3147,Liandry's Torment,1052 Amplifying Tome (400) -> 1052 Amplifying Tome (400) -> 2022 Glowing Mote (250),1050,150,,False
Zyra,TOP,isolated_completion,800,3147 | 2508,Liandry's Torment,6653 Liandry's Torment (800),,,,False
Zyra,JUNGLE,empty,0,,Liandry's Torment,,0,0,,False
Zyra,JUNGLE,empty,300,,Liandry's Torment,2022 Glowing Mote (250),250,50,,False
Zyra,JUNGLE,empty,1200,,Liandry's Torment,1052 Amplifying Tome (400) -> 1052 Amplifying Tome (400) -> 2022 Glowing Mote (250),1050,150,,False
Zyra,JUNGLE,empty,unknown,,Liandry's Torment,,0,,,False
Zyra,JUNGLE,components,0,3147 | 2508,Liandry's Torment,,0,0,,False
Zyra,JUNGLE,components,799,3147 | 2508,Liandry's Torment,1052 Amplifying Tome (400) -> 2022 Glowing Mote (250),650,149,,False
Zyra,JUNGLE,components,800,3147 | 2508,Liandry's Torment,1052 Amplifying Tome (400) -> 1052 Amplifying Tome (400),800,0,,False
Zyra,JUNGLE,owned_first,1000,6653,Rylai's Crystal Scepter,1026 Blasting Wand (850),850,150,,False
Zyra,JUNGLE,full_slots,800,3147 | 2508 | 900001 | 900002 | 900003 | 900004,Liandry's Torment,6653 Liandry's Torment (800),800,0,,False
Zyra,JUNGLE,enemy_armor,1200,3147,Liandry's Torment,2508 Fated Ashes (900),900,300,,False
Zyra,JUNGLE,enemy_magic,1200,3147,Liandry's Torment,1052 Amplifying Tome (400) -> 1052 Amplifying Tome (400) -> 2022 Glowing Mote (250),1050,150,,False
Zyra,JUNGLE,isolated_completion,800,3147 | 2508,Liandry's Torment,6653 Liandry's Torment (800),,,,False
Zyra,MIDDLE,empty,0,,Liandry's Torment,,0,0,,False
Zyra,MIDDLE,empty,300,,Liandry's Torment,2022 Glowing Mote (250),250,50,,False
Zyra,MIDDLE,empty,1200,,Liandry's Torment,1052 Amplifying Tome (400) -> 1052 Amplifying Tome (400) -> 2022 Glowing Mote (250),1050,150,,False
Zyra,MIDDLE,empty,unknown,,Liandry's Torment,,0,,,False
Zyra,MIDDLE,components,0,3147 | 2508,Liandry's Torment,,0,0,,False
Zyra,MIDDLE,components,799,3147 | 2508,Liandry's Torment,1052 Amplifying Tome (400) -> 2022 Glowing Mote (250),650,149,,False
Zyra,MIDDLE,components,800,3147 | 2508,Liandry's Torment,1052 Amplifying Tome (400) -> 2022 Glowing Mote (250),650,150,,False
Zyra,MIDDLE,owned_first,1000,6653,Blackfire Torch,1052 Amplifying Tome (400) -> 1052 Amplifying Tome (400),800,200,,False
Zyra,MIDDLE,full_slots,800,3147 | 2508 | 900001 | 900002 | 900003 | 900004,Liandry's Torment,6653 Liandry's Torment (800),800,0,,False
Zyra,MIDDLE,enemy_armor,1200,3147,Liandry's Torment,2508 Fated Ashes (900),900,300,,False
Zyra,MIDDLE,enemy_magic,1200,3147,Liandry's Torment,1052 Amplifying Tome (400) -> 1052 Amplifying Tome (400) -> 2022 Glowing Mote (250),1050,150,,False
Zyra,MIDDLE,isolated_completion,800,3147 | 2508,Liandry's Torment,6653 Liandry's Torment (800),,,,False
Zyra,BOTTOM,empty,0,,Liandry's Torment,,0,0,,False
Zyra,BOTTOM,empty,300,,Liandry's Torment,2022 Glowing Mote (250),250,50,,False
Zyra,BOTTOM,empty,1200,,Liandry's Torment,1052 Amplifying Tome (400) -> 1052 Amplifying Tome (400) -> 2022 Glowing Mote (250),1050,150,,False
Zyra,BOTTOM,empty,unknown,,Liandry's Torment,,0,,,False
Zyra,BOTTOM,components,0,3147 | 2508,Liandry's Torment,,0,0,,False
Zyra,BOTTOM,components,799,3147 | 2508,Liandry's Torment,1052 Amplifying Tome (400) -> 2022 Glowing Mote (250),650,149,,False
Zyra,BOTTOM,components,800,3147 | 2508,Liandry's Torment,1052 Amplifying Tome (400) -> 2022 Glowing Mote (250),650,150,,False
Zyra,BOTTOM,owned_first,1000,6653,Blackfire Torch,1052 Amplifying Tome (400) -> 1052 Amplifying Tome (400),800,200,,False
Zyra,BOTTOM,full_slots,800,3147 | 2508 | 900001 | 900002 | 900003 | 900004,Liandry's Torment,6653 Liandry's Torment (800),800,0,,False
Zyra,BOTTOM,enemy_armor,1200,3147,Liandry's Torment,2508 Fated Ashes (900),900,300,,False
Zyra,BOTTOM,enemy_magic,1200,3147,Liandry's Torment,1052 Amplifying Tome (400) -> 1052 Amplifying Tome (400) -> 2022 Glowing Mote (250),1050,150,,False
Zyra,BOTTOM,isolated_completion,800,3147 | 2508,Liandry's Torment,6653 Liandry's Torment (800),,,,False
Zyra,UTILITY,empty,0,,Liandry's Torment,,0,0,,False
Zyra,UTILITY,empty,300,,Liandry's Torment,2022 Glowing Mote (250),250,50,,False
Zyra,UTILITY,empty,1200,,Liandry's Torment,1052 Amplifying Tome (400) -> 1052 Amplifying Tome (400) -> 2022 Glowing Mote (250),1050,150,,False
Zyra,UTILITY,empty,unknown,,Liandry's Torment,,0,,,False
Zyra,UTILITY,components,0,3147 | 2508,Liandry's Torment,,0,0,,False
Zyra,UTILITY,components,799,3147 | 2508,Liandry's Torment,1052 Amplifying Tome (400) -> 2022 Glowing Mote (250),650,149,,False
Zyra,UTILITY,components,800,3147 | 2508,Liandry's Torment,1052 Amplifying Tome (400) -> 2022 Glowing Mote (250),650,150,,False
Zyra,UTILITY,owned_first,1000,6653,Rylai's Crystal Scepter,1026 Blasting Wand (850),850,150,,False
Zyra,UTILITY,full_slots,800,3147 | 2508 | 900001 | 900002 | 900003 | 900004,Liandry's Torment,6653 Liandry's Torment (800),800,0,,False
Zyra,UTILITY,enemy_armor,1200,3147,Liandry's Torment,2508 Fated Ashes (900),900,300,,False
Zyra,UTILITY,enemy_magic,1200,3147,Liandry's Torment,1052 Amplifying Tome (400) -> 1052 Amplifying Tome (400) -> 2022 Glowing Mote (250),1050,150,,False
Zyra,UTILITY,isolated_completion,800,3147 | 2508,Liandry's Torment,6653 Liandry's Torment (800),,,,False
